{"type":"FeatureCollection","properties":{"exceededTransferLimit":true},"features":[{"type":"Feature","geometry":{"type":"LineString","coordinates":[[-97.71670591,30.261852245],[-97.7166947660976,30.2618413826545]]},"properties":{"AADT_CUR":195,"RTE_NM":"1018419","RTE_PRFX":"CS","RTE_NBR":"1018419","SYSTEM":"Off"}},{"type":"Feature","geometry":{"type":"LineString","coordinates":[[-97.7434990902348,30.2662552212622],[-97.7435146287933,30.2662138105756]]},"properties":{"AADT_CUR":7168,"RTE_NM":"258521","RTE_PRFX":"CS","RTE_NBR":"258521","SYSTEM":"Off"}},{"type":"Feature","geometry":{"type":"LineString","coordinates":[[-97.75849803,30.26092407],[-97.75853734,30.2610975],[-97.75832853,30.26167698],[-97.7581303,30.26219549],[-97.75798363,30.26260574],[-97.7578363,30.26297652],[-97.75782592,30.26300245],[-97.75761664,30.26352558],[-97.75725539,30.26440062],[-97.75709739,30.26452532]]},"properties":{"AADT_CUR":38217,"RTE_NM":"SL0343-LG","RTE_PRFX":"SL","RTE_NBR":"343","SYSTEM":"On"}},{"type":"Feature","geometry":{"type":"LineString","coordinates":[[-97.75718479,30.29385107],[-97.75778469,30.29396761]]},"properties":{"AADT_CUR":195,"RTE_NM":"1017706","RTE_PRFX":"CS","RTE_NBR":"1017706","SYSTEM":"Off"}},{"type":"Feature","geometry":{"type":"LineString","coordinates":[[-97.7349999003009,30.2250960669652],[-97.73463602,30.2251763100018],[-97.7337295,30.2265880900018]]},"properties":{"AADT_CUR":195,"RTE_NM":"1015742","RTE_PRFX":"CS","RTE_NBR":"1015742","SYSTEM":"Off"}},{"type":"Feature","geometry":{"type":"LineString","coordinates":[[-97.731033199015,30.2297504209393],[-97.73014105,30.2292906800018],[-97.72989748,30.2291069300018],[-97.72909236,30.2282075400018],[-97.728862,30.2280479600018],[-97.7277714464001,30.2274960948529]]},"properties":{"AADT_CUR":10809,"RTE_NM":"258628","RTE_PRFX":"CS","RTE_NBR":"258628","SYSTEM":"Off"}},{"type":"Feature","geometry":{"type":"LineString","coordinates":[[-97.687991483346,30.2961265289167],[-97.68800106,30.2961327600023],[-97.688047264925,30.2961588227581]]},"properties":{"AADT_CUR":195,"RTE_NM":"1015399","RTE_PRFX":"CS","RTE_NBR":"1015399","SYSTEM":"Off"}},{"type":"Feature","geometry":{"type":"LineString","coordinates":[[-97.74981877,30.31044414],[-97.74951823,30.31030332]]},"properties":{"AADT_CUR":195,"RTE_NM":"1016101","RTE_PRFX":"CS","RTE_NBR":"1016101","SYSTEM":"Off"}},{"type":"Feature","geometry":{"type":"LineString","coordinates":[[-97.7324845294676,30.3135305129528],[-97.73245117,30.313528752]]},"properties":{"AADT_CUR":676,"RTE_NM":"1021237","RTE_PRFX":"CS","RTE_NBR":"1021237","SYSTEM":"Off"}},{"type":"Feature","geometry":{"type":"LineString","coordinates":[[-97.7226053753328,30.3155860420783],[-97.72259788,30.3155968900024],[-97.7225401,30.3156830300024],[-97.72189923,30.3166387900024],[-97.72183232,30.3167390600024],[-97.72118555,30.3177079000024],[-97.72051733,30.3187641700024],[-97.71977158,30.3198463600024],[-97.71897822,30.3210458500025],[-97.71859704,30.3219098300024],[-97.7185911479856,30.3219240788245],[-97.71857445,30.3219644600025],[-97.7185500702177,30.3220173753832],[-97.71853931,30.3220407300025],[-97.71841866,30.3223023300024],[-97.71852309,30.3236851700025],[-97.71860506,30.3243386500025],[-97.71846066,30.3247592600025]]},"properties":{"AADT_CUR":195,"RTE_NM":"1013825","RTE_PRFX":"CS","RTE_NBR":"1013825","SYSTEM":"Off"}},{"type":"Feature","geometry":{"type":"LineString","coordinates":[[-97.7103343510229,30.3095036682084],[-97.71006279,30.30992521],[-97.70989203,30.31019587],[-97.70970301,30.31052775],[-97.70953988,30.31083231],[-97.70946749,30.31096162],[-97.70932368,30.31122959],[-97.70917073,30.31152954],[-97.70899505,30.3118809],[-97.70880838,30.3122922],[-97.70872734,30.31247151],[-97.70853705,30.31289581],[-97.70842011,30.31318915],[-97.70835386,30.31336108],[-97.70824642,30.31365665],[-97.70817968,30.3138493],[-97.70809717,30.31410179],[-97.70805438,30.314242],[-97.70791727,30.31472883],[-97.70782444,30.31511278],[-97.70775111,30.31543075],[-97.707598,30.31628633],[-97.70752182,30.31682297],[-97.70747277,30.31717454],[-97.70740993,30.31765337],[-97.70727993,30.31859126],[-97.70719829,30.31914931],[-97.707194,30.31918533],[-97.70713212,30.3196242],[-97.70704474,30.32022906],[-97.7069647,30.32072728],[-97.70692088,30.32106029],[-97.70687324,30.3213528],[-97.706827,30.3216868],[-97.7067659965257,30.3221348385899]]},"properties":{"AADT_CUR":155997,"RTE_NM":"IH0035-KG","RTE_PRFX":"IH","RTE_NBR":"35","SYSTEM":"On"}},{"type":"Feature","geometry":{"type":"LineString","coordinates":[[-97.6938322159973,30.3118496268213],[-97.693738025,30.311804723],[-97.69311187,30.31148351],[-97.692219768,30.311081762],[-97.69133303,30.310659172],[-97.691054709,30.310536717],[-97.690883006,30.31048836],[-97.69074075,30.31044177]]},"properties":{"AADT_CUR":195,"RTE_NM":"1018669","RTE_PRFX":"CS","RTE_NBR":"1018669","SYSTEM":"Off"}},{"type":"Feature","geometry":{"type":"LineString","coordinates":[[-97.68795537,30.250715570002],[-97.68798401,30.250890210002],[-97.68798534,30.251044920002],[-97.68796031,30.251145890002],[-97.6878329,30.251324540002],[-97.6859121,30.254376280002],[-97.68588962,30.254412720002],[-97.68562093,30.254913270002],[-97.6850673864489,30.2558617027167],[-97.68495056,30.255951010002],[-97.68478022,30.256081270002],[-97.68417597,30.256250330002],[-97.68388078,30.256500010002],[-97.68305606,30.257805860002],[-97.681758,30.259850050002],[-97.68092796,30.261087020002],[-97.68018877,30.2614980500021],[-97.67934091,30.2617967600021]]},"properties":{"AADT_CUR":195,"RTE_NM":"1016495","RTE_PRFX":"CS","RTE_NBR":"1016495","SYSTEM":"Off"}},{"type":"Feature","geometry":{"type":"LineString","coordinates":[[-97.7350514872237,30.2433228666534],[-97.7350661112439,30.2433299488959]]},"properties":{"AADT_CUR":195,"RTE_NM":"1016079","RTE_PRFX":"CS","RTE_NBR":"1016079","SYSTEM":"Off"}},{"type":"Feature","geometry":{"type":"LineString","coordinates":[[-97.7586955410479,30.2536750705795],[-97.7586665409574,30.253660703333]]},"properties":{"AADT_CUR":195,"RTE_NM":"1021270","RTE_PRFX":"CS","RTE_NBR":"1021270","SYSTEM":"Off"}},{"type":"Feature","geometry":{"type":"LineString","coordinates":[[-97.7913713,30.2694666500021],[-97.79120553,30.2697210000021],[-97.79110613,30.2699460700021],[-97.79106339,30.2701376300021],[-97.79106437,30.2703398500021],[-97.7911353400988,30.2706581875628]]},"properties":{"AADT_CUR":1391,"RTE_NM":"1206135","RTE_PRFX":"CS","RTE_NBR":"1206135","SYSTEM":"Off"}},{"type":"Feature","geometry":{"type":"LineString","coordinates":[[-97.7701667120559,30.2667212781957],[-97.7701609657326,30.2667349214935]]},"properties":{"AADT_CUR":195,"RTE_NM":"1020456","RTE_PRFX":"CS","RTE_NBR":"1020456","SYSTEM":"Off"}},{"type":"Feature","geometry":{"type":"LineString","coordinates":[[-97.7073990958446,30.2913151141882],[-97.70739458,30.2913155600044],[-97.70680876,30.2913504400044],[-97.70502558,30.2914052800045],[-97.70420047,30.2914089000044],[-97.70340995,30.2914307800045],[-97.70310206,30.2914572100044],[-97.70260529,30.2914625300045],[-97.70215325,30.2914785300046],[-97.70183229,30.2914903400045],[-97.70169899,30.2914892000044],[-97.70138582,30.2914928300045],[-97.70104936,30.2915010200044],[-97.7010146898714,30.2915022237991],[-97.70077661,30.2915104900044],[-97.70060239,30.2915220100044],[-97.70046248,30.2915493400044],[-97.70032799,30.2915918400045],[-97.70014647,30.2916585500044],[-97.69970529,30.2918909700046],[-97.69948734,30.2920173000045],[-97.6993840946453,30.2920781187426]]},"properties":{"AADT_CUR":712,"RTE_NM":"1013669","RTE_PRFX":"CS","RTE_NBR":"1013669","SYSTEM":"Off"}},{"type":"Feature","geometry":{"type":"LineString","coordinates":[[-97.68996833,30.29278494],[-97.68929401,30.29254099],[-97.68927477,30.29253405],[-97.68810583,30.29201626],[-97.68804899,30.29199369],[-97.68763085,30.29174652],[-97.68680366,30.29139943],[-97.68612705,30.29108013]]},"properties":{"AADT_CUR":195,"RTE_NM":"1017899","RTE_PRFX":"CS","RTE_NBR":"1017899","SYSTEM":"Off"}},{"type":"Feature","geometry":{"type":"LineString","coordinates":[[-97.7225685748418,30.2617216676327],[-97.7225530162163,30.2617163445191]]},"properties":{"AADT_CUR":6381,"RTE_NM":"258399","RTE_PRFX":"CS","RTE_NBR":"258399","SYSTEM":"Off"}},{"type":"Feature","geometry":{"type":"LineString","coordinates":[[-97.75511164,30.27583397],[-97.75475182,30.27571864],[-97.75382065,30.27539346]]},"properties":{"AADT_CUR":195,"RTE_NM":"1021189","RTE_PRFX":"CS","RTE_NBR":"1021189","SYSTEM":"Off"}},{"type":"Feature","geometry":{"type":"LineString","coordinates":[[-97.76147419,30.26936934],[-97.76208829,30.26985461],[-97.7622064,30.26996584],[-97.7623197,30.27009573],[-97.7624292,30.2702375],[-97.76254401,30.27044179],[-97.76292017,30.27125637],[-97.7630861,30.27152224]]},"properties":{"AADT_CUR":195,"RTE_NM":"1014911","RTE_PRFX":"CS","RTE_NBR":"1014911","SYSTEM":"Off"}},{"type":"Feature","geometry":{"type":"LineString","coordinates":[[-97.7960145064824,30.2345850220002],[-97.795775756,30.234383959],[-97.795538744,30.234208627],[-97.795240978,30.233994716],[-97.795062093,30.233876716],[-97.79488122,30.23375993],[-97.794623439,30.233585833],[-97.794078279,30.2332614],[-97.7934354410867,30.232939851587]]},"properties":{"AADT_CUR":499,"RTE_NM":"US0290-XG","RTE_PRFX":"US","RTE_NBR":"290","SYSTEM":"On"}},{"type":"Feature","geometry":{"type":"LineString","coordinates":[[-97.77349113,30.23813719],[-97.77367482,30.23849566]]},"properties":{"AADT_CUR":195,"RTE_NM":"1017681","RTE_PRFX":"CS","RTE_NBR":"1017681","SYSTEM":"Off"}},{"type":"Feature","geometry":{"type":"LineString","coordinates":[[-97.7396217975952,30.2287546918574],[-97.7396062312278,30.2287493359766]]},"properties":{"AADT_CUR":195,"RTE_NM":"1013553","RTE_PRFX":"CS","RTE_NBR":"1013553","SYSTEM":"Off"}},{"type":"Feature","geometry":{"type":"LineString","coordinates":[[-97.73884175,30.22631515],[-97.73869347,30.22655646]]},"properties":{"AADT_CUR":195,"RTE_NM":"1013970","RTE_PRFX":"CS","RTE_NBR":"1013970","SYSTEM":"Off"}},{"type":"Feature","geometry":{"type":"LineString","coordinates":[[-97.73439406,30.24131864],[-97.73400601,30.24184983],[-97.73349624,30.24254633]]},"properties":{"AADT_CUR":195,"RTE_NM":"1014038","RTE_PRFX":"CS","RTE_NBR":"1014038","SYSTEM":"Off"}},{"type":"Feature","geometry":{"type":"LineString","coordinates":[[-97.70502558,30.29140528],[-97.7050416,30.29210632],[-97.70507556,30.29279252],[-97.70510036,30.29349374],[-97.70512518,30.29419422],[-97.70512546,30.2945065],[-97.70512946,30.29468175],[-97.70510673,30.29487172],[-97.70502279,30.29505279],[-97.70492195,30.29521066],[-97.70477764,30.29535242],[-97.7046083,30.29544796],[-97.70443077,30.29552048],[-97.70425386,30.29557018],[-97.70403394,30.29558852],[-97.70275176,30.29561551],[-97.70191867,30.2956373],[-97.70109477,30.29566062],[-97.70020138,30.29566472]]},"properties":{"AADT_CUR":195,"RTE_NM":"1014666","RTE_PRFX":"CS","RTE_NBR":"1014666","SYSTEM":"Off"}},{"type":"Feature","geometry":{"type":"LineString","coordinates":[[-97.69013177,30.27142338],[-97.68939153,30.27253576]]},"properties":{"AADT_CUR":195,"RTE_NM":"1015631","RTE_PRFX":"CS","RTE_NBR":"1015631","SYSTEM":"Off"}},{"type":"Feature","geometry":{"type":"LineString","coordinates":[[-97.69108922,30.31354084],[-97.69098925,30.31361192],[-97.69090928,30.31364747],[-97.6908809561796,30.313658854539]]},"properties":{"AADT_CUR":195,"RTE_NM":"258495","RTE_PRFX":"CS","RTE_NBR":"258495","SYSTEM":"Off"}},{"type":"Feature","geometry":{"type":"LineString","coordinates":[[-97.72382845,30.28246088],[-97.72284413,30.2826188],[-97.72280915,30.28262439],[-97.72195449,30.2827888],[-97.72190444,30.28279845],[-97.72088571,30.28297024],[-97.72086851,30.28297311],[-97.71998475,30.28312132],[-97.71994973,30.28312718],[-97.71890206,30.28331481],[-97.71805062,30.28345107],[-97.71795676,30.28346607],[-97.71692199,30.28364297],[-97.7160815,30.28378531],[-97.71525166,30.28388665]]},"properties":{"AADT_CUR":195,"RTE_NM":"1015851","RTE_PRFX":"CS","RTE_NBR":"1015851","SYSTEM":"Off"}},{"type":"Feature","geometry":{"type":"LineString","coordinates":[[-97.71811867,30.27713802],[-97.71830338,30.27804116]]},"properties":{"AADT_CUR":195,"RTE_NM":"1013510","RTE_PRFX":"CS","RTE_NBR":"1013510","SYSTEM":"Off"}},{"type":"Feature","geometry":{"type":"LineString","coordinates":[[-97.7673271475243,30.265953335989],[-97.76724296,30.26594945],[-97.76618494,30.26557473],[-97.7650348394291,30.2647958724364]]},"properties":{"AADT_CUR":11432,"RTE_NM":"258480","RTE_PRFX":"CS","RTE_NBR":"258480","SYSTEM":"Off"}},{"type":"Feature","geometry":{"type":"LineString","coordinates":[[-97.76889415,30.2776519641819],[-97.76889415,30.2775446500022],[-97.7688933670992,30.2775365823404],[-97.7688795928476,30.2773946407667],[-97.76887109,30.2773070200022],[-97.7688672260328,30.2772913019394],[-97.76881878,30.2770942300022],[-97.7687355777642,30.2768712140213],[-97.76871061,30.2768042900021],[-97.7686809426756,30.2767442242617],[-97.76863879,30.2766588800022],[-97.76852619,30.2764762300022],[-97.76838078,30.2762900400022],[-97.76819281,30.2760940900021],[-97.76802878,30.2759415800022],[-97.7679111356648,30.2758247793484],[-97.76778051,30.2756950900022],[-97.76752693,30.2754503800021],[-97.7672886385699,30.2752134065681],[-97.76720685,30.2751320700021],[-97.76692401,30.2748563200021],[-97.76664294,30.2745743700021],[-97.76636897,30.2743119200021],[-97.7661943,30.2741328200021],[-97.76601352,30.2739633400021],[-97.76577923,30.2737197600022],[-97.7654741,30.2734531400021]]},"properties":{"AADT_CUR":14604,"RTE_NM":"1638921745","RTE_PRFX":"SL","RTE_NBR":"1","SYSTEM":"On"}},{"type":"Feature","geometry":{"type":"LineString","coordinates":[[-97.7551461467395,30.3018123533654],[-97.7546582456726,30.3015804274173],[-97.75458843,30.3015472400046],[-97.75389541,30.3012234000046],[-97.7538370525716,30.3011947993922],[-97.75235045,30.3004662100046],[-97.7521636314776,30.3003750253506]]},"properties":{"AADT_CUR":2524,"RTE_NM":"258390","RTE_PRFX":"CS","RTE_NBR":"258390","SYSTEM":"Off"}},{"type":"Feature","geometry":{"type":"LineString","coordinates":[[-97.78078114,30.24730645],[-97.78052743,30.24754126],[-97.78050188,30.24756492],[-97.77989546,30.24848519],[-97.77986605,30.24853359],[-97.77946405,30.2491944],[-97.77905321,30.24981605],[-97.7790346,30.24984616],[-97.7786842,30.25041374],[-97.77865653,30.25045532],[-97.77852169,30.25065806],[-97.77839962,30.25075188],[-97.7782447,30.25094954],[-97.77805657,30.25126485],[-97.77734327,30.2523315],[-97.77708302,30.25256006],[-97.77601824,30.25418627]]},"properties":{"AADT_CUR":195,"RTE_NM":"1018920","RTE_PRFX":"CS","RTE_NBR":"1018920","SYSTEM":"Off"}},{"type":"Feature","geometry":{"type":"LineString","coordinates":[[-97.75066395,30.309185],[-97.7515980633362,30.3078058753388]]},"properties":{"AADT_CUR":1562,"RTE_NM":"258564","RTE_PRFX":"CS","RTE_NBR":"258564","SYSTEM":"Off"}},{"type":"Feature","geometry":{"type":"LineString","coordinates":[[-97.6906436677864,30.3137371131619],[-97.6905739088969,30.3138366821561]]},"properties":{"AADT_CUR":195,"RTE_NM":"1017768","RTE_PRFX":"CS","RTE_NBR":"1017768","SYSTEM":"Off"}},{"type":"Feature","geometry":{"type":"LineString","coordinates":[[-97.735815289495,30.2420123645126],[-97.7358006812019,30.2420052960938]]},"properties":{"AADT_CUR":195,"RTE_NM":"1020668","RTE_PRFX":"CS","RTE_NBR":"1020668","SYSTEM":"Off"}},{"type":"Feature","geometry":{"type":"LineString","coordinates":[[-97.78317223,30.27770658],[-97.78228397,30.27698358],[-97.78219199,30.27690873]]},"properties":{"AADT_CUR":195,"RTE_NM":"1206145","RTE_PRFX":"CS","RTE_NBR":"1206145","SYSTEM":"Off"}},{"type":"Feature","geometry":{"type":"LineString","coordinates":[[-97.79762545,30.30535349],[-97.79683983,30.3053957]]},"properties":{"AADT_CUR":195,"RTE_NM":"1252076","RTE_PRFX":"CS","RTE_NBR":"1252076","SYSTEM":"Off"}},{"type":"Feature","geometry":{"type":"LineString","coordinates":[[-97.70080321,30.2776023100021],[-97.70071261,30.2777113500021],[-97.70076429,30.2783366300022],[-97.70080373,30.2785043900022],[-97.70095453,30.2791464200022],[-97.70111489,30.2798895400022],[-97.70116993,30.2803114800022],[-97.70126229,30.2806434200022],[-97.70142337,30.2813893500022],[-97.70170197,30.2828604700022],[-97.7017115427405,30.2829109949924],[-97.70197754,30.2840768400022],[-97.70214189,30.2849080500022],[-97.70230183,30.2856677100022],[-97.70233581,30.2858126400022],[-97.70249861,30.2865078600022],[-97.7025969686456,30.2869274592014]]},"properties":{"AADT_CUR":195,"RTE_NM":"1020796","RTE_PRFX":"CS","RTE_NBR":"1020796","SYSTEM":"Off"}},{"type":"Feature","geometry":{"type":"LineString","coordinates":[[-97.69769678,30.29808588],[-97.69760048,30.29808928],[-97.69757068,30.29808918],[-97.69728418,30.29809368],[-97.69666478,30.29811198],[-97.69663288,30.29811198],[-97.69653328,30.29811398]]},"properties":{"AADT_CUR":195,"RTE_NM":"1306279","RTE_PRFX":"CS","RTE_NBR":"1306279","SYSTEM":"Off"}},{"type":"Feature","geometry":{"type":"LineString","coordinates":[[-97.7841916816202,30.3079847593337],[-97.78411254,30.3079335100023],[-97.78402926,30.3078787500024],[-97.78396431,30.3078427400023],[-97.78384762,30.3078057100024],[-97.78373498,30.3077932700024],[-97.7835796,30.3077942500024],[-97.78337152,30.3078453900023]]},"properties":{"AADT_CUR":195,"RTE_NM":"1014065","RTE_PRFX":"CS","RTE_NBR":"1014065","SYSTEM":"Off"}},{"type":"Feature","geometry":{"type":"LineString","coordinates":[[-97.72555156,30.26782866],[-97.72597058,30.26686839],[-97.72629856,30.26617756],[-97.7263347,30.26609606],[-97.72667599,30.26526562],[-97.72679827,30.2649859],[-97.72689885,30.26495266],[-97.72696287,30.26492878],[-97.72704362,30.26487879],[-97.72707832,30.26481004],[-97.72708232,30.26475749],[-97.72705191,30.26470003],[-97.72698943,30.26465886],[-97.72694102,30.26463297],[-97.72686896,30.26463169],[-97.72677616,30.26465256],[-97.72670878,30.26469642],[-97.72666674,30.26474085],[-97.72666877,30.26480336],[-97.72670146,30.26488405],[-97.7267876022671,30.2649746769109]]},"properties":{"AADT_CUR":2713,"RTE_NM":"SH0165-KG","RTE_PRFX":"SH","RTE_NBR":"165","SYSTEM":"On"}},{"type":"Feature","geometry":{"type":"LineString","coordinates":[[-97.7505371898282,30.2702826722282],[-97.7505623231829,30.2702897559749],[-97.7505690024591,30.2702916385035]]},"properties":{"AADT_CUR":7706,"RTE_NM":"258400","RTE_PRFX":"CS","RTE_NBR":"258400","SYSTEM":"Off"}},{"type":"Feature","geometry":{"type":"LineString","coordinates":[[-97.75766957,30.30407007],[-97.75741228,30.3052778],[-97.75738393,30.30538622],[-97.75694981,30.30704797],[-97.75678831,30.30775431]]},"properties":{"AADT_CUR":195,"RTE_NM":"1016447","RTE_PRFX":"CS","RTE_NBR":"1016447","SYSTEM":"Off"}},{"type":"Feature","geometry":{"type":"LineString","coordinates":[[-97.78391125,30.24405466],[-97.78350879,30.24393941]]},"properties":{"AADT_CUR":195,"RTE_NM":"1021503","RTE_PRFX":"CS","RTE_NBR":"1021503","SYSTEM":"Off"}},{"type":"Feature","geometry":{"type":"LineString","coordinates":[[-97.7688744446082,30.2274658656886],[-97.76887121,30.2274643100018],[-97.7674309,30.2268149100018],[-97.76597311,30.2261575700018],[-97.76512583,30.2257445700018]]},"properties":{"AADT_CUR":155,"RTE_NM":"1016386","RTE_PRFX":"CS","RTE_NBR":"1016386","SYSTEM":"Off"}},{"type":"Feature","geometry":{"type":"LineString","coordinates":[[-97.74687524,30.257143660002],[-97.74643835,30.256780940002],[-97.74586199,30.256159490002],[-97.74504593,30.255304570002],[-97.74453692,30.254670640002],[-97.74412742,30.253994840002],[-97.74382245,30.253596500002],[-97.74322546,30.253147920002],[-97.74252031,30.252681100002],[-97.74189664,30.252263550002],[-97.74155185,30.252090060002],[-97.7413344,30.251966650002],[-97.74109188,30.251739180002],[-97.7408514,30.251424070002],[-97.74069296,30.251134320002],[-97.74050699,30.250844080002],[-97.74030155,30.250601320002],[-97.74009479,30.250414330002],[-97.73965898,30.250207340002],[-97.73887596,30.249930410002],[-97.7387882842455,30.2498978716742]]},"properties":{"AADT_CUR":16459,"RTE_NM":"258653","RTE_PRFX":"CS","RTE_NBR":"258653","SYSTEM":"Off"}},{"type":"Feature","geometry":{"type":"LineString","coordinates":[[-97.79737862,30.2707756500021],[-97.79727434,30.2708878900021],[-97.79689856,30.2714264400021],[-97.79671935,30.2716433000021],[-97.7966541286791,30.2717307666419]]},"properties":{"AADT_CUR":577,"RTE_NM":"1206115","RTE_PRFX":"CS","RTE_NBR":"1206115","SYSTEM":"Off"}},{"type":"Feature","geometry":{"type":"LineString","coordinates":[[-97.7946553798554,30.3000488716986],[-97.7946424528129,30.3000756286814]]},"properties":{"AADT_CUR":195,"RTE_NM":"1252108","RTE_PRFX":"CS","RTE_NBR":"1252108","SYSTEM":"Off"}},{"type":"Feature","geometry":{"type":"LineString","coordinates":[[-97.70185443,30.29289051],[-97.70187455,30.29427851],[-97.70191867,30.2956373]]},"properties":{"AADT_CUR":195,"RTE_NM":"1016615","RTE_PRFX":"CS","RTE_NBR":"1016615","SYSTEM":"Off"}},{"type":"Feature","geometry":{"type":"LineString","coordinates":[[-97.78048853,30.2136442800017],[-97.78042143,30.2138095000017],[-97.78024923,30.2143100600017],[-97.78018153,30.2144832800017],[-97.78009495,30.2148528100017],[-97.78017803,30.2154101700017],[-97.78013461,30.2156869800017],[-97.78009807,30.2161541600017],[-97.78000053,30.2170457100017],[-97.78008348,30.2171052300018],[-97.78035939,30.2172961200017],[-97.78069103,30.2174912700018],[-97.78109022,30.2177247500018],[-97.7813091241482,30.2178712037787]]},"properties":{"AADT_CUR":195,"RTE_NM":"1013453","RTE_PRFX":"CS","RTE_NBR":"1013453","SYSTEM":"Off"}},{"type":"Feature","geometry":{"type":"LineString","coordinates":[[-97.69828943,30.2661456600021],[-97.69702533,30.2657129900021],[-97.69683601,30.2656482000021],[-97.69584546,30.2653159000021],[-97.6957574078184,30.2652863696237]]},"properties":{"AADT_CUR":195,"RTE_NM":"1020761","RTE_PRFX":"CS","RTE_NBR":"1020761","SYSTEM":"Off"}},{"type":"Feature","geometry":{"type":"LineString","coordinates":[[-97.7327568011238,30.3111272738769],[-97.7329243013727,30.3109101003549]]},"properties":{"AADT_CUR":12775,"RTE_NM":"258545","RTE_PRFX":"CS","RTE_NBR":"258545","SYSTEM":"Off"}},{"type":"Feature","geometry":{"type":"LineString","coordinates":[[-97.7278546096344,30.2724911645557],[-97.7270214,30.27262264],[-97.72659754,30.27269433],[-97.72619804,30.27275598],[-97.72548719,30.2728674],[-97.72497679,30.27295548],[-97.72394247,30.27311943],[-97.723893780953,30.2731274003823]]},"properties":{"AADT_CUR":7354,"RTE_NM":"258427","RTE_PRFX":"CS","RTE_NBR":"258427","SYSTEM":"Off"}},{"type":"Feature","geometry":{"type":"LineString","coordinates":[[-97.7231135888267,30.2690404126983],[-97.723115959,30.2690593480021],[-97.7231210627788,30.2690833505654]]},"properties":{"AADT_CUR":195,"RTE_NM":"1015254","RTE_PRFX":"CS","RTE_NBR":"1015254","SYSTEM":"Off"}},{"type":"Feature","geometry":{"type":"LineString","coordinates":[[-97.7357703163635,30.2480496307102],[-97.73581542,30.24841493],[-97.7358519,30.24873409],[-97.73595293,30.24932302],[-97.73608459,30.24996132],[-97.73625885,30.25088151],[-97.73628333,30.25102542],[-97.73647342,30.25194065],[-97.7365903,30.25258655],[-97.73673868,30.25330654],[-97.73686355,30.25393708],[-97.73691086,30.25416018],[-97.73703878,30.25474666],[-97.73708067,30.25492454],[-97.73709812,30.25499866],[-97.73718989,30.25538557],[-97.73736224,30.25623244],[-97.73744003,30.25655949],[-97.73755891,30.25694987],[-97.73777726,30.25773049],[-97.73779789,30.2578534],[-97.73780225,30.2579616],[-97.73780142,30.2580553],[-97.73778681,30.25820521],[-97.73777426,30.25832632],[-97.73773898,30.25851568],[-97.73772802,30.25856177],[-97.73770733,30.25863108],[-97.73730383,30.25974992],[-97.73725815,30.25987523],[-97.73698542,30.26062354],[-97.7367621,30.26124237],[-97.73652914,30.26189452],[-97.73608296,30.26307635],[-97.73589468,30.26356531],[-97.73569,30.26409325],[-97.73543077,30.2647911],[-97.73517893,30.26548841],[-97.73497584,30.26601887],[-97.73482067,30.26643746],[-97.7346704416702,30.2668330502183]]},"properties":{"AADT_CUR":18352,"RTE_NM":"IH0035-XG","RTE_PRFX":"IH","RTE_NBR":"35","SYSTEM":"On"}},{"type":"Feature","geometry":{"type":"LineString","coordinates":[[-97.7535227321585,30.2659960756107],[-97.7532355627141,30.2666965807552],[-97.7526554116752,30.2681117359159]]},"properties":{"AADT_CUR":195,"RTE_NM":"1021367","RTE_PRFX":"CS","RTE_NBR":"1021367","SYSTEM":"Off"}},{"type":"Feature","geometry":{"type":"LineString","coordinates":[[-97.747495413,30.291472094],[-97.74598731,30.29137295]]},"properties":{"AADT_CUR":195,"RTE_NM":"1019178","RTE_PRFX":"CS","RTE_NBR":"1019178","SYSTEM":"Off"}},{"type":"Feature","geometry":{"type":"LineString","coordinates":[[-97.78699144,30.22094454],[-97.78691794,30.22103827],[-97.78649666,30.22157555],[-97.78650103,30.22169096],[-97.78652465,30.22231319],[-97.78674312,30.22327736],[-97.78677452,30.22341735],[-97.78694715,30.2241863],[-97.78697507,30.22429763],[-97.78711336,30.22484965],[-97.78627653,30.22607893],[-97.7858927,30.22670112]]},"properties":{"AADT_CUR":195,"RTE_NM":"1015107","RTE_PRFX":"CS","RTE_NBR":"1015107","SYSTEM":"Off"}},{"type":"Feature","geometry":{"type":"LineString","coordinates":[[-97.6855537832903,30.2973818457625],[-97.68555134,30.2973941100023],[-97.6855422482314,30.2974083463005]]},"properties":{"AADT_CUR":195,"RTE_NM":"1014217","RTE_PRFX":"CS","RTE_NBR":"1014217","SYSTEM":"Off"}},{"type":"Feature","geometry":{"type":"LineString","coordinates":[[-97.70008779,30.2901007],[-97.70011879,30.29089462],[-97.70011976,30.29093709],[-97.70010024,30.29102896],[-97.70004961,30.29117003],[-97.70002063,30.29129677],[-97.70001902,30.29135579],[-97.70003618,30.29145354],[-97.70005844,30.2915055],[-97.70014647,30.29165855],[-97.70029135,30.29187284],[-97.70042506,30.2920718],[-97.70048633,30.2921636],[-97.70055822,30.29229085],[-97.70066253,30.2925043],[-97.70072825,30.29264653],[-97.70078276,30.29277342],[-97.7008149,30.29286968],[-97.7008385,30.29294009],[-97.70088144,30.29306677],[-97.70092312,30.29323867],[-97.70097045,30.29341572],[-97.70099049,30.29353184],[-97.70100956,30.29368317],[-97.70102336,30.29381426],[-97.70103718,30.29394536],[-97.70104881,30.2941569],[-97.70106225,30.29430207],[-97.70109477,30.29566062]]},"properties":{"AADT_CUR":195,"RTE_NM":"1020775","RTE_PRFX":"CS","RTE_NBR":"1020775","SYSTEM":"Off"}},{"type":"Feature","geometry":{"type":"LineString","coordinates":[[-97.70365206,30.30997291],[-97.70360258,30.3100472],[-97.70307697,30.31083576]]},"properties":{"AADT_CUR":195,"RTE_NM":"1016776","RTE_PRFX":"CS","RTE_NBR":"1016776","SYSTEM":"Off"}},{"type":"Feature","geometry":{"type":"LineString","coordinates":[[-97.8036981578451,30.2815479716742],[-97.80350735,30.2815152400044],[-97.80320059,30.2814341200044],[-97.80311185,30.2814196200044],[-97.80268246,30.2812657400044],[-97.80262122,30.2812702500044],[-97.80257396,30.2812917400044],[-97.80251434,30.2813356200044],[-97.80213784,30.2815516100044],[-97.80207135,30.2815847400044],[-97.80198722,30.2816038700044],[-97.80194171,30.2815971100044],[-97.80188334,30.2815706100044],[-97.80178372,30.2815111100043],[-97.8017631,30.2814833600044],[-97.80165559,30.2814119900044],[-97.80137134,30.2813048700044],[-97.80132871,30.2813161100044],[-97.80123597,30.2812987400044],[-97.80117534,30.2812993600044],[-97.80099772,30.2813267400044],[-97.80074372,30.2814166100044],[-97.8006386,30.2814673700044],[-97.80033009,30.2816809900044],[-97.80021422,30.2817192400044],[-97.8000664077429,30.2818695227298],[-97.80003472,30.2819017400044],[-97.79997871,30.2819353600044],[-97.79982496,30.2820046200044],[-97.79967271,30.2820906100044],[-97.79937497,30.2823036200044],[-97.79918072,30.2824302400044],[-97.79913322,30.2824566200044],[-97.79901497,30.2824877400044],[-97.79890159,30.2824778600044],[-97.79879022,30.2824442300044],[-97.79869122,30.2823706200044],[-97.7981736093434,30.2820556870331]]},"properties":{"AADT_CUR":195,"RTE_NM":"227AA4125","RTE_PRFX":"CR","RTE_NBR":"4125","SYSTEM":"Off"}},{"type":"Feature","geometry":{"type":"LineString","coordinates":[[-97.80157838,30.30697183],[-97.80205977,30.30700958],[-97.80236691,30.307039],[-97.80262159,30.30701399],[-97.80273076,30.30695935],[-97.80279934,30.30684049],[-97.80283684,30.30658411],[-97.80273225,30.30639505],[-97.80261147,30.30637261],[-97.80227922,30.30641946],[-97.80199544,30.30638047],[-97.80178167,30.3063128],[-97.80162031,30.30630293],[-97.80139195,30.30635186],[-97.80086727,30.30639826],[-97.80032978,30.30634757],[-97.79999346,30.30625016],[-97.7997498,30.30600885],[-97.79964333,30.30581304],[-97.79965224,30.30560262]]},"properties":{"AADT_CUR":195,"RTE_NM":"1252128","RTE_PRFX":"CS","RTE_NBR":"1252128","SYSTEM":"Off"}},{"type":"Feature","geometry":{"type":"LineString","coordinates":[[-97.7742161266847,30.2474245820692],[-97.77409133,30.247623240002],[-97.77377807,30.248069810002],[-97.77337096,30.248643760002],[-97.7727819,30.249594600002],[-97.77180379,30.251117980002],[-97.77174959,30.251201250002],[-97.77145372,30.251655520002],[-97.77141442,30.251717220002],[-97.77098103,30.252396900002],[-97.7706905,30.252839420002],[-97.77048602,30.2531433600019]]},"properties":{"AADT_CUR":195,"RTE_NM":"1016637","RTE_PRFX":"CS","RTE_NBR":"1016637","SYSTEM":"Off"}},{"type":"Feature","geometry":{"type":"LineString","coordinates":[[-97.7320612968268,30.2463108383206],[-97.7320545782018,30.246324134369]]},"properties":{"AADT_CUR":195,"RTE_NM":"1259443","RTE_PRFX":"CS","RTE_NBR":"1259443","SYSTEM":"Off"}},{"type":"Feature","geometry":{"type":"LineString","coordinates":[[-97.7364264334846,30.2591213767469],[-97.7354854,30.258835650002],[-97.73544681,30.2588239200021],[-97.73343783,30.258128590002]]},"properties":{"AADT_CUR":195,"RTE_NM":"1020282","RTE_PRFX":"CS","RTE_NBR":"1020282","SYSTEM":"Off"}},{"type":"Feature","geometry":{"type":"LineString","coordinates":[[-97.71240479,30.23134614],[-97.71192166,30.23146552],[-97.71108076,30.23155282],[-97.71119561,30.23120313]]},"properties":{"AADT_CUR":195,"RTE_NM":"1020485","RTE_PRFX":"CS","RTE_NBR":"1020485","SYSTEM":"Off"}},{"type":"Feature","geometry":{"type":"LineString","coordinates":[[-97.70254922,30.26005038],[-97.70120981,30.26038573],[-97.70086407,30.2604723]]},"properties":{"AADT_CUR":195,"RTE_NM":"1019961","RTE_PRFX":"CS","RTE_NBR":"1019961","SYSTEM":"Off"}},{"type":"Feature","geometry":{"type":"LineString","coordinates":[[-97.79701775,30.26714789],[-97.79684875,30.26718855],[-97.7965583,30.26732856],[-97.79626717,30.26752632]]},"properties":{"AADT_CUR":195,"RTE_NM":"1020626","RTE_PRFX":"CS","RTE_NBR":"1020626","SYSTEM":"Off"}},{"type":"Feature","geometry":{"type":"LineString","coordinates":[[-97.7208153114899,30.2841012313395],[-97.72081474,30.2841074700022],[-97.72078838,30.2842502000022],[-97.72072805,30.2844465300022],[-97.72056611,30.2848257200022],[-97.71970319,30.2861475200022],[-97.7187207,30.2876704300022],[-97.71793266,30.2889167600022],[-97.71791592,30.2889431000022],[-97.71759008,30.2894543700023]]},"properties":{"AADT_CUR":195,"RTE_NM":"1016429","RTE_PRFX":"CS","RTE_NBR":"1016429","SYSTEM":"Off"}},{"type":"Feature","geometry":{"type":"LineString","coordinates":[[-97.737857738632,30.2646265024926],[-97.73790776,30.26449367],[-97.7382055235232,30.2637172083082]]},"properties":{"AADT_CUR":3955,"RTE_NM":"258641","RTE_PRFX":"CS","RTE_NBR":"258641","SYSTEM":"Off"}},{"type":"Feature","geometry":{"type":"LineString","coordinates":[[-97.7397728091773,30.2692575287506],[-97.7407760853173,30.2695381858625],[-97.7421116472266,30.2699117820766]]},"properties":{"AADT_CUR":2434,"RTE_NM":"258408","RTE_PRFX":"CS","RTE_NBR":"258408","SYSTEM":"Off"}},{"type":"Feature","geometry":{"type":"LineString","coordinates":[[-97.7638874639956,30.2716291766374],[-97.76368953,30.2715274500021],[-97.76358422,30.2714546500021],[-97.76350149,30.2713693500021],[-97.76342329,30.2713447600021],[-97.76335638,30.2713461600021],[-97.76330092,30.2713658300021],[-97.76325848,30.2714012100021],[-97.76321598,30.2714474000021],[-97.76321114,30.2714884700021],[-97.76321573,30.2715260400021],[-97.76322996,30.2715887100021],[-97.76339311,30.2718350900021],[-97.7634115498144,30.2718628241343]]},"properties":{"AADT_CUR":195,"RTE_NM":"1262367","RTE_PRFX":"CS","RTE_NBR":"1262367","SYSTEM":"Off"}},{"type":"Feature","geometry":{"type":"LineString","coordinates":[[-97.760001161856,30.2921442514468],[-97.76005665,30.29200561],[-97.76021939,30.29162678],[-97.76045482,30.29113191],[-97.76067592,30.29071728],[-97.76082708,30.29043654],[-97.7610737,30.29001513],[-97.76123638,30.2897412],[-97.76158225,30.28922683],[-97.76204473,30.288552],[-97.76224446,30.28827224],[-97.76250019,30.28791404],[-97.76269042,30.28764032],[-97.7629627,30.28723723],[-97.76315137,30.28696053],[-97.76328503,30.28676912],[-97.76349341,30.28646897],[-97.7636647,30.28622595],[-97.76381093,30.2860193],[-97.76397944,30.28578113],[-97.76410918,30.28559679],[-97.76428518,30.28534636],[-97.76441068,30.28516778],[-97.76454375,30.28497843],[-97.76472067,30.28471273],[-97.76487003,30.28448777],[-97.7649924,30.28429427],[-97.76513948,30.28404198],[-97.76526155,30.2838326],[-97.76532893,30.28371195],[-97.76547831,30.28340937],[-97.76572046,30.28291885],[-97.76604237,30.28226428],[-97.76627136,30.28179824],[-97.76650646,30.28132281],[-97.76667288,30.28098699],[-97.76692997,30.28048261],[-97.76712027,30.28014477],[-97.76733975,30.27976128],[-97.76752934,30.27945396],[-97.76774753,30.27910817],[-97.76788369,30.2788947],[-97.76820265,30.27846729],[-97.76854601,30.27800787],[-97.76890396,30.27752221],[-97.76925318,30.27705665],[-97.7693704872722,30.2768987871385]]},"properties":{"AADT_CUR":161231,"RTE_NM":"SL0001-KG","RTE_PRFX":"SL","RTE_NBR":"1","SYSTEM":"On"}},{"type":"Feature","geometry":{"type":"LineString","coordinates":[[-97.7454740368974,30.3015007151603],[-97.7454592647385,30.3014939254257]]},"properties":{"AADT_CUR":623,"RTE_NM":"1021220","RTE_PRFX":"CS","RTE_NBR":"1021220","SYSTEM":"Off"}},{"type":"Feature","geometry":{"type":"LineString","coordinates":[[-97.7156563783483,30.3083905994773],[-97.7156396835487,30.3083895585824]]},"properties":{"AADT_CUR":195,"RTE_NM":"1016528","RTE_PRFX":"CS","RTE_NBR":"1016528","SYSTEM":"Off"}},{"type":"Feature","geometry":{"type":"LineString","coordinates":[[-97.7962159153623,30.3187144550201],[-97.79601134,30.3186794900024],[-97.79584947,30.3186631200024],[-97.79567859,30.3186616200024],[-97.79558959,30.3186753600024],[-97.79521659,30.3187008600024],[-97.79499097,30.3186793600024],[-97.79489235,30.3186577400024],[-97.79469934,30.3185859800024],[-97.79444272,30.3184458600024],[-97.79437222,30.3184002400024],[-97.79430796,30.3183433600024],[-97.79421184,30.3182093600024],[-97.79412997,30.3180263600024],[-97.79407147,30.3177676200024],[-97.79404371,30.3176822400024],[-97.7939920377351,30.317577135396],[-97.79397697,30.3175464900024],[-97.79393585,30.3174821100024],[-97.79377734,30.3173164900024],[-97.79347685,30.3170271100024],[-97.79333696,30.3169002300024],[-97.79319012,30.3168002100024]]},"properties":{"AADT_CUR":195,"RTE_NM":"227AA0497","RTE_PRFX":"CR","RTE_NBR":"497","SYSTEM":"Off"}},{"type":"Feature","geometry":{"type":"LineString","coordinates":[[-97.77034236,30.23969692],[-97.76947065,30.2394688],[-97.76932946,30.23943187]]},"properties":{"AADT_CUR":195,"RTE_NM":"1016322","RTE_PRFX":"CS","RTE_NBR":"1016322","SYSTEM":"Off"}},{"type":"Feature","geometry":{"type":"LineString","coordinates":[[-97.7825396443207,30.2657671376779],[-97.78334725,30.26545742],[-97.78426418,30.26514252],[-97.78517184,30.26485849],[-97.78596131,30.26460224],[-97.78639064,30.2644527],[-97.78681997,30.26428628],[-97.78718176,30.2641295],[-97.78757008,30.26394378],[-97.78807659,30.26366641],[-97.78887494,30.26323226],[-97.79020392,30.26248697],[-97.79119764,30.26194669],[-97.79221789,30.26138712],[-97.79294147,30.26098915],[-97.7938773,30.26047541],[-97.79455506,30.26009191],[-97.79521352,30.25974459],[-97.79594192,30.25932492],[-97.7969067,30.25880152],[-97.79790042,30.25825401],[-97.79868671,30.25781745],[-97.79919804,30.25749666],[-97.79967561,30.25718794],[-97.80003649,30.25694923],[-97.80093817,30.25620396],[-97.80184905,30.25543109],[-97.80263112,30.25457542],[-97.80321077,30.25366454],[-97.80399284,30.25187958],[-97.8046461,30.25038904],[-97.8052410857528,30.2490738138964]]},"properties":{"AADT_CUR":145913,"RTE_NM":"SL0001-KG","RTE_PRFX":"SL","RTE_NBR":"1","SYSTEM":"On"}},{"type":"Feature","geometry":{"type":"LineString","coordinates":[[-97.7529198123709,30.2396829165614],[-97.75291742,30.2396820800019],[-97.75283438,30.2397255100019],[-97.75268782,30.2399140100019],[-97.75201476,30.2407494700019],[-97.7514154497497,30.241500470416]]},"properties":{"AADT_CUR":195,"RTE_NM":"1019191","RTE_PRFX":"CS","RTE_NBR":"1019191","SYSTEM":"Off"}},{"type":"Feature","geometry":{"type":"LineString","coordinates":[[-97.7693874799434,30.2767031030538],[-97.7695938,30.27642635],[-97.76998968,30.27590169],[-97.77050939,30.27521442],[-97.77078107,30.27484811],[-97.77103535,30.27450835],[-97.7713085,30.27414524],[-97.77167396,30.27361332],[-97.77193648,30.2732638],[-97.77248595,30.27252733],[-97.77271991,30.27220888],[-97.77289769,30.27196321],[-97.77313555,30.27165062],[-97.77328078,30.27147063],[-97.77350853,30.2712083],[-97.77385076,30.27087919],[-97.77417271,30.27058585],[-97.77455071,30.27028655],[-97.77490963,30.27002064],[-97.77546888,30.26965218],[-97.77623442,30.26913586],[-97.77712211,30.26854828],[-97.77770745,30.26816289],[-97.77834621,30.2677691],[-97.7783863566526,30.2677444881794]]},"properties":{"AADT_CUR":160618,"RTE_NM":"SL0001-LG","RTE_PRFX":"SL","RTE_NBR":"1","SYSTEM":"On"}},{"type":"Feature","geometry":{"type":"LineString","coordinates":[[-97.7693704872722,30.2768987871385],[-97.769469746977,30.2767652107894]]},"properties":{"AADT_CUR":160618,"RTE_NM":"SL0001-KG","RTE_PRFX":"SL","RTE_NBR":"1","SYSTEM":"On"}},{"type":"Feature","geometry":{"type":"LineString","coordinates":[[-97.74399695,30.2256836200018],[-97.74313849,30.2252825400018],[-97.74253845,30.2250118400018],[-97.7421200398091,30.2248207635011]]},"properties":{"AADT_CUR":195,"RTE_NM":"1020805","RTE_PRFX":"CS","RTE_NBR":"1020805","SYSTEM":"Off"}},{"type":"Feature","geometry":{"type":"LineString","coordinates":[[-97.74034269,30.29196574],[-97.74032483,30.29210702],[-97.740073,30.29410003]]},"properties":{"AADT_CUR":195,"RTE_NM":"1021548","RTE_PRFX":"CS","RTE_NBR":"1021548","SYSTEM":"Off"}},{"type":"Feature","geometry":{"type":"LineString","coordinates":[[-97.7253418344649,30.2801707988459],[-97.724666117,30.280284478],[-97.724118493,30.280353882],[-97.723308969,30.280484686],[-97.72232001,30.280645952],[-97.721753799,30.280743271],[-97.721273272,30.280822816],[-97.720640729,30.280922509],[-97.720345758,30.280974919],[-97.719917425,30.281049179],[-97.719424207,30.281132654],[-97.718734712,30.281239368],[-97.718392742,30.281300789],[-97.717499219,30.28143797]]},"properties":{"AADT_CUR":195,"RTE_NM":"1015849","RTE_PRFX":"CS","RTE_NBR":"1015849","SYSTEM":"Off"}},{"type":"Feature","geometry":{"type":"LineString","coordinates":[[-97.7199020426749,30.2737655914328],[-97.7199001918359,30.2737570644161],[-97.7196845027815,30.2727633508166],[-97.7194667553627,30.2717601328979],[-97.7192439642609,30.2707336554931],[-97.719038176202,30.2697854973864]]},"properties":{"AADT_CUR":2654,"RTE_NM":"258510","RTE_PRFX":"CS","RTE_NBR":"258510","SYSTEM":"Off"}},{"type":"Feature","geometry":{"type":"LineString","coordinates":[[-97.75431976,30.28258032],[-97.75464307,30.28382448],[-97.75476449,30.28399469],[-97.75502716,30.28436302],[-97.75509466,30.28521698],[-97.75476873,30.28674234],[-97.75439198,30.28829973],[-97.75425833,30.28879207],[-97.75418603,30.28886748],[-97.75413937,30.28891619]]},"properties":{"AADT_CUR":1645,"RTE_NM":"1018949","RTE_PRFX":"CS","RTE_NBR":"1018949","SYSTEM":"Off"}},{"type":"Feature","geometry":{"type":"LineString","coordinates":[[-97.7558777647765,30.2941355476296],[-97.75326443,30.2937282100023]]},"properties":{"AADT_CUR":195,"RTE_NM":"1021417","RTE_PRFX":"CS","RTE_NBR":"1021417","SYSTEM":"Off"}},{"type":"Feature","geometry":{"type":"LineString","coordinates":[[-97.7419009658972,30.3070941878932],[-97.741886496209,30.3070868960448]]},"properties":{"AADT_CUR":195,"RTE_NM":"1021229","RTE_PRFX":"CS","RTE_NBR":"1021229","SYSTEM":"Off"}},{"type":"Feature","geometry":{"type":"LineString","coordinates":[[-97.7558689418441,30.3087781660731],[-97.75582544,30.30918574],[-97.75573765,30.30982617],[-97.75572207,30.30995977],[-97.75562251,30.31081398],[-97.75548796,30.31181515],[-97.75548085,30.31188429],[-97.75538942,30.31277582],[-97.75527827,30.31367294],[-97.75526637,30.31377928],[-97.75518871,30.31447424],[-97.75509436,30.31527544],[-97.75497894,30.31592325],[-97.75496103,30.31602361],[-97.75488438,30.31616509],[-97.7548156,30.31618845],[-97.75461098,30.31626005],[-97.754585876,30.316268811]]},"properties":{"AADT_CUR":195,"RTE_NM":"1017211","RTE_PRFX":"CS","RTE_NBR":"1017211","SYSTEM":"Off"}},{"type":"Feature","geometry":{"type":"LineString","coordinates":[[-97.72318681,30.3152128],[-97.72287163,30.31508181],[-97.72273461,30.31502484]]},"properties":{"AADT_CUR":195,"RTE_NM":"1015888","RTE_PRFX":"CS","RTE_NBR":"1015888","SYSTEM":"Off"}},{"type":"Feature","geometry":{"type":"LineString","coordinates":[[-97.7996360992759,30.316965092065],[-97.79957934,30.3170484900024],[-97.79946172,30.3172728700024],[-97.79920709,30.3178283600024],[-97.79896346,30.3182937400024],[-97.79873784,30.3186779900024],[-97.79837422,30.3192309900024],[-97.798326450761,30.3193158079098]]},"properties":{"AADT_CUR":195,"RTE_NM":"227AA0493","RTE_PRFX":"CR","RTE_NBR":"493","SYSTEM":"Off"}},{"type":"Feature","geometry":{"type":"LineString","coordinates":[[-97.6973620739639,30.3193138894889],[-97.69736133,30.3193132800024],[-97.6952445,30.3182383100024],[-97.69487183,30.3181866600024],[-97.69369752,30.3182340000024],[-97.69333806,30.3181633400024],[-97.6908424928237,30.3169635486058]]},"properties":{"AADT_CUR":195,"RTE_NM":"1016595","RTE_PRFX":"CS","RTE_NBR":"1016595","SYSTEM":"Off"}},{"type":"Feature","geometry":{"type":"LineString","coordinates":[[-97.79942872,30.2273189100018],[-97.79819169,30.2285953200018],[-97.7970792625089,30.229759943117]]},"properties":{"AADT_CUR":195,"RTE_NM":"1020688","RTE_PRFX":"CS","RTE_NBR":"1020688","SYSTEM":"Off"}},{"type":"Feature","geometry":{"type":"LineString","coordinates":[[-97.7294833846576,30.2566926722131],[-97.72947896,30.256691140002],[-97.72763354,30.256080090002],[-97.7274561,30.256021310002],[-97.72734411,30.255981130002],[-97.72545736,30.255304030002],[-97.7254537951699,30.2553028061586],[-97.72432042,30.254913700002],[-97.72417982,30.254865460002],[-97.72304768,30.254499490002],[-97.72284504,30.254434000002],[-97.7215528562047,30.2539675919298],[-97.72153512,30.253961190002],[-97.72022175,30.253500410002],[-97.71854958,30.252894180002],[-97.71757026,30.252557930002],[-97.7171226,30.252389270002],[-97.71626806,30.252096780002],[-97.71494925,30.251662780002],[-97.71461431,30.251543170002],[-97.71348098,30.251509850002],[-97.7134021836141,30.251507521627]]},"properties":{"AADT_CUR":195,"RTE_NM":"1014726","RTE_PRFX":"CS","RTE_NBR":"1014726","SYSTEM":"Off"}},{"type":"Feature","geometry":{"type":"LineString","coordinates":[[-97.7079132224001,30.2517113088158],[-97.70789927,30.251705520002],[-97.7078981388581,30.251689980178]]},"properties":{"AADT_CUR":195,"RTE_NM":"1015862","RTE_PRFX":"CS","RTE_NBR":"1015862","SYSTEM":"Off"}},{"type":"Feature","geometry":{"type":"LineString","coordinates":[[-97.70696705,30.2827462200022],[-97.70623476,30.2826679800022],[-97.70516359,30.2828715500022],[-97.70445837,30.2832224200022],[-97.7044185862064,30.2832422613312]]},"properties":{"AADT_CUR":195,"RTE_NM":"1016957","RTE_PRFX":"CS","RTE_NBR":"1016957","SYSTEM":"Off"}},{"type":"Feature","geometry":{"type":"LineString","coordinates":[[-97.7023333291783,30.2765510662724],[-97.7023362563262,30.2765653586403]]},"properties":{"AADT_CUR":195,"RTE_NM":"1018140","RTE_PRFX":"CS","RTE_NBR":"1018140","SYSTEM":"Off"}},{"type":"Feature","geometry":{"type":"LineString","coordinates":[[-97.70561305,30.28848051],[-97.70551399,30.28792838],[-97.70526227,30.28762893],[-97.70488648,30.28746448],[-97.70444632,30.28746522],[-97.70439203,30.28746534]]},"properties":{"AADT_CUR":195,"RTE_NM":"1020870","RTE_PRFX":"CS","RTE_NBR":"1020870","SYSTEM":"Off"}},{"type":"Feature","geometry":{"type":"LineString","coordinates":[[-97.72220615,30.2969497200023],[-97.7215553935813,30.2980462879559]]},"properties":{"AADT_CUR":195,"RTE_NM":"1014010","RTE_PRFX":"CS","RTE_NBR":"1014010","SYSTEM":"Off"}},{"type":"Feature","geometry":{"type":"LineString","coordinates":[[-97.74164562,30.2948675600023],[-97.74156545,30.2949999600023],[-97.7415252,30.2950378400023],[-97.74147275,30.2950646400023],[-97.7413162,30.2951171700022],[-97.74124402,30.2951482200023],[-97.74112053,30.2951911300023],[-97.74065267,30.2952024900023],[-97.74050288,30.2952061400023],[-97.74010063,30.2951952200022],[-97.73982413,30.2953472200023],[-97.7397628799984,30.2953809400039],[-97.73962149,30.2955320400023],[-97.73957363,30.2956144400023],[-97.73954453,30.2957101100023],[-97.73952711,30.2958206800023],[-97.73952351,30.2959545200023],[-97.73951048,30.2960798400023],[-97.73946508,30.2962442400023],[-97.73933715,30.2965783500023],[-97.73930795,30.2966458300023],[-97.73928698,30.2966820400023],[-97.73925036,30.2967224200023]]},"properties":{"AADT_CUR":195,"RTE_NM":"1015973","RTE_PRFX":"CS","RTE_NBR":"1015973","SYSTEM":"Off"}},{"type":"Feature","geometry":{"type":"LineString","coordinates":[[-97.7295661411262,30.2722097417615],[-97.729566938135,30.2722242138091]]},"properties":{"AADT_CUR":195,"RTE_NM":"1015491","RTE_PRFX":"CS","RTE_NBR":"1015491","SYSTEM":"Off"}},{"type":"Feature","geometry":{"type":"LineString","coordinates":[[-97.7411092251011,30.2686538436694],[-97.74109321,30.26864958],[-97.74001952,30.2683447],[-97.73893616,30.26804095],[-97.73789996,30.26774717],[-97.7368424003154,30.2674777274769]]},"properties":{"AADT_CUR":5982,"RTE_NM":"258404","RTE_PRFX":"CS","RTE_NBR":"258404","SYSTEM":"Off"}},{"type":"Feature","geometry":{"type":"LineString","coordinates":[[-97.7466435412893,30.2680967401048],[-97.7466398729389,30.2680957068096],[-97.7455479348345,30.2677881419279],[-97.7444685160963,30.2674840791531],[-97.7431747776888,30.2671196298438]]},"properties":{"AADT_CUR":6711,"RTE_NM":"258395","RTE_PRFX":"CS","RTE_NBR":"258395","SYSTEM":"Off"}},{"type":"Feature","geometry":{"type":"LineString","coordinates":[[-97.7720603949336,30.2905792273057],[-97.77102262,30.28998523],[-97.76973702,30.28924433],[-97.76868012,30.28858986],[-97.76788963,30.28815204],[-97.76637702,30.28725402],[-97.7655834231868,30.2868216397576]]},"properties":{"AADT_CUR":4881,"RTE_NM":"258537","RTE_PRFX":"CS","RTE_NBR":"258537","SYSTEM":"Off"}},{"type":"Feature","geometry":{"type":"LineString","coordinates":[[-97.77337278,30.2925197],[-97.77334711,30.29257934],[-97.77300634,30.29337051]]},"properties":{"AADT_CUR":195,"RTE_NM":"1015352","RTE_PRFX":"CS","RTE_NBR":"1015352","SYSTEM":"Off"}},{"type":"Feature","geometry":{"type":"LineString","coordinates":[[-97.787220803,30.303736077],[-97.78660296,30.30358398],[-97.78639985,30.30352424],[-97.78621935,30.30343412],[-97.78595059,30.30325798],[-97.78569123,30.30308799],[-97.78532384,30.30286074],[-97.78519684,30.302822607],[-97.7851597808578,30.3028165199889]]},"properties":{"AADT_CUR":611,"RTE_NM":"227AA0504","RTE_PRFX":"CR","RTE_NBR":"504","SYSTEM":"Off"}},{"type":"Feature","geometry":{"type":"LineString","coordinates":[[-97.74794081,30.31096735],[-97.74790341,30.31102617],[-97.74723595,30.31207527],[-97.7465186,30.31317469],[-97.74646906,30.31324902],[-97.74580189,30.31424936],[-97.74575057,30.31433067],[-97.74512978,30.3153139],[-97.7450969,30.31536297],[-97.74426455,30.31660522],[-97.74423159,30.31665446],[-97.7433991,30.31802383],[-97.74252742,30.31931813],[-97.74190693,30.32034797],[-97.74178866,30.32076913],[-97.74177016,30.32131055]]},"properties":{"AADT_CUR":195,"RTE_NM":"1020149","RTE_PRFX":"CS","RTE_NBR":"1020149","SYSTEM":"Off"}},{"type":"Feature","geometry":{"type":"LineString","coordinates":[[-97.7284812305872,30.3176677728988],[-97.7284931859687,30.3176499340873],[-97.73063625,30.3144521100024],[-97.7316608404897,30.3128361042198],[-97.73268624,30.3112187600024],[-97.7327474955326,30.3111393390663]]},"properties":{"AADT_CUR":3559,"RTE_NM":"258545","RTE_PRFX":"CS","RTE_NBR":"258545","SYSTEM":"Off"}},{"type":"Feature","geometry":{"type":"LineString","coordinates":[[-97.6875778527328,30.2379187431977],[-97.6875033,30.23782131],[-97.68687522,30.23710986],[-97.6863940018067,30.2365668778979]]},"properties":{"AADT_CUR":44160,"RTE_NM":"TL0183-RG","RTE_PRFX":"TL","RTE_NBR":"183","SYSTEM":"Off"}},{"type":"Feature","geometry":{"type":"LineString","coordinates":[[-97.74353008,30.29902979],[-97.74346914,30.2991216],[-97.74295179,30.29990072],[-97.74289312,30.29998903],[-97.74275879,30.30019138],[-97.74203444,30.30140612]]},"properties":{"AADT_CUR":195,"RTE_NM":"1017450","RTE_PRFX":"CS","RTE_NBR":"1017450","SYSTEM":"Off"}},{"type":"Feature","geometry":{"type":"LineString","coordinates":[[-97.75373379,30.3041667900023],[-97.75369108,30.3041495800023],[-97.75335449,30.3039916800023],[-97.75316435,30.3039024500023],[-97.752546725532,30.3036204873791],[-97.75156678,30.3030451500023],[-97.75070883,30.3024145800023]]},"properties":{"AADT_CUR":4200,"RTE_NM":"298661","RTE_PRFX":"CS","RTE_NBR":"298661","SYSTEM":"Off"}},{"type":"Feature","geometry":{"type":"LineString","coordinates":[[-97.75760327,30.3019901400023],[-97.75772102,30.3020463700023],[-97.75782401,30.3020973100023],[-97.75785668,30.3021532300023],[-97.75784339,30.3022268800023],[-97.75778304,30.3023547900023],[-97.75767229,30.3025652000023],[-97.75754161,30.3028016400023],[-97.75746893,30.3029191200023],[-97.75704249,30.3037549300023],[-97.75701445,30.3038217200023],[-97.75687322,30.3041585500024],[-97.7567087,30.3045320600023],[-97.75657931,30.3048072000023],[-97.75646941,30.3050058200023],[-97.75636721,30.3051674300023],[-97.75554192,30.3064723200023],[-97.75550863,30.3065285000023],[-97.75495436,30.3074643800024],[-97.7542943390291,30.3084770866578]]},"properties":{"AADT_CUR":195,"RTE_NM":"1018749","RTE_PRFX":"CS","RTE_NBR":"1018749","SYSTEM":"Off"}},{"type":"Feature","geometry":{"type":"LineString","coordinates":[[-97.77961803,30.25086779],[-97.7788072,30.25047172],[-97.7786842,30.25041374],[-97.7776467,30.24991243],[-97.77746119,30.24982281],[-97.7768762,30.2495416],[-97.77584405,30.24904242],[-97.775691,30.24895773],[-97.77518525,30.24872321],[-97.77490672,30.24859831],[-97.77450619,30.24841259],[-97.77428731,30.24830763],[-97.77408458,30.2482145],[-97.77377807,30.24806981]]},"properties":{"AADT_CUR":195,"RTE_NM":"1019321","RTE_PRFX":"CS","RTE_NBR":"1019321","SYSTEM":"Off"}},{"type":"Feature","geometry":{"type":"LineString","coordinates":[[-97.7149583409093,30.2460328263457],[-97.71501172,30.24595398],[-97.71536252,30.24540441],[-97.71610873,30.24422439],[-97.71625186,30.24399632],[-97.71635293,30.24384893],[-97.7166392,30.24342189],[-97.71691821,30.24299126],[-97.7171650859163,30.2425973815701]]},"properties":{"AADT_CUR":24233,"RTE_NM":"258784","RTE_PRFX":"CS","RTE_NBR":"258784","SYSTEM":"Off"}},{"type":"Feature","geometry":{"type":"LineString","coordinates":[[-97.7491054,30.25111592],[-97.74899547,30.25108788],[-97.74892999,30.25107113],[-97.74888767,30.25096574],[-97.74875962,30.25015733],[-97.74842616,30.24984276],[-97.74832162,30.2497442],[-97.74823611,30.24973397],[-97.74716912,30.24960616],[-97.74710666,30.24959866],[-97.7467869,30.24979845],[-97.7467618,30.25007647]]},"properties":{"AADT_CUR":195,"RTE_NM":"1020740","RTE_PRFX":"CS","RTE_NBR":"1020740","SYSTEM":"Off"}},{"type":"Feature","geometry":{"type":"LineString","coordinates":[[-97.724449282152,30.307138585231],[-97.7244721,30.3071006600023],[-97.7245203495009,30.3070404403411]]},"properties":{"AADT_CUR":2709,"RTE_NM":"258534","RTE_PRFX":"CS","RTE_NBR":"258534","SYSTEM":"Off"}},{"type":"Feature","geometry":{"type":"LineString","coordinates":[[-97.7336027493522,30.3005658446712],[-97.7327481,30.30189181],[-97.7320495094093,30.3029774523774]]},"properties":{"AADT_CUR":1419,"RTE_NM":"267534","RTE_PRFX":"CS","RTE_NBR":"267534","SYSTEM":"Off"}},{"type":"Feature","geometry":{"type":"LineString","coordinates":[[-97.73900084,30.26495763],[-97.73911479,30.26498971],[-97.74000228,30.26523924],[-97.74106231,30.26552748],[-97.74215026,30.26583552],[-97.74231962,30.26588252],[-97.74351505,30.2662127]]},"properties":{"AADT_CUR":195,"RTE_NM":"1015887","RTE_PRFX":"CS","RTE_NBR":"1015887","SYSTEM":"Off"}},{"type":"Feature","geometry":{"type":"LineString","coordinates":[[-97.7444716278723,30.2706394475855],[-97.74446594,30.2706379000021],[-97.7433984077219,30.270331701439],[-97.74209419,30.2699576000021]]},"properties":{"AADT_CUR":5310,"RTE_NM":"258411","RTE_PRFX":"CS","RTE_NBR":"258411","SYSTEM":"Off"}},{"type":"Feature","geometry":{"type":"LineString","coordinates":[[-97.75966419,30.2712326200021],[-97.75954483,30.2714310000021],[-97.75949316,30.2715389900021],[-97.7592463086883,30.2720545821023]]},"properties":{"AADT_CUR":195,"RTE_NM":"1018822","RTE_PRFX":"CS","RTE_NBR":"1018822","SYSTEM":"Off"}},{"type":"Feature","geometry":{"type":"LineString","coordinates":[[-97.7686915152989,30.2885969164699],[-97.76783773,30.2897715100022]]},"properties":{"AADT_CUR":195,"RTE_NM":"1016084","RTE_PRFX":"CS","RTE_NBR":"1016084","SYSTEM":"Off"}},{"type":"Feature","geometry":{"type":"LineString","coordinates":[[-97.7820662,30.21754797],[-97.78201402,30.21759618],[-97.78193799,30.21765584],[-97.78185662,30.21770991],[-97.78177044,30.21775805],[-97.78168003,30.21779993],[-97.78158598,30.21783526],[-97.78148894,30.21786382],[-97.78138954,30.21788542],[-97.78132973,30.21789488],[-97.78123824,30.21791285],[-97.78107218,30.21795122],[-97.78090846,30.21799656],[-97.78074748,30.21804877],[-97.78058961,30.21810773],[-97.78043524,30.21817329],[-97.78024301,30.21826676],[-97.78000216,30.21838329],[-97.77977185,30.21850314],[-97.77954594,30.21862915],[-97.77932465,30.2187612],[-97.77910819,30.21889916],[-97.77889678,30.2190429],[-97.77869062,30.21919229],[-97.77848991,30.21934716],[-97.77829484,30.21950738],[-97.77825263,30.2195434],[-97.77800808,30.21984365],[-97.77770601,30.22020307],[-97.77745842,30.22048876],[-97.77741237,30.2205463],[-97.77735871,30.22062457],[-97.77731238,30.22070629],[-97.77727366,30.22079095],[-97.77724281,30.22087802],[-97.77718812,30.22099994],[-97.77708792,30.22123608],[-97.77699563,30.22147463],[-97.77691134,30.22171541],[-97.7768351,30.2219582],[-97.77677138,30.22218606],[-97.77671173,30.22237472],[-97.77657851,30.22278666]]},"properties":{"AADT_CUR":1998,"RTE_NM":"261795","RTE_PRFX":"CS","RTE_NBR":"261795","SYSTEM":"Off"}},{"type":"Feature","geometry":{"type":"LineString","coordinates":[[-97.7788645402253,30.2190473890156],[-97.7788752303678,30.2190585155781]]},"properties":{"AADT_CUR":195,"RTE_NM":"1017719","RTE_PRFX":"CS","RTE_NBR":"1017719","SYSTEM":"Off"}},{"type":"Feature","geometry":{"type":"LineString","coordinates":[[-97.69384314,30.22383452],[-97.6932255,30.22333492]]},"properties":{"AADT_CUR":195,"RTE_NM":"1015671","RTE_PRFX":"CS","RTE_NBR":"1015671","SYSTEM":"Off"}},{"type":"Feature","geometry":{"type":"LineString","coordinates":[[-97.733670085263,30.3097265671485],[-97.73366522,30.3097242300024],[-97.73290445,30.3093723800024],[-97.73273849,30.3092956000024],[-97.73193545,30.3089349400023],[-97.73178947,30.3088693500024],[-97.73090658,30.3084608800024],[-97.73015312,30.3080868000024],[-97.73004013,30.3080307300024],[-97.7290973704496,30.3075780354388]]},"properties":{"AADT_CUR":195,"RTE_NM":"1021236","RTE_PRFX":"CS","RTE_NBR":"1021236","SYSTEM":"Off"}},{"type":"Feature","geometry":{"type":"LineString","coordinates":[[-97.7100977322286,30.3092647083159],[-97.71009146,30.30927447],[-97.70972018,30.30986105],[-97.70925347,30.31057858],[-97.70903902,30.31095643],[-97.70889212,30.3112609],[-97.70865568,30.31181297],[-97.70846578,30.31228056],[-97.70804845,30.3132792],[-97.70792882,30.31362494],[-97.70772612,30.31425887],[-97.70762604,30.31460491],[-97.70746172,30.31527427],[-97.70737336,30.31569036],[-97.70722889,30.31663436],[-97.70716056,30.31702928],[-97.70700916,30.31769107],[-97.70695628,30.31794715],[-97.70689211,30.31836484],[-97.70676639,30.31923664],[-97.70655842,30.32062259],[-97.7064479143238,30.3213767162591]]},"properties":{"AADT_CUR":22961,"RTE_NM":"IH0035-AG","RTE_PRFX":"IH","RTE_NBR":"35","SYSTEM":"On"}},{"type":"Feature","geometry":{"type":"LineString","coordinates":[[-97.7508476610776,30.2883983431451],[-97.75083411,30.2885659600022],[-97.75074605,30.2896537300022],[-97.75073288,30.2897976400022],[-97.75059788,30.2912259200022]]},"properties":{"AADT_CUR":195,"RTE_NM":"1017864","RTE_PRFX":"CS","RTE_NBR":"1017864","SYSTEM":"Off"}},{"type":"Feature","geometry":{"type":"LineString","coordinates":[[-97.77022782,30.25678235],[-97.76911592,30.2563008],[-97.76874646,30.25673345]]},"properties":{"AADT_CUR":195,"RTE_NM":"1020295","RTE_PRFX":"CS","RTE_NBR":"1020295","SYSTEM":"Off"}},{"type":"Feature","geometry":{"type":"LineString","coordinates":[[-97.76667113,30.2413368900019],[-97.7663054,30.2412415200019],[-97.76554861,30.2410058600019],[-97.7654509997325,30.2409754719293],[-97.76538961,30.2409563600019],[-97.76471768,30.2407569600019],[-97.7645348,30.2407027200019],[-97.7637284,30.2404142600019],[-97.76289321,30.2401362200019],[-97.76206643,30.2398996000019],[-97.76133175,30.2397176400019],[-97.76118195351,30.2396805138821]]},"properties":{"AADT_CUR":195,"RTE_NM":"1016920","RTE_PRFX":"CS","RTE_NBR":"1016920","SYSTEM":"Off"}},{"type":"Feature","geometry":{"type":"LineString","coordinates":[[-97.7297182,30.25618164],[-97.72989856,30.25624283],[-97.73160361,30.25682897],[-97.73167805,30.25685532],[-97.73213087,30.25701567],[-97.73225659,30.25705981],[-97.73367812,30.25755864]]},"properties":{"AADT_CUR":195,"RTE_NM":"1016488","RTE_PRFX":"CS","RTE_NBR":"1016488","SYSTEM":"Off"}},{"type":"Feature","geometry":{"type":"LineString","coordinates":[[-97.776487672654,30.2827724072666],[-97.7765187960014,30.2827830780998]]},"properties":{"AADT_CUR":2003,"RTE_NM":"1021249","RTE_PRFX":"CS","RTE_NBR":"1021249","SYSTEM":"Off"}},{"type":"Feature","geometry":{"type":"LineString","coordinates":[[-97.7822556787548,30.2873344375401],[-97.78276808,30.2880091000022],[-97.7829141880756,30.2882410101302],[-97.78314828,30.2886125700022],[-97.78356629,30.2897883300022],[-97.7836958,30.2902245800022],[-97.78368654,30.2904239800023],[-97.78351652,30.2908249300022],[-97.7831507,30.2912808200023],[-97.78303951,30.2913860300022],[-97.7830489323759,30.291471348243],[-97.7831067017893,30.2915481560322]]},"properties":{"AADT_CUR":195,"RTE_NM":"1017402","RTE_PRFX":"CS","RTE_NBR":"1017402","SYSTEM":"Off"}},{"type":"Feature","geometry":{"type":"LineString","coordinates":[[-97.7344935120351,30.2904293673399],[-97.73458253,30.2904283700023],[-97.73469115,30.2903924300023],[-97.73484262,30.2903720100023],[-97.73541817,30.2904105300022]]},"properties":{"AADT_CUR":195,"RTE_NM":"1015855","RTE_PRFX":"CS","RTE_NBR":"1015855","SYSTEM":"Off"}},{"type":"Feature","geometry":{"type":"LineString","coordinates":[[-97.726922294,30.2684546860021],[-97.726944767,30.2685483730021],[-97.72708698,30.2692264800021],[-97.7271980700006,30.269806310004],[-97.7272321,30.2699156800021],[-97.72726519,30.2700222100021],[-97.72732725,30.2703617300021],[-97.72739292,30.2707179200021],[-97.7274817880541,30.2711725002786],[-97.72749872,30.2712591100021],[-97.72761627,30.2718335500021],[-97.72774548,30.2724524500021],[-97.72775046,30.2724827500021],[-97.727755398,30.2725068200021],[-97.72776068,30.2725325700021],[-97.72779667,30.2727043500021],[-97.72795474,30.2735041200021],[-97.7279871800003,30.2736002800042],[-97.72805329,30.2740455000022],[-97.7281041,30.2742199600021],[-97.72819829,30.2745435000021],[-97.7282340400004,30.2746570000042],[-97.72824576,30.2747135900021],[-97.72839663,30.2754414000021],[-97.72856038,30.2763605700022]]},"properties":{"AADT_CUR":444,"RTE_NM":"1018567","RTE_PRFX":"CS","RTE_NBR":"1018567","SYSTEM":"Off"}},{"type":"Feature","geometry":{"type":"LineString","coordinates":[[-97.739664876565,30.2661982327613],[-97.73966627,30.2661944100042],[-97.739981571772,30.265326207805]]},"properties":{"AADT_CUR":3437,"RTE_NM":"258696","RTE_PRFX":"CS","RTE_NBR":"258696","SYSTEM":"Off"}},{"type":"Feature","geometry":{"type":"LineString","coordinates":[[-97.7469282122861,30.2769136637222],[-97.7469439891291,30.2769185420981]]},"properties":{"AADT_CUR":195,"RTE_NM":"1021194","RTE_PRFX":"CS","RTE_NBR":"1021194","SYSTEM":"Off"}},{"type":"Feature","geometry":{"type":"LineString","coordinates":[[-97.7601227469518,30.2922040776354],[-97.76013312,30.29217678],[-97.76035026,30.29168442],[-97.76051775,30.29132755],[-97.76065578,30.29104644],[-97.76086031,30.29067022],[-97.7610127,30.29040726],[-97.76123495,30.29003246],[-97.76147561,30.2896524],[-97.76190433,30.28903299],[-97.76243431,30.28827156],[-97.7628525,30.28766794],[-97.76330884,30.2870196],[-97.76367312,30.28652513],[-97.76405844,30.28593465],[-97.76445428,30.28536785],[-97.76483039,30.28482867],[-97.76508683,30.28445124],[-97.76522097,30.28422899],[-97.76538536,30.28394888],[-97.76562733,30.28346755],[-97.76595742,30.28279292],[-97.76626515,30.2821722],[-97.76659392,30.28150808],[-97.76691743,30.28083738],[-97.76725015,30.28020614],[-97.76756051,30.27965249],[-97.7679432,30.27903835],[-97.76819306,30.27865829],[-97.76844293,30.27831111],[-97.76932667,30.27713542],[-97.76975996,30.27654389],[-97.76998047,30.27624932],[-97.77007732,30.27618917]]},"properties":{"AADT_CUR":161231,"RTE_NM":"SL0001-UG","RTE_PRFX":"SL","RTE_NBR":"1","SYSTEM":"On"}},{"type":"Feature","geometry":{"type":"LineString","coordinates":[[-97.77715822,30.250856390002],[-97.77541686,30.249957230002],[-97.7752989321849,30.2498963587702]]},"properties":{"AADT_CUR":195,"RTE_NM":"1018176","RTE_PRFX":"CS","RTE_NBR":"1018176","SYSTEM":"Off"}},{"type":"Feature","geometry":{"type":"LineString","coordinates":[[-97.7932391549721,30.2770027548777],[-97.7932171699521,30.2770418251182]]},"properties":{"AADT_CUR":195,"RTE_NM":"1252164","RTE_PRFX":"CS","RTE_NBR":"1252164","SYSTEM":"Off"}},{"type":"Feature","geometry":{"type":"LineString","coordinates":[[-97.71190506,30.2635838],[-97.709186,30.26276082],[-97.70901599,30.26295262]]},"properties":{"AADT_CUR":195,"RTE_NM":"1016416","RTE_PRFX":"CS","RTE_NBR":"1016416","SYSTEM":"Off"}},{"type":"Feature","geometry":{"type":"LineString","coordinates":[[-97.71084728,30.27820511],[-97.711072,30.27920809],[-97.71125828,30.28016625],[-97.71152549,30.28135387],[-97.71153677,30.28140411],[-97.7115596,30.28151121],[-97.71171665,30.28224868],[-97.71175451,30.2824405]]},"properties":{"AADT_CUR":195,"RTE_NM":"1018334","RTE_PRFX":"CS","RTE_NBR":"1018334","SYSTEM":"Off"}},{"type":"Feature","geometry":{"type":"LineString","coordinates":[[-97.79252579,30.21567489],[-97.79308117,30.21623047],[-97.79322454,30.21646984],[-97.79326205,30.21733143],[-97.79351106,30.21755639],[-97.79544716,30.21849112]]},"properties":{"AADT_CUR":195,"RTE_NM":"1020346","RTE_PRFX":"CS","RTE_NBR":"1020346","SYSTEM":"Off"}},{"type":"Feature","geometry":{"type":"LineString","coordinates":[[-97.73218636,30.31685163],[-97.7325857,30.31661939],[-97.73344795,30.31629985],[-97.73405607,30.31610748],[-97.73477164,30.31587827],[-97.73522111,30.31573787],[-97.73563798,30.3155614],[-97.73607656,30.31531798],[-97.73639942,30.31507255],[-97.7364535550967,30.3150176984446]]},"properties":{"AADT_CUR":15523,"RTE_NM":"258580","RTE_PRFX":"CS","RTE_NBR":"258580","SYSTEM":"Off"}},{"type":"Feature","geometry":{"type":"LineString","coordinates":[[-97.6915962648195,30.3156494497138],[-97.69159594,30.3156493000048],[-97.6903442699988,30.3150789900042],[-97.69003092,30.3149254100048],[-97.6899015820639,30.3148620467113],[-97.68988134,30.3148521300048],[-97.68953339,30.3147074400048],[-97.6895140124099,30.314697726386],[-97.68842329,30.3141509600048],[-97.6879208499994,30.3139481000045],[-97.68708909,30.3135073400048],[-97.6869811,30.3134501400048],[-97.6861255599989,30.3130886700043],[-97.6846827986259,30.312372272089]]},"properties":{"AADT_CUR":2886,"RTE_NM":"1021522","RTE_PRFX":"CS","RTE_NBR":"1021522","SYSTEM":"Off"}},{"type":"Feature","geometry":{"type":"LineString","coordinates":[[-97.7345751975844,30.2359835412928],[-97.73523336,30.2363795500019],[-97.73544521,30.2367468900019],[-97.73547823,30.2368167400019],[-97.73591431,30.2377397600019],[-97.73593067,30.2377743700019],[-97.73640497,30.2380425200019]]},"properties":{"AADT_CUR":195,"RTE_NM":"1016246","RTE_PRFX":"CS","RTE_NBR":"1016246","SYSTEM":"Off"}},{"type":"Feature","geometry":{"type":"LineString","coordinates":[[-97.7347517568352,30.2234709291629],[-97.73431736,30.2236599000018],[-97.73270826,30.2261383000018],[-97.73266434,30.2262110600018],[-97.73206514,30.2272033700018]]},"properties":{"AADT_CUR":195,"RTE_NM":"1019240","RTE_PRFX":"CS","RTE_NBR":"1019240","SYSTEM":"Off"}},{"type":"Feature","geometry":{"type":"LineString","coordinates":[[-97.73377237,30.24582209],[-97.73361174,30.24649263]]},"properties":{"AADT_CUR":195,"RTE_NM":"1018004","RTE_PRFX":"CS","RTE_NBR":"1018004","SYSTEM":"Off"}},{"type":"Feature","geometry":{"type":"LineString","coordinates":[[-97.7617289254771,30.2520636480401],[-97.7618445858785,30.2521218997893]]},"properties":{"AADT_CUR":547,"RTE_NM":"1021286","RTE_PRFX":"CS","RTE_NBR":"1021286","SYSTEM":"Off"}},{"type":"Feature","geometry":{"type":"LineString","coordinates":[[-97.7290371036718,30.2577422791629],[-97.72902868,30.2577392500021],[-97.7290060796362,30.2577314237293]]},"properties":{"AADT_CUR":426,"RTE_NM":"1021605","RTE_PRFX":"CS","RTE_NBR":"1021605","SYSTEM":"Off"}},{"type":"Feature","geometry":{"type":"LineString","coordinates":[[-97.6995951187228,30.23106869895],[-97.6995805381284,30.2310616306004]]},"properties":{"AADT_CUR":195,"RTE_NM":"1019185","RTE_PRFX":"CS","RTE_NBR":"1019185","SYSTEM":"Off"}},{"type":"Feature","geometry":{"type":"LineString","coordinates":[[-97.736436036169,30.2960188126034],[-97.7364212568619,30.2960119237139]]},"properties":{"AADT_CUR":195,"RTE_NM":"1017651","RTE_PRFX":"CS","RTE_NBR":"1017651","SYSTEM":"Off"}},{"type":"Feature","geometry":{"type":"LineString","coordinates":[[-97.7212181642815,30.2798284331325],[-97.7212150590892,30.2798144158065],[-97.7209919087685,30.2787864578393],[-97.7207752257821,30.2777882707981],[-97.7205602780253,30.2767980566394],[-97.7203376982156,30.2757726616144],[-97.7201373733887,30.274849773325]]},"properties":{"AADT_CUR":2416,"RTE_NM":"258510","RTE_PRFX":"CS","RTE_NBR":"258510","SYSTEM":"Off"}},{"type":"Feature","geometry":{"type":"LineString","coordinates":[[-97.7352127434717,30.262874112392],[-97.73520087,30.2628702200021],[-97.73493613,30.262786270002],[-97.7347744,30.262735030002],[-97.73392584,30.262420260002],[-97.73378624,30.262368440002],[-97.73293684,30.2620846900021],[-97.7327782574395,30.2620316960706],[-97.73176345,30.261714060002],[-97.7307436,30.2613495500021],[-97.72976423,30.261010610002],[-97.72880346,30.2606857900021],[-97.7278144908679,30.2603369501598],[-97.72593137,30.259697870002],[-97.72579301,30.259650910002],[-97.72491134,30.259342960002],[-97.72482323,30.259312160002],[-97.7239316,30.258985050002],[-97.7238122792401,30.2589412939875],[-97.7237754,30.258927770002],[-97.72373298,30.258910900002],[-97.72282878,30.258550940002],[-97.72183397,30.258197880002],[-97.72094736,30.257891350002],[-97.72087034,30.257864690002],[-97.72004042,30.257592170002],[-97.7199011850393,30.2575489115677]]},"properties":{"AADT_CUR":195,"RTE_NM":"1015874","RTE_PRFX":"CS","RTE_NBR":"1015874","SYSTEM":"Off"}},{"type":"Feature","geometry":{"type":"LineString","coordinates":[[-97.7598185750976,30.292072096332],[-97.75989341,30.2918957],[-97.76008658,30.29145928],[-97.76031195,30.2909835],[-97.76047054,30.29066631],[-97.76062794,30.29037894],[-97.76084854,30.29000809],[-97.76102621,30.28972072],[-97.76121461,30.28943096],[-97.76158904,30.28889198],[-97.76185733,30.28850444],[-97.76209224,30.28815506],[-97.76240346,30.28769479],[-97.76270753,30.28723809],[-97.76300683,30.28680047],[-97.76328944,30.28635688],[-97.76347665,30.28606951],[-97.76374256,30.28564381],[-97.76399893,30.28523958],[-97.76422788,30.2848735],[-97.7645568,30.28435394],[-97.76482024,30.28393384],[-97.76503038,30.28360715],[-97.76519136,30.2833472],[-97.76539645,30.28302524],[-97.76555982,30.28276768],[-97.76572556,30.28249938],[-97.76589966,30.28220008],[-97.76612503,30.28176246],[-97.76643625,30.28112928],[-97.76676417,30.28049134],[-97.76711236,30.27987127],[-97.76747962,30.27929295],[-97.76790651,30.27868362],[-97.7683007,30.2781583],[-97.76880322,30.27749954],[-97.7691991,30.27695579],[-97.7692618934222,30.2768715610479]]},"properties":{"AADT_CUR":161231,"RTE_NM":"SL0001-LG","RTE_PRFX":"SL","RTE_NBR":"1","SYSTEM":"On"}},{"type":"Feature","geometry":{"type":"LineString","coordinates":[[-97.7608569449136,30.2776043423921],[-97.75992217,30.2771216800022],[-97.75983715,30.2770778000022],[-97.75930315,30.2768718000022],[-97.75853408,30.2764795300021],[-97.7575724,30.2760311800021],[-97.75696132,30.2757826700021],[-97.75686082,30.2757418400022],[-97.75622618,30.2755090500021],[-97.7555450022899,30.2751829610984]]},"properties":{"AADT_CUR":1375,"RTE_NM":"1021252","RTE_PRFX":"CS","RTE_NBR":"1021252","SYSTEM":"Off"}},{"type":"Feature","geometry":{"type":"LineString","coordinates":[[-97.78017253,30.22659271],[-97.77915638,30.22609368],[-97.77898761,30.22601077],[-97.77787898,30.22550733]]},"properties":{"AADT_CUR":195,"RTE_NM":"1018037","RTE_PRFX":"CS","RTE_NBR":"1018037","SYSTEM":"Off"}},{"type":"Feature","geometry":{"type":"LineString","coordinates":[[-97.7676352621456,30.2370517169841],[-97.76762218,30.2370461300057],[-97.76720643,30.2368975600057],[-97.76691672,30.2370732800057],[-97.7665679899985,30.2371432800051],[-97.76624227,30.2370338000057],[-97.76594421,30.2366763400057],[-97.7659237999993,30.2366518400049],[-97.76569024,30.2364106000057],[-97.76397256,30.2355746600057],[-97.7638445210709,30.2355123588533]]},"properties":{"AADT_CUR":195,"RTE_NM":"1020713","RTE_PRFX":"CS","RTE_NBR":"1020713","SYSTEM":"Off"}},{"type":"Feature","geometry":{"type":"LineString","coordinates":[[-97.73690093,30.22837138],[-97.73786201,30.22881988],[-97.73827517,30.22906203],[-97.73874472,30.22929977],[-97.73880153,30.22932856],[-97.7389712,30.22941445],[-97.73912427,30.22956076],[-97.73936801,30.22979378],[-97.73953429,30.23003093],[-97.73965818,30.23054773],[-97.73959336,30.2308682],[-97.7393845,30.23124355],[-97.73900705,30.23173643]]},"properties":{"AADT_CUR":195,"RTE_NM":"1016590","RTE_PRFX":"CS","RTE_NBR":"1016590","SYSTEM":"Off"}},{"type":"Feature","geometry":{"type":"LineString","coordinates":[[-97.77279694,30.2842984900022],[-97.77363871,30.2847030800022],[-97.77485549,30.2853049700022],[-97.77500594,30.2853725000022],[-97.7752642415062,30.285488484687]]},"properties":{"AADT_CUR":195,"RTE_NM":"1021189","RTE_PRFX":"CS","RTE_NBR":"1021189","SYSTEM":"Off"}},{"type":"Feature","geometry":{"type":"LineString","coordinates":[[-97.75066395,30.3091850000024],[-97.75083506,30.3094303900024],[-97.75120709,30.3099741100024],[-97.75157193,30.3105215100024],[-97.75192951,30.3110724900024],[-97.75227979,30.3116269900024],[-97.75247466,30.3119421600024],[-97.75255588,30.3121018500024],[-97.75297337,30.3129334300024],[-97.7531040689543,30.3131995334315],[-97.75338321,30.3137678600024],[-97.75378536,30.3146051200024],[-97.75394732,30.3149477000024],[-97.7541011409516,30.315261563023],[-97.75426461,30.3155951100024],[-97.754578329018,30.3162529842396]]},"properties":{"AADT_CUR":1726,"RTE_NM":"258496","RTE_PRFX":"CS","RTE_NBR":"258496","SYSTEM":"Off"}},{"type":"Feature","geometry":{"type":"LineString","coordinates":[[-97.7070402197152,30.3114809076423],[-97.70701355,30.3115014300024],[-97.7051838,30.3129760300024],[-97.7042637241679,30.3136457964754],[-97.70356226,30.3141984100024],[-97.70217985,30.3153067900024],[-97.70153535,30.3158125400024],[-97.7001582,30.3168486500024],[-97.6996510354506,30.3172884341097]]},"properties":{"AADT_CUR":14699,"RTE_NM":"258505","RTE_PRFX":"CS","RTE_NBR":"258505","SYSTEM":"Off"}},{"type":"Feature","geometry":{"type":"LineString","coordinates":[[-97.71792104,30.30124643],[-97.71746934,30.30197705]]},"properties":{"AADT_CUR":195,"RTE_NM":"1016815","RTE_PRFX":"CS","RTE_NBR":"1016815","SYSTEM":"Off"}},{"type":"Feature","geometry":{"type":"LineString","coordinates":[[-97.71525166,30.28388665],[-97.71397854,30.28408891]]},"properties":{"AADT_CUR":195,"RTE_NM":"1018746","RTE_PRFX":"CS","RTE_NBR":"1018746","SYSTEM":"Off"}},{"type":"Feature","geometry":{"type":"LineString","coordinates":[[-97.7419446892984,30.2817529315758],[-97.74158084,30.28164544],[-97.74150918,30.28162554],[-97.74060415,30.28137012],[-97.74051491,30.28134452],[-97.74051126844,30.2813434654571]]},"properties":{"AADT_CUR":24883,"RTE_NM":"258435","RTE_PRFX":"CS","RTE_NBR":"258435","SYSTEM":"Off"}},{"type":"Feature","geometry":{"type":"LineString","coordinates":[[-97.76190725,30.27778767],[-97.76186792,30.27784947],[-97.76144094,30.2785209],[-97.76117728,30.27890068]]},"properties":{"AADT_CUR":195,"RTE_NM":"1019573","RTE_PRFX":"CS","RTE_NBR":"1019573","SYSTEM":"Off"}},{"type":"Feature","geometry":{"type":"LineString","coordinates":[[-97.744608914734,30.2886039964756],[-97.7445921910138,30.2886027741305]]},"properties":{"AADT_CUR":195,"RTE_NM":"1021204","RTE_PRFX":"CS","RTE_NBR":"1021204","SYSTEM":"Off"}},{"type":"Feature","geometry":{"type":"LineString","coordinates":[[-97.7639296449199,30.3068378736053],[-97.76391907,30.3068318900023],[-97.763901796648,30.3068218376988]]},"properties":{"AADT_CUR":195,"RTE_NM":"1020652","RTE_PRFX":"CS","RTE_NBR":"1020652","SYSTEM":"Off"}},{"type":"Feature","geometry":{"type":"LineString","coordinates":[[-97.76642124,30.2353939100019],[-97.7645140871299,30.2344497279316]]},"properties":{"AADT_CUR":195,"RTE_NM":"1019000","RTE_PRFX":"CS","RTE_NBR":"1019000","SYSTEM":"Off"}},{"type":"Feature","geometry":{"type":"LineString","coordinates":[[-97.7761559743151,30.2925484438069],[-97.77610675,30.2926310200023],[-97.77568852,30.2933360500023],[-97.7751946,30.2941540400023],[-97.77513889,30.2942448200023],[-97.77468779,30.2949799700023],[-97.77464537,30.2950475800023],[-97.77418477,30.2957813300022],[-97.77409757,30.2959033500023],[-97.77398399,30.2960330700023],[-97.77388562,30.2961274000023],[-97.77377321,30.2962131600023],[-97.77363696,30.2963011800023],[-97.77350523,30.2963673300023],[-97.77340311,30.2964175200023],[-97.77328407,30.2964316700023]]},"properties":{"AADT_CUR":195,"RTE_NM":"1015670","RTE_PRFX":"CS","RTE_NBR":"1015670","SYSTEM":"Off"}},{"type":"Feature","geometry":{"type":"LineString","coordinates":[[-97.7062003615947,30.2701974269141],[-97.70533055,30.2698876600021],[-97.70450134,30.2696031300021],[-97.70447114,30.2696025100021],[-97.70444367,30.2696124400021]]},"properties":{"AADT_CUR":195,"RTE_NM":"1018547","RTE_PRFX":"CS","RTE_NBR":"1018547","SYSTEM":"Off"}},{"type":"Feature","geometry":{"type":"LineString","coordinates":[[-97.7219675953232,30.2734246999691],[-97.72102305,30.27357415],[-97.7199098278017,30.2737554946856]]},"properties":{"AADT_CUR":6832,"RTE_NM":"258427","RTE_PRFX":"CS","RTE_NBR":"258427","SYSTEM":"Off"}},{"type":"Feature","geometry":{"type":"LineString","coordinates":[[-97.7407511573968,30.2696044337831],[-97.74075488,30.2695946300021],[-97.7407719311,30.2695492435293]]},"properties":{"AADT_CUR":827,"RTE_NM":"258491","RTE_PRFX":"CS","RTE_NBR":"258491","SYSTEM":"Off"}},{"type":"Feature","geometry":{"type":"LineString","coordinates":[[-97.8006181198377,30.231981757556],[-97.799727359,30.23211871],[-97.798891731,30.232258624],[-97.798304089,30.23233568],[-97.797968945,30.232400319],[-97.797793327,30.232442488],[-97.797639166,30.232484656],[-97.79744363,30.23253804],[-97.797088419,30.232664238],[-97.796813675,30.232769579],[-97.79653484,30.232880619],[-97.796390116,30.232925614],[-97.796279413,30.232947205],[-97.7961553,30.232966479],[-97.796026493,30.232981119],[-97.79590305,30.232986488],[-97.795739484,30.232976813],[-97.79560274,30.23295555],[-97.795252495,30.232866203],[-97.795039042,30.232765268],[-97.7944685919431,30.2324725271149]]},"properties":{"AADT_CUR":9438,"RTE_NM":"US0290-AG","RTE_PRFX":"US","RTE_NBR":"290","SYSTEM":"On"}},{"type":"Feature","geometry":{"type":"LineString","coordinates":[[-97.78749638,30.24384267],[-97.78638403,30.24467041],[-97.78594998,30.2449098],[-97.78593163,30.24491994],[-97.78503934,30.2453552],[-97.78501063,30.24536918],[-97.78410336,30.24577429],[-97.78407288,30.24578788],[-97.78405537,30.24579572],[-97.78360601,30.2459573],[-97.78313354,30.2462449],[-97.78264457,30.2465872]]},"properties":{"AADT_CUR":195,"RTE_NM":"1021481","RTE_PRFX":"CS","RTE_NBR":"1021481","SYSTEM":"Off"}},{"type":"Feature","geometry":{"type":"LineString","coordinates":[[-97.7846127813089,30.2465017588366],[-97.784597401519,30.2465075854549]]},"properties":{"AADT_CUR":195,"RTE_NM":"1019328","RTE_PRFX":"CS","RTE_NBR":"1019328","SYSTEM":"Off"}},{"type":"Feature","geometry":{"type":"LineString","coordinates":[[-97.7563797189209,30.257751683412],[-97.7563633125491,30.2577484418941]]},"properties":{"AADT_CUR":195,"RTE_NM":"1019457","RTE_PRFX":"CS","RTE_NBR":"1019457","SYSTEM":"Off"}},{"type":"Feature","geometry":{"type":"LineString","coordinates":[[-97.77682916,30.26771201],[-97.77684542,30.26758246],[-97.77693204,30.26750272],[-97.77706382,30.26738189],[-97.77710172,30.26729425],[-97.7771319,30.2671644],[-97.77716141,30.26654104],[-97.77715777,30.26641601],[-97.7771436,30.26604644],[-97.77709904,30.26589145],[-97.77698918,30.26567737],[-97.77683174,30.26542382],[-97.77674106,30.26529002],[-97.7766314,30.26512828],[-97.77652378,30.26497487],[-97.77638063,30.2648455],[-97.77619235,30.26474823],[-97.7758654,30.26468117],[-97.7752264,30.26467394],[-97.77402427,30.26466366],[-97.77371738,30.26467678],[-97.77344999,30.26472372],[-97.77320683,30.26475187]]},"properties":{"AADT_CUR":195,"RTE_NM":"1015231","RTE_PRFX":"CS","RTE_NBR":"1015231","SYSTEM":"Off"}},{"type":"Feature","geometry":{"type":"LineString","coordinates":[[-97.69969663,30.26624886],[-97.69966149,30.26635829],[-97.69956155,30.26666963],[-97.69919519,30.26743773],[-97.69914235,30.26755021],[-97.69898413,30.26788718]]},"properties":{"AADT_CUR":195,"RTE_NM":"1016910","RTE_PRFX":"CS","RTE_NBR":"1016910","SYSTEM":"Off"}},{"type":"Feature","geometry":{"type":"LineString","coordinates":[[-97.6908820466029,30.2470537070881],[-97.69089648,30.2469671],[-97.69091723,30.24682907],[-97.69092715,30.2467145],[-97.69093347,30.24660714],[-97.69093257,30.24651152],[-97.69093257,30.24639604],[-97.69092355,30.2462526],[-97.69091633,30.2461705],[-97.69090009,30.2460442],[-97.69087032,30.24584753],[-97.69076928,30.24522324],[-97.69063429,30.24440481],[-97.69060187,30.2442131],[-97.69056945,30.24404254],[-97.69052998,30.24385929],[-97.69050038,30.24372819],[-97.69044963,30.24353789],[-97.69041157,30.24339552],[-97.69031713,30.24309527],[-97.69011519,30.24249833],[-97.69001075,30.24223099],[-97.68976733,30.24171266],[-97.68963512,30.24143566],[-97.68952181,30.2412405],[-97.6894196217693,30.2410616708309]]},"properties":{"AADT_CUR":44160,"RTE_NM":"TL0183-KG","RTE_PRFX":"TL","RTE_NBR":"183","SYSTEM":"Off"}},{"type":"Feature","geometry":{"type":"LineString","coordinates":[[-97.6897077722203,30.241915516441],[-97.68952927,30.24158701],[-97.68930416,30.24125073],[-97.68891786,30.24065045],[-97.68852879,30.24007239],[-97.68802855,30.23926089],[-97.68750608,30.23846329],[-97.68714757,30.23789913],[-97.686878,30.23749894],[-97.68655284,30.23708485],[-97.68633885,30.23682917],[-97.6861875375219,30.2366465242642]]},"properties":{"AADT_CUR":44160,"RTE_NM":"TL0183-LG","RTE_PRFX":"TL","RTE_NBR":"183","SYSTEM":"Off"}},{"type":"Feature","geometry":{"type":"LineString","coordinates":[[-97.8012764546803,30.2324300523824],[-97.800544423,30.232582095],[-97.7999485,30.232742777],[-97.799349893,30.232901142],[-97.79889265,30.233030906],[-97.798188402,30.233221659],[-97.797644749,30.233398942],[-97.7974629447772,30.233490918292]]},"properties":{"AADT_CUR":36000,"RTE_NM":"SL0343-KG","RTE_PRFX":"SL","RTE_NBR":"343","SYSTEM":"On"}},{"type":"Feature","geometry":{"type":"LineString","coordinates":[[-97.7999248321118,30.2394838071934],[-97.7999087955722,30.2394880266365]]},"properties":{"AADT_CUR":195,"RTE_NM":"1020041","RTE_PRFX":"CS","RTE_NBR":"1020041","SYSTEM":"Off"}},{"type":"Feature","geometry":{"type":"LineString","coordinates":[[-97.7399932115048,30.2997669144903],[-97.73998114,30.2997611400023],[-97.73907538,30.2993495000023],[-97.7383957064149,30.2988969613557],[-97.73837247,30.2988814900023],[-97.7379942018953,30.2986531159266],[-97.73795762,30.2986310300023],[-97.73713115,30.2983347500023],[-97.73698926,30.2982742600023],[-97.73678154,30.2982077300023],[-97.73652047,30.2981157200023],[-97.73625538,30.2980082000023],[-97.73581338,30.2978168100023],[-97.73556915,30.2977056200023],[-97.7354230407018,30.2976365187919]]},"properties":{"AADT_CUR":195,"RTE_NM":"1021221","RTE_PRFX":"CS","RTE_NBR":"1021221","SYSTEM":"Off"}},{"type":"Feature","geometry":{"type":"LineString","coordinates":[[-97.7157762633578,30.2733828660238],[-97.7157598942508,30.2733858529833]]},"properties":{"AADT_CUR":195,"RTE_NM":"1018596","RTE_PRFX":"CS","RTE_NBR":"1018596","SYSTEM":"Off"}},{"type":"Feature","geometry":{"type":"LineString","coordinates":[[-97.75925246,30.23376212],[-97.75919254,30.23411018]]},"properties":{"AADT_CUR":195,"RTE_NM":"1016522","RTE_PRFX":"CS","RTE_NBR":"1016522","SYSTEM":"Off"}},{"type":"Feature","geometry":{"type":"LineString","coordinates":[[-97.7378674,30.2351320400019],[-97.73781442,30.2352084400019],[-97.73708642,30.2362576100019],[-97.73693079,30.2365102300019],[-97.73655305,30.2370113900019],[-97.73674405,30.2375653300019],[-97.73655851,30.2378264300019],[-97.73640497,30.2380425200019],[-97.73634202,30.2381250400019],[-97.73593212,30.2386627500019],[-97.7352404468504,30.2392493081522]]},"properties":{"AADT_CUR":195,"RTE_NM":"1018089","RTE_PRFX":"CS","RTE_NBR":"1018089","SYSTEM":"Off"}},{"type":"Feature","geometry":{"type":"LineString","coordinates":[[-97.7345425568339,30.2222106729073],[-97.73543642,30.2225907000018],[-97.73559677,30.2226657600018],[-97.73625549,30.2230177400018],[-97.73640535,30.2230700400018],[-97.73692937,30.2234268500018],[-97.73717353,30.2237975700018],[-97.73720878,30.2239578600018],[-97.73722374,30.2240138800018],[-97.73721892,30.2240965700018],[-97.73717849,30.2242139300018],[-97.7363984,30.2255181700018],[-97.73639668,30.2258259200018],[-97.73655317,30.2261083700018],[-97.73681601,30.2262876500018],[-97.73761392,30.2266503700018],[-97.73719572,30.2277145200018],[-97.73710802,30.2279099700018],[-97.73690093,30.2283713800018],[-97.73630517,30.2294009900018],[-97.7357852243586,30.2302995037835]]},"properties":{"AADT_CUR":811,"RTE_NM":"1018256","RTE_PRFX":"CS","RTE_NBR":"1018256","SYSTEM":"Off"}},{"type":"Feature","geometry":{"type":"LineString","coordinates":[[-97.78134794,30.29963709],[-97.78129907,30.2997197],[-97.78108083,30.30008833],[-97.78093111,30.3003251],[-97.78056896,30.30089771],[-97.78054129,30.3009394],[-97.78004986,30.30167949],[-97.77994952,30.30184328],[-97.77958785,30.30243353],[-97.7795571,30.30248377],[-97.77949379,30.3025648],[-97.779083,30.3030904],[-97.77849707,30.30370301],[-97.77725605,30.30487194],[-97.77701352,30.30484508],[-97.77664149,30.30473867],[-97.77666549,30.3051187],[-97.77662735,30.30542322]]},"properties":{"AADT_CUR":195,"RTE_NM":"1018096","RTE_PRFX":"CS","RTE_NBR":"1018096","SYSTEM":"Off"}},{"type":"Feature","geometry":{"type":"LineString","coordinates":[[-97.7090523042369,30.2653884533473],[-97.7090450830411,30.2653912210087],[-97.70903204,30.2653962200021],[-97.70867147,30.2659136800021],[-97.70801231,30.2670746400021],[-97.7075466987633,30.26787711542],[-97.70586226,30.2707801000021],[-97.70486365,30.2724442600021]]},"properties":{"AADT_CUR":4635,"RTE_NM":"258705","RTE_PRFX":"CS","RTE_NBR":"258705","SYSTEM":"Off"}},{"type":"Feature","geometry":{"type":"LineString","coordinates":[[-97.7186609244294,30.2191405674316],[-97.7185880513104,30.2191050493953]]},"properties":{"AADT_CUR":7703,"RTE_NM":"258628","RTE_PRFX":"CS","RTE_NBR":"258628","SYSTEM":"Off"}},{"type":"Feature","geometry":{"type":"LineString","coordinates":[[-97.75573765,30.30982617],[-97.75480508,30.30961214],[-97.75449932,30.30954067],[-97.75435457,30.30950682],[-97.75235186,30.3090072]]},"properties":{"AADT_CUR":195,"RTE_NM":"1021224","RTE_PRFX":"CS","RTE_NBR":"1021224","SYSTEM":"Off"}},{"type":"Feature","geometry":{"type":"LineString","coordinates":[[-97.766733147,30.313307499],[-97.76488159,30.31585303]]},"properties":{"AADT_CUR":195,"RTE_NM":"1017977","RTE_PRFX":"CS","RTE_NBR":"1017977","SYSTEM":"Off"}},{"type":"Feature","geometry":{"type":"LineString","coordinates":[[-97.7115003825425,30.3102041947508],[-97.7114947629198,30.3102178702075]]},"properties":{"AADT_CUR":26446,"RTE_NM":"IH0035-XG","RTE_PRFX":"IH","RTE_NBR":"35","SYSTEM":"On"}},{"type":"Feature","geometry":{"type":"LineString","coordinates":[[-97.80383484,30.22560755],[-97.80305097,30.22519577],[-97.80218889,30.22477187],[-97.79961079,30.22350746],[-97.7986716502466,30.2230538527155]]},"properties":{"AADT_CUR":1878,"RTE_NM":"258749","RTE_PRFX":"CS","RTE_NBR":"258749","SYSTEM":"Off"}},{"type":"Feature","geometry":{"type":"LineString","coordinates":[[-97.7234155173503,30.2956225821132],[-97.72436101,30.2960874000023],[-97.7245389449779,30.2962565152291]]},"properties":{"AADT_CUR":195,"RTE_NM":"1015872","RTE_PRFX":"CS","RTE_NBR":"1015872","SYSTEM":"Off"}},{"type":"Feature","geometry":{"type":"LineString","coordinates":[[-97.72453779,30.26647376],[-97.72403257,30.26628157],[-97.72388858,30.26622676],[-97.72320483,30.26599346]]},"properties":{"AADT_CUR":769,"RTE_NM":"1015838","RTE_PRFX":"CS","RTE_NBR":"1015838","SYSTEM":"Off"}},{"type":"Feature","geometry":{"type":"LineString","coordinates":[[-97.7674953403374,30.282115487568],[-97.7674806718465,30.2821085314283]]},"properties":{"AADT_CUR":195,"RTE_NM":"1021189","RTE_PRFX":"CS","RTE_NBR":"1021189","SYSTEM":"Off"}},{"type":"Feature","geometry":{"type":"LineString","coordinates":[[-97.7469420932691,30.2990503662843],[-97.74563778,30.2984277900023],[-97.74557156,30.2983971900023],[-97.74488811,30.2980891000023],[-97.74436277,30.2978227300023],[-97.74384299,30.2975564500023],[-97.74355515,30.2974461000023],[-97.7431548,30.2972455100023],[-97.74210591,30.2967611800023],[-97.7420077801466,30.2967158448165]]},"properties":{"AADT_CUR":2961,"RTE_NM":"1021217","RTE_PRFX":"CS","RTE_NBR":"1021217","SYSTEM":"Off"}},{"type":"Feature","geometry":{"type":"LineString","coordinates":[[-97.74264592,30.2990532000023],[-97.74111284,30.2983472700023],[-97.7410034066341,30.2982968814499]]},"properties":{"AADT_CUR":195,"RTE_NM":"1021218","RTE_PRFX":"CS","RTE_NBR":"1021218","SYSTEM":"Off"}},{"type":"Feature","geometry":{"type":"LineString","coordinates":[[-97.79641838,30.2342287400018],[-97.7966138408177,30.2341047194282],[-97.7969152528485,30.2339134712272],[-97.79707262,30.2338136200019],[-97.79752305,30.2336459800019],[-97.79825067,30.2334462000019],[-97.79965987,30.2330455300019],[-97.8004522460669,30.2328395441297],[-97.8007020438554,30.2327746055593],[-97.80072076,30.2327697400018],[-97.8009372221699,30.2327103986787],[-97.80097074,30.2327012100019],[-97.8013981268372,30.2326151019101],[-97.80168164,30.2325579800019],[-97.80276463,30.2322898800018],[-97.8032436394197,30.2321983894901],[-97.80326149,30.2321949800018],[-97.8036781767735,30.2320709130599],[-97.8037137182292,30.2320645790965]]},"properties":{"AADT_CUR":4243,"RTE_NM":"1599259817","RTE_PRFX":"US","RTE_NBR":"290","SYSTEM":"On"}},{"type":"Feature","geometry":{"type":"LineString","coordinates":[[-97.755347573393,30.3365135887426],[-97.75535614,30.33647118],[-97.75539341,30.33623858],[-97.75542426,30.33600854],[-97.7554461,30.33565514],[-97.7554551,30.3346579],[-97.75548723,30.33347432],[-97.75551678,30.33248865],[-97.75554377,30.33133077],[-97.75557204,30.33011121],[-97.75559517,30.32893148],[-97.75561574,30.3279548],[-97.75564272,30.32697556],[-97.75566585,30.32585495],[-97.75569276,30.32480879],[-97.75571887,30.32366425],[-97.7557269,30.32276468],[-97.75573292,30.32240123],[-97.7557481,30.32163981],[-97.75576095,30.32107051],[-97.75579179,30.32047294],[-97.75582392,30.32004371],[-97.75586248,30.31967874],[-97.7559987,30.31855685],[-97.75612078,30.31757503],[-97.75623001,30.31670501],[-97.75633539,30.315835],[-97.75646647,30.31481206],[-97.75665924,30.31323652],[-97.75676847,30.31237936],[-97.75689955,30.31129987],[-97.75696252,30.31082053],[-97.75704991,30.31012143],[-97.75712316,30.30968578],[-97.7572603804746,30.3089724412595]]},"properties":{"AADT_CUR":156055,"RTE_NM":"SL0001-NG","RTE_PRFX":"SL","RTE_NBR":"1","SYSTEM":"On"}},{"type":"Feature","geometry":{"type":"LineString","coordinates":[[-97.78376869,30.2960924700023],[-97.78375679,30.2953009500023],[-97.78368824,30.2947968500023],[-97.78367172,30.2942493800023],[-97.78361871,30.2935463000023],[-97.78357021,30.2931146300023],[-97.78354726,30.2927096400023],[-97.78346494,30.2923614800023],[-97.78332139,30.2920299500023],[-97.7831373625545,30.2916001504852]]},"properties":{"AADT_CUR":3079,"RTE_NM":"258569","RTE_PRFX":"CS","RTE_NBR":"258569","SYSTEM":"Off"}},{"type":"Feature","geometry":{"type":"LineString","coordinates":[[-97.7127349860468,30.2707547219435],[-97.7126335133892,30.2707739875244],[-97.71160856,30.2709685800021],[-97.7112987488401,30.2710261599113],[-97.71068799,30.2711396700021],[-97.7102067564098,30.2713960600578]]},"properties":{"AADT_CUR":4782,"RTE_NM":"258660","RTE_PRFX":"CS","RTE_NBR":"258660","SYSTEM":"Off"}},{"type":"Feature","geometry":{"type":"LineString","coordinates":[[-97.7048662355994,30.2839150730289],[-97.7048518091576,30.2839223469489]]},"properties":{"AADT_CUR":195,"RTE_NM":"1016005","RTE_PRFX":"CS","RTE_NBR":"1016005","SYSTEM":"Off"}},{"type":"Feature","geometry":{"type":"LineString","coordinates":[[-97.78508497,30.21833236],[-97.78508419,30.21853867],[-97.78508223,30.21903638],[-97.78529713,30.21926344]]},"properties":{"AADT_CUR":195,"RTE_NM":"1016868","RTE_PRFX":"CS","RTE_NBR":"1016868","SYSTEM":"Off"}},{"type":"Feature","geometry":{"type":"LineString","coordinates":[[-97.69755451,30.2765847],[-97.69722135,30.27671536]]},"properties":{"AADT_CUR":195,"RTE_NM":"1014380","RTE_PRFX":"CS","RTE_NBR":"1014380","SYSTEM":"Off"}},{"type":"Feature","geometry":{"type":"LineString","coordinates":[[-97.7701537,30.30770045],[-97.76941638,30.30789198]]},"properties":{"AADT_CUR":195,"RTE_NM":"1018674","RTE_PRFX":"CS","RTE_NBR":"1018674","SYSTEM":"Off"}},{"type":"Feature","geometry":{"type":"LineString","coordinates":[[-97.78092176,30.23994941],[-97.7808964,30.24090877]]},"properties":{"AADT_CUR":195,"RTE_NM":"1016585","RTE_PRFX":"CS","RTE_NBR":"1016585","SYSTEM":"Off"}},{"type":"Feature","geometry":{"type":"LineString","coordinates":[[-97.7685412154251,30.2279583260348],[-97.76853509,30.2279553800018],[-97.7659315,30.2266099600018],[-97.76573886,30.2265104400018]]},"properties":{"AADT_CUR":195,"RTE_NM":"1017500","RTE_PRFX":"CS","RTE_NBR":"1017500","SYSTEM":"Off"}},{"type":"Feature","geometry":{"type":"LineString","coordinates":[[-97.73729908,30.23671297],[-97.73693079,30.23651023]]},"properties":{"AADT_CUR":195,"RTE_NM":"1018051","RTE_PRFX":"CS","RTE_NBR":"1018051","SYSTEM":"Off"}},{"type":"Feature","geometry":{"type":"LineString","coordinates":[[-97.72241049,30.25212029],[-97.72626669,30.25350089],[-97.7302576371609,30.2549137144499]]},"properties":{"AADT_CUR":2009,"RTE_NM":"258563","RTE_PRFX":"CS","RTE_NBR":"258563","SYSTEM":"Off"}},{"type":"Feature","geometry":{"type":"LineString","coordinates":[[-97.7010373267972,30.2287723154073],[-97.6985214,30.2275765600018],[-97.6984908492354,30.2275592595332],[-97.69763947,30.2270771300018],[-97.69634216,30.2263353300018]]},"properties":{"AADT_CUR":195,"RTE_NM":"1019871","RTE_PRFX":"CS","RTE_NBR":"1019871","SYSTEM":"Off"}},{"type":"Feature","geometry":{"type":"LineString","coordinates":[[-97.77484831,30.26899888],[-97.77502555,30.26908807],[-97.77535963,30.26917546],[-97.77577473,30.26927924],[-97.77617344,30.26938665],[-97.77634185,30.26942398],[-97.77643925,30.26942853],[-97.77655941,30.26942398],[-97.77670051,30.26940031],[-97.77684161,30.26935115],[-97.7769554,30.26928834],[-97.77708921,30.26920186],[-97.77729858,30.2690553],[-97.77754467,30.26890591],[-97.7781091,30.26858734],[-97.77900208,30.26812053],[-97.77999887,30.26758976],[-97.78043066,30.267372],[-97.78091595,30.26711115],[-97.7814399,30.26685698],[-97.78193411,30.26661768],[-97.78233766,30.26644526],[-97.7828349827648,30.2662421282855]]},"properties":{"AADT_CUR":23338,"RTE_NM":"SL0001-AG","RTE_PRFX":"SL","RTE_NBR":"1","SYSTEM":"On"}},{"type":"Feature","geometry":{"type":"LineString","coordinates":[[-97.73615307,30.2986715200023],[-97.73542094,30.2998475900023],[-97.73473929,30.3010199400023],[-97.7347162759053,30.3010595641392]]},"properties":{"AADT_CUR":195,"RTE_NM":"1014873","RTE_PRFX":"CS","RTE_NBR":"1014873","SYSTEM":"Off"}},{"type":"Feature","geometry":{"type":"LineString","coordinates":[[-97.722958497,30.27845278],[-97.721905292,30.278632278],[-97.720879755,30.278805389],[-97.720393,30.278884834],[-97.719790909,30.278979334]]},"properties":{"AADT_CUR":195,"RTE_NM":"1015848","RTE_PRFX":"CS","RTE_NBR":"1015848","SYSTEM":"Off"}},{"type":"Feature","geometry":{"type":"LineString","coordinates":[[-97.7233390939685,30.2682435252232],[-97.72289515,30.26807677],[-97.722516751,30.267947534],[-97.721726048,30.267665585],[-97.721034537,30.267425014],[-97.720953044,30.267392444]]},"properties":{"AADT_CUR":195,"RTE_NM":"1016716","RTE_PRFX":"CS","RTE_NBR":"1016716","SYSTEM":"Off"}},{"type":"Feature","geometry":{"type":"LineString","coordinates":[[-97.7578240518859,30.2827881259381],[-97.75781251,30.2827855],[-97.75700357,30.28260743],[-97.75668744,30.28249704],[-97.75643838,30.28231379],[-97.75593897,30.2819029],[-97.7547792,30.28104338],[-97.75405453,30.28058142],[-97.7537774526366,30.2803721819939]]},"properties":{"AADT_CUR":9300,"RTE_NM":"258537","RTE_PRFX":"CS","RTE_NBR":"258537","SYSTEM":"Off"}},{"type":"Feature","geometry":{"type":"LineString","coordinates":[[-97.7299777079534,30.2440160024208],[-97.7298741,30.244089545]]},"properties":{"AADT_CUR":195,"RTE_NM":"1018771","RTE_PRFX":"CS","RTE_NBR":"1018771","SYSTEM":"Off"}},{"type":"Feature","geometry":{"type":"LineString","coordinates":[[-97.78574058,30.22130196],[-97.78510024,30.22114623]]},"properties":{"AADT_CUR":195,"RTE_NM":"1014153","RTE_PRFX":"CS","RTE_NBR":"1014153","SYSTEM":"Off"}},{"type":"Feature","geometry":{"type":"LineString","coordinates":[[-97.6910886599022,30.2375912293475],[-97.69107779,30.2375830600019],[-97.6910482721362,30.2375657174808]]},"properties":{"AADT_CUR":195,"RTE_NM":"1017931","RTE_PRFX":"CS","RTE_NBR":"1017931","SYSTEM":"Off"}},{"type":"Feature","geometry":{"type":"LineString","coordinates":[[-97.692918975256,30.2413351175248],[-97.69180859,30.2404255400019]]},"properties":{"AADT_CUR":195,"RTE_NM":"1015461","RTE_PRFX":"CS","RTE_NBR":"1015461","SYSTEM":"Off"}},{"type":"Feature","geometry":{"type":"LineString","coordinates":[[-97.768985686,30.31450026],[-97.769096039925,30.314565818112]]},"properties":{"AADT_CUR":195,"RTE_NM":"1016354","RTE_PRFX":"CS","RTE_NBR":"1016354","SYSTEM":"Off"}},{"type":"Feature","geometry":{"type":"LineString","coordinates":[[-97.70196651,30.31029039],[-97.70193597,30.31033957],[-97.70155865,30.31094761],[-97.70150559,30.31102862],[-97.70105254,30.31172108],[-97.70061379,30.31246567],[-97.70014283,30.31322885],[-97.69969156,30.31396766],[-97.69921399,30.31473897],[-97.69914952,30.31484106],[-97.69881973,30.31536349],[-97.6984147,30.31602934],[-97.69800324,30.31670536]]},"properties":{"AADT_CUR":195,"RTE_NM":"1018555","RTE_PRFX":"CS","RTE_NBR":"1018555","SYSTEM":"Off"}},{"type":"Feature","geometry":{"type":"LineString","coordinates":[[-97.7365292337611,30.3052456309465],[-97.73652613,30.3052441400023],[-97.73558148,30.3048344500024],[-97.73480985,30.3044667300023],[-97.73468332,30.3044064100024],[-97.73377667,30.3039397800023],[-97.73290094,30.3035012100024],[-97.7319937642582,30.3030640817567]]},"properties":{"AADT_CUR":195,"RTE_NM":"1021232","RTE_PRFX":"CS","RTE_NBR":"1021232","SYSTEM":"Off"}},{"type":"Feature","geometry":{"type":"LineString","coordinates":[[-97.7418080133342,30.2667735701566],[-97.74181337,30.2667590500021],[-97.74215608,30.2658371200021],[-97.742496738701,30.2649225609492]]},"properties":{"AADT_CUR":1078,"RTE_NM":"258491","RTE_PRFX":"CS","RTE_NBR":"258491","SYSTEM":"Off"}},{"type":"Feature","geometry":{"type":"LineString","coordinates":[[-97.7652357354039,30.2938238957083],[-97.7652239945206,30.2938142106091],[-97.76520444,30.2937980800023],[-97.76475672,30.2935980900023],[-97.76430375,30.2934454400022],[-97.7637790683487,30.2933189284461],[-97.76373416,30.2933081000023],[-97.76366719,30.2932920800023],[-97.76288206,30.2930936300023],[-97.762812082242,30.2930761010688],[-97.7620061809712,30.2928742252722],[-97.76124892,30.2926853400023],[-97.76108942,30.2926394000023],[-97.7610417455596,30.2926199646446],[-97.76084064,30.2925379800023],[-97.76046357,30.2923620400023],[-97.7604486348994,30.2923553006815],[-97.7602050666871,30.2922453924846],[-97.760121394767,30.2922076360385],[-97.76001707,30.2921605600022]]},"properties":{"AADT_CUR":5240,"RTE_NM":"258709","RTE_PRFX":"CS","RTE_NBR":"258709","SYSTEM":"Off"}},{"type":"Feature","geometry":{"type":"LineString","coordinates":[[-97.74145975,30.247033990002],[-97.7404717633182,30.2465658900452]]},"properties":{"AADT_CUR":195,"RTE_NM":"1018290","RTE_PRFX":"CS","RTE_NBR":"1018290","SYSTEM":"Off"}},{"type":"Feature","geometry":{"type":"LineString","coordinates":[[-97.7030865015013,30.2538613262053],[-97.701948594094,30.2556174113275],[-97.7016682251761,30.2560500818045]]},"properties":{"AADT_CUR":5175,"RTE_NM":"187788","RTE_PRFX":"CS","RTE_NBR":"187788","SYSTEM":"Off"}},{"type":"Feature","geometry":{"type":"LineString","coordinates":[[-97.7093011042219,30.2600856058554],[-97.7092491247643,30.2602081648089]]},"properties":{"AADT_CUR":195,"RTE_NM":"1016633","RTE_PRFX":"CS","RTE_NBR":"1016633","SYSTEM":"Off"}},{"type":"Feature","geometry":{"type":"LineString","coordinates":[[-97.68655,30.2969224500023],[-97.68648861,30.2973117300023],[-97.6862729,30.2976880100023],[-97.6862481537807,30.2977384163419]]},"properties":{"AADT_CUR":195,"RTE_NM":"1015338","RTE_PRFX":"CS","RTE_NBR":"1015338","SYSTEM":"Off"}},{"type":"Feature","geometry":{"type":"LineString","coordinates":[[-97.7311516739892,30.2965523470024],[-97.73133116,30.2966266600023],[-97.7323355300011,30.2970786600028],[-97.7335024300011,30.2976469400028],[-97.73436918,30.2980632600023],[-97.73452023,30.2981449600023],[-97.7349627,30.2983821600023]]},"properties":{"AADT_CUR":195,"RTE_NM":"1015868","RTE_PRFX":"CS","RTE_NBR":"1015868","SYSTEM":"Off"}},{"type":"Feature","geometry":{"type":"LineString","coordinates":[[-97.7302177,30.29427982],[-97.72862292,30.29348006]]},"properties":{"AADT_CUR":195,"RTE_NM":"1017593","RTE_PRFX":"CS","RTE_NBR":"1017593","SYSTEM":"Off"}},{"type":"Feature","geometry":{"type":"LineString","coordinates":[[-97.719359377,30.2769868100021],[-97.719379721,30.2771096540022],[-97.719559348,30.2779177280022],[-97.7195803116729,30.2780138381707],[-97.719790909208,30.2789793339695],[-97.7200321399624,30.2799940974095]]},"properties":{"AADT_CUR":195,"RTE_NM":"1019181","RTE_PRFX":"CS","RTE_NBR":"1019181","SYSTEM":"Off"}},{"type":"Feature","geometry":{"type":"LineString","coordinates":[[-97.7208667183918,30.2735996171694],[-97.7208698034078,30.2736138842066]]},"properties":{"AADT_CUR":195,"RTE_NM":"1019809","RTE_PRFX":"CS","RTE_NBR":"1019809","SYSTEM":"Off"}},{"type":"Feature","geometry":{"type":"LineString","coordinates":[[-97.7560876838307,30.2893477218855],[-97.75612926,30.2893173500066],[-97.75617305,30.2892757600066],[-97.7562102,30.2892295600067],[-97.75624009,30.2891795500066],[-97.75625937,30.2891347200066],[-97.75629743,30.2886135900066],[-97.756301784023,30.2885401748669],[-97.75633188,30.2880327100066],[-97.75635801,30.2874515000066],[-97.75637578,30.2868700500066],[-97.7563846847902,30.2863196754762],[-97.75638519,30.2862884500066],[-97.75638622,30.2861452400066],[-97.75641696,30.2859610700066],[-97.75645201,30.2857073100066],[-97.75647879,30.2854528000066],[-97.75649231,30.2852813900066],[-97.7564935603823,30.285227810178],[-97.75648653,30.2851668800066],[-97.75647104,30.2851110400066],[-97.75644746,30.2850573900066],[-97.75641616,30.2850067800066],[-97.75638525,30.2849683200066],[-97.75619596,30.2847050600066],[-97.75598461,30.2843983000066],[-97.75578049,30.2840878700066],[-97.75558368,30.2837739000066],[-97.75539428,30.2834565200066],[-97.7553556120112,30.2833883660962],[-97.75521235,30.2831358600066],[-97.75503797,30.2828120700066],[-97.7550134896141,30.2827648599012],[-97.75496875,30.2826785800066],[-97.75488194,30.2826087800066],[-97.75439051,30.2822077800066],[-97.7543796902174,30.2821987296044],[-97.75390484,30.2818015300066],[-97.75378935,30.2817034200066],[-97.75369969,30.2816156300066],[-97.75362798,30.2815407000066],[-97.75359537,30.2815151500066],[-97.75356892,30.2814847100066],[-97.75354959,30.2814504600066],[-97.75353806,30.2814136700066],[-97.75353477,30.2813756500066],[-97.75353984,30.2813377700066],[-97.75355307,30.2813014100066],[-97.75366742,30.2806871900065],[-97.7537280699984,30.2803348900016],[-97.75337519,30.2792722100065],[-97.75355644,30.2788221800066],[-97.7535641966457,30.2788096984341],[-97.75416708,30.2778395600064]]},"properties":{"AADT_CUR":784,"RTE_NM":"1264495","RTE_PRFX":"CS","RTE_NBR":"1264495","SYSTEM":"Off"}},{"type":"Feature","geometry":{"type":"LineString","coordinates":[[-97.7503509104174,30.2804752848308],[-97.75035083,30.2804752800022],[-97.75019387,30.2804206600022],[-97.75002017,30.2803110200022],[-97.74996556,30.2802119500022],[-97.74985279,30.2801001900022],[-97.74973475,30.2800101300022],[-97.7495899,30.2799060500022],[-97.749424487,30.2798245670022],[-97.749185461142,30.2797245168583]]},"properties":{"AADT_CUR":195,"RTE_NM":"1013443","RTE_PRFX":"CS","RTE_NBR":"1013443","SYSTEM":"Off"}},{"type":"Feature","geometry":{"type":"LineString","coordinates":[[-97.7972377208951,30.3139536834807],[-97.79743248,30.3138089900024],[-97.79770759,30.3136297400024],[-97.79779022,30.3135204900024],[-97.79789622,30.3132141100024]]},"properties":{"AADT_CUR":195,"RTE_NM":"227AA0495","RTE_PRFX":"CR","RTE_NBR":"495","SYSTEM":"Off"}},{"type":"Feature","geometry":{"type":"LineString","coordinates":[[-97.74809248,30.23854296],[-97.74757987,30.23852159]]},"properties":{"AADT_CUR":195,"RTE_NM":"1021557","RTE_PRFX":"CS","RTE_NBR":"1021557","SYSTEM":"Off"}},{"type":"Feature","geometry":{"type":"LineString","coordinates":[[-97.75317501,30.255073140002],[-97.7523632879144,30.2546544351818]]},"properties":{"AADT_CUR":195,"RTE_NM":"1021026","RTE_PRFX":"CS","RTE_NBR":"1021026","SYSTEM":"Off"}},{"type":"Feature","geometry":{"type":"LineString","coordinates":[[-97.7806585163104,30.2697438850694],[-97.78064943,30.2697546800021],[-97.78066332,30.2698526200021],[-97.78067881,30.2699615300021],[-97.78062852,30.2701558100021],[-97.78033421,30.2705927400022],[-97.77930875,30.2718649600021],[-97.77853447,30.2728643900021],[-97.7779274,30.2731438300021],[-97.77759925,30.2735103600021]]},"properties":{"AADT_CUR":195,"RTE_NM":"1206154","RTE_PRFX":"CS","RTE_NBR":"1206154","SYSTEM":"Off"}},{"type":"Feature","geometry":{"type":"LineString","coordinates":[[-97.7052900339619,30.2845803510391],[-97.705275068349,30.2845867805027]]},"properties":{"AADT_CUR":195,"RTE_NM":"1018909","RTE_PRFX":"CS","RTE_NBR":"1018909","SYSTEM":"Off"}},{"type":"Feature","geometry":{"type":"LineString","coordinates":[[-97.69017714,30.27402784],[-97.68706768,30.27258257],[-97.68348375,30.27104061],[-97.68197398,30.27038334]]},"properties":{"AADT_CUR":1952,"RTE_NM":"267165","RTE_PRFX":"CS","RTE_NBR":"267165","SYSTEM":"Off"}},{"type":"Feature","geometry":{"type":"LineString","coordinates":[[-97.6906055604495,30.2845891605169],[-97.69060765,30.2845992300022],[-97.6906144239196,30.2846320983121]]},"properties":{"AADT_CUR":195,"RTE_NM":"1017204","RTE_PRFX":"CS","RTE_NBR":"1017204","SYSTEM":"Off"}},{"type":"Feature","geometry":{"type":"LineString","coordinates":[[-97.76607319,30.29010194],[-97.76590832,30.29031317],[-97.7658528,30.29043304],[-97.76576336,30.29057979],[-97.76568799,30.2906718],[-97.76541353,30.29092205],[-97.76528346,30.29104599],[-97.76498763,30.29126556],[-97.7649159,30.29132903],[-97.76452268,30.29167704],[-97.76436608,30.29178669],[-97.76421751,30.29192123],[-97.76412885,30.29200747],[-97.76405263,30.29213245],[-97.76400383,30.29226899],[-97.76395934,30.29242212],[-97.76378685,30.29328028],[-97.76377487,30.29333978],[-97.76373351,30.29340496],[-97.76370367,30.29348412],[-97.76368794,30.29356904],[-97.76368597,30.29364328],[-97.76369679,30.29374249],[-97.76375169,30.29395556],[-97.76379233,30.29408272],[-97.76380232,30.29421219],[-97.7638044,30.29431396],[-97.76379312,30.29441],[-97.76378578,30.29450614],[-97.76363202,30.29513283]]},"properties":{"AADT_CUR":195,"RTE_NM":"1018120","RTE_PRFX":"CS","RTE_NBR":"1018120","SYSTEM":"Off"}},{"type":"Feature","geometry":{"type":"LineString","coordinates":[[-97.74788951,30.2874453700022],[-97.74639893,30.2873318500022],[-97.74631762,30.2873256400022],[-97.74487335,30.2872410300022],[-97.7447477272135,30.2872336274698]]},"properties":{"AADT_CUR":195,"RTE_NM":"1021203","RTE_PRFX":"CS","RTE_NBR":"1021203","SYSTEM":"Off"}},{"type":"Feature","geometry":{"type":"LineString","coordinates":[[-97.75469088,30.30605643],[-97.75479958,30.30611085],[-97.75554192,30.30647232],[-97.75571817,30.30654441],[-97.75694981,30.30704797]]},"properties":{"AADT_CUR":195,"RTE_NM":"1021221","RTE_PRFX":"CS","RTE_NBR":"1021221","SYSTEM":"Off"}},{"type":"Feature","geometry":{"type":"LineString","coordinates":[[-97.7607784,30.2317685400018],[-97.76073481,30.2318354300019],[-97.7603293099997,30.2324581000035],[-97.76018452,30.2332857900037],[-97.76020571,30.2343615900019],[-97.76020456,30.2344857700019],[-97.76020049,30.2349167000018],[-97.76020003,30.2349610200018],[-97.76018653,30.2349865200019],[-97.75998914,30.2353583300019]]},"properties":{"AADT_CUR":195,"RTE_NM":"1014439","RTE_PRFX":"CS","RTE_NBR":"1014439","SYSTEM":"Off"}},{"type":"Feature","geometry":{"type":"LineString","coordinates":[[-97.7244187808023,30.2328395236807],[-97.72440604,30.2328334600019],[-97.72438972005,30.2328252587499]]},"properties":{"AADT_CUR":195,"RTE_NM":"1021603","RTE_PRFX":"CS","RTE_NBR":"1021603","SYSTEM":"Off"}},{"type":"Feature","geometry":{"type":"LineString","coordinates":[[-97.75096628,30.2460928400019],[-97.7498528153472,30.2457953323726],[-97.74875008,30.245454060002],[-97.74815484,30.2453480600019],[-97.7471400348983,30.2450596923924],[-97.74530366,30.2445318900019]]},"properties":{"AADT_CUR":1405,"RTE_NM":"258710","RTE_PRFX":"CS","RTE_NBR":"258710","SYSTEM":"Off"}},{"type":"Feature","geometry":{"type":"LineString","coordinates":[[-97.7338541778883,30.2665615230052],[-97.73378745,30.26675033],[-97.73347355,30.26765995],[-97.73337899,30.26790356],[-97.73315151,30.26854684],[-97.73247609,30.27033972],[-97.73224729,30.27090478],[-97.73188471,30.27188004],[-97.73168356,30.27238928],[-97.73146003,30.27298339],[-97.73130338,30.27342468],[-97.73116203,30.27386441],[-97.73106275,30.27424293],[-97.73097282,30.27462311],[-97.73086495,30.2750583],[-97.73077634,30.27529983],[-97.73053336,30.27593448],[-97.730412,30.27617733],[-97.73013744,30.2767379],[-97.72962279,30.27761131],[-97.7295668489696,30.2777058554669]]},"properties":{"AADT_CUR":13316,"RTE_NM":"IH0035-AG","RTE_PRFX":"IH","RTE_NBR":"35","SYSTEM":"On"}},{"type":"Feature","geometry":{"type":"LineString","coordinates":[[-97.7420432455516,30.2827328671701],[-97.7420518068375,30.2826460795531]]},"properties":{"AADT_CUR":11412,"RTE_NM":"258545","RTE_PRFX":"CS","RTE_NBR":"258545","SYSTEM":"Off"}},{"type":"Feature","geometry":{"type":"LineString","coordinates":[[-97.75454846,30.27686535],[-97.75351245,30.27653203]]},"properties":{"AADT_CUR":745,"RTE_NM":"1021191","RTE_PRFX":"CS","RTE_NBR":"1021191","SYSTEM":"Off"}},{"type":"Feature","geometry":{"type":"LineString","coordinates":[[-97.75228972,30.27499102],[-97.75096381,30.27455244],[-97.74921706,30.27396247],[-97.74703979,30.27338498],[-97.74595165,30.27307696],[-97.74489206,30.27276953],[-97.74380344,30.27248076],[-97.74144196,30.27180318]]},"properties":{"AADT_CUR":1006,"RTE_NM":"1264484","RTE_PRFX":"CS","RTE_NBR":"1264484","SYSTEM":"Off"}},{"type":"Feature","geometry":{"type":"LineString","coordinates":[[-97.7715058865124,30.2556623325183],[-97.7714766956827,30.2556481054239]]},"properties":{"AADT_CUR":195,"RTE_NM":"1015203","RTE_PRFX":"CS","RTE_NBR":"1015203","SYSTEM":"Off"}},{"type":"Feature","geometry":{"type":"LineString","coordinates":[[-97.73740895,30.23486419],[-97.73735167,30.23494381],[-97.73712599,30.23525726]]},"properties":{"AADT_CUR":195,"RTE_NM":"1015076","RTE_PRFX":"CS","RTE_NBR":"1015076","SYSTEM":"Off"}},{"type":"Feature","geometry":{"type":"LineString","coordinates":[[-97.71270967,30.31494954],[-97.71143565,30.31435422],[-97.71001017,30.31367319],[-97.70989594,30.3136186]]},"properties":{"AADT_CUR":195,"RTE_NM":"1015894","RTE_PRFX":"CS","RTE_NBR":"1015894","SYSTEM":"Off"}},{"type":"Feature","geometry":{"type":"LineString","coordinates":[[-97.6930597493378,30.3133905869862],[-97.693030065,30.313376855]]},"properties":{"AADT_CUR":195,"RTE_NM":"1020566","RTE_PRFX":"CS","RTE_NBR":"1020566","SYSTEM":"Off"}},{"type":"Feature","geometry":{"type":"LineString","coordinates":[[-97.7997663846546,30.2648265740087],[-97.79977554,30.2648371800021],[-97.7997875342909,30.2648490651873]]},"properties":{"AADT_CUR":195,"RTE_NM":"1015411","RTE_PRFX":"CS","RTE_NBR":"1015411","SYSTEM":"Off"}},{"type":"Feature","geometry":{"type":"LineString","coordinates":[[-97.79008518,30.28690076],[-97.78949944,30.28720594],[-97.7893783,30.28726902],[-97.78887454,30.28762481],[-97.78857495,30.28870951],[-97.78854517,30.28881741],[-97.7888644,30.2896626]]},"properties":{"AADT_CUR":195,"RTE_NM":"1017557","RTE_PRFX":"CS","RTE_NBR":"1017557","SYSTEM":"Off"}},{"type":"Feature","geometry":{"type":"LineString","coordinates":[[-97.771416435283,30.2901932975854],[-97.7714084797746,30.2902060886597]]},"properties":{"AADT_CUR":195,"RTE_NM":"1018676","RTE_PRFX":"CS","RTE_NBR":"1018676","SYSTEM":"Off"}},{"type":"Feature","geometry":{"type":"LineString","coordinates":[[-97.77402275,30.21652206],[-97.77415898,30.2167008],[-97.7741664,30.21698701],[-97.77422953,30.21741454],[-97.7741028,30.21768432]]},"properties":{"AADT_CUR":195,"RTE_NM":"1018968","RTE_PRFX":"CS","RTE_NBR":"1018968","SYSTEM":"Off"}},{"type":"Feature","geometry":{"type":"LineString","coordinates":[[-97.6942046,30.27700532],[-97.69341559,30.27706333]]},"properties":{"AADT_CUR":195,"RTE_NM":"1016666","RTE_PRFX":"CS","RTE_NBR":"1016666","SYSTEM":"Off"}},{"type":"Feature","geometry":{"type":"LineString","coordinates":[[-97.69177412,30.3055784],[-97.6916154,30.30538535],[-97.69154642,30.30529867],[-97.69143888,30.30523316],[-97.69080599,30.30499186],[-97.6905237,30.3048815],[-97.69032275,30.30484163]]},"properties":{"AADT_CUR":195,"RTE_NM":"1017666","RTE_PRFX":"CS","RTE_NBR":"1017666","SYSTEM":"Off"}},{"type":"Feature","geometry":{"type":"LineString","coordinates":[[-97.74734763,30.31358471],[-97.74731747,30.31363243],[-97.74666571,30.31466284],[-97.74662009,30.3147336],[-97.74598107,30.31572441],[-97.74592283,30.31581697],[-97.74512013,30.31709318],[-97.74507782,30.31715927],[-97.74425983,30.31843723],[-97.74341631,30.31974589],[-97.7426526,30.32094337],[-97.74250227,30.32167192]]},"properties":{"AADT_CUR":118,"RTE_NM":"1020079","RTE_PRFX":"CS","RTE_NBR":"1020079","SYSTEM":"Off"}},{"type":"Feature","geometry":{"type":"LineString","coordinates":[[-97.73452874,30.30273109],[-97.73446023,30.30284118],[-97.73377667,30.30393978],[-97.73372467,30.30401906],[-97.73303952,30.30506347],[-97.73231478,30.30619842],[-97.73163141,30.30732591],[-97.73158501,30.3073986],[-97.73090658,30.30846088],[-97.73019625,30.3095301],[-97.72895304,30.31154836],[-97.72888568,30.31164917],[-97.72839478,30.3123841]]},"properties":{"AADT_CUR":195,"RTE_NM":"1013823","RTE_PRFX":"CS","RTE_NBR":"1013823","SYSTEM":"Off"}},{"type":"Feature","geometry":{"type":"LineString","coordinates":[[-97.715329625,30.262489372002],[-97.715236813,30.2623757710021],[-97.715164534,30.262344774002],[-97.714470121,30.2620974420021],[-97.7141865996939,30.2620027789499]]},"properties":{"AADT_CUR":195,"RTE_NM":"1015319","RTE_PRFX":"CS","RTE_NBR":"1015319","SYSTEM":"Off"}},{"type":"Feature","geometry":{"type":"LineString","coordinates":[[-97.7364617414857,30.2683997286788],[-97.7364772538249,30.2683583124589]]},"properties":{"AADT_CUR":3971,"RTE_NM":"258641","RTE_PRFX":"CS","RTE_NBR":"258641","SYSTEM":"Off"}},{"type":"Feature","geometry":{"type":"LineString","coordinates":[[-97.7472826244889,30.2791592041128],[-97.747273630285,30.2791871624117]]},"properties":{"AADT_CUR":1227,"RTE_NM":"267532","RTE_PRFX":"CS","RTE_NBR":"267532","SYSTEM":"Off"}},{"type":"Feature","geometry":{"type":"LineString","coordinates":[[-97.7587962265208,30.2917007846357],[-97.75879861,30.2916962200022],[-97.7588120392222,30.2916594563812]]},"properties":{"AADT_CUR":532,"RTE_NM":"258561","RTE_PRFX":"CS","RTE_NBR":"258561","SYSTEM":"Off"}},{"type":"Feature","geometry":{"type":"LineString","coordinates":[[-97.7551473,30.3008371900023],[-97.7546582456726,30.301580427415],[-97.75464182,30.3016053900023],[-97.7546169,30.3016447200023],[-97.75413553,30.3024038100023],[-97.75411656,30.3024330500023],[-97.75316435,30.3039024500023],[-97.75313806,30.3043227200023],[-97.75266228,30.3051052400023],[-97.75193387,30.3062677200023],[-97.75187873,30.3063538800024],[-97.75129413,30.3072669900024],[-97.7511660095624,30.3074671520316]]},"properties":{"AADT_CUR":195,"RTE_NM":"1016605","RTE_PRFX":"CS","RTE_NBR":"1016605","SYSTEM":"Off"}},{"type":"Feature","geometry":{"type":"LineString","coordinates":[[-97.7199489260904,30.3142755462015],[-97.7198976257684,30.3142507257949],[-97.7198394318982,30.3142225700679],[-97.71969314,30.3141517900048],[-97.71962933,30.3141206900048],[-97.7190316220387,30.313827640826],[-97.7181527337537,30.3133967239223],[-97.71812974,30.3133854500048],[-97.71730933,30.3129796700047],[-97.7172762107191,30.3129632951878],[-97.71666097,30.3126607500048],[-97.7164083496852,30.3125398189408],[-97.7160229,30.3123553000048],[-97.7158110419188,30.3122557226422],[-97.7155925,30.3121710400048],[-97.71551058,30.3121421200048],[-97.7154112144017,30.3120995266473]]},"properties":{"AADT_CUR":15356,"RTE_NM":"258456","RTE_PRFX":"CS","RTE_NBR":"258456","SYSTEM":"Off"}},{"type":"Feature","geometry":{"type":"LineString","coordinates":[[-97.72380038,30.31336057],[-97.72395027,30.31343873],[-97.72425055,30.31359527]]},"properties":{"AADT_CUR":195,"RTE_NM":"1015886","RTE_PRFX":"CS","RTE_NBR":"1015886","SYSTEM":"Off"}},{"type":"Feature","geometry":{"type":"LineString","coordinates":[[-97.72993594,30.2313791400018],[-97.7263789576247,30.2297199221167]]},"properties":{"AADT_CUR":195,"RTE_NM":"1013652","RTE_PRFX":"CS","RTE_NBR":"1013652","SYSTEM":"Off"}},{"type":"Feature","geometry":{"type":"LineString","coordinates":[[-97.73709201,30.24477002],[-97.7368193,30.24501478]]},"properties":{"AADT_CUR":195,"RTE_NM":"1018944","RTE_PRFX":"CS","RTE_NBR":"1018944","SYSTEM":"Off"}},{"type":"Feature","geometry":{"type":"LineString","coordinates":[[-97.7326251517804,30.2599208303207],[-97.7325947167598,30.2599101498274],[-97.73233438,30.259818790004],[-97.7315921657361,30.2595652642999],[-97.73140242,30.259500450004],[-97.7306230028402,30.2592249770776],[-97.7305308192773,30.2591923958056],[-97.73050333,30.259182680004],[-97.7287310459103,30.2585625629111]]},"properties":{"AADT_CUR":12499,"RTE_NM":"258861","RTE_PRFX":"CS","RTE_NBR":"258861","SYSTEM":"Off"}},{"type":"Feature","geometry":{"type":"LineString","coordinates":[[-97.7109138205234,30.2285328080674],[-97.71084363,30.2286449200018],[-97.71064001,30.2289830500018],[-97.71050108,30.2291896800018],[-97.7104156,30.2292981900018],[-97.71035714,30.2293466100018],[-97.71030551,30.2293786100018],[-97.7102475,30.2294105100018],[-97.71018346,30.2294312500018],[-97.71010689,30.2294462100018],[-97.71001125,30.2294607900018],[-97.70992879,30.2294591000018],[-97.70982158,30.2294320900018],[-97.70972121,30.2293887000019],[-97.70938337,30.2292053700018],[-97.70922718,30.2291139700018],[-97.70910903,30.2290233700018],[-97.7090102,30.2289221100019],[-97.70889974,30.2287820300018],[-97.70878852,30.2286695200018],[-97.7084541,30.2284406300018]]},"properties":{"AADT_CUR":195,"RTE_NM":"1019043","RTE_PRFX":"CS","RTE_NBR":"1019043","SYSTEM":"Off"}},{"type":"Feature","geometry":{"type":"LineString","coordinates":[[-97.7070113379944,30.3114254968255],[-97.7070053,30.3114195900024],[-97.70589202,30.3103654100023],[-97.70492287,30.3096057000024],[-97.70432103,30.3093568200024],[-97.70372883,30.3092786400024],[-97.70060313,30.3078613200024],[-97.69984583,30.3075019700023],[-97.69903525,30.3071194900024],[-97.69806467,30.3066787300023],[-97.6973616167921,30.3063500168109],[-97.69734477,30.3063421400023],[-97.69656271,30.3059630000024],[-97.69583326,30.3054557000023],[-97.69548198,30.3053000400023],[-97.69539715,30.3052624500023]]},"properties":{"AADT_CUR":3035,"RTE_NM":"1014460","RTE_PRFX":"CS","RTE_NBR":"1014460","SYSTEM":"Off"}},{"type":"Feature","geometry":{"type":"LineString","coordinates":[[-97.7782667870427,30.2195313190616],[-97.77734578,30.2191172300018],[-97.77731132,30.2191015500017],[-97.77696246,30.2190010700018],[-97.77662103,30.2188490400017],[-97.77647105,30.2187822200018],[-97.77584067,30.2185159100018],[-97.77567164,30.2184445000018],[-97.7748034734196,30.218059803764],[-97.77476158,30.2180412400018],[-97.7741028,30.2176843200018],[-97.77408284,30.2176738800017],[-97.7731153,30.2171673500018],[-97.77299395,30.2171038400017],[-97.77262764,30.2169452500017]]},"properties":{"AADT_CUR":195,"RTE_NM":"1019088","RTE_PRFX":"CS","RTE_NBR":"1019088","SYSTEM":"Off"}},{"type":"Feature","geometry":{"type":"LineString","coordinates":[[-97.76346271,30.30042114],[-97.76338657,30.3005299],[-97.76296515,30.30113172]]},"properties":{"AADT_CUR":195,"RTE_NM":"1015627","RTE_PRFX":"CS","RTE_NBR":"1015627","SYSTEM":"Off"}},{"type":"Feature","geometry":{"type":"LineString","coordinates":[[-97.7908853476532,30.2289748636649],[-97.79083892,30.2290473300018],[-97.7900257890908,30.2303411527914]]},"properties":{"AADT_CUR":195,"RTE_NM":"1014628","RTE_PRFX":"CS","RTE_NBR":"1014628","SYSTEM":"Off"}},{"type":"Feature","geometry":{"type":"LineString","coordinates":[[-97.79348354,30.24961615],[-97.79338449,30.24955644],[-97.79319507,30.24944267],[-97.79283562,30.24895699],[-97.79254275,30.2486789],[-97.79214519,30.24853075],[-97.79166383,30.24843319],[-97.79133227,30.24854212],[-97.79114832,30.24867048],[-97.79108237,30.2488892],[-97.79123873,30.24944784]]},"properties":{"AADT_CUR":195,"RTE_NM":"1020722","RTE_PRFX":"CS","RTE_NBR":"1020722","SYSTEM":"Off"}},{"type":"Feature","geometry":{"type":"LineString","coordinates":[[-97.77466345,30.24296539],[-97.7751589,30.24222998],[-97.77572061,30.2424887],[-97.77569513,30.24252758],[-97.77495976,30.24364789],[-97.77472593,30.243657],[-97.77401591,30.2433155],[-97.77399013,30.24327098],[-97.77400508,30.24321627],[-97.77425354,30.24277571]]},"properties":{"AADT_CUR":195,"RTE_NM":"1017457","RTE_PRFX":"CS","RTE_NBR":"1017457","SYSTEM":"Off"}},{"type":"Feature","geometry":{"type":"LineString","coordinates":[[-97.7828568,30.257353440002],[-97.78179679,30.256883930002],[-97.7816730212494,30.2568290872437]]},"properties":{"AADT_CUR":195,"RTE_NM":"1016407","RTE_PRFX":"CS","RTE_NBR":"1016407","SYSTEM":"Off"}},{"type":"Feature","geometry":{"type":"LineString","coordinates":[[-97.75090648,30.23186417],[-97.75021263,30.23160537],[-97.74898778,30.23373145],[-97.74882614,30.23417924],[-97.74885529,30.23477665],[-97.74855613,30.23533168],[-97.7484849,30.23574554],[-97.74855201,30.23601918],[-97.74870587,30.23607179],[-97.74906441,30.23619451]]},"properties":{"AADT_CUR":195,"RTE_NM":"1017798","RTE_PRFX":"CS","RTE_NBR":"1017798","SYSTEM":"Off"}},{"type":"Feature","geometry":{"type":"LineString","coordinates":[[-97.7195907939814,30.29489511039],[-97.7195748419049,30.294887244613],[-97.7195424243404,30.2948711128347],[-97.7194106511729,30.2948055391216],[-97.7193588803893,30.2947797765881],[-97.7185382385993,30.2943713985316],[-97.7178230655968,30.2940154980502],[-97.7171162608664,30.2936637546658],[-97.7164236289702,30.2932590728958],[-97.71561685,30.2927392600023],[-97.7144980341378,30.2922082072763],[-97.7135836501739,30.2917741777569]]},"properties":{"AADT_CUR":7035,"RTE_NM":"258449","RTE_PRFX":"CS","RTE_NBR":"258449","SYSTEM":"Off"}},{"type":"Feature","geometry":{"type":"LineString","coordinates":[[-97.73100949,30.283885477],[-97.73082935,30.28384762],[-97.72887231,30.28342197],[-97.72790289,30.283187],[-97.72749501,30.28310441],[-97.72747594,30.28309996],[-97.72692067,30.28298586]]},"properties":{"AADT_CUR":1885,"RTE_NM":"1015161","RTE_PRFX":"CS","RTE_NBR":"1015161","SYSTEM":"Off"}},{"type":"Feature","geometry":{"type":"LineString","coordinates":[[-97.7578140944331,30.2827810967877],[-97.7581038155075,30.2819770780391],[-97.75839984,30.2813339500044],[-97.7585144313284,30.2811597978102],[-97.758816,30.2807014800044],[-97.7591008427879,30.2802565426399]]},"properties":{"AADT_CUR":2331,"RTE_NM":"258593","RTE_PRFX":"CS","RTE_NBR":"258593","SYSTEM":"Off"}},{"type":"Feature","geometry":{"type":"LineString","coordinates":[[-97.7457046059866,30.306408894955],[-97.74561745,30.3067336100023],[-97.74547486,30.3072651000023],[-97.74543067,30.3074045000024],[-97.74534339,30.3074687500024],[-97.74516996,30.3074927300023],[-97.74487214,30.3074592300023],[-97.7443252,30.3083200500023],[-97.74425641,30.3084336800024],[-97.743904,30.3090156300024]]},"properties":{"AADT_CUR":195,"RTE_NM":"1013864","RTE_PRFX":"CS","RTE_NBR":"1013864","SYSTEM":"Off"}},{"type":"Feature","geometry":{"type":"LineString","coordinates":[[-97.782283587,30.243628608],[-97.78259431,30.24400045],[-97.7830869,30.24459814],[-97.7835727,30.24520002],[-97.78405028,30.24580431],[-97.78415404,30.24592104],[-97.78429097,30.24608539],[-97.78442101,30.24625389],[-97.784544,30.24642633],[-97.78465978,30.2466025],[-97.78476821,30.24678216],[-97.78486914,30.24696509],[-97.78512704,30.24743855],[-97.78523149,30.24764067],[-97.78532826,30.24784564],[-97.78541727,30.24805324],[-97.78549841,30.24826328],[-97.78556097,30.24844308],[-97.78561513,30.24855468],[-97.78566164,30.24866919],[-97.78570019,30.24878591],[-97.78573062,30.24890443],[-97.78575283,30.2490243],[-97.78576675,30.24914513],[-97.78577231,30.24926646],[-97.78576951,30.24938785],[-97.78575836,30.24950889],[-97.78573888,30.24962912],[-97.78572729,30.24968346],[-97.78571414,30.24988986],[-97.78569253,30.25009725],[-97.78566254,30.25030386],[-97.78562424,30.25050942],[-97.78557763,30.25071369],[-97.78556871,30.25074898],[-97.78550476,30.25114035],[-97.78534105,30.25210606],[-97.78517864,30.25301833]]},"properties":{"AADT_CUR":3949,"RTE_NM":"258479","RTE_PRFX":"CS","RTE_NBR":"258479","SYSTEM":"Off"}},{"type":"Feature","geometry":{"type":"LineString","coordinates":[[-97.79295753,30.25275208],[-97.79286441,30.25306924],[-97.79278375,30.25327397],[-97.79263857,30.25343608],[-97.79217468,30.25366616],[-97.79137046,30.25404075],[-97.79097489,30.25416739],[-97.79079617,30.25422463],[-97.79002764,30.25441564],[-97.78996175,30.2544287],[-97.78948548,30.25452314],[-97.78939345,30.25450375],[-97.78924052,30.25447155],[-97.78919378,30.25423132],[-97.78933964,30.25356022],[-97.78935148,30.25350562]]},"properties":{"AADT_CUR":195,"RTE_NM":"1016365","RTE_PRFX":"CS","RTE_NBR":"1016365","SYSTEM":"Off"}},{"type":"Feature","geometry":{"type":"LineString","coordinates":[[-97.6868503701907,30.2193219780191],[-97.68542919,30.2181478700018]]},"properties":{"AADT_CUR":195,"RTE_NM":"1021775","RTE_PRFX":"CS","RTE_NBR":"1021775","SYSTEM":"Off"}},{"type":"Feature","geometry":{"type":"LineString","coordinates":[[-97.7411922239949,30.2430977733534],[-97.74118819,30.2431092600019],[-97.74115514045,30.2431626464136]]},"properties":{"AADT_CUR":195,"RTE_NM":"1017398","RTE_PRFX":"CS","RTE_NBR":"1017398","SYSTEM":"Off"}},{"type":"Feature","geometry":{"type":"LineString","coordinates":[[-97.76126939,30.25281836],[-97.76063927,30.252521],[-97.75983101,30.25214092],[-97.75968937,30.2520743],[-97.75851777,30.25151626],[-97.75836925,30.25144548],[-97.75784056,30.25128355],[-97.75779304,30.25126676],[-97.75695628,30.25097149],[-97.75603609,30.25062335],[-97.7554505,30.2504001]]},"properties":{"AADT_CUR":195,"RTE_NM":"1017272","RTE_PRFX":"CS","RTE_NBR":"1017272","SYSTEM":"Off"}},{"type":"Feature","geometry":{"type":"LineString","coordinates":[[-97.7871479072033,30.2647361925591],[-97.7871475,30.2647353000021],[-97.7871359161841,30.264709055015]]},"properties":{"AADT_CUR":2105,"RTE_NM":"298588","RTE_PRFX":"CS","RTE_NBR":"298588","SYSTEM":"Off"}},{"type":"Feature","geometry":{"type":"LineString","coordinates":[[-97.78340308,30.27484531],[-97.78323902,30.27509915],[-97.78309587,30.27532053],[-97.7832299,30.27546346],[-97.78439921,30.27624304]]},"properties":{"AADT_CUR":195,"RTE_NM":"1206127","RTE_PRFX":"CS","RTE_NBR":"1206127","SYSTEM":"Off"}},{"type":"Feature","geometry":{"type":"LineString","coordinates":[[-97.70098358,30.2900014100023],[-97.7010146898714,30.2915022237969]]},"properties":{"AADT_CUR":195,"RTE_NM":"1016918","RTE_PRFX":"CS","RTE_NBR":"1016918","SYSTEM":"Off"}},{"type":"Feature","geometry":{"type":"LineString","coordinates":[[-97.695800704708,30.3147078136215],[-97.69579365,30.3147044000048],[-97.6957553117019,30.3146655879892]]},"properties":{"AADT_CUR":195,"RTE_NM":"1021770","RTE_PRFX":"CS","RTE_NBR":"1021770","SYSTEM":"Off"}},{"type":"Feature","geometry":{"type":"LineString","coordinates":[[-97.71303729,30.28875901],[-97.71229648,30.28818941],[-97.71217737,30.28809787],[-97.71157084,30.2876335],[-97.71151297,30.28758922]]},"properties":{"AADT_CUR":1079,"RTE_NM":"1015102","RTE_PRFX":"CS","RTE_NBR":"1015102","SYSTEM":"Off"}},{"type":"Feature","geometry":{"type":"LineString","coordinates":[[-97.7708260582083,30.2925782699127],[-97.77081531,30.2925731300023],[-97.76942255,30.2920042800023],[-97.76933545,30.2919686900023],[-97.76919384,30.2919093900023],[-97.76700345,30.2909924300022]]},"properties":{"AADT_CUR":195,"RTE_NM":"1021713","RTE_PRFX":"CS","RTE_NBR":"1021713","SYSTEM":"Off"}},{"type":"Feature","geometry":{"type":"LineString","coordinates":[[-97.78566827,30.2300465200018],[-97.78559979,30.2301535300018],[-97.78535758,30.2305321800018],[-97.78485188,30.2313225200018],[-97.78379184,30.2329794700019],[-97.78295512,30.2344237500019],[-97.78243394,30.2352242500019],[-97.7842973896266,30.2361469148657]]},"properties":{"AADT_CUR":195,"RTE_NM":"1021064","RTE_PRFX":"CS","RTE_NBR":"1021064","SYSTEM":"Off"}},{"type":"Feature","geometry":{"type":"LineString","coordinates":[[-97.76409164,30.23819104],[-97.76405702,30.23825503],[-97.76381236,30.23869815],[-97.76378848,30.23875152],[-97.76372145,30.23885516],[-97.76289321,30.24013622]]},"properties":{"AADT_CUR":195,"RTE_NM":"1019738","RTE_PRFX":"CS","RTE_NBR":"1019738","SYSTEM":"Off"}},{"type":"Feature","geometry":{"type":"LineString","coordinates":[[-97.7485026483704,30.2586853085805],[-97.7484875399983,30.2586665700024],[-97.7479169914448,30.2581276619268],[-97.74687524,30.257143660004]]},"properties":{"AADT_CUR":13498,"RTE_NM":"258655","RTE_PRFX":"CS","RTE_NBR":"258655","SYSTEM":"Off"}},{"type":"Feature","geometry":{"type":"LineString","coordinates":[[-97.7438663563452,30.2535521230731],[-97.74386594,30.253552620002],[-97.7438223030515,30.2535963895853]]},"properties":{"AADT_CUR":195,"RTE_NM":"1018603","RTE_PRFX":"CS","RTE_NBR":"1018603","SYSTEM":"Off"}},{"type":"Feature","geometry":{"type":"LineString","coordinates":[[-97.76536879,30.22536165],[-97.764345838,30.224871596],[-97.764072033,30.224731937],[-97.763274465,30.224351393],[-97.763144730312,30.2242843558386]]},"properties":{"AADT_CUR":195,"RTE_NM":"1015812","RTE_PRFX":"CS","RTE_NBR":"1015812","SYSTEM":"Off"}},{"type":"Feature","geometry":{"type":"LineString","coordinates":[[-97.75210967,30.21439761],[-97.75201255,30.214652],[-97.75196554,30.21479222],[-97.75192717,30.21493521],[-97.75191107,30.21507594],[-97.751902396,30.215196163],[-97.751911157,30.215318704],[-97.75193727,30.21557544],[-97.75199602,30.21582531],[-97.752084398,30.216074639],[-97.75215319,30.21623091],[-97.75227529,30.21644775],[-97.75235823,30.2165731],[-97.75253757,30.21680751],[-97.75278984,30.21706297],[-97.752932207,30.217178573],[-97.75308262,30.21728954],[-97.753252161,30.217404908],[-97.75343243,30.21751564],[-97.75400474,30.21788176],[-97.75417142,30.21801482]]},"properties":{"AADT_CUR":38354,"RTE_NM":"1629677270","RTE_PRFX":"IH","RTE_NBR":"35","SYSTEM":"On"}},{"type":"Feature","geometry":{"type":"LineString","coordinates":[[-97.7930608543873,30.3127993465964],[-97.7930449966505,30.3127945090914]]},"properties":{"AADT_CUR":195,"RTE_NM":"227AA0527","RTE_PRFX":"CR","RTE_NBR":"527","SYSTEM":"Off"}},{"type":"Feature","geometry":{"type":"LineString","coordinates":[[-97.7678513829297,30.3099165707168],[-97.7678369500737,30.309909229723]]},"properties":{"AADT_CUR":1437,"RTE_NM":"1019908","RTE_PRFX":"CS","RTE_NBR":"1019908","SYSTEM":"Off"}},{"type":"Feature","geometry":{"type":"LineString","coordinates":[[-97.76718304,30.30806531],[-97.76730155,30.30830074]]},"properties":{"AADT_CUR":195,"RTE_NM":"1021642","RTE_PRFX":"CS","RTE_NBR":"1021642","SYSTEM":"Off"}},{"type":"Feature","geometry":{"type":"LineString","coordinates":[[-97.71552661,30.31494714],[-97.7149469,30.31506951],[-97.7147165,30.31503703],[-97.71464867,30.31502181]]},"properties":{"AADT_CUR":4819,"RTE_NM":"298662","RTE_PRFX":"CS","RTE_NBR":"298662","SYSTEM":"Off"}},{"type":"Feature","geometry":{"type":"LineString","coordinates":[[-97.7141480907229,30.2534352536832],[-97.71414372,30.253445050002],[-97.7141296780175,30.2534758178657]]},"properties":{"AADT_CUR":195,"RTE_NM":"1017811","RTE_PRFX":"CS","RTE_NBR":"1017811","SYSTEM":"Off"}},{"type":"Feature","geometry":{"type":"LineString","coordinates":[[-97.79705244,30.2650445600021],[-97.79711627,30.2652295700021],[-97.7971803138078,30.265415032797]]},"properties":{"AADT_CUR":195,"RTE_NM":"1019231","RTE_PRFX":"CS","RTE_NBR":"1019231","SYSTEM":"Off"}},{"type":"Feature","geometry":{"type":"LineString","coordinates":[[-97.79258038,30.26768705],[-97.79248452,30.26819943],[-97.79240428,30.26895967]]},"properties":{"AADT_CUR":195,"RTE_NM":"1018383","RTE_PRFX":"CS","RTE_NBR":"1018383","SYSTEM":"Off"}},{"type":"Feature","geometry":{"type":"LineString","coordinates":[[-97.78953524,30.3015859400023],[-97.78934182,30.3018118700023],[-97.78923986,30.3019509100023],[-97.78913925,30.3021116800023],[-97.7890264,30.3023669100023],[-97.78870116,30.3031869400023]]},"properties":{"AADT_CUR":195,"RTE_NM":"227AA3628","RTE_PRFX":"CR","RTE_NBR":"3628","SYSTEM":"Off"}},{"type":"Feature","geometry":{"type":"LineString","coordinates":[[-97.7075466987633,30.26787711542],[-97.70523806,30.2670722300021],[-97.70426223,30.2667194200021],[-97.70230642,30.2660316400021],[-97.7022166741586,30.2660000988439],[-97.702194,30.2659921300021],[-97.70043981,30.2653702600021],[-97.69901458,30.2648970600021],[-97.69884151,30.2648395600021],[-97.69743902,30.2643349300021],[-97.69670607,30.2640688600021],[-97.6965647458135,30.2640175208163]]},"properties":{"AADT_CUR":1152,"RTE_NM":"1016645","RTE_PRFX":"CS","RTE_NBR":"1016645","SYSTEM":"Off"}},{"type":"Feature","geometry":{"type":"LineString","coordinates":[[-97.71230361,30.2960545000023],[-97.711828809651,30.2957972459306],[-97.71040155,30.2951354700023],[-97.70986081,30.2948929100023],[-97.70947004,30.2947175800023],[-97.7094538098198,30.2947091816537],[-97.70928813,30.2946234500023],[-97.70878394,30.2943624900023],[-97.70841732,30.2941765300023],[-97.70822726,30.2941327300023],[-97.70793346,30.2941187400023],[-97.70786402,30.2941279900023]]},"properties":{"AADT_CUR":195,"RTE_NM":"1019914","RTE_PRFX":"CS","RTE_NBR":"1019914","SYSTEM":"Off"}},{"type":"Feature","geometry":{"type":"LineString","coordinates":[[-97.72981441,30.30645382],[-97.7290149,30.30606015],[-97.72887173,30.30598821],[-97.72792041,30.3055316],[-97.72701307,30.30509235],[-97.72603841,30.3046792],[-97.72508338,30.30424449],[-97.72450727,30.30394948]]},"properties":{"AADT_CUR":1263,"RTE_NM":"1015878","RTE_PRFX":"CS","RTE_NBR":"1015878","SYSTEM":"Off"}},{"type":"Feature","geometry":{"type":"LineString","coordinates":[[-97.71608772,30.29582929],[-97.71576715,30.29549545],[-97.71561581,30.29546486],[-97.7133136,30.29435645],[-97.71318183,30.29429297]]},"properties":{"AADT_CUR":195,"RTE_NM":"1017467","RTE_PRFX":"CS","RTE_NBR":"1017467","SYSTEM":"Off"}},{"type":"Feature","geometry":{"type":"LineString","coordinates":[[-97.7309951,30.27132467],[-97.73091008,30.27133438],[-97.72952666,30.27149284],[-97.72803539,30.27174559],[-97.72800686,30.27175046],[-97.72785022,30.27178374],[-97.72765168,30.27182599],[-97.72761627,30.27183355]]},"properties":{"AADT_CUR":195,"RTE_NM":"1014835","RTE_PRFX":"CS","RTE_NBR":"1014835","SYSTEM":"Off"}},{"type":"Feature","geometry":{"type":"LineString","coordinates":[[-97.7333125032483,30.2813637376821],[-97.7332631419656,30.2813549865362]]},"properties":{"AADT_CUR":195,"RTE_NM":"1015849","RTE_PRFX":"CS","RTE_NBR":"1015849","SYSTEM":"Off"}},{"type":"Feature","geometry":{"type":"LineString","coordinates":[[-97.7579919140363,30.2912513815953],[-97.7573867,30.2930547500022],[-97.757234,30.2935522700023],[-97.75723022,30.2935751300023],[-97.75718479,30.2938510700023],[-97.75717566,30.2940461600023],[-97.7571472,30.2942216100023],[-97.7560647,30.2959187800023],[-97.75556184,30.2967090200023]]},"properties":{"AADT_CUR":195,"RTE_NM":"1017242","RTE_PRFX":"CS","RTE_NBR":"1017242","SYSTEM":"Off"}},{"type":"Feature","geometry":{"type":"LineString","coordinates":[[-97.74720099,30.2940204200023],[-97.74708379,30.2955756300023],[-97.74706378,30.2957961600023],[-97.7469223000987,30.2973573217455]]},"properties":{"AADT_CUR":2212,"RTE_NM":"1019826","RTE_PRFX":"CS","RTE_NBR":"1019826","SYSTEM":"Off"}},{"type":"Feature","geometry":{"type":"LineString","coordinates":[[-97.77733402,30.258338010002],[-97.77749879,30.258502110002],[-97.7785630230121,30.2595600497698]]},"properties":{"AADT_CUR":195,"RTE_NM":"1021579","RTE_PRFX":"CS","RTE_NBR":"1021579","SYSTEM":"Off"}},{"type":"Feature","geometry":{"type":"LineString","coordinates":[[-97.70635238,30.28632906],[-97.70389303,30.28670982],[-97.70221256,30.28701124],[-97.70193823,30.28711687],[-97.70130464,30.28756023]]},"properties":{"AADT_CUR":6034,"RTE_NM":"258601","RTE_PRFX":"CS","RTE_NBR":"258601","SYSTEM":"Off"}},{"type":"Feature","geometry":{"type":"LineString","coordinates":[[-97.70706822,30.29342668],[-97.70510036,30.29349374]]},"properties":{"AADT_CUR":195,"RTE_NM":"1017806","RTE_PRFX":"CS","RTE_NBR":"1017806","SYSTEM":"Off"}},{"type":"Feature","geometry":{"type":"LineString","coordinates":[[-97.72666406,30.21720881],[-97.72650367,30.21760707],[-97.72668216,30.21821033],[-97.72688404,30.21906151],[-97.72684511,30.21938804],[-97.72637495,30.22014579],[-97.72606429,30.22056855],[-97.72471319,30.22125609],[-97.72389303,30.22169319],[-97.72305755,30.22266632],[-97.72223184,30.2230499]]},"properties":{"AADT_CUR":1792,"RTE_NM":"1020530","RTE_PRFX":"CS","RTE_NBR":"1020530","SYSTEM":"Off"}},{"type":"Feature","geometry":{"type":"LineString","coordinates":[[-97.72310879,30.3144356300024],[-97.72241117,30.3140336000024],[-97.72152517,30.3135920200024],[-97.7206233250203,30.3131528375224],[-97.71973656,30.3127112100024],[-97.71886532,30.3122836400023],[-97.71796392,30.3118279400024],[-97.71708178,30.3114221400024]]},"properties":{"AADT_CUR":195,"RTE_NM":"1015889","RTE_PRFX":"CS","RTE_NBR":"1015889","SYSTEM":"Off"}},{"type":"Feature","geometry":{"type":"LineString","coordinates":[[-97.7162330490353,30.2997012997306],[-97.71622212,30.2996962700023],[-97.7161326,30.2997246700023],[-97.71605728,30.2996984300023],[-97.71596955,30.2996609100023],[-97.71569849,30.2995438800023],[-97.71562177,30.2995107600023],[-97.71480248,30.2991198700023],[-97.71470029,30.2990710800023],[-97.7137927,30.2986427800023],[-97.71297307,30.2982162300023],[-97.7129123,30.2981792300023],[-97.71287349,30.2981179300023],[-97.71283201,30.2980125600023],[-97.71279397,30.2979265000023],[-97.71267591,30.2978388500023]]},"properties":{"AADT_CUR":195,"RTE_NM":"1013717","RTE_PRFX":"CS","RTE_NBR":"1013717","SYSTEM":"Off"}},{"type":"Feature","geometry":{"type":"LineString","coordinates":[[-97.7350189586294,30.2723177889275],[-97.735023868,30.272305295],[-97.735120602,30.272172525],[-97.7354705326954,30.2711987185325]]},"properties":{"AADT_CUR":3937,"RTE_NM":"258641","RTE_PRFX":"CS","RTE_NBR":"258641","SYSTEM":"Off"}},{"type":"Feature","geometry":{"type":"LineString","coordinates":[[-97.7459331818004,30.2969048360645],[-97.7459319653553,30.2969193064112]]},"properties":{"AADT_CUR":195,"RTE_NM":"1019004","RTE_PRFX":"CS","RTE_NBR":"1019004","SYSTEM":"Off"}},{"type":"Feature","geometry":{"type":"LineString","coordinates":[[-97.76429704,30.30301009],[-97.76286939,30.30234822],[-97.76007892,30.30104457],[-97.75971996,30.30087685],[-97.75936207,30.30069858],[-97.75917331,30.30061338],[-97.75882785,30.30045503]]},"properties":{"AADT_CUR":2462,"RTE_NM":"258707","RTE_PRFX":"CS","RTE_NBR":"258707","SYSTEM":"Off"}},{"type":"Feature","geometry":{"type":"LineString","coordinates":[[-97.77282681,30.23640213],[-97.77278142,30.23637257],[-97.77225943,30.23612841],[-97.77220735,30.23612259],[-97.77216018,30.23613836],[-97.77213999,30.23617377],[-97.77210061,30.23631146],[-97.77197518,30.23668616],[-97.7719122,30.23688377],[-97.77186479,30.23698739]]},"properties":{"AADT_CUR":195,"RTE_NM":"1014185","RTE_PRFX":"CS","RTE_NBR":"1014185","SYSTEM":"Off"}},{"type":"Feature","geometry":{"type":"LineString","coordinates":[[-97.77257201,30.2371635600019],[-97.77240851,30.2371237400019],[-97.77215535,30.2370625400019],[-97.77186479,30.2369873900019],[-97.7715655,30.2369094000019],[-97.77139353,30.2368582200019],[-97.77123064,30.2368077900019],[-97.77086596,30.2366765400019],[-97.77024217,30.2363634800019],[-97.77007828,30.2362812400019],[-97.76948941,30.2360178300019],[-97.76927377,30.2359213500019],[-97.76863933,30.2356075900019],[-97.7685084919356,30.2355428717804]]},"properties":{"AADT_CUR":1856,"RTE_NM":"1013954","RTE_PRFX":"CS","RTE_NBR":"1013954","SYSTEM":"Off"}},{"type":"Feature","geometry":{"type":"LineString","coordinates":[[-97.78536088,30.24139917],[-97.78551831,30.24155423],[-97.78607639,30.24210375],[-97.78633397,30.24239491],[-97.78638923,30.242583],[-97.78619424,30.24325022],[-97.78577352,30.24448773],[-97.78593163,30.24491994]]},"properties":{"AADT_CUR":195,"RTE_NM":"1021495","RTE_PRFX":"CS","RTE_NBR":"1021495","SYSTEM":"Off"}},{"type":"Feature","geometry":{"type":"LineString","coordinates":[[-97.76163183,30.24206364],[-97.76136571,30.24277885],[-97.7612492,30.24316984],[-97.76126426,30.24328841],[-97.76138802,30.24345866],[-97.76160662,30.24360607],[-97.76126817,30.24418234],[-97.76120339,30.24428451],[-97.76052417,30.24535554],[-97.7604555,30.24546346],[-97.75979679,30.24649882],[-97.75917606,30.24744346],[-97.75910944,30.24754699],[-97.75859107,30.24835306],[-97.75853052,30.24845454],[-97.7581368,30.24911403],[-97.7581413,30.24917861],[-97.75816478,30.24951889],[-97.75816939,30.24958499],[-97.75803464,30.25031865],[-97.75802396,30.25037688],[-97.75800232,30.25048379],[-97.75784056,30.25128355]]},"properties":{"AADT_CUR":195,"RTE_NM":"1019738","RTE_PRFX":"CS","RTE_NBR":"1019738","SYSTEM":"Off"}},{"type":"Feature","geometry":{"type":"LineString","coordinates":[[-97.7286535079801,30.2585354318893],[-97.72864913,30.258533900004],[-97.7266374121018,30.2578308772831],[-97.7246790449217,30.2571561920285]]},"properties":{"AADT_CUR":12499,"RTE_NM":"258861","RTE_PRFX":"CS","RTE_NBR":"258861","SYSTEM":"Off"}},{"type":"Feature","geometry":{"type":"LineString","coordinates":[[-97.79834638,30.2834587700022],[-97.79782626,30.2841965400022],[-97.79774897,30.2843050500022],[-97.7965708570334,30.2836662123772]]},"properties":{"AADT_CUR":195,"RTE_NM":"1252094","RTE_PRFX":"CS","RTE_NBR":"1252094","SYSTEM":"Off"}},{"type":"Feature","geometry":{"type":"LineString","coordinates":[[-97.78652465,30.22231319],[-97.78648301,30.22232611],[-97.786191,30.22241654],[-97.78591602,30.22257609]]},"properties":{"AADT_CUR":195,"RTE_NM":"1018941","RTE_PRFX":"CS","RTE_NBR":"1018941","SYSTEM":"Off"}},{"type":"Feature","geometry":{"type":"LineString","coordinates":[[-97.71866633,30.3089854800024],[-97.7173906248884,30.3083595222547]]},"properties":{"AADT_CUR":195,"RTE_NM":"1015884","RTE_PRFX":"CS","RTE_NBR":"1015884","SYSTEM":"Off"}},{"type":"Feature","geometry":{"type":"LineString","coordinates":[[-97.7157210907682,30.3026485987454],[-97.715711677767,30.302660600421]]},"properties":{"AADT_CUR":34506,"RTE_NM":"IH0035-XG","RTE_PRFX":"IH","RTE_NBR":"35","SYSTEM":"On"}},{"type":"Feature","geometry":{"type":"LineString","coordinates":[[-97.7255270087922,30.2870478306258],[-97.7255200896533,30.2871198424669]]},"properties":{"AADT_CUR":195,"RTE_NM":"1015190","RTE_PRFX":"CS","RTE_NBR":"1015190","SYSTEM":"Off"}},{"type":"Feature","geometry":{"type":"LineString","coordinates":[[-97.716068992,30.267080575],[-97.7159454213796,30.2671225419694]]},"properties":{"AADT_CUR":195,"RTE_NM":"1014526","RTE_PRFX":"CS","RTE_NBR":"1014526","SYSTEM":"Off"}},{"type":"Feature","geometry":{"type":"LineString","coordinates":[[-97.7672732548329,30.266008987212],[-97.76727296,30.2660138000021],[-97.76714081,30.2663962300021],[-97.76508882,30.2665008800021],[-97.7645391,30.2663220700021],[-97.76347063,30.2664959400021],[-97.7627558,30.2668969000021],[-97.76234623,30.2672544500021],[-97.76289899,30.2677056000021],[-97.7643833,30.2682166700021],[-97.76538342,30.2683797600021],[-97.76705619,30.2692218700021],[-97.76859236,30.2693929000021],[-97.7703269194481,30.2691051283969]]},"properties":{"AADT_CUR":195,"RTE_NM":"1017893","RTE_PRFX":"CS","RTE_NBR":"1017893","SYSTEM":"Off"}},{"type":"Feature","geometry":{"type":"LineString","coordinates":[[-97.763675042665,30.2638020975401],[-97.76366975,30.2638073600021],[-97.76253278,30.2653054900021]]},"properties":{"AADT_CUR":195,"RTE_NM":"1020411","RTE_PRFX":"CS","RTE_NBR":"1020411","SYSTEM":"Off"}},{"type":"Feature","geometry":{"type":"LineString","coordinates":[[-97.79276734,30.25107059],[-97.79221146,30.25088632]]},"properties":{"AADT_CUR":195,"RTE_NM":"1018296","RTE_PRFX":"CS","RTE_NBR":"1018296","SYSTEM":"Off"}},{"type":"Feature","geometry":{"type":"LineString","coordinates":[[-97.7864664334701,30.3113207119918],[-97.78632047,30.3112216200024],[-97.78623947,30.3111387300024],[-97.78618034,30.3110544900024],[-97.78609772,30.3108927400024],[-97.78604559,30.3108184900024],[-97.78597709,30.3107601100024],[-97.78576009,30.3106554900024]]},"properties":{"AADT_CUR":195,"RTE_NM":"227AA0507","RTE_PRFX":"CR","RTE_NBR":"507","SYSTEM":"Off"}},{"type":"Feature","geometry":{"type":"LineString","coordinates":[[-97.7416144159048,30.3153486851509],[-97.74160317,30.3153429500048],[-97.74102189,30.3151419400048],[-97.7405494332615,30.3149140851203],[-97.7396489400223,30.3144797899677],[-97.7387763030321,30.3140413566668],[-97.73783425,30.3135900600048],[-97.7376395121604,30.3134935065781]]},"properties":{"AADT_CUR":13857,"RTE_NM":"258452","RTE_PRFX":"CS","RTE_NBR":"258452","SYSTEM":"Off"}},{"type":"Feature","geometry":{"type":"LineString","coordinates":[[-97.68736653,30.21904603],[-97.68557999,30.21757869],[-97.68547722,30.21749425],[-97.68539477,30.21741741],[-97.685251,30.21728332]]},"properties":{"AADT_CUR":195,"RTE_NM":"1018795","RTE_PRFX":"CS","RTE_NBR":"1018795","SYSTEM":"Off"}},{"type":"Feature","geometry":{"type":"LineString","coordinates":[[-97.76450473,30.2467143],[-97.764176,30.24710378],[-97.76414614,30.2471498],[-97.76369129,30.24785037],[-97.76320485,30.24866024],[-97.76273036,30.24952532],[-97.76268546,30.24960693],[-97.7626495,30.24966044],[-97.76202842,30.25058526],[-97.76195109,30.25070429],[-97.76177233,30.25097881],[-97.76171495,30.25106688]]},"properties":{"AADT_CUR":195,"RTE_NM":"1019740","RTE_PRFX":"CS","RTE_NBR":"1019740","SYSTEM":"Off"}},{"type":"Feature","geometry":{"type":"LineString","coordinates":[[-97.7373961757873,30.2562412911906],[-97.73738243,30.256236580002],[-97.7373640100692,30.2562398818723]]},"properties":{"AADT_CUR":195,"RTE_NM":"1017579","RTE_PRFX":"CS","RTE_NBR":"1017579","SYSTEM":"Off"}},{"type":"Feature","geometry":{"type":"LineString","coordinates":[[-97.6997002021474,30.2233723506905],[-97.69969263,30.2233816000018],[-97.6996834110773,30.2233973752836]]},"properties":{"AADT_CUR":195,"RTE_NM":"1020774","RTE_PRFX":"CS","RTE_NBR":"1020774","SYSTEM":"Off"}},{"type":"Feature","geometry":{"type":"LineString","coordinates":[[-97.6914264614791,30.2181291019231],[-97.691455556,30.218114797]]},"properties":{"AADT_CUR":44160,"RTE_NM":"TL0183-LG","RTE_PRFX":"TL","RTE_NBR":"183","SYSTEM":"Off"}},{"type":"Feature","geometry":{"type":"LineString","coordinates":[[-97.69209617,30.24216918],[-97.69215609,30.24222061],[-97.6922619,30.24231297],[-97.69234034,30.24238098],[-97.69205623,30.24277946],[-97.69140992,30.24384557],[-97.69137777,30.24389862]]},"properties":{"AADT_CUR":195,"RTE_NM":"1018393","RTE_PRFX":"CS","RTE_NBR":"1018393","SYSTEM":"Off"}},{"type":"Feature","geometry":{"type":"LineString","coordinates":[[-97.6965439654789,30.2639904163958],[-97.6955153641982,30.2655700582808]]},"properties":{"AADT_CUR":9232,"RTE_NM":"187788","RTE_PRFX":"CS","RTE_NBR":"187788","SYSTEM":"Off"}},{"type":"Feature","geometry":{"type":"LineString","coordinates":[[-97.7236800487265,30.2880516197117],[-97.72282576,30.2876304000022],[-97.72266873,30.2875529200022],[-97.72162194,30.2870612800022],[-97.72093343,30.2867453900022],[-97.72048658,30.2865347900022],[-97.71970319,30.2861475200022]]},"properties":{"AADT_CUR":195,"RTE_NM":"1015863","RTE_PRFX":"CS","RTE_NBR":"1015863","SYSTEM":"Off"}},{"type":"Feature","geometry":{"type":"LineString","coordinates":[[-97.7546129395245,30.2702954643992],[-97.75459575,30.2702888200021],[-97.75317045,30.2697378600021],[-97.75095437,30.2693109200021],[-97.7509288619447,30.2693037359699],[-97.7498928588099,30.2690119531228],[-97.7487719877865,30.2686962563748],[-97.7477014154606,30.2683947152782],[-97.7466594531825,30.2681012221407]]},"properties":{"AADT_CUR":15569,"RTE_NM":"258395","RTE_PRFX":"CS","RTE_NBR":"258395","SYSTEM":"Off"}},{"type":"Feature","geometry":{"type":"LineString","coordinates":[[-97.7924673543147,30.236158028951],[-97.79229139,30.236269317]]},"properties":{"AADT_CUR":499,"RTE_NM":"SL0343-AG","RTE_PRFX":"SL","RTE_NBR":"343","SYSTEM":"On"}},{"type":"Feature","geometry":{"type":"LineString","coordinates":[[-97.7695218614447,30.2337444406802],[-97.7685084919356,30.2355428717804],[-97.7684936,30.2355693000019],[-97.7669824866416,30.2382369923581],[-97.7660728319441,30.2398428007871],[-97.76605181,30.2398799100019],[-97.7654509997325,30.2409754719293],[-97.7649184219057,30.2418783116986],[-97.76490273,30.2419049000019],[-97.7647859,30.2421898800019],[-97.76476684,30.2424167900019],[-97.76475961,30.2427276200019],[-97.76471274,30.2429659900019],[-97.76446419,30.2435835400019],[-97.7643536514135,30.2438864541285]]},"properties":{"AADT_CUR":579,"RTE_NM":"267234","RTE_PRFX":"CS","RTE_NBR":"267234","SYSTEM":"Off"}},{"type":"Feature","geometry":{"type":"LineString","coordinates":[[-97.6969843675859,30.2295749217132],[-97.6969923400156,30.2295642549248],[-97.6976043810232,30.2287453602911],[-97.6981766602094,30.2279796507135],[-97.6984908492354,30.2275592595332],[-97.69870337,30.2272749000018],[-97.69990199,30.2256647600018],[-97.700704,30.2245839900018],[-97.7010241,30.2241519900018],[-97.7011178173024,30.2240315234694]]},"properties":{"AADT_CUR":3603,"RTE_NM":"267007","RTE_PRFX":"CS","RTE_NBR":"267007","SYSTEM":"Off"}},{"type":"Feature","geometry":{"type":"LineString","coordinates":[[-97.79706733,30.26927211],[-97.7967578,30.26901359],[-97.79673009,30.2689904]]},"properties":{"AADT_CUR":195,"RTE_NM":"1016862","RTE_PRFX":"CS","RTE_NBR":"1016862","SYSTEM":"Off"}},{"type":"Feature","geometry":{"type":"LineString","coordinates":[[-97.767500608199,30.3114285128355],[-97.76750283,30.3114291500024],[-97.76902347,30.3119711200024]]},"properties":{"AADT_CUR":195,"RTE_NM":"1021385","RTE_PRFX":"CS","RTE_NBR":"1021385","SYSTEM":"Off"}},{"type":"Feature","geometry":{"type":"LineString","coordinates":[[-97.7767895540441,30.2831658444933],[-97.77678366,30.2831578000022],[-97.77623744,30.2823850200022],[-97.77519504,30.2809190900022],[-97.7747138874097,30.2801475456234],[-97.77464523,30.2800374500022],[-97.77423395,30.2794678500022],[-97.77398504,30.2791731700022],[-97.77346609,30.2787377300021],[-97.7731798080829,30.2785335476409],[-97.77301989,30.2784194900021],[-97.77273539,30.2782103100021],[-97.77245369,30.2780104200021],[-97.77221847,30.2778681700022],[-97.77198325,30.2777380100022],[-97.7718679944882,30.2776844964835],[-97.77164483,30.2775808800022],[-97.7714866620822,30.2775214049416],[-97.77130363,30.2774525800022],[-97.77097915,30.2773447400022],[-97.77060809,30.2772322900022],[-97.7705166969589,30.2772063479854]]},"properties":{"AADT_CUR":10099,"RTE_NM":"258569","RTE_PRFX":"CS","RTE_NBR":"258569","SYSTEM":"Off"}},{"type":"Feature","geometry":{"type":"LineString","coordinates":[[-97.7768125228954,30.3010951614205],[-97.77589467,30.3025702700023],[-97.7758796,30.3025937300023],[-97.77576242,30.3027766300023],[-97.77567587,30.3029316700023],[-97.77560136,30.3029934700023],[-97.77551914,30.3029862900023]]},"properties":{"AADT_CUR":195,"RTE_NM":"1017386","RTE_PRFX":"CS","RTE_NBR":"1017386","SYSTEM":"Off"}},{"type":"Feature","geometry":{"type":"LineString","coordinates":[[-97.70040204,30.261293420002],[-97.69919422,30.2638732200021],[-97.69883153,30.2646826100021],[-97.69884151,30.2648395600021],[-97.69883779,30.2650072600021],[-97.69849266,30.2657812700021],[-97.69828943,30.2661456600021],[-97.69793371,30.2669882100021],[-97.69756391,30.2677671800021],[-97.69723171,30.2684451900021],[-97.69691239,30.2691454900021],[-97.69672992,30.2695093500021],[-97.69670627,30.2695565600021],[-97.6967004747288,30.2695701732395],[-97.69616537,30.2708271300021],[-97.69610963,30.2709456700021],[-97.69526377,30.2727448000021],[-97.6947803667749,30.2738125230523]]},"properties":{"AADT_CUR":195,"RTE_NM":"1016756","RTE_PRFX":"CS","RTE_NBR":"1016756","SYSTEM":"Off"}},{"type":"Feature","geometry":{"type":"LineString","coordinates":[[-97.718611333,30.219116396],[-97.718697441,30.218984479],[-97.718910367,30.218651526],[-97.719387183,30.217895225],[-97.720147695,30.2166816],[-97.720229244,30.21651211],[-97.720281288,30.216358844],[-97.720328914,30.216193045],[-97.720357968,30.216010045],[-97.720372958,30.215883754],[-97.72037224,30.21481019],[-97.720388536,30.213757634]]},"properties":{"AADT_CUR":6269,"RTE_NM":"1264432","RTE_PRFX":"CS","RTE_NBR":"1264432","SYSTEM":"Off"}},{"type":"Feature","geometry":{"type":"LineString","coordinates":[[-97.72256184,30.2243971800018],[-97.7228021,30.2242928600018],[-97.722978225037,30.2241385043514]]},"properties":{"AADT_CUR":195,"RTE_NM":"1017773","RTE_PRFX":"CS","RTE_NBR":"1017773","SYSTEM":"Off"}},{"type":"Feature","geometry":{"type":"LineString","coordinates":[[-97.68876917,30.2761699000021],[-97.6871657464696,30.2769546681014],[-97.68685842,30.2771050800022],[-97.6850670263647,30.2780894234826]]},"properties":{"AADT_CUR":5520,"RTE_NM":"258705","RTE_PRFX":"CS","RTE_NBR":"258705","SYSTEM":"Off"}},{"type":"Feature","geometry":{"type":"LineString","coordinates":[[-97.72302174,30.30218373],[-97.72250483,30.30301481],[-97.72191207,30.30395164],[-97.72185062,30.30404596],[-97.72142924,30.30469262],[-97.72096868,30.30543227],[-97.72093713,30.30548298],[-97.72044603,30.30623754],[-97.72039004,30.30632436],[-97.71996294,30.30698682],[-97.71930707,30.30802958],[-97.71923981,30.30812995],[-97.71865961,30.30899551],[-97.7177651,30.3104212],[-97.71770053,30.31051582],[-97.71708178,30.31142214],[-97.71646399,30.31246019],[-97.71634143,30.31263559],[-97.71571949,30.31352583]]},"properties":{"AADT_CUR":195,"RTE_NM":"1014826","RTE_PRFX":"CS","RTE_NBR":"1014826","SYSTEM":"Off"}},{"type":"Feature","geometry":{"type":"LineString","coordinates":[[-97.7290862530363,30.2650100896487],[-97.7290800505942,30.2650235695112]]},"properties":{"AADT_CUR":195,"RTE_NM":"1013786","RTE_PRFX":"CS","RTE_NBR":"1013786","SYSTEM":"Off"}},{"type":"Feature","geometry":{"type":"LineString","coordinates":[[-97.7356838766247,30.2800025304754],[-97.7356916647108,30.2799896802279]]},"properties":{"AADT_CUR":906,"RTE_NM":"258676","RTE_PRFX":"CS","RTE_NBR":"258676","SYSTEM":"Off"}},{"type":"Feature","geometry":{"type":"LineString","coordinates":[[-97.7420016301365,30.2826432136389],[-97.74199068,30.2826424000022],[-97.74091527,30.2825656400022],[-97.73972682,30.2825132900022],[-97.73909656,30.2824380700022]]},"properties":{"AADT_CUR":195,"RTE_NM":"1021199","RTE_PRFX":"CS","RTE_NBR":"1021199","SYSTEM":"Off"}},{"type":"Feature","geometry":{"type":"LineString","coordinates":[[-97.7410681,30.27277365],[-97.7414393750798,30.2718098900346]]},"properties":{"AADT_CUR":3008,"RTE_NM":"258521","RTE_PRFX":"CS","RTE_NBR":"258521","SYSTEM":"Off"}},{"type":"Feature","geometry":{"type":"LineString","coordinates":[[-97.7561719687846,30.3000807311223],[-97.75617205,30.30008058],[-97.75667932,30.29927482],[-97.75718117,30.29846965],[-97.75795504,30.29735919],[-97.75802534,30.29704616],[-97.75792218,30.29674375],[-97.75775527,30.29647438],[-97.7576351,30.29622632],[-97.75760095,30.29591246],[-97.75761431,30.29576823],[-97.7576576,30.29558463]]},"properties":{"AADT_CUR":532,"RTE_NM":"258564","RTE_PRFX":"CS","RTE_NBR":"258564","SYSTEM":"Off"}},{"type":"Feature","geometry":{"type":"LineString","coordinates":[[-97.78733593,30.21880893],[-97.78673558,30.21863747]]},"properties":{"AADT_CUR":195,"RTE_NM":"1019365","RTE_PRFX":"CS","RTE_NBR":"1019365","SYSTEM":"Off"}},{"type":"Feature","geometry":{"type":"LineString","coordinates":[[-97.72032912,30.22328176],[-97.71922416,30.22274213]]},"properties":{"AADT_CUR":195,"RTE_NM":"1018406","RTE_PRFX":"CS","RTE_NBR":"1018406","SYSTEM":"Off"}},{"type":"Feature","geometry":{"type":"LineString","coordinates":[[-97.68933519,30.26516357],[-97.68885637,30.26491718]]},"properties":{"AADT_CUR":195,"RTE_NM":"1021566","RTE_PRFX":"CS","RTE_NBR":"1021566","SYSTEM":"Off"}},{"type":"Feature","geometry":{"type":"LineString","coordinates":[[-97.74191478,30.2904875900022],[-97.74190287,30.2906110400022],[-97.74188187,30.2908279700022],[-97.74183963,30.2908656200023],[-97.74179677,30.2908977300022],[-97.7412807932498,30.2908666723518]]},"properties":{"AADT_CUR":195,"RTE_NM":"1017092","RTE_PRFX":"CS","RTE_NBR":"1017092","SYSTEM":"Off"}},{"type":"Feature","geometry":{"type":"LineString","coordinates":[[-97.77406053,30.24473833],[-97.77320153,30.24434163]]},"properties":{"AADT_CUR":195,"RTE_NM":"1019384","RTE_PRFX":"CS","RTE_NBR":"1019384","SYSTEM":"Off"}},{"type":"Feature","geometry":{"type":"LineString","coordinates":[[-97.7584945861331,30.2433158445104],[-97.7584788746746,30.2433108086049]]},"properties":{"AADT_CUR":195,"RTE_NM":"1016331","RTE_PRFX":"CS","RTE_NBR":"1016331","SYSTEM":"Off"}},{"type":"Feature","geometry":{"type":"LineString","coordinates":[[-97.773561534,30.278029673],[-97.7735329584251,30.2780144964369]]},"properties":{"AADT_CUR":195,"RTE_NM":"1016393","RTE_PRFX":"CS","RTE_NBR":"1016393","SYSTEM":"Off"}},{"type":"Feature","geometry":{"type":"LineString","coordinates":[[-97.6998927590241,30.2710162693553],[-97.6998618174622,30.2710053552948]]},"properties":{"AADT_CUR":195,"RTE_NM":"1014063","RTE_PRFX":"CS","RTE_NBR":"1014063","SYSTEM":"Off"}},{"type":"Feature","geometry":{"type":"LineString","coordinates":[[-97.70723677,30.28920902],[-97.70692941,30.2892298],[-97.70581906,30.289329],[-97.70544775,30.28932502],[-97.70522371,30.28929661],[-97.70491647,30.28922337],[-97.70462873,30.28911797],[-97.70130464,30.28756023]]},"properties":{"AADT_CUR":2624,"RTE_NM":"258745","RTE_PRFX":"CS","RTE_NBR":"258745","SYSTEM":"Off"}},{"type":"Feature","geometry":{"type":"LineString","coordinates":[[-97.72591562,30.2926765],[-97.7242067,30.29186745],[-97.72407889,30.29180618]]},"properties":{"AADT_CUR":195,"RTE_NM":"1015805","RTE_PRFX":"CS","RTE_NBR":"1015805","SYSTEM":"Off"}},{"type":"Feature","geometry":{"type":"LineString","coordinates":[[-97.7336587022094,30.2696202392388],[-97.73379784,30.2696605000021],[-97.7347218,30.2699288600021],[-97.73528642,30.2701108400021],[-97.7357666428825,30.2702264185502]]},"properties":{"AADT_CUR":769,"RTE_NM":"1015838","RTE_PRFX":"CS","RTE_NBR":"1015838","SYSTEM":"Off"}},{"type":"Feature","geometry":{"type":"LineString","coordinates":[[-97.7475132972877,30.3070907591806],[-97.74750587,30.3070888300023],[-97.7463781,30.3067085400023],[-97.7457046059877,30.3064088949555],[-97.7455127506392,30.3063240193357],[-97.7441546862548,30.3057232059069]]},"properties":{"AADT_CUR":16222,"RTE_NM":"258446","RTE_PRFX":"CS","RTE_NBR":"258446","SYSTEM":"Off"}},{"type":"Feature","geometry":{"type":"LineString","coordinates":[[-97.76064386,30.29939097],[-97.76057515,30.29949916],[-97.76020388,30.30008347],[-97.75971996,30.30087685]]},"properties":{"AADT_CUR":195,"RTE_NM":"1014191","RTE_PRFX":"CS","RTE_NBR":"1014191","SYSTEM":"Off"}},{"type":"Feature","geometry":{"type":"LineString","coordinates":[[-97.77652198,30.23659979],[-97.77602079,30.23746439],[-97.77546126,30.23838764],[-97.77543296,30.23843828]]},"properties":{"AADT_CUR":195,"RTE_NM":"1020244","RTE_PRFX":"CS","RTE_NBR":"1020244","SYSTEM":"Off"}},{"type":"Feature","geometry":{"type":"LineString","coordinates":[[-97.77918282,30.24027505],[-97.77766161,30.2395118],[-97.77704737,30.23920364],[-97.77685937,30.23910929],[-97.7757181,30.23860798],[-97.77543296,30.23843828],[-97.77490761,30.23823425],[-97.77433293,30.23794837],[-97.77366331,30.23761533],[-97.77329465,30.23742366]]},"properties":{"AADT_CUR":195,"RTE_NM":"1017748","RTE_PRFX":"CS","RTE_NBR":"1017748","SYSTEM":"Off"}},{"type":"Feature","geometry":{"type":"LineString","coordinates":[[-97.71073122,30.31542893],[-97.70929149,30.31471737]]},"properties":{"AADT_CUR":195,"RTE_NM":"1015896","RTE_PRFX":"CS","RTE_NBR":"1015896","SYSTEM":"Off"}},{"type":"Feature","geometry":{"type":"LineString","coordinates":[[-97.76020571,30.23436159],[-97.75969131,30.23435126],[-97.75919254,30.23411018]]},"properties":{"AADT_CUR":195,"RTE_NM":"1014398","RTE_PRFX":"CS","RTE_NBR":"1014398","SYSTEM":"Off"}},{"type":"Feature","geometry":{"type":"LineString","coordinates":[[-97.74074044,30.24833959],[-97.74177509,30.24944966]]},"properties":{"AADT_CUR":195,"RTE_NM":"1013842","RTE_PRFX":"CS","RTE_NBR":"1013842","SYSTEM":"Off"}},{"type":"Feature","geometry":{"type":"LineString","coordinates":[[-97.773303056,30.278418319],[-97.7733158074984,30.2784276508291]]},"properties":{"AADT_CUR":195,"RTE_NM":"1260364","RTE_PRFX":"CS","RTE_NBR":"1260364","SYSTEM":"Off"}},{"type":"Feature","geometry":{"type":"LineString","coordinates":[[-97.70215325,30.29147853],[-97.70216114,30.29218795],[-97.70217371,30.29287878]]},"properties":{"AADT_CUR":195,"RTE_NM":"1018215","RTE_PRFX":"CS","RTE_NBR":"1018215","SYSTEM":"Off"}},{"type":"Feature","geometry":{"type":"LineString","coordinates":[[-97.77390656,30.2256893100018],[-97.77103323,30.2243386900018],[-97.7709061211288,30.2242789179885],[-97.77088167,30.2242674200018],[-97.76968591,30.2236769300018],[-97.76904103,30.2233706400018],[-97.764982,30.2214428800018],[-97.7648858844307,30.2213972185631]]},"properties":{"AADT_CUR":195,"RTE_NM":"1019326","RTE_PRFX":"CS","RTE_NBR":"1019326","SYSTEM":"Off"}},{"type":"Feature","geometry":{"type":"LineString","coordinates":[[-97.7972713129434,30.3082026298422],[-97.79726359,30.3081917600024],[-97.7971659640806,30.3080543543047]]},"properties":{"AADT_CUR":2930,"RTE_NM":"227AA0500","RTE_PRFX":"CR","RTE_NBR":"500","SYSTEM":"Off"}},{"type":"Feature","geometry":{"type":"LineString","coordinates":[[-97.7309005349986,30.2969312624606],[-97.7300625,30.2965099500023],[-97.72919957,30.2960990900023],[-97.72835784,30.2956969700023],[-97.72788492,30.2954590700023]]},"properties":{"AADT_CUR":195,"RTE_NM":"1014783","RTE_PRFX":"CS","RTE_NBR":"1014783","SYSTEM":"Off"}},{"type":"Feature","geometry":{"type":"LineString","coordinates":[[-97.7251225998147,30.2790809912208],[-97.725139554,30.2791614410044],[-97.7253746735236,30.2801652740845],[-97.725517272,30.2807740820044],[-97.725612765,30.2812412570044],[-97.726029382,30.2831433890044]]},"properties":{"AADT_CUR":509,"RTE_NM":"267038","RTE_PRFX":"CS","RTE_NBR":"267038","SYSTEM":"Off"}},{"type":"Feature","geometry":{"type":"LineString","coordinates":[[-97.7279598398632,30.2832265061503],[-97.7279651765524,30.2832127448431]]},"properties":{"AADT_CUR":2967,"RTE_NM":"258641","RTE_PRFX":"CS","RTE_NBR":"258641","SYSTEM":"Off"}},{"type":"Feature","geometry":{"type":"LineString","coordinates":[[-97.7579361026187,30.2730598746966],[-97.75787183,30.2731626300021],[-97.75714498,30.2743256300021]]},"properties":{"AADT_CUR":195,"RTE_NM":"1016834","RTE_PRFX":"CS","RTE_NBR":"1016834","SYSTEM":"Off"}},{"type":"Feature","geometry":{"type":"LineString","coordinates":[[-97.7962957710189,30.2341293843039],[-97.796248725,30.234155908],[-97.795930436,30.234337684],[-97.79556681,30.234542073],[-97.795223891,30.234734765],[-97.79487829,30.23491587],[-97.794590345,30.235055803],[-97.794287648,30.235194577],[-97.79403256,30.235318868],[-97.793833938,30.235425042],[-97.793599776,30.235560184],[-97.793274502,30.235754227],[-97.79293257,30.2359692],[-97.792719222,30.236111914],[-97.792181026,30.236465414],[-97.79161185,30.23686388],[-97.790984645,30.237308981],[-97.790891663,30.237408113],[-97.7908762510546,30.2374438880603]]},"properties":{"AADT_CUR":37215,"RTE_NM":"SL0343-RG","RTE_PRFX":"SL","RTE_NBR":"343","SYSTEM":"On"}},{"type":"Feature","geometry":{"type":"LineString","coordinates":[[-97.803622008,30.232080923],[-97.803183706,30.232216996],[-97.80276463,30.23228988],[-97.801770153,30.232524957],[-97.801202877,30.232662412],[-97.800723443,30.232774954],[-97.800161481,30.232908794],[-97.799897935,30.232974555],[-97.799650482,30.23303684],[-97.79825134,30.233439828],[-97.79752305,30.23364598],[-97.797311246,30.233718213],[-97.797097431,30.233797688],[-97.796722869,30.233958756],[-97.796501864,30.234083036],[-97.796373370563,30.2341563899732]]},"properties":{"AADT_CUR":36000,"RTE_NM":"SL0343-LG","RTE_PRFX":"SL","RTE_NBR":"343","SYSTEM":"On"}},{"type":"Feature","geometry":{"type":"LineString","coordinates":[[-97.77106895,30.28851046],[-97.77080838,30.28862624],[-97.77044009,30.28832187]]},"properties":{"AADT_CUR":195,"RTE_NM":"1017172","RTE_PRFX":"CS","RTE_NBR":"1017172","SYSTEM":"Off"}},{"type":"Feature","geometry":{"type":"LineString","coordinates":[[-97.7243439469724,30.2256317751135],[-97.7243317447425,30.2256199650171],[-97.7242658092883,30.2255561483919]]},"properties":{"AADT_CUR":11143,"RTE_NM":"258628","RTE_PRFX":"CS","RTE_NBR":"258628","SYSTEM":"Off"}},{"type":"Feature","geometry":{"type":"LineString","coordinates":[[-97.68831413,30.31512512],[-97.6879932,30.31526119],[-97.68788114,30.31530869]]},"properties":{"AADT_CUR":195,"RTE_NM":"1021038","RTE_PRFX":"CS","RTE_NBR":"1021038","SYSTEM":"Off"}},{"type":"Feature","geometry":{"type":"LineString","coordinates":[[-97.80186012,30.22101105],[-97.80125721,30.22054258],[-97.80030538,30.22009746],[-97.79962153,30.21975764],[-97.79949258,30.21969359],[-97.7985226,30.21924535],[-97.79786403,30.21902877]]},"properties":{"AADT_CUR":195,"RTE_NM":"1021153","RTE_PRFX":"CS","RTE_NBR":"1021153","SYSTEM":"Off"}},{"type":"Feature","geometry":{"type":"LineString","coordinates":[[-97.7880151573906,30.2304389353032],[-97.7880671139464,30.2303532265287],[-97.7882171415604,30.2301057363925],[-97.7882721276183,30.2300150293496]]},"properties":{"AADT_CUR":11902,"RTE_NM":"258600","RTE_PRFX":"CS","RTE_NBR":"258600","SYSTEM":"Off"}},{"type":"Feature","geometry":{"type":"LineString","coordinates":[[-97.74948185,30.23633773],[-97.74906441,30.23619451]]},"properties":{"AADT_CUR":195,"RTE_NM":"1017396","RTE_PRFX":"CS","RTE_NBR":"1017396","SYSTEM":"Off"}},{"type":"Feature","geometry":{"type":"LineString","coordinates":[[-97.7545905,30.23312378],[-97.75356381,30.23438492],[-97.75245361,30.23574856]]},"properties":{"AADT_CUR":195,"RTE_NM":"1014778","RTE_PRFX":"CS","RTE_NBR":"1014778","SYSTEM":"Off"}},{"type":"Feature","geometry":{"type":"LineString","coordinates":[[-97.7311808229513,30.2376129829718],[-97.73116482,30.2376369000019],[-97.73019372,30.2390880600019],[-97.73006651,30.2398554000019],[-97.73003106,30.2400694000019],[-97.72954306,30.2408680800019],[-97.72845681,30.2416516300019],[-97.72827981,30.2417793300019],[-97.7282794815109,30.2417795162296]]},"properties":{"AADT_CUR":195,"RTE_NM":"1019669","RTE_PRFX":"CS","RTE_NBR":"1019669","SYSTEM":"Off"}},{"type":"Feature","geometry":{"type":"LineString","coordinates":[[-97.74111175,30.23863844],[-97.74104652,30.23874128],[-97.73947775,30.24121541]]},"properties":{"AADT_CUR":195,"RTE_NM":"1016202","RTE_PRFX":"CS","RTE_NBR":"1016202","SYSTEM":"Off"}},{"type":"Feature","geometry":{"type":"LineString","coordinates":[[-97.7858195557596,30.2745485579116],[-97.78496294,30.2756547100022],[-97.7849338,30.2756850700022],[-97.78439921,30.2762430400021],[-97.78434463,30.2763105200022],[-97.7837866,30.2770009700022],[-97.78376922,30.2770209800021],[-97.78317223,30.2777065800022],[-97.78316673,30.2777131500022],[-97.78282874,30.2781150400022]]},"properties":{"AADT_CUR":195,"RTE_NM":"1206156","RTE_PRFX":"CS","RTE_NBR":"1206156","SYSTEM":"Off"}},{"type":"Feature","geometry":{"type":"LineString","coordinates":[[-97.720396036404,30.2840935531511],[-97.7203794504542,30.2840954356202]]},"properties":{"AADT_CUR":6332,"RTE_NM":"258862","RTE_PRFX":"CS","RTE_NBR":"258862","SYSTEM":"Off"}},{"type":"Feature","geometry":{"type":"LineString","coordinates":[[-97.72888374,30.272330361],[-97.7288866895754,30.2723446640729]]},"properties":{"AADT_CUR":1162,"RTE_NM":"1021345","RTE_PRFX":"CS","RTE_NBR":"1021345","SYSTEM":"Off"}},{"type":"Feature","geometry":{"type":"LineString","coordinates":[[-97.7506485390435,30.2793975732266],[-97.7506053140759,30.2794196941376]]},"properties":{"AADT_CUR":195,"RTE_NM":"1018526","RTE_PRFX":"CS","RTE_NBR":"1018526","SYSTEM":"Off"}},{"type":"Feature","geometry":{"type":"LineString","coordinates":[[-97.7626335554763,30.2748244309941],[-97.7626388975195,30.2748265238835],[-97.76356571,30.2753044000064],[-97.76363465,30.2753532900065],[-97.7642203819182,30.2757686015581],[-97.7651859935563,30.2762775117143],[-97.7658644574692,30.2766033298719],[-97.7662498,30.2767883800064],[-97.76668008,30.2769909500066],[-97.76684969,30.2770981400064],[-97.76696079,30.2772090100065],[-97.7670290902677,30.2773677636086],[-97.76706801,30.2774646400066],[-97.76706827,30.2776650300065]]},"properties":{"AADT_CUR":18267,"RTE_NM":"258400","RTE_PRFX":"CS","RTE_NBR":"258400","SYSTEM":"Off"}},{"type":"Feature","geometry":{"type":"LineString","coordinates":[[-97.7644231473365,30.2834410459297],[-97.76260826,30.2825733300022],[-97.76246453,30.2825046900022],[-97.76138417,30.2819879500022],[-97.76073559,30.2816368400022],[-97.76062428,30.2815766000022],[-97.7588159975847,30.2807014836729]]},"properties":{"AADT_CUR":195,"RTE_NM":"1021414","RTE_PRFX":"CS","RTE_NBR":"1021414","SYSTEM":"Off"}},{"type":"Feature","geometry":{"type":"LineString","coordinates":[[-97.7531118796521,30.2870536115263],[-97.7530953494064,30.2870513869379]]},"properties":{"AADT_CUR":234,"RTE_NM":"1020074","RTE_PRFX":"CS","RTE_NBR":"1020074","SYSTEM":"Off"}},{"type":"Feature","geometry":{"type":"LineString","coordinates":[[-97.80063674,30.26869361],[-97.79990488,30.26832988],[-97.7996907,30.26824864],[-97.79951162,30.26822309],[-97.7991374,30.26820466],[-97.79858884,30.2683121],[-97.79812576,30.26833042]]},"properties":{"AADT_CUR":195,"RTE_NM":"1015965","RTE_PRFX":"CS","RTE_NBR":"1015965","SYSTEM":"Off"}},{"type":"Feature","geometry":{"type":"LineString","coordinates":[[-97.68617368,30.27444409],[-97.68611352,30.27453859],[-97.68570344,30.27518248],[-97.68555832,30.27540278],[-97.68519751,30.27595038],[-97.6846415,30.27681351],[-97.68462967,30.27683235],[-97.68412616,30.27763649],[-97.68409042,30.27772987]]},"properties":{"AADT_CUR":195,"RTE_NM":"1018607","RTE_PRFX":"CS","RTE_NBR":"1018607","SYSTEM":"Off"}},{"type":"Feature","geometry":{"type":"LineString","coordinates":[[-97.78146819,30.27707859],[-97.78153114,30.27739338],[-97.78236619,30.27811133],[-97.78282874,30.27811504]]},"properties":{"AADT_CUR":195,"RTE_NM":"1206155","RTE_PRFX":"CS","RTE_NBR":"1206155","SYSTEM":"Off"}},{"type":"Feature","geometry":{"type":"LineString","coordinates":[[-97.78773766,30.29798953],[-97.78780725,30.29804923],[-97.78789501,30.29806927],[-97.78826835,30.29810413],[-97.78843666,30.29816808],[-97.7885783,30.29828071],[-97.78871788,30.298465],[-97.78875363,30.29850355]]},"properties":{"AADT_CUR":195,"RTE_NM":"1017567","RTE_PRFX":"CS","RTE_NBR":"1017567","SYSTEM":"Off"}},{"type":"Feature","geometry":{"type":"LineString","coordinates":[[-97.70198598,30.29731398],[-97.70202898,30.29862768],[-97.70207208,30.29994548],[-97.70211198,30.30120428]]},"properties":{"AADT_CUR":195,"RTE_NM":"1019687","RTE_PRFX":"CS","RTE_NBR":"1019687","SYSTEM":"Off"}},{"type":"Feature","geometry":{"type":"LineString","coordinates":[[-97.79660645,30.2202167500018],[-97.79653797,30.2203183900018],[-97.7956902915331,30.2215773058957]]},"properties":{"AADT_CUR":195,"RTE_NM":"1019146","RTE_PRFX":"CS","RTE_NBR":"1019146","SYSTEM":"Off"}},{"type":"Feature","geometry":{"type":"LineString","coordinates":[[-97.77696246,30.2190010700018],[-97.77693256,30.2190488300017],[-97.7750514521201,30.2220514112665]]},"properties":{"AADT_CUR":195,"RTE_NM":"1019738","RTE_PRFX":"CS","RTE_NBR":"1019738","SYSTEM":"Off"}},{"type":"Feature","geometry":{"type":"LineString","coordinates":[[-97.68946274,30.24148763],[-97.68983695,30.24247374],[-97.69002595,30.24295898],[-97.69007873,30.24321462],[-97.69011637,30.24348809],[-97.69014343,30.24373395],[-97.69015629,30.24404579],[-97.6901745,30.24447229],[-97.69020665,30.244857],[-97.69022809,30.24507347],[-97.69026238,30.24533601],[-97.69036954,30.24601542],[-97.69045205,30.24653836],[-97.69050456,30.24698522],[-97.69054267,30.24729602],[-97.69060163,30.24770435]]},"properties":{"AADT_CUR":8419,"RTE_NM":"1640563274","RTE_PRFX":"TL","RTE_NBR":"183","SYSTEM":"Off"}},{"type":"Feature","geometry":{"type":"LineString","coordinates":[[-97.74366779,30.2878735500022],[-97.7437869082779,30.2866177646506],[-97.743916187834,30.2852548185497]]},"properties":{"AADT_CUR":913,"RTE_NM":"258622","RTE_PRFX":"CS","RTE_NBR":"258622","SYSTEM":"Off"}},{"type":"Feature","geometry":{"type":"LineString","coordinates":[[-97.7571683389417,30.2984902363918],[-97.75478559,30.2973810100023],[-97.75427473,30.2971419100023],[-97.7541102293409,30.2970648596832],[-97.7515914,30.2958452800023]]},"properties":{"AADT_CUR":195,"RTE_NM":"1019228","RTE_PRFX":"CS","RTE_NBR":"1019228","SYSTEM":"Off"}},{"type":"Feature","geometry":{"type":"LineString","coordinates":[[-97.7485031765405,30.2981690451426],[-97.7484914499984,30.2981597200036],[-97.7484907831284,30.2981593038326]]},"properties":{"AADT_CUR":3049,"RTE_NM":"258390","RTE_PRFX":"CS","RTE_NBR":"258390","SYSTEM":"Off"}},{"type":"Feature","geometry":{"type":"LineString","coordinates":[[-97.77954147,30.257765960004],[-97.78025822,30.256930400004],[-97.78065917,30.255874010004],[-97.78066947,30.255544150004],[-97.78067703,30.255258330004],[-97.78072971,30.254973310004],[-97.78081105,30.254713650004],[-97.78093719,30.254496140004],[-97.78111825,30.254325660004],[-97.78120604,30.254242970004],[-97.78123522,30.254132630004],[-97.78184828,30.253443950004],[-97.78191408,30.253366210004],[-97.78198022,30.253275310004],[-97.78215844,30.252991560004],[-97.7822068400007,30.2529175000021],[-97.782228,30.252857600004],[-97.78225745,30.252776510004],[-97.78242539,30.252226080004],[-97.7824480000006,30.2521470200021],[-97.7824703,30.252072930004],[-97.7826388,30.251553590004],[-97.7826773200004,30.2514233300021],[-97.78269606,30.251332520004],[-97.78273326,30.251194480004],[-97.78277495,30.250995070004],[-97.78282451,30.250727290004],[-97.78294166,30.2506901000039],[-97.78302421,30.2507622300039],[-97.78300892,30.250834900004],[-97.78289457,30.251378970004],[-97.7828812,30.251457010004],[-97.78286126,30.251554600004],[-97.78266233,30.252109530004],[-97.78264349,30.252184740004],[-97.78261751,30.252276790004],[-97.78241987,30.252885820004],[-97.78239543,30.252969200004],[-97.78237267,30.253038050004],[-97.78206951,30.253477260004],[-97.78195067,30.253648850004],[-97.78190113,30.253691620004],[-97.7818266,30.253757300004],[-97.78133619,30.254259340004],[-97.7812366414953,30.2542508128645]]},"properties":{"AADT_CUR":195,"RTE_NM":"1013953","RTE_PRFX":"CS","RTE_NBR":"1013953","SYSTEM":"Off"}},{"type":"Feature","geometry":{"type":"LineString","coordinates":[[-97.761552,30.2311459400018],[-97.75992877,30.2303883800018],[-97.7598179117299,30.2303366190788]]},"properties":{"AADT_CUR":195,"RTE_NM":"1016424","RTE_PRFX":"CS","RTE_NBR":"1016424","SYSTEM":"Off"}},{"type":"Feature","geometry":{"type":"LineString","coordinates":[[-97.7043095615532,30.2614153636647],[-97.7043421120918,30.2613440540044],[-97.70471489,30.260567880002],[-97.70508515,30.259769640002],[-97.70545244,30.258847540002],[-97.7056554993564,30.2584593506974]]},"properties":{"AADT_CUR":3041,"RTE_NM":"258693","RTE_PRFX":"CS","RTE_NBR":"258693","SYSTEM":"Off"}},{"type":"Feature","geometry":{"type":"LineString","coordinates":[[-97.7177805426416,30.3039656829241],[-97.71732747,30.3037479600023],[-97.71721284,30.3036992600024],[-97.71709797,30.3036613300023],[-97.71696225,30.3036301900023],[-97.71680974,30.3036095200024],[-97.71665698,30.3035996100023],[-97.7164423900939,30.3036048985358],[-97.71598255,30.3036162300023]]},"properties":{"AADT_CUR":14331,"RTE_NM":"258451","RTE_PRFX":"CS","RTE_NBR":"258451","SYSTEM":"Off"}},{"type":"Feature","geometry":{"type":"LineString","coordinates":[[-97.7270826056827,30.2787857786049],[-97.72708389,30.2787927400022],[-97.72718481,30.2793284200022]]},"properties":{"AADT_CUR":195,"RTE_NM":"1015927","RTE_PRFX":"CS","RTE_NBR":"1015927","SYSTEM":"Off"}},{"type":"Feature","geometry":{"type":"LineString","coordinates":[[-97.7476561830886,30.2781720107815],[-97.7465969651202,30.2778754873369],[-97.7456253,30.2776021800022],[-97.74550176,30.2775674500021],[-97.74443901,30.2772572000021],[-97.7433529028066,30.276945676247],[-97.74333524,30.2769406100022],[-97.7422716085859,30.2766633236701],[-97.74119325,30.2763444500022]]},"properties":{"AADT_CUR":195,"RTE_NM":"1021195","RTE_PRFX":"CS","RTE_NBR":"1021195","SYSTEM":"Off"}},{"type":"Feature","geometry":{"type":"LineString","coordinates":[[-97.7573139005338,30.2713394527743],[-97.75725308,30.2714585700021],[-97.75715957,30.2716416000021],[-97.75752056,30.2718001200021]]},"properties":{"AADT_CUR":195,"RTE_NM":"1019903","RTE_PRFX":"CS","RTE_NBR":"1019903","SYSTEM":"Off"}},{"type":"Feature","geometry":{"type":"LineString","coordinates":[[-97.76237941,30.27214667],[-97.76330264,30.27249225]]},"properties":{"AADT_CUR":400,"RTE_NM":"1021231","RTE_PRFX":"CS","RTE_NBR":"1021231","SYSTEM":"Off"}},{"type":"Feature","geometry":{"type":"LineString","coordinates":[[-97.7571774952851,30.3089564001913],[-97.75720091,30.30883889],[-97.7572498,30.30859087],[-97.75735234,30.3081294],[-97.7574537,30.30768105],[-97.75759918,30.30696559],[-97.75772915,30.30635268],[-97.75786867,30.30567658],[-97.75798195,30.30513164],[-97.75805945,30.30474291],[-97.75811788,30.30446865],[-97.75816796,30.30422659],[-97.75820851,30.30394637],[-97.75822997,30.30371861],[-97.75825382,30.30338712],[-97.7582574,30.30316294],[-97.7582574,30.30289584],[-97.75824666,30.30265139],[-97.75821566,30.30230678],[-97.75816319,30.3018632],[-97.75811311,30.30142796],[-97.75807019,30.30099392],[-97.75802802,30.30055339],[-97.75799444,30.30021531],[-97.7579685,30.29989479],[-97.75795857,30.29961089],[-97.75796315,30.29932471],[-97.75797384,30.29900724],[-97.75799978,30.29870732],[-97.75802344,30.29850127],[-97.75805549,30.29829446],[-97.75810586,30.29800827],[-97.75817512,30.29770401],[-97.75826217,30.29738802],[-97.75838022,30.29693728],[-97.75848396,30.2965569],[-97.75860201,30.29611451],[-97.75869979,30.29576513],[-97.75882618,30.29530008],[-97.75893946,30.29488035],[-97.75909448,30.29430321],[-97.7591541,30.29408142],[-97.7592805,30.29362472],[-97.75940332,30.29320976],[-97.7594999,30.29291284],[-97.75961676,30.29257062],[-97.75972647,30.2922892],[-97.7597782791676,30.2921670791947]]},"properties":{"AADT_CUR":168631,"RTE_NM":"SL0001-LG","RTE_PRFX":"SL","RTE_NBR":"1","SYSTEM":"On"}},{"type":"Feature","geometry":{"type":"LineString","coordinates":[[-97.7042637241679,30.3136457964754],[-97.70353445,30.3130674400024],[-97.70262237,30.3124519000024],[-97.70105254,30.3117210800024],[-97.69947266,30.3110658000024],[-97.69942872,30.3110439400024],[-97.69851725,30.3105576200024],[-97.69841046,30.3105006100024],[-97.69694948,30.3097610000024],[-97.6955600851655,30.3092110424608],[-97.69549826,30.3091865700024],[-97.69410495,30.3085252800023],[-97.6935274916511,30.3087256194296]]},"properties":{"AADT_CUR":195,"RTE_NM":"1015154","RTE_PRFX":"CS","RTE_NBR":"1015154","SYSTEM":"Off"}},{"type":"Feature","geometry":{"type":"LineString","coordinates":[[-97.69108922,30.3135408400024],[-97.69077487,30.3134275400024],[-97.6903139,30.3132809100024],[-97.69020616,30.3132442600024],[-97.69006176,30.3131898300024],[-97.6899318,30.3131276300024],[-97.68961412,30.3129765600024],[-97.68888323,30.3126300000024],[-97.68851445,30.3124522800024],[-97.68839116,30.3123945200024],[-97.6881999699997,30.3123064700023],[-97.68804571,30.3123012200024],[-97.68780578,30.3123089900024],[-97.68735259,30.3123367600024],[-97.68721596,30.3123456500024],[-97.6871443646783,30.3123402799806]]},"properties":{"AADT_CUR":4223,"RTE_NM":"1310849","RTE_PRFX":"CS","RTE_NBR":"1310849","SYSTEM":"Off"}},{"type":"Feature","geometry":{"type":"LineString","coordinates":[[-97.80275677,30.21921355],[-97.80138722,30.21853336],[-97.80034306,30.21801475],[-97.79965403,30.21767257]]},"properties":{"AADT_CUR":195,"RTE_NM":"1014966","RTE_PRFX":"CS","RTE_NBR":"1014966","SYSTEM":"Off"}},{"type":"Feature","geometry":{"type":"LineString","coordinates":[[-97.73380003,30.24055847],[-97.73375115,30.24064356],[-97.73330482,30.24142027],[-97.73342118,30.24153851],[-97.73348985,30.2416083],[-97.73400601,30.24184983]]},"properties":{"AADT_CUR":195,"RTE_NM":"1018721","RTE_PRFX":"CS","RTE_NBR":"1018721","SYSTEM":"Off"}},{"type":"Feature","geometry":{"type":"LineString","coordinates":[[-97.7405134975473,30.250705674299],[-97.74050844,30.250712620002],[-97.740435248113,30.2507593057404]]},"properties":{"AADT_CUR":195,"RTE_NM":"1013508","RTE_PRFX":"CS","RTE_NBR":"1013508","SYSTEM":"Off"}},{"type":"Feature","geometry":{"type":"LineString","coordinates":[[-97.698539,30.2891306300022],[-97.69850587,30.2889923000022],[-97.69848021,30.2888499100022],[-97.69846283,30.2887065700022],[-97.69845498,30.2885930200022],[-97.69846119,30.2885089400022],[-97.69847591,30.2884192900022],[-97.6984989,30.2883309600022],[-97.69853002,30.2882445100022],[-97.69856192,30.2881744900022],[-97.6985999,30.2880947200022],[-97.69866428,30.2879753800022],[-97.69873619,30.2878593200022],[-97.6987768,30.2877999600022],[-97.69887011,30.2877062800022],[-97.69897129,30.2875941900022],[-97.69906569,30.2874777400022],[-97.69908804,30.2874481900022],[-97.69914615,30.2873949300022],[-97.69924108,30.2872995800022],[-97.6993295,30.2871996400022],[-97.69941115,30.2870954500022],[-97.69946157,30.2870239600022],[-97.69951816,30.2869653900022],[-97.69959485,30.2868764800022],[-97.69966468,30.2867834000022],[-97.6996926470388,30.2867401774313],[-97.69972734,30.2866865600022],[-97.69978257,30.2865863700022],[-97.69983013,30.2864832700022],[-97.69983838,30.2864631400022],[-97.69986826,30.2864081000022],[-97.69991632,30.2863061800022],[-97.69995642,30.2862017000022],[-97.6999884,30.2860951200022],[-97.69999298,30.2860770000022],[-97.70004083,30.2859884200022],[-97.7000836840857,30.2859036591083],[-97.70013901,30.2857942300022],[-97.7002295,30.2855972500022],[-97.70031218,30.2853976900022],[-97.7003732414091,30.2852328454943],[-97.70038696,30.2851958100022],[-97.70045376,30.2849918200022],[-97.70051249,30.2847859800022],[-97.70053469,30.2846992500022],[-97.700548,30.2846481900022],[-97.70058539,30.2844831100022],[-97.70061451,30.2843167700022],[-97.7006243657218,30.2842375120659],[-97.70063531,30.2841495000022],[-97.70064772,30.2839816000022],[-97.70065175,30.2838134000022],[-97.70064738,30.2836451900022],[-97.70063462,30.2834773100022],[-97.70061349,30.2833100700022],[-97.70058403,30.2831437900022],[-97.700572687963,30.2830900502432]]},"properties":{"AADT_CUR":1061,"RTE_NM":"258770","RTE_PRFX":"CS","RTE_NBR":"258770","SYSTEM":"Off"}},{"type":"Feature","geometry":{"type":"LineString","coordinates":[[-97.7742409113287,30.2189514015895],[-97.7742116032952,30.2189377332842]]},"properties":{"AADT_CUR":195,"RTE_NM":"1015151","RTE_PRFX":"CS","RTE_NBR":"1015151","SYSTEM":"Off"}},{"type":"Feature","geometry":{"type":"LineString","coordinates":[[-97.71487406,30.30890448],[-97.71484674,30.30894389],[-97.71446171,30.30949836],[-97.71391582,30.31039758],[-97.71375608,30.31064405],[-97.71339145,30.3112065],[-97.7133663,30.31124917],[-97.71293289,30.31198373],[-97.7124038,30.31278978],[-97.71236489,30.31285238],[-97.71184354,30.31369144],[-97.71143565,30.31435422],[-97.71137328,30.3144481],[-97.71095638,30.31507598],[-97.71073122,30.31542893],[-97.71066537,30.31553418],[-97.71038989,30.31597474],[-97.70996929,30.31663447],[-97.70964045,30.31718607]]},"properties":{"AADT_CUR":2264,"RTE_NM":"1014066","RTE_PRFX":"CS","RTE_NBR":"1014066","SYSTEM":"Off"}},{"type":"Feature","geometry":{"type":"LineString","coordinates":[[-97.7104048821859,30.3095449555291],[-97.7103646635142,30.3095189012474]]},"properties":{"AADT_CUR":9186,"RTE_NM":"258456","RTE_PRFX":"CS","RTE_NBR":"258456","SYSTEM":"Off"}},{"type":"Feature","geometry":{"type":"LineString","coordinates":[[-97.7446724998234,30.2879480875258],[-97.74467213,30.2879526100022],[-97.7445407930796,30.2893059297736],[-97.7445255,30.2894635100022],[-97.7444250226475,30.2906675786566],[-97.7444250113887,30.2906677135749]]},"properties":{"AADT_CUR":1594,"RTE_NM":"258649","RTE_PRFX":"CS","RTE_NBR":"258649","SYSTEM":"Off"}},{"type":"Feature","geometry":{"type":"LineString","coordinates":[[-97.77116321,30.23227923],[-97.77109774,30.23237704],[-97.7705857,30.23319032]]},"properties":{"AADT_CUR":195,"RTE_NM":"1018030","RTE_PRFX":"CS","RTE_NBR":"1018030","SYSTEM":"Off"}},{"type":"Feature","geometry":{"type":"LineString","coordinates":[[-97.78841634,30.25091276],[-97.78849627,30.25110139],[-97.78893828,30.25214426],[-97.78898123,30.25240914],[-97.78873637,30.25328438]]},"properties":{"AADT_CUR":195,"RTE_NM":"1016399","RTE_PRFX":"CS","RTE_NBR":"1016399","SYSTEM":"Off"}},{"type":"Feature","geometry":{"type":"LineString","coordinates":[[-97.76340792,30.22715356],[-97.76304805,30.22786346],[-97.76162597,30.22717877]]},"properties":{"AADT_CUR":195,"RTE_NM":"1019097","RTE_PRFX":"CS","RTE_NBR":"1019097","SYSTEM":"Off"}},{"type":"Feature","geometry":{"type":"LineString","coordinates":[[-97.75108492,30.23146896],[-97.75103199,30.23158614],[-97.75090648,30.23186417],[-97.75001412,30.23399415],[-97.74945325,30.23536353],[-97.74906441,30.23619451],[-97.74898056,30.23635828],[-97.74882911,30.23664962],[-97.74880372,30.2367036],[-97.74839716,30.23780927],[-97.74811641,30.23848536],[-97.74809248,30.23854296],[-97.74772058,30.23953658],[-97.74774277,30.23977355],[-97.74773352,30.23982422],[-97.74767794,30.24013048],[-97.74745018,30.24138484],[-97.74705414,30.24162438],[-97.74668438,30.24200746],[-97.74609358,30.2429829],[-97.74589495,30.24331569],[-97.74568643,30.24366498],[-97.74557764,30.24391144],[-97.74530366,30.24453189],[-97.74521106,30.24479679],[-97.74520334,30.24490662],[-97.74521998,30.24499497],[-97.74539004,30.24553475],[-97.74511652,30.24628554],[-97.74486901,30.24677287],[-97.74480283,30.24684855],[-97.74471896,30.24690464],[-97.74462491,30.24695772],[-97.74457023,30.24701709],[-97.74449074,30.24708705],[-97.74445022,30.24715219],[-97.74440928,30.2472614],[-97.74440048,30.24735429],[-97.74436842,30.24769237]]},"properties":{"AADT_CUR":242,"RTE_NM":"1015979","RTE_PRFX":"CS","RTE_NBR":"1015979","SYSTEM":"Off"}},{"type":"Feature","geometry":{"type":"LineString","coordinates":[[-97.759205207205,30.2474133122365],[-97.75827535,30.24712822],[-97.75804974,30.24705608],[-97.75783694,30.24696622],[-97.7576732,30.24689875],[-97.75760349,30.246876],[-97.75751716,30.24685654],[-97.75708972,30.24675573],[-97.75637049,30.24658519],[-97.7563662729976,30.2465841442413]]},"properties":{"AADT_CUR":1456,"RTE_NM":"258604","RTE_PRFX":"CS","RTE_NBR":"258604","SYSTEM":"Off"}},{"type":"Feature","geometry":{"type":"LineString","coordinates":[[-97.7261289917586,30.2640061884984],[-97.72611357,30.26400063],[-97.72467687,30.26344875],[-97.7241795260209,30.2632765952181]]},"properties":{"AADT_CUR":15942,"RTE_NM":"258404","RTE_PRFX":"CS","RTE_NBR":"258404","SYSTEM":"Off"}},{"type":"Feature","geometry":{"type":"LineString","coordinates":[[-97.73150654,30.26689874],[-97.73007252,30.26640706],[-97.72866229,30.26588931],[-97.7281901,30.26571747],[-97.7275713,30.26548758]]},"properties":{"AADT_CUR":650,"RTE_NM":"1015901","RTE_PRFX":"CS","RTE_NBR":"1015901","SYSTEM":"Off"}},{"type":"Feature","geometry":{"type":"LineString","coordinates":[[-97.75413937,30.28891619],[-97.75403256,30.28896638],[-97.75399334,30.28898479],[-97.75397777,30.28903398],[-97.75392155,30.28915111],[-97.7538611,30.28924891],[-97.75376761,30.28933779],[-97.75344143,30.2896653],[-97.75336216,30.28974493],[-97.75331102,30.28985116],[-97.75327934,30.28993853],[-97.75318489,30.29006315]]},"properties":{"AADT_CUR":195,"RTE_NM":"1019037","RTE_PRFX":"CS","RTE_NBR":"1019037","SYSTEM":"Off"}},{"type":"Feature","geometry":{"type":"LineString","coordinates":[[-97.7861617196174,30.2284778725213],[-97.78615846,30.2284831000018],[-97.7861455203281,30.2285033196175]]},"properties":{"AADT_CUR":195,"RTE_NM":"1019701","RTE_PRFX":"CS","RTE_NBR":"1019701","SYSTEM":"Off"}},{"type":"Feature","geometry":{"type":"LineString","coordinates":[[-97.7729460579739,30.2210959773158],[-97.7729243423005,30.2210858766851],[-97.7729018450994,30.2210754125314]]},"properties":{"AADT_CUR":1963,"RTE_NM":"258666","RTE_PRFX":"CS","RTE_NBR":"258666","SYSTEM":"Off"}},{"type":"Feature","geometry":{"type":"LineString","coordinates":[[-97.6945523620417,30.2777906998938],[-97.69504646,30.2801844600022],[-97.69519437,30.2807949100022],[-97.69538407,30.2809665700022],[-97.69547444,30.2813697700022],[-97.69569618,30.2822908900022],[-97.69586382,30.2830494300022],[-97.6961163611361,30.283782122368],[-97.69660018,30.2847896300022],[-97.698504392207,30.2891469135348]]},"properties":{"AADT_CUR":3471,"RTE_NM":"1264455","RTE_PRFX":"CS","RTE_NBR":"1264455","SYSTEM":"Off"}},{"type":"Feature","geometry":{"type":"LineString","coordinates":[[-97.7573907685575,30.3089932521481],[-97.7573862941654,30.3089925586246],[-97.757260268238,30.3089730247414],[-97.7571767618069,30.3089600812614],[-97.7570043523419,30.308933357645],[-97.756616982,30.3088733140023],[-97.7564655100452,30.3088513407356],[-97.756245785,30.3088194660023],[-97.7558704849502,30.3087637084692],[-97.755719691,30.3087413050023],[-97.75525262,30.3086707500024],[-97.754937651,30.3086119480024],[-97.75466599,30.3085612300024],[-97.7546314158154,30.3085534023133],[-97.7542943390305,30.3084770866581],[-97.7526139823552,30.3080966318336],[-97.752063,30.3079770700023],[-97.751622453225,30.307809283142]]},"properties":{"AADT_CUR":20410,"RTE_NM":"258441","RTE_PRFX":"CS","RTE_NBR":"258441","SYSTEM":"Off"}},{"type":"Feature","geometry":{"type":"LineString","coordinates":[[-97.6941383353405,30.3114842517257],[-97.6941355466666,30.3114832711692],[-97.6941091176754,30.3114701826117]]},"properties":{"AADT_CUR":195,"RTE_NM":"1019498","RTE_PRFX":"CS","RTE_NBR":"1019498","SYSTEM":"Off"}},{"type":"Feature","geometry":{"type":"LineString","coordinates":[[-97.68554179,30.27333639],[-97.68493454,30.27317804]]},"properties":{"AADT_CUR":195,"RTE_NM":"1019335","RTE_PRFX":"CS","RTE_NBR":"1019335","SYSTEM":"Off"}},{"type":"Feature","geometry":{"type":"LineString","coordinates":[[-97.7230571136298,30.2743235040798],[-97.72308251,30.2744680900021],[-97.72323175,30.2753170500021]]},"properties":{"AADT_CUR":195,"RTE_NM":"1015254","RTE_PRFX":"CS","RTE_NBR":"1015254","SYSTEM":"Off"}},{"type":"Feature","geometry":{"type":"LineString","coordinates":[[-97.71372378,30.26763927],[-97.71363772,30.26771422],[-97.71316502,30.26812581],[-97.71193589,30.26778121],[-97.71144804,30.26664663],[-97.71163216,30.26643309],[-97.7117253,30.26632501]]},"properties":{"AADT_CUR":195,"RTE_NM":"1021368","RTE_PRFX":"CS","RTE_NBR":"1021368","SYSTEM":"Off"}},{"type":"Feature","geometry":{"type":"LineString","coordinates":[[-97.7344865093194,30.2646762082365],[-97.7344703924085,30.2646723380292]]},"properties":{"AADT_CUR":531,"RTE_NM":"1015899","RTE_PRFX":"CS","RTE_NBR":"1015899","SYSTEM":"Off"}},{"type":"Feature","geometry":{"type":"LineString","coordinates":[[-97.7279651765524,30.2832127448431],[-97.727983895,30.283164477],[-97.728065851,30.283015394],[-97.728146613,30.282886312]]},"properties":{"AADT_CUR":2967,"RTE_NM":"258641","RTE_PRFX":"CS","RTE_NBR":"258641","SYSTEM":"Off"}},{"type":"Feature","geometry":{"type":"LineString","coordinates":[[-97.7505521,30.27998234],[-97.75044318,30.27997072],[-97.75033566,30.27995372],[-97.75018125,30.27993135],[-97.74994055,30.27987724],[-97.74972763,30.27982665],[-97.74951709,30.27977173],[-97.7472884527784,30.2791585079378]]},"properties":{"AADT_CUR":16387,"RTE_NM":"258431","RTE_PRFX":"CS","RTE_NBR":"258431","SYSTEM":"Off"}},{"type":"Feature","geometry":{"type":"LineString","coordinates":[[-97.757871984946,30.2825325045516],[-97.75787802,30.2825418400044],[-97.7578983222396,30.2825473536421]]},"properties":{"AADT_CUR":2331,"RTE_NM":"1259438","RTE_PRFX":"CS","RTE_NBR":"1259438","SYSTEM":"Off"}},{"type":"Feature","geometry":{"type":"LineString","coordinates":[[-97.76042907,30.259149250002],[-97.7593735,30.258617500002],[-97.7592425176833,30.2585492488662]]},"properties":{"AADT_CUR":195,"RTE_NM":"1014238","RTE_PRFX":"CS","RTE_NBR":"1014238","SYSTEM":"Off"}},{"type":"Feature","geometry":{"type":"LineString","coordinates":[[-97.7884862427466,30.2998858548558],[-97.788471447294,30.2998789635073]]},"properties":{"AADT_CUR":195,"RTE_NM":"227AA2499","RTE_PRFX":"CR","RTE_NBR":"2499","SYSTEM":"Off"}},{"type":"Feature","geometry":{"type":"LineString","coordinates":[[-97.707703270712,30.2757051100573],[-97.70675617,30.27585417],[-97.7054484,30.27606538],[-97.70439328,30.27623179],[-97.7037187,30.27633776],[-97.70296116,30.2764542],[-97.7019459,30.27661084],[-97.7003538065918,30.2768579022184]]},"properties":{"AADT_CUR":9139,"RTE_NM":"258427","RTE_PRFX":"CS","RTE_NBR":"258427","SYSTEM":"Off"}},{"type":"Feature","geometry":{"type":"LineString","coordinates":[[-97.70020138,30.29566472],[-97.69924638,30.29568918],[-97.69844288,30.29571238],[-97.69679178,30.29575288],[-97.69597888,30.29577418],[-97.69517728,30.29579548]]},"properties":{"AADT_CUR":195,"RTE_NM":"1306109","RTE_PRFX":"CS","RTE_NBR":"1306109","SYSTEM":"Off"}},{"type":"Feature","geometry":{"type":"LineString","coordinates":[[-97.78408957,30.21854907],[-97.78338203,30.21839197]]},"properties":{"AADT_CUR":195,"RTE_NM":"1016211","RTE_PRFX":"CS","RTE_NBR":"1016211","SYSTEM":"Off"}},{"type":"Feature","geometry":{"type":"LineString","coordinates":[[-97.7984373079803,30.280116587561],[-97.79840059,30.2800943600022],[-97.79827009,30.2800374900022],[-97.79820471,30.2799858600022],[-97.79803297,30.2799001200022]]},"properties":{"AADT_CUR":195,"RTE_NM":"227AA4134","RTE_PRFX":"CR","RTE_NBR":"4134","SYSTEM":"Off"}},{"type":"Feature","geometry":{"type":"LineString","coordinates":[[-97.7839498562838,30.2424226515059],[-97.7839712320518,30.2424449955831]]},"properties":{"AADT_CUR":195,"RTE_NM":"1021479","RTE_PRFX":"CS","RTE_NBR":"1021479","SYSTEM":"Off"}},{"type":"Feature","geometry":{"type":"LineString","coordinates":[[-97.77586413,30.24361922],[-97.77525125,30.24460791],[-97.77501366,30.24499115],[-97.77505856,30.24544857]]},"properties":{"AADT_CUR":195,"RTE_NM":"1020254","RTE_PRFX":"CS","RTE_NBR":"1020254","SYSTEM":"Off"}},{"type":"Feature","geometry":{"type":"LineString","coordinates":[[-97.77611827,30.2400443200019],[-97.7750857304966,30.2395371230319]]},"properties":{"AADT_CUR":195,"RTE_NM":"1264472","RTE_PRFX":"CS","RTE_NBR":"1264472","SYSTEM":"Off"}},{"type":"Feature","geometry":{"type":"LineString","coordinates":[[-97.7707992081347,30.2608458490392],[-97.7708264349155,30.2608288419569]]},"properties":{"AADT_CUR":4859,"RTE_NM":"258658","RTE_PRFX":"CS","RTE_NBR":"258658","SYSTEM":"Off"}},{"type":"Feature","geometry":{"type":"LineString","coordinates":[[-97.752057714703,30.2165711574273],[-97.75184228,30.21691858],[-97.75177164,30.21702191],[-97.751525406,30.21739541],[-97.751457689,30.217499945],[-97.75122904,30.21779917],[-97.75110455,30.21797002],[-97.75088573,30.21823464],[-97.75080843,30.21832772],[-97.75073194,30.21842014],[-97.75066099,30.21850925],[-97.75060464,30.21857688],[-97.75044036,30.21880908],[-97.74893167,30.22141605],[-97.74860053,30.22198979],[-97.74838604,30.22236038],[-97.74812014,30.22282112],[-97.74787117,30.22322712],[-97.74609911,30.22622122],[-97.74585379,30.22663004],[-97.7456244,30.22703293],[-97.74530153,30.22757142],[-97.74513214,30.22785932],[-97.74488636,30.22827646],[-97.74465868,30.22865144],[-97.74443839,30.22902444],[-97.74381083,30.23008383],[-97.7434517,30.23068653],[-97.74318038,30.23114886],[-97.74294831,30.23151852],[-97.74261366,30.23213933],[-97.74227986,30.23278215],[-97.74197807,30.23329443],[-97.74187447,30.23346421],[-97.7418392,30.23353191],[-97.74177447,30.23363268],[-97.7416475073022,30.2338460457553]]},"properties":{"AADT_CUR":11109,"RTE_NM":"IH0035-XG","RTE_PRFX":"IH","RTE_NBR":"35","SYSTEM":"On"}},{"type":"Feature","geometry":{"type":"LineString","coordinates":[[-97.7346907172165,30.2469877317799],[-97.73471025,30.24713949],[-97.7348297325183,30.247791555764]]},"properties":{"AADT_CUR":9097,"RTE_NM":"IH0035-AG","RTE_PRFX":"IH","RTE_NBR":"35","SYSTEM":"On"}},{"type":"Feature","geometry":{"type":"LineString","coordinates":[[-97.73583677296,30.3064208178971],[-97.73683923,30.3048496800023],[-97.7381186580891,30.3028375328835]]},"properties":{"AADT_CUR":12744,"RTE_NM":"258545","RTE_PRFX":"CS","RTE_NBR":"258545","SYSTEM":"Off"}},{"type":"Feature","geometry":{"type":"LineString","coordinates":[[-97.7194113413066,30.2956066278107],[-97.719409,30.2956055000023],[-97.7193819701966,30.2955926420406]]},"properties":{"AADT_CUR":195,"RTE_NM":"1015873","RTE_PRFX":"CS","RTE_NBR":"1015873","SYSTEM":"Off"}},{"type":"Feature","geometry":{"type":"LineString","coordinates":[[-97.75338668,30.2769425700021],[-97.7531475209336,30.2774631863164]]},"properties":{"AADT_CUR":195,"RTE_NM":"1014816","RTE_PRFX":"CS","RTE_NBR":"1014816","SYSTEM":"Off"}},{"type":"Feature","geometry":{"type":"LineString","coordinates":[[-97.7656346,30.27369101],[-97.76577068,30.27397805],[-97.76594196,30.27421027],[-97.76612475,30.2744831],[-97.76628994,30.27474713],[-97.76643414,30.27500371],[-97.76664875,30.2753896],[-97.76684102,30.27581205],[-97.76699402,30.27617086],[-97.76710099,30.2764464],[-97.76722691,30.27682485],[-97.76730409,30.27715522],[-97.76735012,30.27750997],[-97.76735892,30.2777889],[-97.76734741,30.27813687],[-97.76730341,30.27849027],[-97.76726211,30.27872316],[-97.76721066,30.27894454],[-97.76715108,30.27916185],[-97.76706917,30.2794049],[-97.76695746,30.27969059],[-97.76687148,30.27988421],[-97.76676384,30.28009409],[-97.76662708,30.28035608],[-97.76637621,30.28073326],[-97.76616994,30.28100618],[-97.76592135,30.2814293],[-97.76572143,30.28174982],[-97.76557968,30.28200158],[-97.76540091,30.28239932],[-97.76518723,30.282851],[-97.76501586,30.28320326],[-97.76487094,30.28351002],[-97.76472708,30.28380621],[-97.76458216,30.28410769],[-97.76443195,30.28440282],[-97.76423886,30.28485615]]},"properties":{"AADT_CUR":15013,"RTE_NM":"1638921765","RTE_PRFX":"SL","RTE_NBR":"1","SYSTEM":"On"}},{"type":"Feature","geometry":{"type":"LineString","coordinates":[[-97.7639234792838,30.2859439813927],[-97.7638938614421,30.2859303699293]]},"properties":{"AADT_CUR":5018,"RTE_NM":"258537","RTE_PRFX":"CS","RTE_NBR":"258537","SYSTEM":"Off"}},{"type":"Feature","geometry":{"type":"LineString","coordinates":[[-97.75970324289,30.2847015185901],[-97.75969187,30.2846960400022],[-97.7596733575843,30.2846886736429]]},"properties":{"AADT_CUR":195,"RTE_NM":"1020502","RTE_PRFX":"CS","RTE_NBR":"1020502","SYSTEM":"Off"}},{"type":"Feature","geometry":{"type":"LineString","coordinates":[[-97.6855166780658,30.3066061582654],[-97.6855173270099,30.3065916491276]]},"properties":{"AADT_CUR":1156,"RTE_NM":"267161","RTE_PRFX":"CS","RTE_NBR":"267161","SYSTEM":"Off"}},{"type":"Feature","geometry":{"type":"LineString","coordinates":[[-97.7578204444578,30.3090598138591],[-97.75787148,30.30880517],[-97.75794249,30.3083288],[-97.75804704,30.30785539],[-97.75813285,30.30733858],[-97.75816342,30.30712159],[-97.75820682,30.30666988],[-97.75825315,30.3059767]]},"properties":{"AADT_CUR":168631,"RTE_NM":"SL0001-SG","RTE_PRFX":"SL","RTE_NBR":"1","SYSTEM":"On"}},{"type":"Feature","geometry":{"type":"LineString","coordinates":[[-97.7928171878779,30.2299216108063],[-97.792802713069,30.2299133587686],[-97.7927054050485,30.2298578837268]]},"properties":{"AADT_CUR":1799,"RTE_NM":"296203","RTE_PRFX":"CS","RTE_NBR":"296203","SYSTEM":"Off"}},{"type":"Feature","geometry":{"type":"LineString","coordinates":[[-97.78935282,30.2260079100018],[-97.78826689,30.2277081200018],[-97.7873834302238,30.2291006900031]]},"properties":{"AADT_CUR":195,"RTE_NM":"1018231","RTE_PRFX":"CS","RTE_NBR":"1018231","SYSTEM":"Off"}},{"type":"Feature","geometry":{"type":"LineString","coordinates":[[-97.72325052,30.24054643],[-97.72249613,30.24171308]]},"properties":{"AADT_CUR":195,"RTE_NM":"1021168","RTE_PRFX":"CS","RTE_NBR":"1021168","SYSTEM":"Off"}},{"type":"Feature","geometry":{"type":"LineString","coordinates":[[-97.78439024,30.30370282],[-97.78431262,30.30370331],[-97.78418038,30.30360989]]},"properties":{"AADT_CUR":195,"RTE_NM":"1019682","RTE_PRFX":"CS","RTE_NBR":"1019682","SYSTEM":"Off"}},{"type":"Feature","geometry":{"type":"LineString","coordinates":[[-97.7954315753767,30.2184928800215],[-97.79543583,30.2184856300018],[-97.7958730964049,30.2178332325755],[-97.79649683,30.2169026100017],[-97.79703911,30.2160748100017],[-97.79754947,30.2154378100017],[-97.7975519593664,30.2154359059809]]},"properties":{"AADT_CUR":13196,"RTE_NM":"258600","RTE_PRFX":"CS","RTE_NBR":"258600","SYSTEM":"Off"}},{"type":"Feature","geometry":{"type":"LineString","coordinates":[[-97.71267591,30.2978388500023],[-97.71269922,30.2979713200023],[-97.71276784,30.2980717300023],[-97.71281504,30.2981414600023],[-97.71282289,30.2981746500023],[-97.71283438,30.2982463900023],[-97.7127483,30.2984701600023],[-97.7129611,30.2989619300023],[-97.71298694,30.2993689100023],[-97.7129436958418,30.3004704724494]]},"properties":{"AADT_CUR":195,"RTE_NM":"1018951","RTE_PRFX":"CS","RTE_NBR":"1018951","SYSTEM":"Off"}},{"type":"Feature","geometry":{"type":"LineString","coordinates":[[-97.73582332,30.2944375500023],[-97.73557246,30.2948670200023],[-97.73519242,30.2951508500023],[-97.73516848,30.2951818400023],[-97.73480491,30.2956518100022],[-97.73474728,30.2957391500023],[-97.73414076,30.2966587000023],[-97.73350243,30.2976469400023],[-97.73287298,30.2986572400023],[-97.7328288,30.2987299200023],[-97.73250808,30.2992578100023],[-97.73217054,30.2998132600023],[-97.7321467527009,30.2998524766951]]},"properties":{"AADT_CUR":195,"RTE_NM":"1016734","RTE_PRFX":"CS","RTE_NBR":"1016734","SYSTEM":"Off"}},{"type":"Feature","geometry":{"type":"LineString","coordinates":[[-97.73330137,30.28922231],[-97.73323747,30.28948256],[-97.73273734,30.2902522],[-97.73221506,30.29099244],[-97.73172212,30.29176354],[-97.73155392,30.29209291],[-97.73099846,30.29294525],[-97.7309444,30.29303772],[-97.7302177,30.29427982],[-97.72977937,30.29509274],[-97.72975795,30.29513252],[-97.72970724,30.29522657]]},"properties":{"AADT_CUR":195,"RTE_NM":"1016826","RTE_PRFX":"CS","RTE_NBR":"1016826","SYSTEM":"Off"}},{"type":"Feature","geometry":{"type":"LineString","coordinates":[[-97.7255581628569,30.2811401662726],[-97.72464363,30.28131608],[-97.72458399,30.28132656],[-97.72366223,30.28148477],[-97.72363845,30.28148888],[-97.72260993,30.28167145],[-97.72167706,30.28183122],[-97.72075252,30.28196067],[-97.72066552,30.28197287],[-97.71976353,30.28214139],[-97.71970998,30.28215141],[-97.71869792,30.28230954],[-97.71785154,30.28245583],[-97.71775866,30.2824719],[-97.71674702,30.2826565],[-97.71670135,30.28266487]]},"properties":{"AADT_CUR":427,"RTE_NM":"1015850","RTE_PRFX":"CS","RTE_NBR":"1015850","SYSTEM":"Off"}},{"type":"Feature","geometry":{"type":"LineString","coordinates":[[-97.73679499,30.26435741],[-97.73675482,30.2644656],[-97.73646873,30.26523641],[-97.73642525,30.26535572],[-97.73612662,30.26617562],[-97.7360902,30.26627739],[-97.73587882,30.26686765],[-97.73578833,30.26712038]]},"properties":{"AADT_CUR":312,"RTE_NM":"1019767","RTE_PRFX":"CS","RTE_NBR":"1019767","SYSTEM":"Off"}},{"type":"Feature","geometry":{"type":"LineString","coordinates":[[-97.7441522092325,30.2748888385863],[-97.74413269,30.2748832900021],[-97.7430229233434,30.2745561281013],[-97.74241091,30.2743757000021]]},"properties":{"AADT_CUR":1122,"RTE_NM":"258422","RTE_PRFX":"CS","RTE_NBR":"258422","SYSTEM":"Off"}},{"type":"Feature","geometry":{"type":"LineString","coordinates":[[-97.69773848,30.29934858],[-97.69762958,30.29935098],[-97.69732878,30.29935778],[-97.69695518,30.29936618],[-97.69666378,30.29937398],[-97.69657648,30.29937628]]},"properties":{"AADT_CUR":195,"RTE_NM":"1306273","RTE_PRFX":"CS","RTE_NBR":"1306273","SYSTEM":"Off"}},{"type":"Feature","geometry":{"type":"LineString","coordinates":[[-97.7525484849478,30.3120873103085],[-97.7525637616692,30.3120814613244]]},"properties":{"AADT_CUR":195,"RTE_NM":"1021230","RTE_PRFX":"CS","RTE_NBR":"1021230","SYSTEM":"Off"}},{"type":"Feature","geometry":{"type":"LineString","coordinates":[[-97.7228796777628,30.315705918298],[-97.7228605495173,30.3156968730967],[-97.72280243,30.3156693900048],[-97.72274128,30.3156398100048],[-97.7226139727635,30.3155735990973],[-97.7224348118192,30.3154804193533],[-97.72238213,30.3154530200048],[-97.72194864,30.3152353100048],[-97.7217333110971,30.3151305396605],[-97.72166925,30.3150993700048],[-97.72157598,30.3150553000048],[-97.7208208131056,30.3146952895062],[-97.7205252,30.3145543600048],[-97.7199489260904,30.3142755462015]]},"properties":{"AADT_CUR":5862,"RTE_NM":"258456","RTE_PRFX":"CS","RTE_NBR":"258456","SYSTEM":"Off"}},{"type":"Feature","geometry":{"type":"LineString","coordinates":[[-97.70393562,30.31119989],[-97.70324785,30.31090824],[-97.70307697,30.31083576]]},"properties":{"AADT_CUR":195,"RTE_NM":"1017914","RTE_PRFX":"CS","RTE_NBR":"1017914","SYSTEM":"Off"}},{"type":"Feature","geometry":{"type":"LineString","coordinates":[[-97.6877220241877,30.2188778127521],[-97.68736653,30.2190460300018],[-97.68685758,30.2193172600018],[-97.6865926660283,30.2194906160606],[-97.68639189,30.2196227200018]]},"properties":{"AADT_CUR":195,"RTE_NM":"1015331","RTE_PRFX":"CS","RTE_NBR":"1015331","SYSTEM":"Off"}},{"type":"Feature","geometry":{"type":"LineString","coordinates":[[-97.6876408934508,30.2850651436699],[-97.68763781,30.2850742800022],[-97.6876417711701,30.285093503218]]},"properties":{"AADT_CUR":195,"RTE_NM":"1020691","RTE_PRFX":"CS","RTE_NBR":"1020691","SYSTEM":"Off"}},{"type":"Feature","geometry":{"type":"LineString","coordinates":[[-97.76443318,30.28825111],[-97.76432446,30.28835069],[-97.76404183,30.2893819],[-97.7637576,30.29014904],[-97.76351519,30.29053474],[-97.76345611,30.29062627],[-97.76230481,30.29241121],[-97.76200027,30.29288339],[-97.76189792,30.29300785],[-97.76170258,30.29329269],[-97.76160686,30.29352458],[-97.7613314,30.29404983]]},"properties":{"AADT_CUR":195,"RTE_NM":"1020032","RTE_PRFX":"CS","RTE_NBR":"1020032","SYSTEM":"Off"}},{"type":"Feature","geometry":{"type":"LineString","coordinates":[[-97.7607125114327,30.2862614847075],[-97.76070867,30.2862594400022],[-97.7592088505048,30.285573499797]]},"properties":{"AADT_CUR":195,"RTE_NM":"1015433","RTE_PRFX":"CS","RTE_NBR":"1015433","SYSTEM":"Off"}},{"type":"Feature","geometry":{"type":"LineString","coordinates":[[-97.781039044,30.246124934],[-97.780904392,30.2460833],[-97.78076974,30.24603008],[-97.779930204,30.245342758]]},"properties":{"AADT_CUR":195,"RTE_NM":"1015666","RTE_PRFX":"CS","RTE_NBR":"1015666","SYSTEM":"Off"}},{"type":"Feature","geometry":{"type":"LineString","coordinates":[[-97.7436921221333,30.2346711611507],[-97.7428779197362,30.2358388707132]]},"properties":{"AADT_CUR":195,"RTE_NM":"1019919","RTE_PRFX":"CS","RTE_NBR":"1019919","SYSTEM":"Off"}},{"type":"Feature","geometry":{"type":"LineString","coordinates":[[-97.73407948,30.25677193],[-97.73263411,30.2562787],[-97.73249413,30.25623095],[-97.73198594,30.25604461]]},"properties":{"AADT_CUR":195,"RTE_NM":"1020669","RTE_PRFX":"CS","RTE_NBR":"1020669","SYSTEM":"Off"}},{"type":"Feature","geometry":{"type":"LineString","coordinates":[[-97.7708363368597,30.2767024746878],[-97.770838671,30.276698879],[-97.7708446751951,30.2766898856129]]},"properties":{"AADT_CUR":418,"RTE_NM":"SL0001-AG","RTE_PRFX":"SL","RTE_NBR":"1","SYSTEM":"On"}},{"type":"Feature","geometry":{"type":"LineString","coordinates":[[-97.7227470553565,30.2852905098876],[-97.72246076,30.2857499400022],[-97.72202203,30.2864175700022],[-97.72200709,30.2864416300022],[-97.72162194,30.2870612800022],[-97.72156692,30.2871494600022],[-97.72129311,30.2875881200022],[-97.72063857,30.2885869300022],[-97.72061136,30.2886311500022],[-97.71986941,30.2898391700023]]},"properties":{"AADT_CUR":195,"RTE_NM":"1015528","RTE_PRFX":"CS","RTE_NBR":"1015528","SYSTEM":"Off"}},{"type":"Feature","geometry":{"type":"LineString","coordinates":[[-97.7171426018179,30.2846030923024],[-97.7171458729164,30.2846173282707]]},"properties":{"AADT_CUR":195,"RTE_NM":"1018014","RTE_PRFX":"CS","RTE_NBR":"1018014","SYSTEM":"Off"}},{"type":"Feature","geometry":{"type":"LineString","coordinates":[[-97.7474890220895,30.2642273980515],[-97.7474904,30.2642236600042],[-97.7476832990202,30.263660317085],[-97.74812555,30.2623687400041],[-97.74854741,30.2613032900041],[-97.74871462,30.2609420500041],[-97.74920148,30.260005690004],[-97.7493481853625,30.2597568540447]]},"properties":{"AADT_CUR":12497,"RTE_NM":"258383","RTE_PRFX":"CS","RTE_NBR":"258383","SYSTEM":"Off"}},{"type":"Feature","geometry":{"type":"LineString","coordinates":[[-97.76451051,30.27153337],[-97.76462956,30.27170355],[-97.76465222,30.27180577],[-97.76463857,30.27193201],[-97.76459987,30.27204675],[-97.7645154,30.27212481],[-97.76436278,30.27220424],[-97.76430826,30.27221453],[-97.76420834,30.27223139],[-97.76401281,30.27222747],[-97.7637791,30.27216781],[-97.76355558,30.27199555],[-97.76342221,30.27187756],[-97.76327035,30.27173565],[-97.76317939,30.27163033],[-97.76316058,30.2716085],[-97.7630861,30.27152224]]},"properties":{"AADT_CUR":195,"RTE_NM":"1014909","RTE_PRFX":"CS","RTE_NBR":"1014909","SYSTEM":"Off"}},{"type":"Feature","geometry":{"type":"LineString","coordinates":[[-97.76100813,30.2751403],[-97.76049827,30.27489081]]},"properties":{"AADT_CUR":195,"RTE_NM":"1021248","RTE_PRFX":"CS","RTE_NBR":"1021248","SYSTEM":"Off"}},{"type":"Feature","geometry":{"type":"LineString","coordinates":[[-97.76065224,30.2757135],[-97.76025992,30.27556008],[-97.76013319,30.27551056]]},"properties":{"AADT_CUR":195,"RTE_NM":"1014041","RTE_PRFX":"CS","RTE_NBR":"1014041","SYSTEM":"Off"}},{"type":"Feature","geometry":{"type":"LineString","coordinates":[[-97.6925746515077,30.314129689133],[-97.69250154,30.3140948]]},"properties":{"AADT_CUR":4223,"RTE_NM":"258495","RTE_PRFX":"CS","RTE_NBR":"258495","SYSTEM":"Off"}},{"type":"Feature","geometry":{"type":"LineString","coordinates":[[-97.7996734240636,30.3028792380405],[-97.79965871,30.3028764500023],[-97.7996571210081,30.302876904275]]},"properties":{"AADT_CUR":195,"RTE_NM":"1252162","RTE_PRFX":"CS","RTE_NBR":"1252162","SYSTEM":"Off"}},{"type":"Feature","geometry":{"type":"LineString","coordinates":[[-97.75882785,30.30045503],[-97.75877321,30.30008561],[-97.75870733,30.29962272],[-97.75865445,30.29925691],[-97.75862844,30.29901246],[-97.75861457,30.29876714],[-97.75861457,30.29851662],[-97.75861978,30.29828431],[-97.75864405,30.29805806],[-97.75867096,30.29752315]]},"properties":{"AADT_CUR":5132,"RTE_NM":"1638921835","RTE_PRFX":"SL","RTE_NBR":"1","SYSTEM":"On"}},{"type":"Feature","geometry":{"type":"LineString","coordinates":[[-97.78770323,30.2517374],[-97.78729353,30.2518668],[-97.78710253,30.25190151],[-97.78692886,30.25190903],[-97.78635606,30.25179589],[-97.78596396,30.25188985],[-97.78551214,30.25186236],[-97.78535905,30.25185307],[-97.78485615,30.25188157],[-97.78390354,30.25226695],[-97.78315246,30.25227675],[-97.78271427,30.25219855],[-97.78264349,30.25218474]]},"properties":{"AADT_CUR":195,"RTE_NM":"1019588","RTE_PRFX":"CS","RTE_NBR":"1019588","SYSTEM":"Off"}},{"type":"Feature","geometry":{"type":"LineString","coordinates":[[-97.718658755953,30.2603179955719],[-97.71864379,30.26031262],[-97.71462793,30.25894202]]},"properties":{"AADT_CUR":1676,"RTE_NM":"258399","RTE_PRFX":"CS","RTE_NBR":"258399","SYSTEM":"Off"}},{"type":"Feature","geometry":{"type":"LineString","coordinates":[[-97.77397013,30.28242143],[-97.77159203,30.28129201],[-97.77142507,30.28121274]]},"properties":{"AADT_CUR":195,"RTE_NM":"1019253","RTE_PRFX":"CS","RTE_NBR":"1019253","SYSTEM":"Off"}},{"type":"Feature","geometry":{"type":"LineString","coordinates":[[-97.7699037427721,30.2978924187887],[-97.7698714727853,30.2979257536642]]},"properties":{"AADT_CUR":195,"RTE_NM":"1018168","RTE_PRFX":"CS","RTE_NBR":"1018168","SYSTEM":"Off"}},{"type":"Feature","geometry":{"type":"LineString","coordinates":[[-97.7078026966548,30.2860751070461],[-97.70770409,30.28609026],[-97.70635238,30.28632906]]},"properties":{"AADT_CUR":7843,"RTE_NM":"258601","RTE_PRFX":"CS","RTE_NBR":"258601","SYSTEM":"Off"}},{"type":"Feature","geometry":{"type":"LineString","coordinates":[[-97.714026626,30.291063173],[-97.713823565,30.290953156],[-97.71366755,30.29087595],[-97.7110214438777,30.2896246724623]]},"properties":{"AADT_CUR":195,"RTE_NM":"1015872","RTE_PRFX":"CS","RTE_NBR":"1015872","SYSTEM":"Off"}},{"type":"Feature","geometry":{"type":"LineString","coordinates":[[-97.7162041844021,30.2754797050737],[-97.716169286,30.275306686],[-97.716038334,30.274661894],[-97.715978487,30.274393696]]},"properties":{"AADT_CUR":2785,"RTE_NM":"267530","RTE_PRFX":"CS","RTE_NBR":"267530","SYSTEM":"Off"}},{"type":"Feature","geometry":{"type":"LineString","coordinates":[[-97.7414576454865,30.2645660452315],[-97.7414591612314,30.2645620777846],[-97.74179104,30.2636933800042],[-97.74210618,30.2627495000041]]},"properties":{"AADT_CUR":4335,"RTE_NM":"258676","RTE_PRFX":"CS","RTE_NBR":"258676","SYSTEM":"Off"}},{"type":"Feature","geometry":{"type":"LineString","coordinates":[[-97.75862574,30.2782113300022],[-97.75859044,30.2782658500022],[-97.7577472951432,30.2795691520521]]},"properties":{"AADT_CUR":195,"RTE_NM":"1016077","RTE_PRFX":"CS","RTE_NBR":"1016077","SYSTEM":"Off"}},{"type":"Feature","geometry":{"type":"LineString","coordinates":[[-97.7417851199308,30.2933047223141],[-97.74177102,30.2933037600023],[-97.7417535476911,30.2933110132307]]},"properties":{"AADT_CUR":195,"RTE_NM":"1021211","RTE_PRFX":"CS","RTE_NBR":"1021211","SYSTEM":"Off"}},{"type":"Feature","geometry":{"type":"LineString","coordinates":[[-97.7602020919959,30.2297362074175],[-97.760234571376,30.2296854470086]]},"properties":{"AADT_CUR":14420,"RTE_NM":"258521","RTE_PRFX":"CS","RTE_NBR":"258521","SYSTEM":"Off"}},{"type":"Feature","geometry":{"type":"LineString","coordinates":[[-97.7234340340728,30.3159607754064],[-97.72341764,30.3159578900024]]},"properties":{"AADT_CUR":6195,"RTE_NM":"258461","RTE_PRFX":"CS","RTE_NBR":"258461","SYSTEM":"Off"}},{"type":"Feature","geometry":{"type":"LineString","coordinates":[[-97.6872633,30.2825527000022],[-97.68727006,30.2828828800022],[-97.68568689,30.2839888400022],[-97.68551181,30.2847540600022],[-97.68547268,30.2849250200022],[-97.68551952,30.2852841400022],[-97.68552756,30.2853458900022],[-97.6855330825487,30.2853881295905]]},"properties":{"AADT_CUR":195,"RTE_NM":"1016080","RTE_PRFX":"CS","RTE_NBR":"1016080","SYSTEM":"Off"}},{"type":"Feature","geometry":{"type":"LineString","coordinates":[[-97.73150523,30.24261042],[-97.7312916,30.24274907],[-97.73096934,30.24321836]]},"properties":{"AADT_CUR":195,"RTE_NM":"1017836","RTE_PRFX":"CS","RTE_NBR":"1017836","SYSTEM":"Off"}},{"type":"Feature","geometry":{"type":"LineString","coordinates":[[-97.78491767,30.27985902],[-97.78456987,30.27976965],[-97.7841066,30.2797329]]},"properties":{"AADT_CUR":195,"RTE_NM":"1206132","RTE_PRFX":"CS","RTE_NBR":"1206132","SYSTEM":"Off"}},{"type":"Feature","geometry":{"type":"LineString","coordinates":[[-97.71174515,30.2688612200021],[-97.7112174799992,30.2696232800036],[-97.71116594,30.2697209300021],[-97.71077107,30.2704049000021],[-97.710694948,30.2705442450021],[-97.71065906,30.2706639000021],[-97.710638606,30.2707592630021],[-97.71063961,30.2708916900021],[-97.710682412071,30.2711110784844]]},"properties":{"AADT_CUR":2252,"RTE_NM":"1016809","RTE_PRFX":"CS","RTE_NBR":"1016809","SYSTEM":"Off"}},{"type":"Feature","geometry":{"type":"LineString","coordinates":[[-97.70216114,30.29218795],[-97.70184231,30.29218641],[-97.70150568,30.29219963],[-97.70115169,30.2922125],[-97.70086117,30.2922367],[-97.7006923,30.29226343],[-97.70055822,30.29229085]]},"properties":{"AADT_CUR":195,"RTE_NM":"1016103","RTE_PRFX":"CS","RTE_NBR":"1016103","SYSTEM":"Off"}},{"type":"Feature","geometry":{"type":"LineString","coordinates":[[-97.69828865,30.2179977800018],[-97.69799424,30.2182747600017],[-97.6950567,30.2210411300018],[-97.6950176819928,30.2210797623314]]},"properties":{"AADT_CUR":195,"RTE_NM":"1021760","RTE_PRFX":"CS","RTE_NBR":"1021760","SYSTEM":"Off"}},{"type":"Feature","geometry":{"type":"LineString","coordinates":[[-97.69476807,30.22966933],[-97.69464846,30.22983112],[-97.69399104,30.23072046],[-97.69348016,30.23133426],[-97.69283787,30.23214891],[-97.69208539,30.23302724]]},"properties":{"AADT_CUR":195,"RTE_NM":"1021077","RTE_PRFX":"CS","RTE_NBR":"1021077","SYSTEM":"Off"}},{"type":"Feature","geometry":{"type":"LineString","coordinates":[[-97.7413737428388,30.2898441301966],[-97.74113027,30.2898179500022],[-97.74047098,30.2897520500023],[-97.7402520759922,30.289732587392],[-97.73981077,30.2896933500022],[-97.73914978,30.2896418500022],[-97.7390761619959,30.2896365818347],[-97.7390419,30.2896341300022],[-97.73820992,30.2895860600022],[-97.737991067368,30.2895738267032],[-97.7368410085801,30.2895095351473]]},"properties":{"AADT_CUR":4231,"RTE_NM":"258862","RTE_PRFX":"CS","RTE_NBR":"258862","SYSTEM":"Off"}},{"type":"Feature","geometry":{"type":"LineString","coordinates":[[-97.73215368,30.26960447],[-97.73111532,30.26927474],[-97.73107692,30.26926258],[-97.73096923,30.26922838]]},"properties":{"AADT_CUR":195,"RTE_NM":"1015837","RTE_PRFX":"CS","RTE_NBR":"1015837","SYSTEM":"Off"}},{"type":"Feature","geometry":{"type":"LineString","coordinates":[[-97.7343164540329,30.266763303751],[-97.73423102,30.26699581],[-97.73406134,30.26745566],[-97.7339654835861,30.2677175447445]]},"properties":{"AADT_CUR":161912,"RTE_NM":"IH0035-LG","RTE_PRFX":"IH","RTE_NBR":"35","SYSTEM":"On"}},{"type":"Feature","geometry":{"type":"LineString","coordinates":[[-97.7396712511916,30.2661957199952],[-97.73966627,30.2661944100021],[-97.7386289188239,30.2659030732574],[-97.73755238,30.2656007200021],[-97.737539631411,30.2655969759521]]},"properties":{"AADT_CUR":6738,"RTE_NM":"258394","RTE_PRFX":"CS","RTE_NBR":"258394","SYSTEM":"Off"}},{"type":"Feature","geometry":{"type":"LineString","coordinates":[[-97.764986376,30.2825799],[-97.76322434,30.28171397],[-97.76303784,30.28162233],[-97.761177718,30.280757144]]},"properties":{"AADT_CUR":745,"RTE_NM":"1021191","RTE_PRFX":"CS","RTE_NBR":"1021191","SYSTEM":"Off"}},{"type":"Feature","geometry":{"type":"LineString","coordinates":[[-97.75860342,30.29245262],[-97.75866957,30.29260844],[-97.7587195,30.29267834],[-97.75877553,30.2927316],[-97.75885486,30.29279595],[-97.75893475,30.29285864],[-97.75902184,30.29294689],[-97.75909342,30.29303839],[-97.75914668,30.29313326],[-97.75917775,30.29321148],[-97.75919328,30.29329692],[-97.75919495,30.29340621],[-97.75917848,30.29360228],[-97.75913919,30.29384156],[-97.75911432,30.29399294],[-97.75907824,30.29436369]]},"properties":{"AADT_CUR":6308,"RTE_NM":"1638921811","RTE_PRFX":"SL","RTE_NBR":"1","SYSTEM":"On"}},{"type":"Feature","geometry":{"type":"LineString","coordinates":[[-97.68635684,30.29269663],[-97.6853937,30.29228067]]},"properties":{"AADT_CUR":195,"RTE_NM":"1020014","RTE_PRFX":"CS","RTE_NBR":"1020014","SYSTEM":"Off"}},{"type":"Feature","geometry":{"type":"LineString","coordinates":[[-97.78654294,30.21765728],[-97.78626623,30.21806158],[-97.78582893,30.21819311],[-97.78508497,30.21833236],[-97.78438832,30.21842023],[-97.78428616,30.21845123],[-97.78408957,30.21854907],[-97.78403629,30.21874054],[-97.78401124,30.2188198],[-97.78398302,30.219012],[-97.78391091,30.21950263],[-97.78391179,30.21966832],[-97.78391496,30.22024801],[-97.78393447,30.22067745],[-97.78396769,30.22103843],[-97.78400291,30.22120415],[-97.78401224,30.22142161],[-97.78397748,30.22165742],[-97.78394004,30.22178596],[-97.78388995,30.22191423],[-97.78361097,30.22249724],[-97.78354436,30.22258756],[-97.78323731,30.22300411],[-97.78316057,30.22306031],[-97.7830629,30.2231024],[-97.7829298,30.2231355],[-97.7827884,30.22315194],[-97.78263182,30.2231763],[-97.78251305,30.22321356],[-97.78237634,30.2232565]]},"properties":{"AADT_CUR":195,"RTE_NM":"1019484","RTE_PRFX":"CS","RTE_NBR":"1019484","SYSTEM":"Off"}},{"type":"Feature","geometry":{"type":"LineString","coordinates":[[-97.78935282,30.22600791],[-97.78809644,30.22540277],[-97.78711336,30.22484965]]},"properties":{"AADT_CUR":195,"RTE_NM":"1015451","RTE_PRFX":"CS","RTE_NBR":"1015451","SYSTEM":"Off"}},{"type":"Feature","geometry":{"type":"LineString","coordinates":[[-97.72834354,30.22045816],[-97.72774551,30.22096578]]},"properties":{"AADT_CUR":195,"RTE_NM":"1019554","RTE_PRFX":"CS","RTE_NBR":"1019554","SYSTEM":"Off"}},{"type":"Feature","geometry":{"type":"LineString","coordinates":[[-97.6976043810232,30.2287453602911],[-97.69728134,30.2286814700018],[-97.69432878,30.2287636900018],[-97.69393213,30.2286180000018]]},"properties":{"AADT_CUR":195,"RTE_NM":"1016470","RTE_PRFX":"CS","RTE_NBR":"1016470","SYSTEM":"Off"}},{"type":"Feature","geometry":{"type":"LineString","coordinates":[[-97.6943676719438,30.2390701722629],[-97.69436159,30.2390672300019],[-97.69329362,30.2381870800019]]},"properties":{"AADT_CUR":195,"RTE_NM":"1018377","RTE_PRFX":"CS","RTE_NBR":"1018377","SYSTEM":"Off"}},{"type":"Feature","geometry":{"type":"LineString","coordinates":[[-97.69264909,30.30314308],[-97.69267877,30.30317244],[-97.69296463,30.30345485],[-97.69336947,30.30368872],[-97.69379842,30.30411564],[-97.69389646,30.30423955],[-97.69403513,30.30441478],[-97.69419358,30.30496536]]},"properties":{"AADT_CUR":195,"RTE_NM":"1020008","RTE_PRFX":"CS","RTE_NBR":"1020008","SYSTEM":"Off"}},{"type":"Feature","geometry":{"type":"LineString","coordinates":[[-97.79039797,30.23232698],[-97.78779461,30.23109156],[-97.78762166,30.23100947],[-97.78566827,30.23004652],[-97.78529974,30.22984939],[-97.78380425,30.22915134],[-97.7829282,30.22874335],[-97.78281868,30.22869167],[-97.78277552,30.22864678],[-97.78276537,30.22855309],[-97.78277162,30.22843495]]},"properties":{"AADT_CUR":362,"RTE_NM":"1016389","RTE_PRFX":"CS","RTE_NBR":"1016389","SYSTEM":"Off"}},{"type":"Feature","geometry":{"type":"LineString","coordinates":[[-97.7723279668066,30.2544208281429],[-97.7723132149988,30.2544139261638]]},"properties":{"AADT_CUR":195,"RTE_NM":"1018999","RTE_PRFX":"CS","RTE_NBR":"1018999","SYSTEM":"Off"}},{"type":"Feature","geometry":{"type":"LineString","coordinates":[[-97.71557074,30.26028959],[-97.71424743,30.25978399],[-97.71244023,30.25917793],[-97.71232594,30.25913961]]},"properties":{"AADT_CUR":195,"RTE_NM":"1016941","RTE_PRFX":"CS","RTE_NBR":"1016941","SYSTEM":"Off"}},{"type":"Feature","geometry":{"type":"LineString","coordinates":[[-97.7698339481996,30.2892478432611],[-97.76983234,30.2892503000022],[-97.7698063381607,30.2892842791491]]},"properties":{"AADT_CUR":195,"RTE_NM":"1019189","RTE_PRFX":"CS","RTE_NBR":"1019189","SYSTEM":"Off"}},{"type":"Feature","geometry":{"type":"LineString","coordinates":[[-97.7015434511029,30.267381392072],[-97.70153522,30.267378530002],[-97.69956155,30.2666696300021]]},"properties":{"AADT_CUR":195,"RTE_NM":"1020761","RTE_PRFX":"CS","RTE_NBR":"1020761","SYSTEM":"Off"}},{"type":"Feature","geometry":{"type":"LineString","coordinates":[[-97.6964612005795,30.307742937664],[-97.69655107,30.307602256],[-97.696766988,30.307259542],[-97.696875618,30.307091658],[-97.697153227,30.306655158],[-97.697315501,30.306389436],[-97.697562936,30.306006194],[-97.697838532,30.305578373],[-97.69800483,30.305320175],[-97.698529873,30.304491735],[-97.698771273,30.304113116],[-97.6989276813335,30.3038834305898]]},"properties":{"AADT_CUR":11307,"RTE_NM":"258486","RTE_PRFX":"CS","RTE_NBR":"258486","SYSTEM":"Off"}},{"type":"Feature","geometry":{"type":"LineString","coordinates":[[-97.71592199,30.3105596],[-97.7163252,30.3099378],[-97.71682032,30.30916099],[-97.71725135,30.30848828],[-97.71785778,30.30753798],[-97.71847508,30.30657415],[-97.7191725,30.30549427],[-97.7195589401978,30.3048715517062]]},"properties":{"AADT_CUR":1211,"RTE_NM":"258641","RTE_PRFX":"CS","RTE_NBR":"258641","SYSTEM":"Off"}},{"type":"Feature","geometry":{"type":"LineString","coordinates":[[-97.71438118,30.26441241],[-97.71464998,30.26480059],[-97.71509471,30.26557705],[-97.71517933,30.26570934],[-97.71556235,30.2663237],[-97.71565624,30.26646347],[-97.71605116,30.26705151],[-97.71614398,30.2672028],[-97.71616571,30.26723815],[-97.71617677,30.2672686]]},"properties":{"AADT_CUR":195,"RTE_NM":"1016838","RTE_PRFX":"CS","RTE_NBR":"1016838","SYSTEM":"Off"}},{"type":"Feature","geometry":{"type":"LineString","coordinates":[[-97.73175435,30.2643108600021],[-97.73154871,30.2647460500021],[-97.7315287203365,30.2647888772204],[-97.73149024,30.2648713200021],[-97.7311263747727,30.2656513909066]]},"properties":{"AADT_CUR":195,"RTE_NM":"1018191","RTE_PRFX":"CS","RTE_NBR":"1018191","SYSTEM":"Off"}},{"type":"Feature","geometry":{"type":"LineString","coordinates":[[-97.7588120392222,30.2916594563812],[-97.7588168705393,30.291646230239],[-97.75887193,30.2914955000022],[-97.75924131,30.2903506300023],[-97.75958536,30.2892842300022],[-97.75979429,30.2887878500023],[-97.75985606,30.2884578300022],[-97.7598474343988,30.2883862565048],[-97.7598133492476,30.2881034036596],[-97.759805,30.2878111000022],[-97.75994022,30.2874498900022],[-97.7600935536781,30.287226897604]]},"properties":{"AADT_CUR":828,"RTE_NM":"258561","RTE_PRFX":"CS","RTE_NBR":"258561","SYSTEM":"Off"}},{"type":"Feature","geometry":{"type":"LineString","coordinates":[[-97.78324194,30.25668453],[-97.78321581,30.25672994],[-97.7828568,30.25735344],[-97.78281274,30.25743706],[-97.78265751,30.25773177],[-97.78260782,30.25802231],[-97.78279382,30.25877686],[-97.78294911,30.25916499],[-97.78300666,30.25926515],[-97.78311343,30.25939104],[-97.7833539,30.25962113],[-97.78342167,30.25968593],[-97.78382391,30.26026053],[-97.78383732,30.26032405]]},"properties":{"AADT_CUR":195,"RTE_NM":"1016593","RTE_PRFX":"CS","RTE_NBR":"1016593","SYSTEM":"Off"}},{"type":"Feature","geometry":{"type":"LineString","coordinates":[[-97.735709146,30.231515261],[-97.73587224,30.23137177],[-97.73591172,30.23128528],[-97.73592252,30.23118793],[-97.735785224,30.230299504],[-97.73577973,30.23026395],[-97.735707357,30.229773959],[-97.735530082,30.228573711],[-97.73541793,30.22781437],[-97.735413686,30.227786865],[-97.73501888,30.22522794],[-97.7349999,30.225096067],[-97.73487494,30.22422782],[-97.734856193,30.224112632],[-97.73461714,30.22264377],[-97.734606477,30.222581851],[-97.7345446833474,30.2222230205639]]},"properties":{"AADT_CUR":7921,"RTE_NM":"258497","RTE_PRFX":"CS","RTE_NBR":"258497","SYSTEM":"Off"}},{"type":"Feature","geometry":{"type":"LineString","coordinates":[[-97.79597774,30.2722568500021],[-97.795947,30.2725640500021],[-97.7956395279279,30.2735915547384]]},"properties":{"AADT_CUR":195,"RTE_NM":"1206148","RTE_PRFX":"CS","RTE_NBR":"1206148","SYSTEM":"Off"}},{"type":"Feature","geometry":{"type":"LineString","coordinates":[[-97.7801733473642,30.2694704094868],[-97.78017122,30.2694756200021],[-97.78008542,30.2698149500021],[-97.77967025,30.2701476900021],[-97.77949151,30.2706144500021],[-97.77698357,30.2732185100021]]},"properties":{"AADT_CUR":195,"RTE_NM":"1021789","RTE_PRFX":"CS","RTE_NBR":"1021789","SYSTEM":"Off"}},{"type":"Feature","geometry":{"type":"LineString","coordinates":[[-97.6889715089188,30.2848871150255],[-97.6889685860952,30.28487293177]]},"properties":{"AADT_CUR":195,"RTE_NM":"1021582","RTE_PRFX":"CS","RTE_NBR":"1021582","SYSTEM":"Off"}},{"type":"Feature","geometry":{"type":"LineString","coordinates":[[-97.7860826132037,30.3092602008756],[-97.78594072,30.3094248600024],[-97.78585334,30.3094944900023],[-97.78581772,30.3095514900024],[-97.78557972,30.3097708700024]]},"properties":{"AADT_CUR":195,"RTE_NM":"227AA0506","RTE_PRFX":"CR","RTE_NBR":"506","SYSTEM":"Off"}},{"type":"Feature","geometry":{"type":"LineString","coordinates":[[-97.7931885333876,30.3168055467409],[-97.79319012,30.3168002100024],[-97.79323146,30.3166611200024],[-97.79337096,30.3161527400024],[-97.79371221,30.3150597400024],[-97.79382997,30.3147477400024],[-97.79397096,30.3144662400024],[-97.79425834,30.3139914900024],[-97.79458034,30.3135071100024],[-97.7947781633186,30.3131950505138]]},"properties":{"AADT_CUR":2052,"RTE_NM":"227AA0535","RTE_PRFX":"CR","RTE_NBR":"535","SYSTEM":"Off"}},{"type":"Feature","geometry":{"type":"LineString","coordinates":[[-97.72692067,30.28298586],[-97.72673979,30.28301733],[-97.7264123015417,30.2830754287748]]},"properties":{"AADT_CUR":3044,"RTE_NM":"1018006","RTE_PRFX":"CS","RTE_NBR":"1018006","SYSTEM":"Off"}},{"type":"Feature","geometry":{"type":"LineString","coordinates":[[-97.7375569779136,30.2686505935146],[-97.73756707,30.2686535400021],[-97.7375860844795,30.2686587412037],[-97.7386409465992,30.2689472818082],[-97.73969485,30.2692357200021],[-97.7397569034546,30.2692530791974]]},"properties":{"AADT_CUR":2234,"RTE_NM":"258408","RTE_PRFX":"CS","RTE_NBR":"258408","SYSTEM":"Off"}},{"type":"Feature","geometry":{"type":"LineString","coordinates":[[-97.74886903,30.2749175200021],[-97.74885108,30.2749094600021],[-97.74792144,30.2746215900021],[-97.74781557,30.2745887900021],[-97.74671415,30.2743025200021],[-97.74560672,30.2740051300021],[-97.74470482,30.2737424900021],[-97.744588193377,30.2737084952309]]},"properties":{"AADT_CUR":745,"RTE_NM":"258421","RTE_PRFX":"CS","RTE_NBR":"258421","SYSTEM":"Off"}},{"type":"Feature","geometry":{"type":"LineString","coordinates":[[-97.76224032,30.2333683000018],[-97.76139333,30.2329414900019],[-97.76045048,30.2325131700019],[-97.76032931,30.2324581000018],[-97.75904315,30.2318233600018],[-97.7589243591629,30.2317690796081]]},"properties":{"AADT_CUR":195,"RTE_NM":"1016860","RTE_PRFX":"CS","RTE_NBR":"1016860","SYSTEM":"Off"}},{"type":"Feature","geometry":{"type":"LineString","coordinates":[[-97.7586864915598,30.2288794684715],[-97.75867927,30.2288880000018],[-97.7586536423105,30.2289296730321]]},"properties":{"AADT_CUR":195,"RTE_NM":"1021712","RTE_PRFX":"CS","RTE_NBR":"1021712","SYSTEM":"Off"}},{"type":"Feature","geometry":{"type":"LineString","coordinates":[[-97.7630575798387,30.2367482466264],[-97.7630283543623,30.2367341478854]]},"properties":{"AADT_CUR":195,"RTE_NM":"1016046","RTE_PRFX":"CS","RTE_NBR":"1016046","SYSTEM":"Off"}},{"type":"Feature","geometry":{"type":"LineString","coordinates":[[-97.7038402536554,30.3041738953891],[-97.7027034059797,30.3036335062747],[-97.7018159617848,30.3032116573474],[-97.70172816,30.3031699200023],[-97.7009213205139,30.3027859392352],[-97.69989953,30.3022996500023],[-97.6995125,30.3020920600023],[-97.6993124,30.3020535600023],[-97.69909178,30.3020321400023],[-97.69892935,30.3020989800023],[-97.69872193,30.3023656100023],[-97.69844963,30.3028229500023],[-97.6983569,30.3029172200023],[-97.6982238088586,30.3030702975974]]},"properties":{"AADT_CUR":195,"RTE_NM":"1264435","RTE_PRFX":"CS","RTE_NBR":"1264435","SYSTEM":"Off"}},{"type":"Feature","geometry":{"type":"LineString","coordinates":[[-97.70046818,30.2973521800023],[-97.70036967,30.2973646700023],[-97.7003704414951,30.2973646519273]]},"properties":{"AADT_CUR":195,"RTE_NM":"1018118","RTE_PRFX":"CS","RTE_NBR":"1018118","SYSTEM":"Off"}},{"type":"Feature","geometry":{"type":"LineString","coordinates":[[-97.74313849,30.22528254],[-97.74278775,30.225754]]},"properties":{"AADT_CUR":195,"RTE_NM":"1020802","RTE_PRFX":"CS","RTE_NBR":"1020802","SYSTEM":"Off"}},{"type":"Feature","geometry":{"type":"LineString","coordinates":[[-97.6868708622488,30.2200181479702],[-97.6868824304914,30.2200286095469]]},"properties":{"AADT_CUR":195,"RTE_NM":"1019674","RTE_PRFX":"CS","RTE_NBR":"1019674","SYSTEM":"Off"}},{"type":"Feature","geometry":{"type":"LineString","coordinates":[[-97.8061266684693,30.2851598286949],[-97.80567201,30.2854825400022],[-97.8056267,30.2855147300022],[-97.80496035,30.2859876700022],[-97.80420581,30.2856372700022],[-97.80372765,30.2855618300022],[-97.8028806,30.2858696200022],[-97.80225302,30.2862131700022],[-97.80198355,30.2863607100022],[-97.80110536,30.2867064300022],[-97.80030682,30.2874579800022],[-97.80009969,30.2873493500022],[-97.79909365,30.2868619100022],[-97.79900461,30.2869928000022],[-97.79838058,30.2879099800022],[-97.79778221,30.2887893500022],[-97.79776603,30.2888131500022],[-97.79772973,30.2888668000022]]},"properties":{"AADT_CUR":445,"RTE_NM":"1252154","RTE_PRFX":"CS","RTE_NBR":"1252154","SYSTEM":"Off"}},{"type":"Feature","geometry":{"type":"LineString","coordinates":[[-97.68645517,30.26244449],[-97.68591011,30.26337111],[-97.68588881,30.26341679],[-97.68579567,30.2636163]]},"properties":{"AADT_CUR":195,"RTE_NM":"1015649","RTE_PRFX":"CS","RTE_NBR":"1015649","SYSTEM":"Off"}},{"type":"Feature","geometry":{"type":"LineString","coordinates":[[-97.7671672,30.24582432],[-97.76670451,30.24583156],[-97.76616773,30.2460628],[-97.76573813,30.24643379],[-97.76529801,30.24702177]]},"properties":{"AADT_CUR":195,"RTE_NM":"1021672","RTE_PRFX":"CS","RTE_NBR":"1021672","SYSTEM":"Off"}},{"type":"Feature","geometry":{"type":"LineString","coordinates":[[-97.7347208928134,30.2441884307156],[-97.73365957,30.2436580300019],[-97.73191368,30.2428524900019],[-97.73150523,30.2426104200019]]},"properties":{"AADT_CUR":195,"RTE_NM":"1020525","RTE_PRFX":"CS","RTE_NBR":"1020525","SYSTEM":"Off"}},{"type":"Feature","geometry":{"type":"LineString","coordinates":[[-97.73912184,30.2608621],[-97.73927075,30.26090467],[-97.73986777,30.26107526]]},"properties":{"AADT_CUR":195,"RTE_NM":"1021605","RTE_PRFX":"CS","RTE_NBR":"1021605","SYSTEM":"Off"}},{"type":"Feature","geometry":{"type":"LineString","coordinates":[[-97.7784994491855,30.2677991684051],[-97.77861754,30.26772194],[-97.77899573,30.26748731],[-97.77942023,30.26725576],[-97.78001453,30.26692388],[-97.78053783,30.26665528],[-97.78114139,30.26636354],[-97.78154119,30.26617521],[-97.7822806,30.26586648],[-97.7825396443207,30.2657671376779]]},"properties":{"AADT_CUR":135145,"RTE_NM":"SL0001-KG","RTE_PRFX":"SL","RTE_NBR":"1","SYSTEM":"On"}},{"type":"Feature","geometry":{"type":"LineString","coordinates":[[-97.7957064694599,30.3031715454841],[-97.79554023,30.302987790007],[-97.79530881,30.3027638600069],[-97.79524012,30.3026893700069],[-97.79517441,30.3026075900069],[-97.7951199,30.3025284500069],[-97.79508803,30.3024448100069],[-97.79506758,30.3023540500069],[-97.79506391,30.3022684500069],[-97.79506301,30.3021853500069],[-97.79510152,30.3021029300069],[-97.79515973,30.3020208600069],[-97.79524327,30.3019392200069],[-97.79534354,30.3018652000069],[-97.79592903,30.3013865900069],[-97.79630736,30.3010998900069],[-97.7963475052011,30.3010521701301]]},"properties":{"AADT_CUR":5854,"RTE_NM":"258886","RTE_PRFX":"CS","RTE_NBR":"258886","SYSTEM":"Off"}},{"type":"Feature","geometry":{"type":"LineString","coordinates":[[-97.78539056,30.30384448],[-97.78560801,30.30368523],[-97.78575219,30.30352467],[-97.78595059,30.30325798],[-97.78709189,30.30172372],[-97.78735914,30.30137816],[-97.78766238,30.30095998],[-97.78804944,30.30046092],[-97.78841013,30.29995409],[-97.78858188,30.29974366],[-97.7886193,30.29970644]]},"properties":{"AADT_CUR":195,"RTE_NM":"227AA0503","RTE_PRFX":"CR","RTE_NBR":"503","SYSTEM":"Off"}},{"type":"Feature","geometry":{"type":"LineString","coordinates":[[-97.7136417200916,30.3037732569938],[-97.7131568,30.3035914400069],[-97.7126449499982,30.3035589800062],[-97.7126102,30.3035442900069],[-97.7119477,30.3032641800069],[-97.71173864,30.3031141400069],[-97.71086223,30.3019333800069],[-97.71081364,30.3018679400069],[-97.7107747199988,30.3018154700059],[-97.71048657,30.3015703200069],[-97.70951689,30.3010371700069],[-97.70935915,30.3009504200069]]},"properties":{"AADT_CUR":195,"RTE_NM":"1014075","RTE_PRFX":"CS","RTE_NBR":"1014075","SYSTEM":"Off"}},{"type":"Feature","geometry":{"type":"LineString","coordinates":[[-97.7237964028353,30.2731433410929],[-97.72339066,30.27320976],[-97.72284594,30.27329123],[-97.72205045,30.27341159],[-97.7219675953232,30.2734246999691]]},"properties":{"AADT_CUR":6832,"RTE_NM":"258427","RTE_PRFX":"CS","RTE_NBR":"258427","SYSTEM":"Off"}},{"type":"Feature","geometry":{"type":"LineString","coordinates":[[-97.719802291179,30.2675773014099],[-97.71979956,30.2675763500021],[-97.71873249,30.2672069900021],[-97.71860046,30.2671613100021],[-97.71727984,30.2666695700021]]},"properties":{"AADT_CUR":195,"RTE_NM":"1016778","RTE_PRFX":"CS","RTE_NBR":"1016778","SYSTEM":"Off"}},{"type":"Feature","geometry":{"type":"LineString","coordinates":[[-97.75923627,30.2825278700022],[-97.75920875,30.2826198900022],[-97.75909099,30.2830189700022],[-97.75907274,30.2830746800022],[-97.7590636201505,30.2830999690909],[-97.75903715,30.2831733700022],[-97.75798111,30.2861000900022],[-97.75727007,30.2872134700022],[-97.75678196,30.2879269700022],[-97.7563017840229,30.2885401748649]]},"properties":{"AADT_CUR":195,"RTE_NM":"1019007","RTE_PRFX":"CS","RTE_NBR":"1019007","SYSTEM":"Off"}},{"type":"Feature","geometry":{"type":"LineString","coordinates":[[-97.74301398,30.24896865],[-97.74294498,30.24909972],[-97.74272024,30.24952653],[-97.74235149,30.25022316],[-97.74181387,30.25071835],[-97.74186363,30.25098889]]},"properties":{"AADT_CUR":195,"RTE_NM":"1014119","RTE_PRFX":"CS","RTE_NBR":"1014119","SYSTEM":"Off"}},{"type":"Feature","geometry":{"type":"LineString","coordinates":[[-97.74138031,30.24978816],[-97.74047889,30.24952794],[-97.74004118,30.24940082]]},"properties":{"AADT_CUR":195,"RTE_NM":"1019721","RTE_PRFX":"CS","RTE_NBR":"1019721","SYSTEM":"Off"}},{"type":"Feature","geometry":{"type":"LineString","coordinates":[[-97.6858031579145,30.2808789124193],[-97.68580077,30.2808777700022],[-97.68450894,30.2802597100022],[-97.68315461,30.2796056200022],[-97.68309293,30.2795758400022],[-97.68307927,30.2795632400022],[-97.68300457,30.2794945300022],[-97.6828706285486,30.2793714001493]]},"properties":{"AADT_CUR":195,"RTE_NM":"1019472","RTE_PRFX":"CS","RTE_NBR":"1019472","SYSTEM":"Off"}},{"type":"Feature","geometry":{"type":"LineString","coordinates":[[-97.72909697,30.252388460002],[-97.72868594,30.253298720002],[-97.72865437,30.253364340002],[-97.7282507570323,30.2542032850315],[-97.72822646,30.254262340002],[-97.7279001699992,30.2550622200037],[-97.7274560999993,30.2560213100037],[-97.7270739899992,30.2569156500037],[-97.726637412101,30.2578308772848],[-97.72658587,30.257943650002],[-97.72623001,30.258721930002],[-97.7257930099992,30.2596509100038],[-97.72538963,30.260511840002]]},"properties":{"AADT_CUR":195,"RTE_NM":"1014922","RTE_PRFX":"CS","RTE_NBR":"1014922","SYSTEM":"Off"}},{"type":"Feature","geometry":{"type":"LineString","coordinates":[[-97.7722153,30.28519995],[-97.77087495,30.28459562]]},"properties":{"AADT_CUR":195,"RTE_NM":"1018062","RTE_PRFX":"CS","RTE_NBR":"1018062","SYSTEM":"Off"}},{"type":"Feature","geometry":{"type":"LineString","coordinates":[[-97.70588156,30.26321842],[-97.70510081,30.2648966],[-97.70464921,30.26577296]]},"properties":{"AADT_CUR":195,"RTE_NM":"1017771","RTE_PRFX":"CS","RTE_NBR":"1017771","SYSTEM":"Off"}},{"type":"Feature","geometry":{"type":"LineString","coordinates":[[-97.7063753761463,30.2698958095206],[-97.70650863,30.2699653800021],[-97.70705032,30.2702502800021],[-97.70748636,30.2706167900021],[-97.70772024,30.2712211600021],[-97.70785217,30.2717299300021],[-97.70798155,30.2723321300021],[-97.70800292,30.2725121700021],[-97.70806723,30.2730545100021]]},"properties":{"AADT_CUR":195,"RTE_NM":"1014015","RTE_PRFX":"CS","RTE_NBR":"1014015","SYSTEM":"Off"}},{"type":"Feature","geometry":{"type":"LineString","coordinates":[[-97.7124568446926,30.2122437542317],[-97.712249276,30.212222991],[-97.711956882,30.212199689],[-97.711808019,30.212192156],[-97.711592772,30.212184043],[-97.711423121,30.212181146],[-97.711213909,30.212180567],[-97.71096111,30.21218752],[-97.710758603,30.212196212],[-97.71054939,30.212207801],[-97.710369682,30.212225765],[-97.710220819,30.212239093],[-97.710007583,30.212265749],[-97.709831898,30.212287768],[-97.709629391,30.21231906],[-97.709322278,30.21237353],[-97.709113736,30.212415252],[-97.708976761,30.212449539],[-97.708726156,30.212506228],[-97.708556505,30.212551427],[-97.708382161,30.21260242],[-97.708237322,30.212651096],[-97.707973794,30.212730482],[-97.707741783,30.212806972],[-97.707248484,30.212966092],[-97.706695049,30.213143062],[-97.705991639,30.213370213],[-97.70546056,30.213543472],[-97.704991844,30.213690076],[-97.704410473,30.213877821],[-97.703894148,30.214049341],[-97.703273885,30.214260844],[-97.70236871,30.214558601],[-97.701195912,30.214934088],[-97.700283959,30.215229609],[-97.699178216,30.215580757],[-97.697402591,30.216152094],[-97.696062154,30.216583781],[-97.694858511,30.216967952],[-97.693668248,30.217350298],[-97.692395538,30.2177814],[-97.691670669,30.218038091],[-97.691183177,30.218211922],[-97.690297376,30.21857233],[-97.689436386,30.218951858],[-97.688881838,30.219223031],[-97.688362159,30.21948725],[-97.687180635,30.220115923],[-97.686298186,30.220586994],[-97.685641044,30.220947393],[-97.685409703,30.221066174],[-97.685177021,30.221186693],[-97.684989135,30.221277038],[-97.684560651,30.221468824],[-97.68435345,30.221555737],[-97.683986657,30.221698273],[-97.68333555,30.221950897],[-97.6832631910149,30.2219759870994]]},"properties":{"AADT_CUR":118192,"RTE_NM":"SH0071-RG","RTE_PRFX":"SH","RTE_NBR":"71","SYSTEM":"On"}},{"type":"Feature","geometry":{"type":"LineString","coordinates":[[-97.6900054,30.30210671],[-97.6865902,30.30250655]]},"properties":{"AADT_CUR":195,"RTE_NM":"1014486","RTE_PRFX":"CS","RTE_NBR":"1014486","SYSTEM":"Off"}},{"type":"Feature","geometry":{"type":"LineString","coordinates":[[-97.73199397,30.2934055100023],[-97.73196011,30.2934578300023],[-97.73058424,30.2955854300023],[-97.73050409,30.2957274800023],[-97.7300625,30.2965099500023],[-97.72950077,30.2973594000023],[-97.7289337132552,30.298225927904]]},"properties":{"AADT_CUR":195,"RTE_NM":"1017742","RTE_PRFX":"CS","RTE_NBR":"1017742","SYSTEM":"Off"}},{"type":"Feature","geometry":{"type":"LineString","coordinates":[[-97.7415502776249,30.2877180809865],[-97.74141846,30.2877026200022],[-97.74139303,30.2876994700022],[-97.74045727,30.2875839800022],[-97.73957285,30.2875240300022],[-97.73949596,30.2875136100022],[-97.73941697,30.2874962600022],[-97.7393081,30.2874517000022],[-97.73924485,30.2874395800022],[-97.73918248,30.2874383200022],[-97.73901713,30.2874674800022],[-97.73896136,30.2874742200022],[-97.73888086,30.2874707200022],[-97.73826466,30.2874266400022]]},"properties":{"AADT_CUR":622,"RTE_NM":"1021205","RTE_PRFX":"CS","RTE_NBR":"1021205","SYSTEM":"Off"}},{"type":"Feature","geometry":{"type":"LineString","coordinates":[[-97.76117772,30.2807571400022],[-97.76093359,30.2811483400022],[-97.76089963,30.2811954300022],[-97.76086436,30.2812442000022],[-97.76065107,30.2815395600022],[-97.7606242871991,30.2815766039005]]},"properties":{"AADT_CUR":195,"RTE_NM":"1014954","RTE_PRFX":"CS","RTE_NBR":"1014954","SYSTEM":"Off"}},{"type":"Feature","geometry":{"type":"LineString","coordinates":[[-97.7578564696631,30.2827955014231],[-97.7578240518859,30.2827881259381]]},"properties":{"AADT_CUR":13739,"RTE_NM":"258537","RTE_PRFX":"CS","RTE_NBR":"258537","SYSTEM":"Off"}},{"type":"Feature","geometry":{"type":"LineString","coordinates":[[-97.75935335,30.3093597000024],[-97.75923973,30.3092618600024],[-97.75917597,30.3091962100024],[-97.75913936,30.3091242500024],[-97.75912485,30.3090491400024],[-97.75911917,30.3089298400024],[-97.75911222,30.3087966500024],[-97.75910149,30.3086293800024],[-97.75908066,30.3084873500023],[-97.75904216,30.3083857300024],[-97.75897967,30.3082916800024],[-97.75889319,30.3082052000024],[-97.75881113,30.3081446000024],[-97.7586994,30.3080814800024],[-97.75859147,30.3080341400024],[-97.75850183,30.3079804900023],[-97.75839642,30.3078965300024],[-97.75831689,30.3078106900024],[-97.75825187,30.3077134800024],[-97.75820958,30.3076320500023],[-97.75816641,30.3074954200024],[-97.7581382062528,30.3073005606655]]},"properties":{"AADT_CUR":2168,"RTE_NM":"1638921845","RTE_PRFX":"SL","RTE_NBR":"1","SYSTEM":"On"}},{"type":"Feature","geometry":{"type":"LineString","coordinates":[[-97.79500325,30.24868642],[-97.79465845,30.24914714]]},"properties":{"AADT_CUR":195,"RTE_NM":"1017070","RTE_PRFX":"CS","RTE_NBR":"1017070","SYSTEM":"Off"}},{"type":"Feature","geometry":{"type":"LineString","coordinates":[[-97.69283012,30.22366636],[-97.69220974,30.22315575]]},"properties":{"AADT_CUR":195,"RTE_NM":"1014754","RTE_PRFX":"CS","RTE_NBR":"1014754","SYSTEM":"Off"}},{"type":"Feature","geometry":{"type":"LineString","coordinates":[[-97.6870943472694,30.3123365283901],[-97.68703824,30.3123323200024],[-97.68676943,30.3122867800024],[-97.68649729,30.3122345700024],[-97.6862507,30.3121568200024],[-97.68604632,30.3120668400024],[-97.68592969,30.3120157500024],[-97.68581639,30.3119757600024],[-97.68570976,30.3119546500024],[-97.6856209,30.3119457700024],[-97.68554203,30.3119446600024],[-97.68546206,30.3119468800024],[-97.68535653,30.3119535400024],[-97.6853495016563,30.3119548269596]]},"properties":{"AADT_CUR":4223,"RTE_NM":"1310849","RTE_PRFX":"CS","RTE_NBR":"1310849","SYSTEM":"Off"}},{"type":"Feature","geometry":{"type":"LineString","coordinates":[[-97.7676498346315,30.2294563495008],[-97.7676352774873,30.2294491958351]]},"properties":{"AADT_CUR":195,"RTE_NM":"1020238","RTE_PRFX":"CS","RTE_NBR":"1020238","SYSTEM":"Off"}},{"type":"Feature","geometry":{"type":"LineString","coordinates":[[-97.739626163,30.257991372],[-97.73922289,30.25788528],[-97.73913834,30.25785907],[-97.73822204,30.2576089],[-97.73818805,30.2575996],[-97.7381264,30.25758282],[-97.737708055,30.257483077],[-97.737238828,30.2573712],[-97.73716669,30.257354]]},"properties":{"AADT_CUR":4497,"RTE_NM":"1019546","RTE_PRFX":"CS","RTE_NBR":"1019546","SYSTEM":"Off"}},{"type":"Feature","geometry":{"type":"LineString","coordinates":[[-97.79574471,30.27857223],[-97.79525851,30.27826282]]},"properties":{"AADT_CUR":195,"RTE_NM":"1252179","RTE_PRFX":"CS","RTE_NBR":"1252179","SYSTEM":"Off"}},{"type":"Feature","geometry":{"type":"LineString","coordinates":[[-97.77897114,30.2980358200023],[-97.77812989,30.2976326300023],[-97.77793518,30.2975393300023],[-97.77682021,30.2970480800023],[-97.77673215,30.2970093100023],[-97.7755998,30.2964744100023],[-97.77547378,30.2964148600023],[-97.77418477,30.2957813300022],[-97.77344845,30.2954310900023],[-97.77275548,30.2952989800023],[-97.77181935,30.2948649500023],[-97.77161069,30.2947602500023],[-97.77145969,30.2946845200023],[-97.77087088,30.2944197100023],[-97.7699651774945,30.2939941562247]]},"properties":{"AADT_CUR":195,"RTE_NM":"1015122","RTE_PRFX":"CS","RTE_NBR":"1015122","SYSTEM":"Off"}},{"type":"Feature","geometry":{"type":"LineString","coordinates":[[-97.70871665,30.2996314300023],[-97.70849915,30.2999929000023],[-97.7079024061675,30.3009486995316],[-97.7073277190207,30.3019236542999]]},"properties":{"AADT_CUR":195,"RTE_NM":"1017228","RTE_PRFX":"CS","RTE_NBR":"1017228","SYSTEM":"Off"}},{"type":"Feature","geometry":{"type":"LineString","coordinates":[[-97.69530306,30.22254831],[-97.69521522,30.22242045],[-97.6951196,30.22231746],[-97.69469691,30.22198635],[-97.69406046,30.22145444],[-97.69358815,30.22187404],[-97.69220974,30.22315575],[-97.69157927,30.22371623],[-97.69136765,30.22384542],[-97.69113045,30.22391908],[-97.69068636,30.22394919]]},"properties":{"AADT_CUR":195,"RTE_NM":"1014853","RTE_PRFX":"CS","RTE_NBR":"1014853","SYSTEM":"Off"}},{"type":"Feature","geometry":{"type":"LineString","coordinates":[[-97.7309318063943,30.2992793348563],[-97.7309234710976,30.2992919011128]]},"properties":{"AADT_CUR":195,"RTE_NM":"1020839","RTE_PRFX":"CS","RTE_NBR":"1020839","SYSTEM":"Off"}},{"type":"Feature","geometry":{"type":"LineString","coordinates":[[-97.72811707,30.30136807],[-97.72700935,30.30086748],[-97.72687213,30.3008044]]},"properties":{"AADT_CUR":195,"RTE_NM":"1015875","RTE_PRFX":"CS","RTE_NBR":"1015875","SYSTEM":"Off"}},{"type":"Feature","geometry":{"type":"LineString","coordinates":[[-97.7197616232588,30.2841951587613],[-97.71972718,30.2843171200022],[-97.71968696,30.2844471400022],[-97.71959632,30.2847399300022],[-97.71914305,30.2851514900022],[-97.71852773,30.2861438400022],[-97.71822013,30.2866398600022],[-97.71803443,30.2873236300022],[-97.71774634,30.2876340700022],[-97.71700617,30.2879627600022],[-97.71670958,30.2883225000022]]},"properties":{"AADT_CUR":195,"RTE_NM":"1014383","RTE_PRFX":"CS","RTE_NBR":"1014383","SYSTEM":"Off"}},{"type":"Feature","geometry":{"type":"LineString","coordinates":[[-97.75518403,30.2672372000021],[-97.7532355627141,30.2666965807552]]},"properties":{"AADT_CUR":195,"RTE_NM":"1021215","RTE_PRFX":"CS","RTE_NBR":"1021215","SYSTEM":"Off"}},{"type":"Feature","geometry":{"type":"LineString","coordinates":[[-97.76259732,30.2773394800021],[-97.7613758699794,30.2768006344047]]},"properties":{"AADT_CUR":195,"RTE_NM":"1021250","RTE_PRFX":"CS","RTE_NBR":"1021250","SYSTEM":"Off"}},{"type":"Feature","geometry":{"type":"LineString","coordinates":[[-97.76543627,30.22848186],[-97.76491711,30.2282624],[-97.76474663,30.22809399]]},"properties":{"AADT_CUR":195,"RTE_NM":"1014993","RTE_PRFX":"CS","RTE_NBR":"1014993","SYSTEM":"Off"}},{"type":"Feature","geometry":{"type":"LineString","coordinates":[[-97.7541044941461,30.239159247575],[-97.75409977,30.2391646200019],[-97.75287082,30.2405630800019],[-97.75271157,30.2407817700019],[-97.7526650516169,30.2408431178989],[-97.75256034,30.2409812100019],[-97.7519381184305,30.2417386225987]]},"properties":{"AADT_CUR":195,"RTE_NM":"1015201","RTE_PRFX":"CS","RTE_NBR":"1015201","SYSTEM":"Off"}},{"type":"Feature","geometry":{"type":"LineString","coordinates":[[-97.70245023,30.2318818800019],[-97.70252982,30.2322740600018],[-97.70195602,30.2329911500019],[-97.7014752499991,30.2336056000033],[-97.70108245,30.2342741200019]]},"properties":{"AADT_CUR":195,"RTE_NM":"1014025","RTE_PRFX":"CS","RTE_NBR":"1014025","SYSTEM":"Off"}},{"type":"Feature","geometry":{"type":"LineString","coordinates":[[-97.78188786,30.21860491],[-97.78156786,30.21867832],[-97.78081219,30.21891197],[-97.78051288,30.21907458],[-97.78008944,30.21968917],[-97.77940977,30.22070556],[-97.77871936,30.2217837],[-97.77867566,30.22185541],[-97.77843795,30.22224563],[-97.7784018,30.22235493],[-97.77838869,30.22243167],[-97.77836515,30.22248346],[-97.77833223,30.22252956],[-97.77790943,30.2233077]]},"properties":{"AADT_CUR":739,"RTE_NM":"297600","RTE_PRFX":"CS","RTE_NBR":"297600","SYSTEM":"Off"}},{"type":"Feature","geometry":{"type":"LineString","coordinates":[[-97.73620791,30.21816183],[-97.73642418,30.21883452],[-97.73577706,30.22005082],[-97.73523542,30.22070267]]},"properties":{"AADT_CUR":195,"RTE_NM":"1017546","RTE_PRFX":"CS","RTE_NBR":"1017546","SYSTEM":"Off"}},{"type":"Feature","geometry":{"type":"LineString","coordinates":[[-97.805525,30.2149942800018],[-97.80542526,30.2152948500017],[-97.80488614,30.2166566000017],[-97.80449074,30.2173336200018],[-97.80424405,30.2181146700018],[-97.80414483,30.2184621400017],[-97.80409252,30.2186651200018],[-97.80407766,30.2187197500018],[-97.80398824,30.2190481300017],[-97.80392784,30.2192091800018],[-97.80383727,30.2193421600018],[-97.80377799,30.2194289900018],[-97.80364949,30.2195760200018],[-97.80341639,30.2198426500018],[-97.80300226,30.2203295500018],[-97.80283651,30.2204610400018],[-97.80265037,30.2205838700018],[-97.80259939,30.2206114100018],[-97.80186012,30.2210110500018],[-97.80180117,30.2210598900018],[-97.80106296,30.2216718700018],[-97.8007088,30.2217418700018],[-97.79974364,30.2220748200018],[-97.79971613,30.2220876400018],[-97.79912563,30.2223623700018],[-97.7986568449914,30.2230466150506],[-97.79839489,30.2233875300018],[-97.79792337,30.2236147200018]]},"properties":{"AADT_CUR":195,"RTE_NM":"1014553","RTE_PRFX":"CS","RTE_NBR":"1014553","SYSTEM":"Off"}},{"type":"Feature","geometry":{"type":"LineString","coordinates":[[-97.72654379,30.2961799],[-97.72581005,30.29588719]]},"properties":{"AADT_CUR":195,"RTE_NM":"1015870","RTE_PRFX":"CS","RTE_NBR":"1015870","SYSTEM":"Off"}},{"type":"Feature","geometry":{"type":"LineString","coordinates":[[-97.79564348,30.23191673],[-97.79514262,30.23157125]]},"properties":{"AADT_CUR":195,"RTE_NM":"1020641","RTE_PRFX":"CS","RTE_NBR":"1020641","SYSTEM":"Off"}},{"type":"Feature","geometry":{"type":"LineString","coordinates":[[-97.75981459,30.23620195],[-97.75824034,30.23549098]]},"properties":{"AADT_CUR":195,"RTE_NM":"1014053","RTE_PRFX":"CS","RTE_NBR":"1014053","SYSTEM":"Off"}},{"type":"Feature","geometry":{"type":"LineString","coordinates":[[-97.74988266,30.23887887],[-97.74944945,30.2386116]]},"properties":{"AADT_CUR":195,"RTE_NM":"1020532","RTE_PRFX":"CS","RTE_NBR":"1020532","SYSTEM":"Off"}},{"type":"Feature","geometry":{"type":"LineString","coordinates":[[-97.77900721,30.3001460300023],[-97.77849554,30.3009471900023],[-97.7780124908425,30.3016828905529]]},"properties":{"AADT_CUR":195,"RTE_NM":"1019604","RTE_PRFX":"CS","RTE_NBR":"1019604","SYSTEM":"Off"}},{"type":"Feature","geometry":{"type":"LineString","coordinates":[[-97.742269401,30.216160255],[-97.742502179,30.216234802],[-97.742941488,30.216302396],[-97.743288992,30.21633409],[-97.743611685,30.21635941],[-97.744199541,30.216399838],[-97.74476754,30.21643675],[-97.74547702,30.21648957],[-97.74601619,30.21653736],[-97.746649035,30.216601418],[-97.746913765,30.216642091],[-97.747362803,30.2166907],[-97.74755641,30.21672363],[-97.74773193,30.21675842],[-97.74796557,30.21683102],[-97.74812909,30.216897],[-97.7483883,30.21704162],[-97.7486369,30.21721491],[-97.74879334,30.21735911],[-97.74889634,30.21747266],[-97.748975912,30.217574854],[-97.74905146,30.21769559],[-97.749109503,30.217790773],[-97.7491595,30.21790334],[-97.749198452,30.217985855],[-97.74923204,30.21808807],[-97.749257857,30.21816876],[-97.74927831,30.21825872],[-97.749302654,30.21840912],[-97.749315274,30.218592521],[-97.749297364,30.21884342],[-97.749279022,30.218938782],[-97.749251962,30.219041096],[-97.74912045,30.219424]]},"properties":{"AADT_CUR":19854,"RTE_NM":"1629677366","RTE_PRFX":"IH","RTE_NBR":"35","SYSTEM":"On"}},{"type":"Feature","geometry":{"type":"LineString","coordinates":[[-97.69594639,30.25116347],[-97.69601629,30.25096472],[-97.69605796,30.25086588],[-97.69610665,30.25071306],[-97.69609507,30.25065877],[-97.69608019,30.2506104],[-97.6960455,30.25056116],[-97.6960147,30.25052779],[-97.69597976,30.25050523],[-97.69594643,30.25048862],[-97.69589489,30.25047124],[-97.69582866,30.25045561],[-97.69574531,30.25043552],[-97.69546257,30.25039691],[-97.69498022,30.25032672],[-97.69474643,30.25027952],[-97.69450868,30.25021825],[-97.69430194,30.25015182],[-97.6940427,30.25004879],[-97.6939159,30.24999179],[-97.693815,30.2499418],[-97.69369934,30.24988036],[-97.69356368,30.24980052],[-97.69337577,30.24967687],[-97.69316857,30.24951945],[-97.69301077,30.24938148],[-97.69284951,30.24922576],[-97.69272812,30.24908461],[-97.69255396,30.24885433],[-97.69245874,30.24871391],[-97.69221631,30.24822765],[-97.69210604,30.24780764],[-97.69201234,30.24753308],[-97.69189377,30.24737435],[-97.69179274,30.24726301],[-97.69164482,30.24717876],[-97.6914762,30.24710516],[-97.69126018,30.24707729],[-97.69100283,30.24706785],[-97.69081726,30.24708537],[-97.69062255,30.24710832],[-97.69042685,30.24714946],[-97.69028927,30.2471891],[-97.69019399,30.2472422],[-97.69014664,30.24727932]]},"properties":{"AADT_CUR":195,"RTE_NM":"1308302","RTE_PRFX":"CS","RTE_NBR":"1308302","SYSTEM":"Off"}},{"type":"Feature","geometry":{"type":"LineString","coordinates":[[-97.6962239025342,30.2218164642498],[-97.6961961178298,30.2218526922654]]},"properties":{"AADT_CUR":195,"RTE_NM":"1013650","RTE_PRFX":"CS","RTE_NBR":"1013650","SYSTEM":"Off"}},{"type":"Feature","geometry":{"type":"LineString","coordinates":[[-97.71372245,30.30202152],[-97.71366506,30.30209007],[-97.71309098,30.30277599],[-97.71264495,30.30355898],[-97.7122575,30.30438136],[-97.71200129,30.30450017]]},"properties":{"AADT_CUR":195,"RTE_NM":"1016086","RTE_PRFX":"CS","RTE_NBR":"1016086","SYSTEM":"Off"}},{"type":"Feature","geometry":{"type":"LineString","coordinates":[[-97.7297721136647,30.2987170376198],[-97.72977819,30.2987072000023],[-97.7303542992271,30.2977947596081],[-97.7305292654133,30.2975181724347],[-97.7309005349974,30.2969312624623],[-97.73129692,30.2963332000023],[-97.7314694831722,30.2960489705982],[-97.7317812604278,30.2955354402062],[-97.73246747,30.2945345200022],[-97.7328790004798,30.2938561889827]]},"properties":{"AADT_CUR":1924,"RTE_NM":"258534","RTE_PRFX":"CS","RTE_NBR":"258534","SYSTEM":"Off"}},{"type":"Feature","geometry":{"type":"LineString","coordinates":[[-97.73682142,30.28950844],[-97.73668307,30.2905607],[-97.7366005,30.29164665],[-97.73650371,30.29273234],[-97.73634248,30.29292719],[-97.7360674824313,30.2931803508478]]},"properties":{"AADT_CUR":1164,"RTE_NM":"267534","RTE_PRFX":"CS","RTE_NBR":"267534","SYSTEM":"Off"}},{"type":"Feature","geometry":{"type":"LineString","coordinates":[[-97.7130608559226,30.2748639824123],[-97.71306241,30.2748713500021],[-97.71307696,30.2749484100021],[-97.71324749,30.2758503900021],[-97.7132514301759,30.2758722719129],[-97.71334935,30.2764160700022],[-97.71342441,30.2768331300022],[-97.71346229,30.2770102100021],[-97.71363531,30.2778193500022],[-97.71368031,30.2780082900021],[-97.71384635,30.2787422300021],[-97.71388298,30.2789078400022],[-97.71406403,30.2797120900022],[-97.71409874,30.2799046600022],[-97.71427943,30.2809067600022],[-97.7142872673964,30.2809502982131],[-97.71430971,30.2810160200022],[-97.71456842,30.2817356600022],[-97.71490238,30.2825098300022],[-97.71505333,30.2829034400022]]},"properties":{"AADT_CUR":195,"RTE_NM":"1014860","RTE_PRFX":"CS","RTE_NBR":"1014860","SYSTEM":"Off"}},{"type":"Feature","geometry":{"type":"LineString","coordinates":[[-97.7414393750798,30.2718098900346],[-97.74144196,30.27180318],[-97.7420919152124,30.2699640369697]]},"properties":{"AADT_CUR":3645,"RTE_NM":"258521","RTE_PRFX":"CS","RTE_NBR":"258521","SYSTEM":"Off"}},{"type":"Feature","geometry":{"type":"LineString","coordinates":[[-97.7655373997035,30.2867965642425],[-97.76528676,30.2885707500022],[-97.76529514,30.2888514600022],[-97.76535717,30.2890782200022],[-97.76578309,30.2898073200023],[-97.76607319,30.2901019400022],[-97.76618132,30.2902104100022],[-97.76657296,30.2906152300022],[-97.76663393,30.2906439600022],[-97.76670776,30.2907004700022],[-97.76700345,30.2909924300022],[-97.76714932,30.2911346300022],[-97.76738651,30.2913658900022],[-97.767799,30.2919132200022],[-97.76790409,30.2924021000023],[-97.76778803,30.2927133400022],[-97.76776399,30.2927805400023],[-97.76716831,30.2944474000022],[-97.76689132,30.2952144200023],[-97.76684658,30.2953392900023],[-97.766828435671,30.2953886631748]]},"properties":{"AADT_CUR":195,"RTE_NM":"1016369","RTE_PRFX":"CS","RTE_NBR":"1016369","SYSTEM":"Off"}},{"type":"Feature","geometry":{"type":"LineString","coordinates":[[-97.78856607,30.27597382],[-97.79085379,30.27700233],[-97.79101389,30.27707428],[-97.79109412,30.27711037]]},"properties":{"AADT_CUR":195,"RTE_NM":"1206138","RTE_PRFX":"CS","RTE_NBR":"1206138","SYSTEM":"Off"}},{"type":"Feature","geometry":{"type":"LineString","coordinates":[[-97.7799717251948,30.2943361776417],[-97.77996577,30.2943454400023],[-97.77945714,30.2951219100023],[-97.77895703,30.2959342900023],[-97.77844362,30.2967711500023],[-97.77840813,30.2968248200023],[-97.77793518,30.2975393300023],[-97.7778968,30.2976196200023],[-97.77779848,30.2978254200023],[-97.77774752,30.2980444000023],[-97.7775769,30.2983820400023],[-97.77754114,30.2984423300023],[-97.77706929,30.2992383000023],[-97.77656378,30.3000147800023],[-97.77614218,30.3007357000023],[-97.7761157288623,30.3007809551437]]},"properties":{"AADT_CUR":195,"RTE_NM":"1019576","RTE_PRFX":"CS","RTE_NBR":"1019576","SYSTEM":"Off"}},{"type":"Feature","geometry":{"type":"LineString","coordinates":[[-97.70434249,30.2783166],[-97.70427879,30.27835862],[-97.70384878,30.27864202],[-97.7027941,30.27885415],[-97.70176342,30.27901168],[-97.70172988,30.27901683],[-97.70095453,30.27914642]]},"properties":{"AADT_CUR":195,"RTE_NM":"1015842","RTE_PRFX":"CS","RTE_NBR":"1015842","SYSTEM":"Off"}},{"type":"Feature","geometry":{"type":"LineString","coordinates":[[-97.7498014993864,30.3087113658451],[-97.7497836404315,30.3087358250219]]},"properties":{"AADT_CUR":195,"RTE_NM":"1017401","RTE_PRFX":"CS","RTE_NBR":"1017401","SYSTEM":"Off"}},{"type":"Feature","geometry":{"type":"LineString","coordinates":[[-97.7426180316967,30.3098450016604],[-97.74193831,30.3095191300023],[-97.74176259,30.3094344100024],[-97.7407302362743,30.3089189219819]]},"properties":{"AADT_CUR":195,"RTE_NM":"1021233","RTE_PRFX":"CS","RTE_NBR":"1021233","SYSTEM":"Off"}},{"type":"Feature","geometry":{"type":"LineString","coordinates":[[-97.7531056642505,30.298672105947],[-97.75253526,30.2995442600023],[-97.75205231,30.3003206900023],[-97.75152994,30.3011054500023],[-97.7511120976443,30.3017956289666],[-97.7507088285905,30.3024145785928]]},"properties":{"AADT_CUR":1128,"RTE_NM":"267541","RTE_PRFX":"CS","RTE_NBR":"267541","SYSTEM":"Off"}},{"type":"Feature","geometry":{"type":"LineString","coordinates":[[-97.77389389,30.2997277400023],[-97.7720492555231,30.2989207878682],[-97.77082078,30.2983351700023],[-97.77024161,30.2980650700023],[-97.76988686,30.2979369700023],[-97.7698714727866,30.2979257536652],[-97.76902559,30.2973091500023],[-97.7688675141762,30.2971850231991],[-97.7682558213029,30.2967046951732]]},"properties":{"AADT_CUR":2645,"RTE_NM":"258709","RTE_PRFX":"CS","RTE_NBR":"258709","SYSTEM":"Off"}},{"type":"Feature","geometry":{"type":"LineString","coordinates":[[-97.7698146,30.23499704],[-97.77000237,30.23532261]]},"properties":{"AADT_CUR":195,"RTE_NM":"1016491","RTE_PRFX":"CS","RTE_NBR":"1016491","SYSTEM":"Off"}},{"type":"Feature","geometry":{"type":"LineString","coordinates":[[-97.75388988,30.2448971200019],[-97.75352734,30.2458006500019],[-97.75349624,30.2458856100019],[-97.75321037,30.246666120002],[-97.75291757,30.247518290002],[-97.75291114,30.247639210002],[-97.75284349,30.247797450002],[-97.75253127,30.248525360002],[-97.7525090499993,30.2485800000038],[-97.75246969,30.2486814400019],[-97.7521449999978,30.2495187500033],[-97.75188066,30.249689420002],[-97.7512911699988,30.2505274200036],[-97.75057361,30.251536080002],[-97.75048668,30.251660180002],[-97.7498193,30.252612750002]]},"properties":{"AADT_CUR":195,"RTE_NM":"1018605","RTE_PRFX":"CS","RTE_NBR":"1018605","SYSTEM":"Off"}},{"type":"Feature","geometry":{"type":"LineString","coordinates":[[-97.73673719,30.252572170002],[-97.73677804,30.252566100002],[-97.73684194,30.252544820002],[-97.73696038,30.252486540002],[-97.7370453066522,30.2524476386467]]},"properties":{"AADT_CUR":195,"RTE_NM":"1264130","RTE_PRFX":"CS","RTE_NBR":"1264130","SYSTEM":"Off"}},{"type":"Feature","geometry":{"type":"LineString","coordinates":[[-97.7927019843127,30.2736993503339],[-97.7927264744597,30.2736999610476],[-97.7927354367252,30.2737001845378]]},"properties":{"AADT_CUR":2468,"RTE_NM":"267230","RTE_PRFX":"CS","RTE_NBR":"267230","SYSTEM":"Off"}},{"type":"Feature","geometry":{"type":"LineString","coordinates":[[-97.7237463493729,30.2859594554529],[-97.72374103,30.2859563500022],[-97.72350085,30.2858105200022],[-97.72326556,30.2856588100022],[-97.72303533,30.2855013600022],[-97.72281035,30.2853383000022],[-97.7227470553565,30.2852905098876],[-97.72271813,30.2852686700022],[-97.72263303,30.2852057100022],[-97.72248469,30.2850885400022],[-97.72234208,30.2849661100022],[-97.72220547,30.2848386500022],[-97.7220751,30.2847063700022],[-97.72199249,30.2846164400022],[-97.72196825,30.2845916900022],[-97.72185584,30.2844729800022],[-97.7218331038011,30.2844557487256],[-97.72167659,30.2843371300022],[-97.72152224,30.2842462700022],[-97.7213295,30.2841694100022],[-97.72114451,30.2841220500022],[-97.72088756,30.2840770700022],[-97.72067219,30.2840622100022],[-97.720396036404,30.2840935531511]]},"properties":{"AADT_CUR":6332,"RTE_NM":"258862","RTE_PRFX":"CS","RTE_NBR":"258862","SYSTEM":"Off"}},{"type":"Feature","geometry":{"type":"LineString","coordinates":[[-97.75146717,30.29906618],[-97.75095599,30.29981222],[-97.75091014,30.29987816],[-97.75042195,30.30057981],[-97.7501007,30.30118392],[-97.75000242,30.30156973]]},"properties":{"AADT_CUR":195,"RTE_NM":"1018743","RTE_PRFX":"CS","RTE_NBR":"1018743","SYSTEM":"Off"}},{"type":"Feature","geometry":{"type":"LineString","coordinates":[[-97.751622453225,30.307809283142],[-97.75160123,30.3078012000024],[-97.75123859,30.3075834200023],[-97.7511272320427,30.3075144396905],[-97.7509709,30.3074176000024],[-97.7507294292022,30.3072710812538],[-97.7507097,30.3072591100024],[-97.750427180509,30.3071668384278],[-97.75015829,30.3071222300023],[-97.74977305,30.3071403400023],[-97.74949361,30.3072026800023],[-97.7494169861426,30.3072182542084],[-97.7491439,30.3072737600023],[-97.74888438,30.3073190000024],[-97.74866026,30.3073250100024],[-97.74852564,30.3073051100023]]},"properties":{"AADT_CUR":19913,"RTE_NM":"258441","RTE_PRFX":"CS","RTE_NBR":"258441","SYSTEM":"Off"}},{"type":"Feature","geometry":{"type":"LineString","coordinates":[[-97.77048602,30.2531433600019],[-97.7683443335719,30.2521223004486]]},"properties":{"AADT_CUR":195,"RTE_NM":"1018551","RTE_PRFX":"CS","RTE_NBR":"1018551","SYSTEM":"Off"}},{"type":"Feature","geometry":{"type":"LineString","coordinates":[[-97.7392425019902,30.2487186478437],[-97.73923512,30.248716170002],[-97.73765207,30.248211040002],[-97.73727742,30.248097510002],[-97.73719487,30.248072510002]]},"properties":{"AADT_CUR":195,"RTE_NM":"1016851","RTE_PRFX":"CS","RTE_NBR":"1016851","SYSTEM":"Off"}},{"type":"Feature","geometry":{"type":"LineString","coordinates":[[-97.7377877543011,30.2582905163158],[-97.737776830257,30.2583015165343]]},"properties":{"AADT_CUR":195,"RTE_NM":"1015970","RTE_PRFX":"CS","RTE_NBR":"1015970","SYSTEM":"Off"}},{"type":"Feature","geometry":{"type":"LineString","coordinates":[[-97.77122633,30.31672648],[-97.77092411,30.31700648],[-97.77080114,30.3170398],[-97.77070171,30.31699381],[-97.76964538,30.31645285],[-97.76904223,30.31612725],[-97.76892242,30.31598461],[-97.768892,30.31581623],[-97.76895245,30.31571843],[-97.76906454,30.31564352]]},"properties":{"AADT_CUR":195,"RTE_NM":"1016356","RTE_PRFX":"CS","RTE_NBR":"1016356","SYSTEM":"Off"}},{"type":"Feature","geometry":{"type":"LineString","coordinates":[[-97.72429124,30.30927528],[-97.72519339,30.30970344],[-97.72534991,30.30978861],[-97.72614854,30.31022344],[-97.72634293,30.31030179],[-97.72711828,30.31061445]]},"properties":{"AADT_CUR":1621,"RTE_NM":"1015881","RTE_PRFX":"CS","RTE_NBR":"1015881","SYSTEM":"Off"}},{"type":"Feature","geometry":{"type":"LineString","coordinates":[[-97.6870555545498,30.2981747243259],[-97.68678858,30.29861481],[-97.68589368,30.30014655],[-97.6856994,30.30045262],[-97.68549046,30.3006626],[-97.6851177788621,30.3010159421568]]},"properties":{"AADT_CUR":12033,"RTE_NM":"258601","RTE_PRFX":"CS","RTE_NBR":"258601","SYSTEM":"Off"}},{"type":"Feature","geometry":{"type":"LineString","coordinates":[[-97.7091131127619,30.265364269669],[-97.70910233,30.2653692800021],[-97.7090523042369,30.2653884533473]]},"properties":{"AADT_CUR":3989,"RTE_NM":"258705","RTE_PRFX":"CS","RTE_NBR":"258705","SYSTEM":"Off"}},{"type":"Feature","geometry":{"type":"LineString","coordinates":[[-97.703070922,30.281136288],[-97.7030416373315,30.2811504339272]]},"properties":{"AADT_CUR":195,"RTE_NM":"1015848","RTE_PRFX":"CS","RTE_NBR":"1015848","SYSTEM":"Off"}},{"type":"Feature","geometry":{"type":"LineString","coordinates":[[-97.70846678,30.28994171],[-97.70830961,30.29024375],[-97.70816756,30.29054338],[-97.70828577,30.29146993]]},"properties":{"AADT_CUR":195,"RTE_NM":"1016680","RTE_PRFX":"CS","RTE_NBR":"1016680","SYSTEM":"Off"}},{"type":"Feature","geometry":{"type":"LineString","coordinates":[[-97.7695899219236,30.2195268666929],[-97.76687805,30.2182053100018]]},"properties":{"AADT_CUR":1963,"RTE_NM":"258666","RTE_PRFX":"CS","RTE_NBR":"258666","SYSTEM":"Off"}},{"type":"Feature","geometry":{"type":"LineString","coordinates":[[-97.68930254,30.2830733600022],[-97.68934823,30.2836023700022],[-97.68967105,30.2841398500022],[-97.68980871,30.2846794300022],[-97.6898205968799,30.284725913167]]},"properties":{"AADT_CUR":195,"RTE_NM":"1021122","RTE_PRFX":"CS","RTE_NBR":"1021122","SYSTEM":"Off"}},{"type":"Feature","geometry":{"type":"LineString","coordinates":[[-97.7574566177685,30.3090036886115],[-97.757440173593,30.309001001321]]},"properties":{"AADT_CUR":13531,"RTE_NM":"258441","RTE_PRFX":"CS","RTE_NBR":"258441","SYSTEM":"Off"}},{"type":"Feature","geometry":{"type":"LineString","coordinates":[[-97.74030325,30.29565643],[-97.74008982,30.29580802],[-97.73995876,30.29597991],[-97.7398949,30.29608189],[-97.73975514,30.29644918],[-97.73965341,30.29659315],[-97.73944068,30.29692715],[-97.73935484,30.29709273],[-97.73930961,30.29727326],[-97.73926438,30.29780223],[-97.73921923,30.2979792],[-97.73912929,30.29814471],[-97.73895175,30.29837622],[-97.73878407,30.2985368],[-97.73856641,30.29873205],[-97.73845549,30.29883664],[-97.73836655,30.29892638],[-97.73823335,30.29909992],[-97.73809146,30.29929794],[-97.73795774,30.29954278]]},"properties":{"AADT_CUR":195,"RTE_NM":"1016906","RTE_PRFX":"CS","RTE_NBR":"1016906","SYSTEM":"Off"}},{"type":"Feature","geometry":{"type":"LineString","coordinates":[[-97.72870234,30.30047604],[-97.72761871,30.29994265],[-97.72743982,30.29985337]]},"properties":{"AADT_CUR":195,"RTE_NM":"1015873","RTE_PRFX":"CS","RTE_NBR":"1015873","SYSTEM":"Off"}},{"type":"Feature","geometry":{"type":"LineString","coordinates":[[-97.7499580869633,30.2839477715215],[-97.7503133,30.2840584700022],[-97.75061814,30.2841289100022],[-97.75061921,30.2842910700022],[-97.75050126,30.2856552800022]]},"properties":{"AADT_CUR":195,"RTE_NM":"1015559","RTE_PRFX":"CS","RTE_NBR":"1015559","SYSTEM":"Off"}},{"type":"Feature","geometry":{"type":"LineString","coordinates":[[-97.766824559,30.283250911],[-97.76694385,30.28330266],[-97.76869048,30.28415587],[-97.77054912,30.28505113]]},"properties":{"AADT_CUR":745,"RTE_NM":"1021191","RTE_PRFX":"CS","RTE_NBR":"1021191","SYSTEM":"Off"}},{"type":"Feature","geometry":{"type":"LineString","coordinates":[[-97.76719747,30.2998771100023],[-97.7664379229303,30.299564343779]]},"properties":{"AADT_CUR":195,"RTE_NM":"1021099","RTE_PRFX":"CS","RTE_NBR":"1021099","SYSTEM":"Off"}},{"type":"Feature","geometry":{"type":"LineString","coordinates":[[-97.800824905104,30.2329285122596],[-97.80027995,30.23305146],[-97.79821106,30.23360571],[-97.79777269,30.2337198],[-97.79746006,30.2338298],[-97.7970391850642,30.2340161238867]]},"properties":{"AADT_CUR":11323,"RTE_NM":"US0290-XG","RTE_PRFX":"US","RTE_NBR":"290","SYSTEM":"On"}},{"type":"Feature","geometry":{"type":"LineString","coordinates":[[-97.7236150536147,30.2567847287299],[-97.72357412,30.256873040002],[-97.72320426,30.257670230002],[-97.72314966,30.257798220002],[-97.72282878,30.258550940002]]},"properties":{"AADT_CUR":195,"RTE_NM":"1013473","RTE_PRFX":"CS","RTE_NBR":"1013473","SYSTEM":"Off"}},{"type":"Feature","geometry":{"type":"LineString","coordinates":[[-97.77483927,30.26899618],[-97.77504922,30.26901798],[-97.77524948,30.26904984],[-97.7753833,30.26905985],[-97.77551996,30.26905689],[-97.77569206,30.26903271],[-97.7758471,30.269],[-97.7759936,30.26895591],[-97.77611735,30.2689047],[-97.77628092,30.26882078],[-97.77654547,30.26864583],[-97.77679581,30.26848938],[-97.77714713,30.26824332],[-97.77759939,30.26794637],[-97.77817367,30.2675564],[-97.77886571,30.26710159],[-97.77946559,30.26672101],[-97.78001854,30.26640187],[-97.78052029,30.26613222],[-97.78099473,30.26590097],[-97.78165776,30.26559292],[-97.7822886526589,30.2653302661288]]},"properties":{"AADT_CUR":20947,"RTE_NM":"SL0001-XG","RTE_PRFX":"SL","RTE_NBR":"1","SYSTEM":"On"}},{"type":"Feature","geometry":{"type":"LineString","coordinates":[[-97.797747,30.2918262100022],[-97.79751054,30.2916550600022],[-97.79740042,30.2915885800022],[-97.79731437,30.2915548000023],[-97.79718634,30.2915489900023],[-97.7955908,30.2915321800022],[-97.79544194,30.2915331900022],[-97.79528513,30.2915197200022],[-97.7951204,30.2914917500022],[-97.79495161,30.2914601300022],[-97.79477099,30.2914031900023],[-97.7928342981835,30.290773091456]]},"properties":{"AADT_CUR":12628,"RTE_NM":"258726","RTE_PRFX":"CS","RTE_NBR":"258726","SYSTEM":"Off"}},{"type":"Feature","geometry":{"type":"LineString","coordinates":[[-97.71009483,30.3025139],[-97.71019532,30.30275249],[-97.71174794,30.3044345],[-97.71200129,30.30450017]]},"properties":{"AADT_CUR":195,"RTE_NM":"1018683","RTE_PRFX":"CS","RTE_NBR":"1018683","SYSTEM":"Off"}},{"type":"Feature","geometry":{"type":"LineString","coordinates":[[-97.757108476,30.219031283],[-97.7571140921612,30.219017615344]]},"properties":{"AADT_CUR":2489,"RTE_NM":"1020718","RTE_PRFX":"CS","RTE_NBR":"1020718","SYSTEM":"Off"}},{"type":"Feature","geometry":{"type":"LineString","coordinates":[[-97.79767882,30.2704546],[-97.79740232,30.27075012],[-97.79737862,30.27077565]]},"properties":{"AADT_CUR":195,"RTE_NM":"1014019","RTE_PRFX":"CS","RTE_NBR":"1014019","SYSTEM":"Off"}},{"type":"Feature","geometry":{"type":"LineString","coordinates":[[-97.75912918,30.22804997],[-97.75889136,30.22779216],[-97.75712805,30.22672258]]},"properties":{"AADT_CUR":195,"RTE_NM":"1014339","RTE_PRFX":"CS","RTE_NBR":"1014339","SYSTEM":"Off"}},{"type":"Feature","geometry":{"type":"LineString","coordinates":[[-97.7413503776713,30.233781056127],[-97.74112454,30.23416337],[-97.7407857210427,30.2347040915623]]},"properties":{"AADT_CUR":172250,"RTE_NM":"IH0035-LG","RTE_PRFX":"IH","RTE_NBR":"35","SYSTEM":"On"}},{"type":"Feature","geometry":{"type":"LineString","coordinates":[[-97.73708642,30.23625761],[-97.7362355,30.23586356],[-97.7358538,30.23556979],[-97.73520283,30.23527621],[-97.73512026,30.23522765]]},"properties":{"AADT_CUR":195,"RTE_NM":"1018051","RTE_PRFX":"CS","RTE_NBR":"1018051","SYSTEM":"Off"}},{"type":"Feature","geometry":{"type":"LineString","coordinates":[[-97.7634115077954,30.2462667793292],[-97.76193568,30.2458163800019],[-97.76052321,30.2453798400019],[-97.7590993267941,30.2449243804102],[-97.7577374,30.2444887200019],[-97.75681921,30.2442095200019],[-97.75669725,30.244088180002],[-97.75662747,30.2438702600019],[-97.75657934,30.2437935700019],[-97.75547365824,30.2432943677218],[-97.75545559,30.2432862100019],[-97.7546903409891,30.2429207999672],[-97.75378933,30.2424984000019],[-97.7537503087892,30.2424795416987],[-97.75297493,30.2421048100019],[-97.7529390716568,30.2420879178319],[-97.7525032368256,30.2418826032174]]},"properties":{"AADT_CUR":977,"RTE_NM":"267237","RTE_PRFX":"CS","RTE_NBR":"267237","SYSTEM":"Off"}},{"type":"Feature","geometry":{"type":"LineString","coordinates":[[-97.75489193,30.24416692],[-97.75471179,30.24409176],[-97.75409459,30.24383455],[-97.75313368,30.2433724],[-97.75242145,30.24303016],[-97.75214368,30.24291523]]},"properties":{"AADT_CUR":195,"RTE_NM":"1015428","RTE_PRFX":"CS","RTE_NBR":"1015428","SYSTEM":"Off"}},{"type":"Feature","geometry":{"type":"LineString","coordinates":[[-97.7656809143454,30.2563507600354],[-97.7656662271238,30.2563437699189]]},"properties":{"AADT_CUR":195,"RTE_NM":"1018042","RTE_PRFX":"CS","RTE_NBR":"1018042","SYSTEM":"Off"}},{"type":"Feature","geometry":{"type":"LineString","coordinates":[[-97.74054922,30.3023002200023],[-97.73904179,30.3015894000023],[-97.7389416766679,30.3015421708802]]},"properties":{"AADT_CUR":195,"RTE_NM":"1017974","RTE_PRFX":"CS","RTE_NBR":"1017974","SYSTEM":"Off"}},{"type":"Feature","geometry":{"type":"LineString","coordinates":[[-97.73273734,30.2902522],[-97.73465051,30.29112879]]},"properties":{"AADT_CUR":195,"RTE_NM":"1016083","RTE_PRFX":"CS","RTE_NBR":"1016083","SYSTEM":"Off"}},{"type":"Feature","geometry":{"type":"LineString","coordinates":[[-97.7202112208808,30.2799942165672],[-97.72021125,30.2799943500022],[-97.72021442,30.2800080100022],[-97.720445,30.2809865000022],[-97.72047689,30.2811290400022],[-97.72066552,30.2819728700022],[-97.72069784,30.2821191400022],[-97.72088571,30.2829702400022],[-97.72102061,30.2835700600022],[-97.7211057982957,30.2839487022614]]},"properties":{"AADT_CUR":195,"RTE_NM":"1019181","RTE_PRFX":"CS","RTE_NBR":"1019181","SYSTEM":"Off"}},{"type":"Feature","geometry":{"type":"LineString","coordinates":[[-97.75393277,30.27156567],[-97.75462036,30.27029832]]},"properties":{"AADT_CUR":12723,"RTE_NM":"258580","RTE_PRFX":"CS","RTE_NBR":"258580","SYSTEM":"Off"}},{"type":"Feature","geometry":{"type":"LineString","coordinates":[[-97.7607478331056,30.2898864285675],[-97.76075494,30.28987428],[-97.760742176,30.289847304],[-97.760718682,30.28982496],[-97.760593911,30.289754795],[-97.760395332,30.289660786],[-97.75970533,30.28934003],[-97.75958534,30.28928423],[-97.75857084,30.28882102],[-97.75694465,30.28800829],[-97.75678196,30.28792697]]},"properties":{"AADT_CUR":195,"RTE_NM":"1021395","RTE_PRFX":"CS","RTE_NBR":"1021395","SYSTEM":"Off"}},{"type":"Feature","geometry":{"type":"LineString","coordinates":[[-97.75250586,30.28582771],[-97.75180726,30.28576135],[-97.75118478,30.28572133],[-97.75059252,30.28566407],[-97.75050126,30.28565528],[-97.74961935,30.28559899],[-97.74931668,30.28554067],[-97.74810701,30.28547776],[-97.74651271,30.28536858],[-97.74509416,30.28527269],[-97.74494685,30.28526271],[-97.74409262,30.28519157],[-97.74394448,30.2851792],[-97.742983,30.28509131],[-97.74290125,30.28508386],[-97.74189154,30.28500492],[-97.7418101,30.28499967]]},"properties":{"AADT_CUR":195,"RTE_NM":"1021202","RTE_PRFX":"CS","RTE_NBR":"1021202","SYSTEM":"Off"}},{"type":"Feature","geometry":{"type":"LineString","coordinates":[[-97.68547722,30.21749425],[-97.68542919,30.21814787],[-97.68542398,30.21888764],[-97.68540427,30.21975082]]},"properties":{"AADT_CUR":195,"RTE_NM":"1017955","RTE_PRFX":"CS","RTE_NBR":"1017955","SYSTEM":"Off"}},{"type":"Feature","geometry":{"type":"LineString","coordinates":[[-97.698651578902,30.2771119458157],[-97.69865231,30.2771133400021],[-97.6986584149146,30.2771402784189]]},"properties":{"AADT_CUR":195,"RTE_NM":"1019493","RTE_PRFX":"CS","RTE_NBR":"1019493","SYSTEM":"Off"}},{"type":"Feature","geometry":{"type":"LineString","coordinates":[[-97.7986716502466,30.2230538527155],[-97.79867092,30.2230535],[-97.7967016,30.22209016],[-97.79405056,30.22078927]]},"properties":{"AADT_CUR":1425,"RTE_NM":"258749","RTE_PRFX":"CS","RTE_NBR":"258749","SYSTEM":"Off"}},{"type":"Feature","geometry":{"type":"LineString","coordinates":[[-97.7070577090552,30.2201969758764],[-97.70707355,30.22019506],[-97.70707378,30.22007704],[-97.70708153,30.21992722],[-97.70709761,30.21977791],[-97.70712197,30.21962944],[-97.70714824,30.21950795],[-97.70937853,30.21593369],[-97.70944662,30.21585308],[-97.70957064,30.21571592],[-97.70970112,30.21558336],[-97.70983782,30.21545561],[-97.70998053,30.21533293],[-97.710129,30.21521551],[-97.71028296,30.21510355]]},"properties":{"AADT_CUR":12594,"RTE_NM":"258607","RTE_PRFX":"CS","RTE_NBR":"258607","SYSTEM":"Off"}},{"type":"Feature","geometry":{"type":"LineString","coordinates":[[-97.69743902,30.2643349300021],[-97.69683601,30.2656482000021],[-97.69679104,30.2657456800021],[-97.69607011,30.2673048300021],[-97.69605901,30.2673332300021],[-97.6960458380095,30.2673496908509]]},"properties":{"AADT_CUR":195,"RTE_NM":"1017462","RTE_PRFX":"CS","RTE_NBR":"1017462","SYSTEM":"Off"}},{"type":"Feature","geometry":{"type":"LineString","coordinates":[[-97.69023598,30.28162116],[-97.68964733,30.28168053],[-97.68909689,30.28213674]]},"properties":{"AADT_CUR":195,"RTE_NM":"1015845","RTE_PRFX":"CS","RTE_NBR":"1015845","SYSTEM":"Off"}},{"type":"Feature","geometry":{"type":"LineString","coordinates":[[-97.71310032,30.31433872],[-97.71270967,30.31494954],[-97.71264863,30.31504444],[-97.71218719,30.31576226],[-97.71152138,30.31679827],[-97.7110838,30.31750167]]},"properties":{"AADT_CUR":27,"RTE_NM":"1016901","RTE_PRFX":"CS","RTE_NBR":"1016901","SYSTEM":"Off"}},{"type":"Feature","geometry":{"type":"LineString","coordinates":[[-97.75477693,30.29195164],[-97.75474955,30.29209865],[-97.75459836,30.2929107]]},"properties":{"AADT_CUR":195,"RTE_NM":"1020384","RTE_PRFX":"CS","RTE_NBR":"1020384","SYSTEM":"Off"}},{"type":"Feature","geometry":{"type":"LineString","coordinates":[[-97.74950292,30.30015974],[-97.74917085,30.30066461]]},"properties":{"AADT_CUR":195,"RTE_NM":"1014046","RTE_PRFX":"CS","RTE_NBR":"1014046","SYSTEM":"Off"}},{"type":"Feature","geometry":{"type":"LineString","coordinates":[[-97.74499686,30.3038422700023],[-97.74428455,30.3035046700023],[-97.7442175502884,30.3034717750537]]},"properties":{"AADT_CUR":195,"RTE_NM":"1021223","RTE_PRFX":"CS","RTE_NBR":"1021223","SYSTEM":"Off"}},{"type":"Feature","geometry":{"type":"LineString","coordinates":[[-97.76792118,30.30424815],[-97.7679252,30.30433415],[-97.76793078,30.30445465],[-97.76800278,30.30454682],[-97.76802875,30.30470406],[-97.76797636,30.30497537]]},"properties":{"AADT_CUR":195,"RTE_NM":"1016141","RTE_PRFX":"CS","RTE_NBR":"1016141","SYSTEM":"Off"}},{"type":"Feature","geometry":{"type":"LineString","coordinates":[[-97.7596375422264,30.2421472171838],[-97.75962883,30.24214287],[-97.7596229581822,30.2421400534691]]},"properties":{"AADT_CUR":15116,"RTE_NM":"258630","RTE_PRFX":"CS","RTE_NBR":"258630","SYSTEM":"Off"}},{"type":"Feature","geometry":{"type":"LineString","coordinates":[[-97.79628558,30.28536246],[-97.79572039,30.28633864],[-97.79534428,30.28768707]]},"properties":{"AADT_CUR":195,"RTE_NM":"1252151","RTE_PRFX":"CS","RTE_NBR":"1252151","SYSTEM":"Off"}},{"type":"Feature","geometry":{"type":"LineString","coordinates":[[-97.7297166490133,30.2888922157275],[-97.72898146,30.2900460000022],[-97.72894875,30.2900955000023]]},"properties":{"AADT_CUR":195,"RTE_NM":"1016783","RTE_PRFX":"CS","RTE_NBR":"1016783","SYSTEM":"Off"}},{"type":"Feature","geometry":{"type":"LineString","coordinates":[[-97.72234127,30.28808804],[-97.72167771,30.28907014]]},"properties":{"AADT_CUR":195,"RTE_NM":"1019578","RTE_PRFX":"CS","RTE_NBR":"1019578","SYSTEM":"Off"}},{"type":"Feature","geometry":{"type":"LineString","coordinates":[[-97.7118446491803,30.2962651257882],[-97.7118288096512,30.2957972459307],[-97.71177623,30.2951835200023],[-97.71185301,30.2946187600023],[-97.71193163,30.2943307700023],[-97.71225749,30.2937845100023],[-97.71322435,30.2922887800023],[-97.7135568988822,30.2917807616348]]},"properties":{"AADT_CUR":416,"RTE_NM":"258508","RTE_PRFX":"CS","RTE_NBR":"258508","SYSTEM":"Off"}},{"type":"Feature","geometry":{"type":"LineString","coordinates":[[-97.7135836501739,30.2917741777569],[-97.7135665286612,30.2917660506121],[-97.7128153801397,30.2914057281605],[-97.7115375867964,30.2907927404447],[-97.71056395,30.2903256500022],[-97.7102803244257,30.2901783718246]]},"properties":{"AADT_CUR":3999,"RTE_NM":"258449","RTE_PRFX":"CS","RTE_NBR":"258449","SYSTEM":"Off"}},{"type":"Feature","geometry":{"type":"LineString","coordinates":[[-97.7200321399624,30.2799940974095],[-97.7200355204498,30.2800083176456]]},"properties":{"AADT_CUR":195,"RTE_NM":"1019181","RTE_PRFX":"CS","RTE_NBR":"1019181","SYSTEM":"Off"}},{"type":"Feature","geometry":{"type":"LineString","coordinates":[[-97.7159817028446,30.2743931952766],[-97.71526112,30.27450569],[-97.7143895,30.27463809],[-97.7121997,30.27498607],[-97.7119859054897,30.2750217949619]]},"properties":{"AADT_CUR":6518,"RTE_NM":"258427","RTE_PRFX":"CS","RTE_NBR":"258427","SYSTEM":"Off"}},{"type":"Feature","geometry":{"type":"LineString","coordinates":[[-97.79351483,30.2771205100043],[-97.7933604,30.2770541500043],[-97.7932391549721,30.2770027548799],[-97.7924694499989,30.2766261100037],[-97.791626089999,30.2762475600039],[-97.79141309,30.2761488600043],[-97.7895511199981,30.2753003200035],[-97.78853506,30.2748675700043],[-97.7884480576422,30.274533341783]]},"properties":{"AADT_CUR":195,"RTE_NM":"1206124","RTE_PRFX":"CS","RTE_NBR":"1206124","SYSTEM":"Off"}},{"type":"Feature","geometry":{"type":"LineString","coordinates":[[-97.7109778171525,30.2644648826542],[-97.71097739,30.2644641900021],[-97.71095507,30.2644283600021],[-97.71073832,30.2640797800021],[-97.7087941,30.2634238800021]]},"properties":{"AADT_CUR":195,"RTE_NM":"1021782","RTE_PRFX":"CS","RTE_NBR":"1021782","SYSTEM":"Off"}},{"type":"Feature","geometry":{"type":"LineString","coordinates":[[-97.69616537,30.27082713],[-97.69302913,30.26973921],[-97.69289466,30.2696926],[-97.69236484,30.26942864],[-97.69234522,30.26940343],[-97.69214752,30.26914913],[-97.69183004,30.26899681],[-97.6910014,30.26859468],[-97.69031216,30.26825823],[-97.69020716,30.26820699]]},"properties":{"AADT_CUR":195,"RTE_NM":"1018492","RTE_PRFX":"CS","RTE_NBR":"1018492","SYSTEM":"Off"}},{"type":"Feature","geometry":{"type":"LineString","coordinates":[[-97.7209589,30.31088513],[-97.71966788,30.31018498],[-97.7193358,30.31009842]]},"properties":{"AADT_CUR":195,"RTE_NM":"1016199","RTE_PRFX":"CS","RTE_NBR":"1016199","SYSTEM":"Off"}},{"type":"Feature","geometry":{"type":"LineString","coordinates":[[-97.7105539742887,30.3085546371606],[-97.7100977322286,30.3092647083159]]},"properties":{"AADT_CUR":32789,"RTE_NM":"IH0035-AG","RTE_PRFX":"IH","RTE_NBR":"35","SYSTEM":"On"}},{"type":"Feature","geometry":{"type":"LineString","coordinates":[[-97.72732725,30.27036173],[-97.72724401,30.27037129],[-97.72686704,30.2704144],[-97.7267353,30.27042948]]},"properties":{"AADT_CUR":195,"RTE_NM":"1020081","RTE_PRFX":"CS","RTE_NBR":"1020081","SYSTEM":"Off"}},{"type":"Feature","geometry":{"type":"LineString","coordinates":[[-97.73952138,30.2769353],[-97.7360393325512,30.2759537422325]]},"properties":{"AADT_CUR":17426,"RTE_NM":"258430","RTE_PRFX":"CS","RTE_NBR":"258430","SYSTEM":"Off"}},{"type":"Feature","geometry":{"type":"LineString","coordinates":[[-97.74873399,30.2655910600021],[-97.74873445,30.2655944600021],[-97.74870558,30.2656847800021],[-97.74843366,30.2665344800021],[-97.74806294,30.2674814000021],[-97.74770611,30.2683818100021],[-97.7477014154606,30.2683947152782],[-97.74767129,30.2684775300021],[-97.74736409,30.2693210000021],[-97.747351550746,30.269353520952],[-97.74700315,30.2702571000021],[-97.74696001,30.2703744400021],[-97.74666484,30.2711771400021],[-97.74633805,30.2721386700021],[-97.74629129,30.2722600800021],[-97.74597698,30.2730774600021],[-97.7459745704545,30.2730834482157],[-97.74594015,30.2731689900021],[-97.74560672,30.2740051300021],[-97.74558115,30.2740774400021],[-97.74523569,30.2750585500021],[-97.74520122,30.2751483200021],[-97.7451896915053,30.2751837507369],[-97.74518799,30.2751889800021],[-97.74477508,30.2763041200021],[-97.74475114,30.2763720700021],[-97.74443901,30.2772572000021],[-97.74439886,30.2773577700021],[-97.74405883,30.2782157700022],[-97.7440503496091,30.2782388322911],[-97.74400493,30.2783623500022],[-97.74373449,30.2791847100022],[-97.74369916,30.2792744500022],[-97.74338084,30.2800824200022],[-97.74334882,30.2801714400022],[-97.74307609,30.2809288500022],[-97.74305482,30.2809846900022],[-97.74271267,30.2818834300022],[-97.74270847,30.2818945900022],[-97.7426808219473,30.2819646950647]]},"properties":{"AADT_CUR":6357,"RTE_NM":"1019823","RTE_PRFX":"CS","RTE_NBR":"1019823","SYSTEM":"Off"}},{"type":"Feature","geometry":{"type":"LineString","coordinates":[[-97.7774120557756,30.2608846829856],[-97.77545187,30.258944020002],[-97.77505097,30.258726470002],[-97.77482565,30.258604230002],[-97.77401463,30.258692540002],[-97.77333396,30.2589127300021],[-97.7727652100168,30.2589151098347]]},"properties":{"AADT_CUR":195,"RTE_NM":"1020312","RTE_PRFX":"CS","RTE_NBR":"1020312","SYSTEM":"Off"}},{"type":"Feature","geometry":{"type":"LineString","coordinates":[[-97.7734690757554,30.2526371742808],[-97.77145372,30.251655520002],[-97.77032478,30.251036330002],[-97.77015785,30.250944770002],[-97.76944798,30.250610480002],[-97.7693304902107,30.2505551616595],[-97.76930997,30.250545500002],[-97.76884403,30.250167660002],[-97.7681479,30.249837410002],[-97.76755724,30.249587130002],[-97.7674505075212,30.2494277941396]]},"properties":{"AADT_CUR":195,"RTE_NM":"1016927","RTE_PRFX":"CS","RTE_NBR":"1016927","SYSTEM":"Off"}},{"type":"Feature","geometry":{"type":"LineString","coordinates":[[-97.75919254,30.23411018],[-97.75902119,30.23418102],[-97.75867495,30.23475163]]},"properties":{"AADT_CUR":195,"RTE_NM":"1016802","RTE_PRFX":"CS","RTE_NBR":"1016802","SYSTEM":"Off"}},{"type":"Feature","geometry":{"type":"LineString","coordinates":[[-97.716229462109,30.3069135598007],[-97.7162147868873,30.3069065932461]]},"properties":{"AADT_CUR":195,"RTE_NM":"1015882","RTE_PRFX":"CS","RTE_NBR":"1015882","SYSTEM":"Off"}},{"type":"Feature","geometry":{"type":"LineString","coordinates":[[-97.7324674689841,30.2945345214842],[-97.73297236,30.2947345300023],[-97.73362516,30.2950888200023],[-97.73381341,30.2951614000023],[-97.73480491,30.2956518100023],[-97.73495044,30.2957227000023],[-97.73565897,30.2960679000023],[-97.73582407,30.2961454200023],[-97.7362098841302,30.2963264962537]]},"properties":{"AADT_CUR":855,"RTE_NM":"1015866","RTE_PRFX":"CS","RTE_NBR":"1015866","SYSTEM":"Off"}},{"type":"Feature","geometry":{"type":"LineString","coordinates":[[-97.7657289313476,30.2324449432597],[-97.76599121,30.2320115600038],[-97.7659931508882,30.2320087004385],[-97.76636196,30.2314653200038],[-97.76662319,30.2310668700037],[-97.7668167860086,30.2307359232664],[-97.7676352774873,30.2294491958369],[-97.76764238,30.2294380300036],[-97.76811019,30.2287092500036],[-97.7681129361411,30.228704849797],[-97.76855094,30.2280030200036],[-97.7685704715142,30.2279723967931],[-97.768889054076,30.227472892121],[-97.7690739,30.2271830700036],[-97.7692468425816,30.2268773017928],[-97.7693509602705,30.2266932172256],[-97.7693563293957,30.2266837243593],[-97.769375783475,30.2266493286123]]},"properties":{"AADT_CUR":10997,"RTE_NM":"258383","RTE_PRFX":"CS","RTE_NBR":"258383","SYSTEM":"Off"}},{"type":"Feature","geometry":{"type":"LineString","coordinates":[[-97.75375031,30.24247954],[-97.75358642,30.2427092],[-97.75328195,30.243144],[-97.75313368,30.2433724]]},"properties":{"AADT_CUR":195,"RTE_NM":"1016171","RTE_PRFX":"CS","RTE_NBR":"1016171","SYSTEM":"Off"}},{"type":"Feature","geometry":{"type":"LineString","coordinates":[[-97.75600981,30.25545477],[-97.75483193,30.25483699]]},"properties":{"AADT_CUR":195,"RTE_NM":"1015053","RTE_PRFX":"CS","RTE_NBR":"1015053","SYSTEM":"Off"}},{"type":"Feature","geometry":{"type":"LineString","coordinates":[[-97.70167040066,30.2560645088692],[-97.70125828,30.25579511],[-97.69839698,30.25387476],[-97.69625668,30.25244597],[-97.69587968,30.25224053]]},"properties":{"AADT_CUR":21484,"RTE_NM":"258404","RTE_PRFX":"CS","RTE_NBR":"258404","SYSTEM":"Off"}},{"type":"Feature","geometry":{"type":"LineString","coordinates":[[-97.68512191,30.24301584],[-97.68594861,30.24509846]]},"properties":{"AADT_CUR":195,"RTE_NM":"1017434","RTE_PRFX":"CS","RTE_NBR":"1017434","SYSTEM":"Off"}},{"type":"Feature","geometry":{"type":"LineString","coordinates":[[-97.7956402826815,30.273708593561],[-97.795643,30.2737211000021],[-97.79567706,30.2743051300021],[-97.79417627,30.2770312400022],[-97.79395087,30.2772880500022]]},"properties":{"AADT_CUR":195,"RTE_NM":"1252134","RTE_PRFX":"CS","RTE_NBR":"1252134","SYSTEM":"Off"}},{"type":"Feature","geometry":{"type":"LineString","coordinates":[[-97.7738972855649,30.2729033153771],[-97.7738864458734,30.2728922682938]]},"properties":{"AADT_CUR":195,"RTE_NM":"1018563","RTE_PRFX":"CS","RTE_NBR":"1018563","SYSTEM":"Off"}},{"type":"Feature","geometry":{"type":"LineString","coordinates":[[-97.7603622998811,30.2208473855792],[-97.75918231,30.2201863300018],[-97.75838109,30.2197928600018],[-97.75745933,30.2193369900018],[-97.75666239,30.2189435500018],[-97.7562817,30.2187244000018],[-97.75572439,30.2183442300017],[-97.7554804923371,30.2181479217608],[-97.7552414,30.2179554800017],[-97.75451396,30.2173186100017],[-97.75411343,30.2169895000018],[-97.75394681,30.2168647500017],[-97.75375891,30.2167492100018],[-97.75359828,30.2166659500018],[-97.7534442,30.2165976300018],[-97.75323686,30.2165222300018],[-97.75301728,30.2164576800018],[-97.7528434,30.2164218700017],[-97.75271072,30.2164034900018],[-97.75255988,30.2163873200018],[-97.75241085,30.2163808000017],[-97.752363685259,30.216381828296],[-97.7522396923732,30.2163845315279],[-97.75217004,30.2163860500017],[-97.7521679893399,30.2163862913126],[-97.75201784,30.2164039600017],[-97.7519518552634,30.2164144609811],[-97.7518402,30.2164322300017],[-97.75163688,30.2164732300017],[-97.7515846104028,30.2164889359832],[-97.7514490431216,30.2165296711494],[-97.75140951,30.2165415500018],[-97.7513831399352,30.2165519787198],[-97.7511952044283,30.2166263024099],[-97.75118191,30.2166315600017],[-97.75100521,30.2167163700018],[-97.750924352359,30.2167666750679],[-97.75075501,30.2168720300017],[-97.7507499893771,30.2168758245598],[-97.75058065,30.2170038100017],[-97.750531614267,30.2170491053034],[-97.7504886432671,30.2170887984378],[-97.75046332,30.2171121900018],[-97.75034874,30.2172227700018],[-97.75021687,30.2173723000018],[-97.75005336,30.2175909400017],[-97.74994146,30.2178066200018],[-97.74965707,30.2183566600017],[-97.749373917,30.2189502380018],[-97.7493127348023,30.2190737543901]]},"properties":{"AADT_CUR":7472,"RTE_NM":"1629677348","RTE_PRFX":"IH","RTE_NBR":"35","SYSTEM":"On"}},{"type":"Feature","geometry":{"type":"LineString","coordinates":[[-97.76451186,30.22423883],[-97.76422907,30.22480797],[-97.76419585,30.22486983],[-97.76363594,30.22591271]]},"properties":{"AADT_CUR":195,"RTE_NM":"1021313","RTE_PRFX":"CS","RTE_NBR":"1021313","SYSTEM":"Off"}},{"type":"Feature","geometry":{"type":"LineString","coordinates":[[-97.6922561458933,30.2707028188409],[-97.6922707080697,30.2707100143263]]},"properties":{"AADT_CUR":195,"RTE_NM":"1019245","RTE_PRFX":"CS","RTE_NBR":"1019245","SYSTEM":"Off"}},{"type":"Feature","geometry":{"type":"LineString","coordinates":[[-97.80018776,30.22663533],[-97.79963269,30.22627175],[-97.79945605,30.22615608]]},"properties":{"AADT_CUR":195,"RTE_NM":"1013690","RTE_PRFX":"CS","RTE_NBR":"1013690","SYSTEM":"Off"}},{"type":"Feature","geometry":{"type":"LineString","coordinates":[[-97.7154410311611,30.2848776911359],[-97.7154437671382,30.2848920072203]]},"properties":{"AADT_CUR":195,"RTE_NM":"1020363","RTE_PRFX":"CS","RTE_NBR":"1020363","SYSTEM":"Off"}},{"type":"Feature","geometry":{"type":"LineString","coordinates":[[-97.72216155,30.28380777],[-97.7203848414907,30.284094564937]]},"properties":{"AADT_CUR":3044,"RTE_NM":"258601","RTE_PRFX":"CS","RTE_NBR":"258601","SYSTEM":"Off"}},{"type":"Feature","geometry":{"type":"LineString","coordinates":[[-97.7427887792955,30.2954737617846],[-97.74279099,30.2954705900023],[-97.7428120662008,30.2954266436734],[-97.7428180775957,30.2954060163238]]},"properties":{"AADT_CUR":12146,"RTE_NM":"258545","RTE_PRFX":"CS","RTE_NBR":"258545","SYSTEM":"Off"}},{"type":"Feature","geometry":{"type":"LineString","coordinates":[[-97.79463598,30.22891544],[-97.79413885,30.2295134]]},"properties":{"AADT_CUR":195,"RTE_NM":"1019519","RTE_PRFX":"CS","RTE_NBR":"1019519","SYSTEM":"Off"}},{"type":"Feature","geometry":{"type":"LineString","coordinates":[[-97.7813515125933,30.2573923234406],[-97.78135475,30.257395040002],[-97.78141148,30.2574724700021],[-97.7817309,30.257908590002],[-97.78185276,30.2583923300021],[-97.781883,30.258798190002],[-97.78189541,30.258965240002],[-97.78198983,30.259409920002],[-97.78199877,30.259641130002],[-97.78189038,30.260114780002],[-97.78191095,30.260296700002],[-97.78195215,30.260446040002],[-97.78240256,30.2611150600021]]},"properties":{"AADT_CUR":195,"RTE_NM":"1015412","RTE_PRFX":"CS","RTE_NBR":"1015412","SYSTEM":"Off"}},{"type":"Feature","geometry":{"type":"LineString","coordinates":[[-97.7146753141787,30.2351744470122],[-97.7146893577477,30.2351823392077]]},"properties":{"AADT_CUR":2893,"RTE_NM":"1016235","RTE_PRFX":"CS","RTE_NBR":"1016235","SYSTEM":"Off"}},{"type":"Feature","geometry":{"type":"LineString","coordinates":[[-97.7088198610037,30.3099947908227],[-97.70593686,30.3087207900024],[-97.70576761,30.3086466100024],[-97.70457489,30.3080968600024]]},"properties":{"AADT_CUR":195,"RTE_NM":"1015891","RTE_PRFX":"CS","RTE_NBR":"1015891","SYSTEM":"Off"}},{"type":"Feature","geometry":{"type":"LineString","coordinates":[[-97.79925984,30.26909271],[-97.79863021,30.27000448],[-97.79862089,30.27001793]]},"properties":{"AADT_CUR":195,"RTE_NM":"1021577","RTE_PRFX":"CS","RTE_NBR":"1021577","SYSTEM":"Off"}},{"type":"Feature","geometry":{"type":"LineString","coordinates":[[-97.8001657589027,30.2774779170115],[-97.79972064,30.2772515300021]]},"properties":{"AADT_CUR":195,"RTE_NM":"227AA4132","RTE_PRFX":"CR","RTE_NBR":"4132","SYSTEM":"Off"}},{"type":"Feature","geometry":{"type":"LineString","coordinates":[[-97.6877399346142,30.2728950425233],[-97.68751134,30.2732422700021],[-97.68742941,30.2733121200021],[-97.68735415,30.2733710700021],[-97.68724833,30.2734156400021],[-97.6871629,30.2734413500021],[-97.68708184,30.2734507100021],[-97.68700628,30.2734326500022],[-97.68694321,30.2734203400021],[-97.68571407,30.2728504300021],[-97.68558277,30.2727954100021]]},"properties":{"AADT_CUR":195,"RTE_NM":"1018216","RTE_PRFX":"CS","RTE_NBR":"1018216","SYSTEM":"Off"}},{"type":"Feature","geometry":{"type":"LineString","coordinates":[[-97.71922416,30.2227421300018],[-97.71872294,30.2234745100018],[-97.71497155,30.2294659100018],[-97.71442864,30.2303329200018],[-97.7144004538797,30.2303780446864]]},"properties":{"AADT_CUR":195,"RTE_NM":"1019551","RTE_PRFX":"CS","RTE_NBR":"1019551","SYSTEM":"Off"}},{"type":"Feature","geometry":{"type":"LineString","coordinates":[[-97.76529459,30.24509666],[-97.76523087,30.24511288],[-97.76516459,30.24515234],[-97.76511219,30.24521207],[-97.76510242,30.24525186],[-97.76509088,30.24530347],[-97.76508914,30.24536892],[-97.76511627,30.24543998],[-97.7651639,30.24548434],[-97.7651948,30.24555993],[-97.76529528,30.24580562],[-97.76544916,30.24612172],[-97.76554984,30.24625257],[-97.76573813,30.24643379]]},"properties":{"AADT_CUR":195,"RTE_NM":"1019069","RTE_PRFX":"CS","RTE_NBR":"1019069","SYSTEM":"Off"}},{"type":"Feature","geometry":{"type":"LineString","coordinates":[[-97.70541779,30.28156759],[-97.70425137,30.28169218]]},"properties":{"AADT_CUR":195,"RTE_NM":"1015847","RTE_PRFX":"CS","RTE_NBR":"1015847","SYSTEM":"Off"}},{"type":"Feature","geometry":{"type":"LineString","coordinates":[[-97.7839206519174,30.2195829017266],[-97.7838666,30.21955749],[-97.78320368,30.21922016],[-97.78233828,30.21879046],[-97.78206853,30.21865742],[-97.78188786,30.21860491]]},"properties":{"AADT_CUR":739,"RTE_NM":"266925","RTE_PRFX":"CS","RTE_NBR":"266925","SYSTEM":"Off"}},{"type":"Feature","geometry":{"type":"LineString","coordinates":[[-97.69763947,30.22707713],[-97.69582426,30.22720751],[-97.69553119,30.22712449]]},"properties":{"AADT_CUR":195,"RTE_NM":"1014696","RTE_PRFX":"CS","RTE_NBR":"1014696","SYSTEM":"Off"}},{"type":"Feature","geometry":{"type":"LineString","coordinates":[[-97.7827099820787,30.3099799378603],[-97.7827171,30.3099817400024],[-97.78285421,30.3099974900024],[-97.78294896,30.3099927300024],[-97.78302922,30.3100053600024],[-97.78324434,30.3099937400024],[-97.78344259,30.3100103600024],[-97.7835587202073,30.3099992774305]]},"properties":{"AADT_CUR":195,"RTE_NM":"227AA2495","RTE_PRFX":"CR","RTE_NBR":"2495","SYSTEM":"Off"}},{"type":"Feature","geometry":{"type":"LineString","coordinates":[[-97.723351598358,30.2885528423096],[-97.72234127,30.2880880400022],[-97.72129311,30.2875881200022]]},"properties":{"AADT_CUR":195,"RTE_NM":"1015864","RTE_PRFX":"CS","RTE_NBR":"1015864","SYSTEM":"Off"}},{"type":"Feature","geometry":{"type":"LineString","coordinates":[[-97.76100396,30.2926547500022],[-97.76069192,30.2931303900023],[-97.76039248,30.2936019600023],[-97.76014397,30.2939792700023],[-97.76010224,30.2940581900023],[-97.76007742,30.2941264600023],[-97.76005582,30.2941947800023],[-97.76004485,30.2942495600023],[-97.76001699,30.2943727700023],[-97.7600086,30.2945376200023],[-97.76001355,30.2946504900023],[-97.76001128,30.2947356800023],[-97.7600165,30.2948375700023],[-97.76000534,30.2949583900023],[-97.75998199,30.2950899000023],[-97.7599677,30.2951803800023],[-97.75988345,30.2955774900023],[-97.7592517991015,30.2978695624837]]},"properties":{"AADT_CUR":195,"RTE_NM":"1021661","RTE_PRFX":"CS","RTE_NBR":"1021661","SYSTEM":"Off"}},{"type":"Feature","geometry":{"type":"LineString","coordinates":[[-97.74451039,30.3046080700023],[-97.74381593,30.3042543200023],[-97.7437524182004,30.3042220945165]]},"properties":{"AADT_CUR":195,"RTE_NM":"1021225","RTE_PRFX":"CS","RTE_NBR":"1021225","SYSTEM":"Off"}},{"type":"Feature","geometry":{"type":"LineString","coordinates":[[-97.76690056,30.30317434],[-97.7666539,30.30285587],[-97.76650697,30.30274839],[-97.76633718,30.30278626],[-97.76621601,30.30284435],[-97.76599057,30.30285908],[-97.7655598,30.30284768]]},"properties":{"AADT_CUR":195,"RTE_NM":"1017009","RTE_PRFX":"CS","RTE_NBR":"1017009","SYSTEM":"Off"}},{"type":"Feature","geometry":{"type":"LineString","coordinates":[[-97.77840033,30.23382794],[-97.77832162,30.23380013],[-97.77805468,30.23369695],[-97.77799621,30.23367686],[-97.77796611,30.23366991],[-97.77792196,30.23366363],[-97.77786935,30.23366146],[-97.77782878,30.23366359],[-97.77778417,30.23366886],[-97.77766372,30.23367834]]},"properties":{"AADT_CUR":195,"RTE_NM":"1021066","RTE_PRFX":"CS","RTE_NBR":"1021066","SYSTEM":"Off"}},{"type":"Feature","geometry":{"type":"LineString","coordinates":[[-97.730694341253,30.2345674341496],[-97.7306866244035,30.2345545702987]]},"properties":{"AADT_CUR":195,"RTE_NM":"1021061","RTE_PRFX":"CS","RTE_NBR":"1021061","SYSTEM":"Off"}},{"type":"Feature","geometry":{"type":"LineString","coordinates":[[-97.690259468936,30.3009152113569],[-97.6902375371576,30.3009371590004]]},"properties":{"AADT_CUR":195,"RTE_NM":"1021401","RTE_PRFX":"CS","RTE_NBR":"1021401","SYSTEM":"Off"}},{"type":"Feature","geometry":{"type":"LineString","coordinates":[[-97.798411421006,30.2923626217505],[-97.79842559,30.2923545400068],[-97.79863282,30.2922122100067],[-97.79870842,30.2921608900067],[-97.79880342,30.2921051200068],[-97.7994577481315,30.2917454536301],[-97.79954597,30.2916969600068],[-97.80003736,30.2914231800068],[-97.80009964,30.2913912700067],[-97.80016366,30.2913636600067],[-97.80023866,30.2913386500066],[-97.80032632,30.2913229300068],[-97.80043669,30.2913176500067],[-97.80092211,30.2913045000066],[-97.80100847,30.2913040900067],[-97.80110429,30.2912932900068],[-97.80118198,30.2912707100067],[-97.80124882,30.2912407700067],[-97.80132133,30.2912037500067],[-97.80138288,30.2911641500066],[-97.80145847,30.2911128300067],[-97.8014942906547,30.2910829563792],[-97.8015231,30.2910589300066],[-97.80157677,30.2910024500066],[-97.80162216,30.2909458200067],[-97.80166222,30.2908819300067],[-97.80170789,30.2908133500068],[-97.8018075,30.2906763300067],[-97.80184474,30.2906147800066],[-97.8018736,30.2905578700068],[-97.80189118,30.2905127300067],[-97.8019786865729,30.2902637906578]]},"properties":{"AADT_CUR":6316,"RTE_NM":"258886","RTE_PRFX":"CS","RTE_NBR":"258886","SYSTEM":"Off"}},{"type":"Feature","geometry":{"type":"LineString","coordinates":[[-97.706355196699,30.286334475549],[-97.70631802,30.28626305],[-97.70620675,30.2860493],[-97.70398873,30.28256745]]},"properties":{"AADT_CUR":41565,"RTE_NM":"258470","RTE_PRFX":"CS","RTE_NBR":"258470","SYSTEM":"Off"}},{"type":"Feature","geometry":{"type":"LineString","coordinates":[[-97.70692071,30.287620851],[-97.70551399,30.28792838]]},"properties":{"AADT_CUR":195,"RTE_NM":"1015872","RTE_PRFX":"CS","RTE_NBR":"1015872","SYSTEM":"Off"}},{"type":"Feature","geometry":{"type":"LineString","coordinates":[[-97.6989772787086,30.3038890473034],[-97.6989477680636,30.3038623492938],[-97.6989442217397,30.3038591409656],[-97.69890151,30.3038205000046],[-97.69879363,30.3037124500046],[-97.69877014,30.3036874100046],[-97.6985282,30.3034206100046],[-97.69827504,30.3031301000046],[-97.69823011,30.3030772500046],[-97.6982238088587,30.3030702975997],[-97.69817709,30.3030187500046],[-97.69807218,30.3029120200047],[-97.69796102,30.3028101500046],[-97.69784392,30.3027134300046],[-97.6977212,30.3026221100046],[-97.69759317,30.3025364400046],[-97.6974602,30.3024566500046],[-97.69737297,30.3024089400047],[-97.69730377,30.3023791400046],[-97.69689191,30.3022064900046],[-97.69647648,30.3020403900047],[-97.69605763,30.3018809000046],[-97.69563549,30.3017280700046],[-97.69553944,30.3016943900046],[-97.69537054,30.3016527400046],[-97.69518062,30.3016131100046],[-97.69498891,30.3015806000046],[-97.69479576,30.3015552900046],[-97.69460154,30.3015372000046],[-97.6944066,30.3015263700046],[-97.69415322,30.3015184000046],[-97.69312709,30.3014907900046],[-97.69305567,30.3014891300046],[-97.69233764,30.3014744600046],[-97.6921621,30.3014671500046],[-97.69186845,30.3014491300046],[-97.69157551,30.3014238700046],[-97.69128351,30.3013914000046],[-97.69125787,30.3013881900046],[-97.691235,30.3013823800046],[-97.6910937,30.3013420100046],[-97.69095526,30.3012947700046],[-97.69082011,30.3012408100046],[-97.69068871,30.3011803000046],[-97.69056145,30.3011134400046],[-97.69043876,30.3010404400046],[-97.69032103,30.3009615300046],[-97.690259468936,30.3009152113592],[-97.69020863,30.3008769600046],[-97.69015103,30.3008296800046],[-97.69003915,30.3006877600046],[-97.68987552,30.3004695500046],[-97.6897559516549,30.300299961161],[-97.68971895,30.3002474800046],[-97.68970427,30.3002259400046],[-97.68960978,30.3000699900046],[-97.68949457,30.2998944400046],[-97.68937217,30.2997225900046],[-97.689345399463,30.2996878564136],[-97.68924274,30.2995546600046],[-97.68910645,30.2993908700046],[-97.68898091,30.2992502600046],[-97.68891223,30.2991884300046],[-97.68880325,30.2990989800046],[-97.68868872,30.2990149200046],[-97.68856897,30.2989365100046],[-97.68851256,30.2989025900046],[-97.68843592,30.2988676900046],[-97.68826901,30.2987856800046],[-97.68815781,30.2987262400046],[-97.68773528,30.2985117100046],[-97.6871002813207,30.2981879849765]]},"properties":{"AADT_CUR":10376,"RTE_NM":"258456","RTE_PRFX":"CS","RTE_NBR":"258456","SYSTEM":"Off"}},{"type":"Feature","geometry":{"type":"LineString","coordinates":[[-97.79135496,30.2214465500018],[-97.78753456,30.2223152200018],[-97.7874928394574,30.2223247217809]]},"properties":{"AADT_CUR":195,"RTE_NM":"1016111","RTE_PRFX":"CS","RTE_NBR":"1016111","SYSTEM":"Off"}},{"type":"Feature","geometry":{"type":"LineString","coordinates":[[-97.7632734942424,30.2156258604749],[-97.7632684591185,30.2156338058743],[-97.76325638,30.2156545900034],[-97.76221765,30.2174435100036],[-97.7623876,30.2180795000035],[-97.76206107,30.2186862300036],[-97.76201522,30.2187774800036],[-97.76156867,30.2196664900036]]},"properties":{"AADT_CUR":195,"RTE_NM":"1021604","RTE_PRFX":"CS","RTE_NBR":"1021604","SYSTEM":"Off"}},{"type":"Feature","geometry":{"type":"LineString","coordinates":[[-97.69597888,30.29577418],[-97.69593548,30.29439938]]},"properties":{"AADT_CUR":195,"RTE_NM":"1306263","RTE_PRFX":"CS","RTE_NBR":"1306263","SYSTEM":"Off"}},{"type":"Feature","geometry":{"type":"LineString","coordinates":[[-97.7462478000945,30.2589452209813],[-97.7462504,30.25893908],[-97.7468721162487,30.2571526359814]]},"properties":{"AADT_CUR":9983,"RTE_NM":"258521","RTE_PRFX":"CS","RTE_NBR":"258521","SYSTEM":"Off"}},{"type":"Feature","geometry":{"type":"LineString","coordinates":[[-97.7320701569257,30.2511263119513],[-97.73206917,30.251130430002],[-97.7311392431188,30.2531204606725],[-97.730720470451,30.2540165994152],[-97.7302950449129,30.2549269563225],[-97.73027471,30.254970470002],[-97.7299061026744,30.2557726974097],[-97.7294833846568,30.2566926722148],[-97.7293555217763,30.256970940584],[-97.7290709878485,30.2575901664103],[-97.7290060796354,30.257731423731],[-97.7286389671374,30.2585303485582],[-97.7286385897643,30.2585311698051]]},"properties":{"AADT_CUR":1475,"RTE_NM":"267038","RTE_PRFX":"CS","RTE_NBR":"267038","SYSTEM":"Off"}},{"type":"Feature","geometry":{"type":"LineString","coordinates":[[-97.7071494416727,30.2552715776531],[-97.707149670787,30.2552710867746],[-97.7077100428055,30.254064430918],[-97.70863458,30.252071930002],[-97.7087461664432,30.2517304751089]]},"properties":{"AADT_CUR":3082,"RTE_NM":"258693","RTE_PRFX":"CS","RTE_NBR":"258693","SYSTEM":"Off"}},{"type":"Feature","geometry":{"type":"LineString","coordinates":[[-97.7846619,30.27010408],[-97.78428326,30.27016256],[-97.78406102,30.27041942]]},"properties":{"AADT_CUR":195,"RTE_NM":"1206152","RTE_PRFX":"CS","RTE_NBR":"1206152","SYSTEM":"Off"}},{"type":"Feature","geometry":{"type":"LineString","coordinates":[[-97.79322477,30.27582975],[-97.7922486,30.27538684]]},"properties":{"AADT_CUR":195,"RTE_NM":"1252113","RTE_PRFX":"CS","RTE_NBR":"1252113","SYSTEM":"Off"}},{"type":"Feature","geometry":{"type":"LineString","coordinates":[[-97.77270649,30.29750374],[-97.77229398,30.29752302]]},"properties":{"AADT_CUR":195,"RTE_NM":"1262743","RTE_PRFX":"CS","RTE_NBR":"1262743","SYSTEM":"Off"}},{"type":"Feature","geometry":{"type":"LineString","coordinates":[[-97.76082377,30.24183836],[-97.7605138,30.2425335],[-97.76046403,30.24264292],[-97.76019755,30.24322848],[-97.75983846,30.24374658],[-97.75978166,30.24383711],[-97.75911061,30.24490632],[-97.75906714,30.2449759],[-97.75839589,30.24604987],[-97.75779073,30.24697556],[-97.75720371,30.24787412],[-97.75680104,30.24871587],[-97.75655475,30.24951674],[-97.75646266,30.24982185],[-97.75644454,30.24987756]]},"properties":{"AADT_CUR":225,"RTE_NM":"1019737","RTE_PRFX":"CS","RTE_NBR":"1019737","SYSTEM":"Off"}},{"type":"Feature","geometry":{"type":"LineString","coordinates":[[-97.7673562182717,30.2491316570082],[-97.76734571,30.249134450002],[-97.7673328412119,30.249181910757]]},"properties":{"AADT_CUR":195,"RTE_NM":"1019747","RTE_PRFX":"CS","RTE_NBR":"1019747","SYSTEM":"Off"}},{"type":"Feature","geometry":{"type":"LineString","coordinates":[[-97.7546903409891,30.2429207999672],[-97.75409459,30.2438345500019]]},"properties":{"AADT_CUR":195,"RTE_NM":"1018605","RTE_PRFX":"CS","RTE_NBR":"1018605","SYSTEM":"Off"}},{"type":"Feature","geometry":{"type":"LineString","coordinates":[[-97.7421913052429,30.2436465244516],[-97.7421767699994,30.2436394100054],[-97.7411551404491,30.243162646417],[-97.7408450358358,30.2430179274293],[-97.73931398,30.2423034000057],[-97.7392949895502,30.2422927064215],[-97.73916317,30.2422131900057],[-97.73904533,30.2421328600057],[-97.7389608065407,30.2420691128849]]},"properties":{"AADT_CUR":2301,"RTE_NM":"258711","RTE_PRFX":"CS","RTE_NBR":"258711","SYSTEM":"Off"}},{"type":"Feature","geometry":{"type":"LineString","coordinates":[[-97.756575229019,30.2570316830524],[-97.7565596375656,30.2570263555661]]},"properties":{"AADT_CUR":195,"RTE_NM":"1015997","RTE_PRFX":"CS","RTE_NBR":"1015997","SYSTEM":"Off"}},{"type":"Feature","geometry":{"type":"LineString","coordinates":[[-97.7581760004255,30.254465442614],[-97.758161483635,30.2544582909246]]},"properties":{"AADT_CUR":195,"RTE_NM":"1021276","RTE_PRFX":"CS","RTE_NBR":"1021276","SYSTEM":"Off"}},{"type":"Feature","geometry":{"type":"LineString","coordinates":[[-97.7275476118648,30.3022434373715],[-97.72754969,30.3022401200023],[-97.7281978424517,30.3012439262706],[-97.7288754403412,30.3002125694252],[-97.7292462168991,30.2995854960758],[-97.72948192,30.2991868600023],[-97.7297563090339,30.2987426253863]]},"properties":{"AADT_CUR":4800,"RTE_NM":"258534","RTE_PRFX":"CS","RTE_NBR":"258534","SYSTEM":"Off"}},{"type":"Feature","geometry":{"type":"LineString","coordinates":[[-97.75664912,30.2696345700021],[-97.75660461,30.2697247300021],[-97.75652589,30.2698841300021],[-97.75615842,30.2706286000021],[-97.7560405730318,30.2708472871125],[-97.75597912,30.2709679500021],[-97.75586951,30.2711838300021],[-97.7553887904268,30.2720982801678]]},"properties":{"AADT_CUR":195,"RTE_NM":"1013981","RTE_PRFX":"CS","RTE_NBR":"1013981","SYSTEM":"Off"}},{"type":"Feature","geometry":{"type":"LineString","coordinates":[[-97.76657296,30.29061523],[-97.76656017,30.29064559],[-97.76593014,30.29214258],[-97.76586356,30.29230051],[-97.76527215,30.29370341],[-97.76526467,30.29371877],[-97.76524261,30.29377347],[-97.76514671,30.29398335],[-97.76494238,30.29433677],[-97.76490858,30.29441589],[-97.76489257,30.29448154],[-97.76478504,30.29536503],[-97.76461449,30.29561186]]},"properties":{"AADT_CUR":195,"RTE_NM":"1021175","RTE_PRFX":"CS","RTE_NBR":"1021175","SYSTEM":"Off"}},{"type":"Feature","geometry":{"type":"LineString","coordinates":[[-97.76869642,30.30045171],[-97.76807367,30.30018071]]},"properties":{"AADT_CUR":195,"RTE_NM":"1019564","RTE_PRFX":"CS","RTE_NBR":"1019564","SYSTEM":"Off"}},{"type":"Feature","geometry":{"type":"LineString","coordinates":[[-97.7607784,30.2317685400018],[-97.75951209,30.2311522700019],[-97.7593563891975,30.2310764522288]]},"properties":{"AADT_CUR":195,"RTE_NM":"1015192","RTE_PRFX":"CS","RTE_NBR":"1015192","SYSTEM":"Off"}},{"type":"Feature","geometry":{"type":"LineString","coordinates":[[-97.7197844743255,30.2577962583824],[-97.7197689897318,30.2577907396326]]},"properties":{"AADT_CUR":195,"RTE_NM":"1019867","RTE_PRFX":"CS","RTE_NBR":"1019867","SYSTEM":"Off"}},{"type":"Feature","geometry":{"type":"LineString","coordinates":[[-97.74640878,30.3159312900024],[-97.74598107,30.3157244100024],[-97.74521779,30.3153563600024],[-97.74512978,30.3153139000024],[-97.74424099,30.3148861500024],[-97.7433682,30.3144505000024],[-97.7424903218734,30.3139941459428],[-97.74247092,30.3139840600024],[-97.7420437621655,30.3137721417705],[-97.74202592,30.3137632900024],[-97.74154763,30.3135044400024],[-97.74148223,30.3134690100024],[-97.74073725,30.3131207700024],[-97.74057201,30.3130435500024],[-97.73984451,30.3127093600024],[-97.73967019,30.3126292600024],[-97.7385599015951,30.3121068760812]]},"properties":{"AADT_CUR":195,"RTE_NM":"1021236","RTE_PRFX":"CS","RTE_NBR":"1021236","SYSTEM":"Off"}},{"type":"Feature","geometry":{"type":"LineString","coordinates":[[-97.7330208436555,30.3108698849882],[-97.7329931177398,30.3108536201626]]},"properties":{"AADT_CUR":10867,"RTE_NM":"258452","RTE_PRFX":"CS","RTE_NBR":"258452","SYSTEM":"Off"}},{"type":"Feature","geometry":{"type":"LineString","coordinates":[[-97.7939920377351,30.317577135396],[-97.79462184,30.3174299900024],[-97.79477834,30.3173818700024],[-97.7948556,30.3173493600024],[-97.79492897,30.3173096100024],[-97.7950541,30.3172097400024],[-97.79514709,30.3170909900024],[-97.79518322,30.3170298600024],[-97.79522047,30.3168827400024],[-97.79522447,30.3168127400024],[-97.79520434,30.3166757400024],[-97.79518022,30.3166092400024],[-97.79510647,30.3164854900024],[-97.79481197,30.3161734900024]]},"properties":{"AADT_CUR":195,"RTE_NM":"227AA0498","RTE_PRFX":"CR","RTE_NBR":"498","SYSTEM":"Off"}},{"type":"Feature","geometry":{"type":"LineString","coordinates":[[-97.699050401356,30.2504513102128],[-97.6990582822654,30.2504384977984]]},"properties":{"AADT_CUR":2388,"RTE_NM":"267005","RTE_PRFX":"CS","RTE_NBR":"267005","SYSTEM":"Off"}},{"type":"Feature","geometry":{"type":"LineString","coordinates":[[-97.69951676,30.25933899],[-97.69779432,30.25844829],[-97.69757922,30.25836512]]},"properties":{"AADT_CUR":195,"RTE_NM":"1018292","RTE_PRFX":"CS","RTE_NBR":"1018292","SYSTEM":"Off"}},{"type":"Feature","geometry":{"type":"LineString","coordinates":[[-97.6890172408581,30.2495513122336],[-97.68927637,30.24937129],[-97.68953483,30.24916008],[-97.68976549,30.24895443],[-97.68998782,30.24870986],[-97.69017124,30.24847086],[-97.69031298,30.24826521],[-97.69047694,30.2479734],[-97.69061868,30.24764269],[-97.69070761,30.24738701],[-97.6907404366349,30.2472544453105]]},"properties":{"AADT_CUR":61714,"RTE_NM":"TL0183-LG","RTE_PRFX":"TL","RTE_NBR":"183","SYSTEM":"Off"}},{"type":"Feature","geometry":{"type":"LineString","coordinates":[[-97.6887839847416,30.2761598993346],[-97.68876917,30.2761699000021],[-97.6870388583737,30.278992939161],[-97.68703252,30.2790032800022],[-97.6858634826535,30.2808439508413]]},"properties":{"AADT_CUR":8508,"RTE_NM":"187788","RTE_PRFX":"CS","RTE_NBR":"187788","SYSTEM":"Off"}},{"type":"Feature","geometry":{"type":"LineString","coordinates":[[-97.6890995631286,30.2759468677773],[-97.6890687085662,30.2759124352655]]},"properties":{"AADT_CUR":195,"RTE_NM":"1019860","RTE_PRFX":"CS","RTE_NBR":"1019860","SYSTEM":"Off"}},{"type":"Feature","geometry":{"type":"LineString","coordinates":[[-97.69668538,30.29290608],[-97.69669478,30.29283048],[-97.69669368,30.29280148],[-97.69668468,30.29254648],[-97.69667658,30.29230818],[-97.69666948,30.29209948],[-97.69666748,30.29204888],[-97.69664828,30.29137768],[-97.69664778,30.29134918],[-97.69664568,30.29124638]]},"properties":{"AADT_CUR":195,"RTE_NM":"1306303","RTE_PRFX":"CS","RTE_NBR":"1306303","SYSTEM":"Off"}},{"type":"Feature","geometry":{"type":"LineString","coordinates":[[-97.732522064,30.27910627],[-97.732615742,30.278772637],[-97.732741607,30.278454058],[-97.732922257,30.277987149],[-97.7338506138632,30.2753460244433]]},"properties":{"AADT_CUR":3085,"RTE_NM":"258641","RTE_PRFX":"CS","RTE_NBR":"258641","SYSTEM":"Off"}},{"type":"Feature","geometry":{"type":"LineString","coordinates":[[-97.74051126844,30.2813434654571],[-97.7397904,30.28113471],[-97.7384426,30.28075025],[-97.7381223254737,30.2806607018691]]},"properties":{"AADT_CUR":24883,"RTE_NM":"258435","RTE_PRFX":"CS","RTE_NBR":"258435","SYSTEM":"Off"}},{"type":"Feature","geometry":{"type":"LineString","coordinates":[[-97.75527429,30.29071302],[-97.7551675,30.29109317],[-97.75515408,30.29115066],[-97.75515291,30.29119464],[-97.75519304,30.29135222],[-97.75520766,30.29139926],[-97.75519831,30.29145131],[-97.75510252,30.29201323]]},"properties":{"AADT_CUR":195,"RTE_NM":"1016689","RTE_PRFX":"CS","RTE_NBR":"1016689","SYSTEM":"Off"}},{"type":"Feature","geometry":{"type":"LineString","coordinates":[[-97.78075729,30.23610395],[-97.78108894,30.23625904],[-97.78064121,30.23690198]]},"properties":{"AADT_CUR":195,"RTE_NM":"1021651","RTE_PRFX":"CS","RTE_NBR":"1021651","SYSTEM":"Off"}},{"type":"Feature","geometry":{"type":"LineString","coordinates":[[-97.7694624235505,30.2265462935456],[-97.76930905,30.22645986],[-97.76926943,30.22643368],[-97.76806691,30.22563888],[-97.76611555,30.22431502],[-97.765655,30.22400559],[-97.76481823,30.22337587],[-97.76415048,30.22296398],[-97.76407641,30.2229183],[-97.7638809,30.22279698],[-97.76368864,30.22267571],[-97.76258229,30.22197786],[-97.76220926,30.22178657],[-97.76169628,30.2215235],[-97.76147709,30.22141202],[-97.76033913,30.22083565],[-97.75929358,30.22034855],[-97.75683374,30.21924895],[-97.75624657,30.21891713],[-97.75582984,30.21864571],[-97.75547804,30.21837831],[-97.75468776,30.21778074],[-97.75390568,30.21725698],[-97.753547229,30.217031519],[-97.753167321,30.216838506],[-97.752586088,30.21660122],[-97.752090296,30.216449317],[-97.751807704,30.216378167],[-97.7514212254873,30.2163112288548]]},"properties":{"AADT_CUR":168632,"RTE_NM":"US0290-RG","RTE_PRFX":"US","RTE_NBR":"290","SYSTEM":"On"}},{"type":"Feature","geometry":{"type":"LineString","coordinates":[[-97.78743198,30.2478486],[-97.787482,30.24800821],[-97.78749394,30.24805061],[-97.78706141,30.24868558],[-97.78681248,30.24920594],[-97.78659113,30.24955078],[-97.78653661,30.24963504],[-97.78633267,30.24983173],[-97.78605947,30.24998028],[-97.78590858,30.24999747],[-97.78568241,30.25002309],[-97.78520838,30.24999397],[-97.78508517,30.24998569],[-97.78473993,30.25004483],[-97.78416028,30.25026017],[-97.78381405,30.25049671],[-97.78365377,30.250598],[-97.7835179,30.25064483],[-97.78344989,30.25067095],[-97.78332797,30.2507113],[-97.78318779,30.25072201],[-97.78294166,30.2506901]]},"properties":{"AADT_CUR":195,"RTE_NM":"1014882","RTE_PRFX":"CS","RTE_NBR":"1014882","SYSTEM":"Off"}},{"type":"Feature","geometry":{"type":"LineString","coordinates":[[-97.69791709,30.27540397],[-97.69697809,30.27552415],[-97.69621064,30.27563584],[-97.69338944,30.27581684]]},"properties":{"AADT_CUR":195,"RTE_NM":"1019045","RTE_PRFX":"CS","RTE_NBR":"1019045","SYSTEM":"Off"}},{"type":"Feature","geometry":{"type":"LineString","coordinates":[[-97.74425112,30.2418180100019],[-97.74381627,30.2424693300019],[-97.74351811,30.2431646400019],[-97.74348413,30.2432600700019],[-97.74318926,30.2440876000019],[-97.74279957,30.245152320002],[-97.74273878,30.245237370002],[-97.74212154,30.246101260002],[-97.74172874,30.246690130002],[-97.74145975,30.2470339900019],[-97.74119555,30.2474659200019],[-97.74101656,30.247995890002],[-97.74074044,30.2483395900019],[-97.74040245,30.248657290002],[-97.7403829,30.2486974900019],[-97.74004118,30.249400820002],[-97.73998338,30.249509530002],[-97.73997574,30.2495288700019],[-97.7396373075548,30.2501996752133]]},"properties":{"AADT_CUR":195,"RTE_NM":"1013584","RTE_PRFX":"CS","RTE_NBR":"1013584","SYSTEM":"Off"}},{"type":"Feature","geometry":{"type":"LineString","coordinates":[[-97.7568724895068,30.2564090630675],[-97.75686826,30.256407120002],[-97.75590128,30.255934860002],[-97.75581121,30.255890820002]]},"properties":{"AADT_CUR":195,"RTE_NM":"1019354","RTE_PRFX":"CS","RTE_NBR":"1019354","SYSTEM":"Off"}},{"type":"Feature","geometry":{"type":"LineString","coordinates":[[-97.7056506453003,30.2584518526637],[-97.7054016,30.2583336],[-97.70437636,30.25781248],[-97.70381335,30.25747494],[-97.70318596,30.25705519],[-97.7016836949073,30.2560731991304]]},"properties":{"AADT_CUR":9515,"RTE_NM":"258404","RTE_PRFX":"CS","RTE_NBR":"258404","SYSTEM":"Off"}},{"type":"Feature","geometry":{"type":"LineString","coordinates":[[-97.69804004,30.257642120002],[-97.69839912,30.257715300002],[-97.7001042569399,30.2585191785594]]},"properties":{"AADT_CUR":195,"RTE_NM":"1016607","RTE_PRFX":"CS","RTE_NBR":"1016607","SYSTEM":"Off"}},{"type":"Feature","geometry":{"type":"LineString","coordinates":[[-97.79236885,30.28273532],[-97.79156998,30.28235644]]},"properties":{"AADT_CUR":195,"RTE_NM":"1252097","RTE_PRFX":"CS","RTE_NBR":"1252097","SYSTEM":"Off"}},{"type":"Feature","geometry":{"type":"LineString","coordinates":[[-97.7823255036345,30.295443598358],[-97.7823024343746,30.2954822352261]]},"properties":{"AADT_CUR":195,"RTE_NM":"1019604","RTE_PRFX":"CS","RTE_NBR":"1019604","SYSTEM":"Off"}},{"type":"Feature","geometry":{"type":"LineString","coordinates":[[-97.72800187,30.3026316300023],[-97.72843978,30.3028495300023],[-97.7293692700011,30.3032892200029],[-97.72950847,30.3033602800023],[-97.7302947900011,30.3037618500029],[-97.73043402,30.3038268900023],[-97.7312632749245,30.3042110076513]]},"properties":{"AADT_CUR":4391,"RTE_NM":"1015876","RTE_PRFX":"CS","RTE_NBR":"1015876","SYSTEM":"Off"}},{"type":"Feature","geometry":{"type":"LineString","coordinates":[[-97.7254679233647,30.2931885449871],[-97.72554729,30.2930979],[-97.72603704,30.29253758],[-97.72657407,30.29191097],[-97.72674077,30.29170189],[-97.72686092,30.29152858],[-97.72696808,30.29138403],[-97.72702875,30.29127222],[-97.72709176,30.29113603],[-97.7271077865951,30.2910940669072]]},"properties":{"AADT_CUR":2449,"RTE_NM":"258641","RTE_PRFX":"CS","RTE_NBR":"258641","SYSTEM":"Off"}},{"type":"Feature","geometry":{"type":"LineString","coordinates":[[-97.724905356481,30.2676364636869],[-97.724596278,30.26828832],[-97.724406524,30.268631735],[-97.72432368,30.268803427],[-97.7243184515054,30.268882850911]]},"properties":{"AADT_CUR":492,"RTE_NM":"268947","RTE_PRFX":"CS","RTE_NBR":"268947","SYSTEM":"Off"}},{"type":"Feature","geometry":{"type":"LineString","coordinates":[[-97.7301624880123,30.2721316812739],[-97.73017614,30.2722012900021],[-97.7303709,30.2732042300021],[-97.7303755739998,30.2732255669741],[-97.73059664,30.2742347300022]]},"properties":{"AADT_CUR":195,"RTE_NM":"1018763","RTE_PRFX":"CS","RTE_NBR":"1018763","SYSTEM":"Off"}},{"type":"Feature","geometry":{"type":"LineString","coordinates":[[-97.7651859935563,30.27627751171],[-97.76515104,30.2763410200022],[-97.76471316,30.2771371300022],[-97.76477711,30.2774134400021],[-97.76478304,30.2774310000022],[-97.76492467,30.2778509600021],[-97.76487621,30.2780645100022]]},"properties":{"AADT_CUR":195,"RTE_NM":"1013800","RTE_PRFX":"CS","RTE_NBR":"1013800","SYSTEM":"Off"}},{"type":"Feature","geometry":{"type":"LineString","coordinates":[[-97.7474849129778,30.2915934394695],[-97.7474838,30.2916051800023],[-97.7474954131577,30.2914720944943]]},"properties":{"AADT_CUR":2212,"RTE_NM":"1019826","RTE_PRFX":"CS","RTE_NBR":"1019826","SYSTEM":"Off"}},{"type":"Feature","geometry":{"type":"LineString","coordinates":[[-97.7292858747415,30.2432064110954],[-97.72885016,30.2432467700019],[-97.72852194,30.2433776400019],[-97.72830581,30.2435252600019],[-97.72809188,30.2436714000019],[-97.72645877,30.2436766900019],[-97.72620143,30.2435499900019],[-97.72607428,30.2434873700019],[-97.7252331516685,30.2430733808231]]},"properties":{"AADT_CUR":195,"RTE_NM":"1020080","RTE_PRFX":"CS","RTE_NBR":"1020080","SYSTEM":"Off"}},{"type":"Feature","geometry":{"type":"LineString","coordinates":[[-97.7907903232342,30.2901303559191],[-97.7907405,30.2901170600022],[-97.7906763299749,30.2901084007957]]},"properties":{"AADT_CUR":7345,"RTE_NM":"258726","RTE_PRFX":"CS","RTE_NBR":"258726","SYSTEM":"Off"}},{"type":"Feature","geometry":{"type":"LineString","coordinates":[[-97.69770207,30.23740599],[-97.69703093,30.2384071]]},"properties":{"AADT_CUR":195,"RTE_NM":"1015474","RTE_PRFX":"CS","RTE_NBR":"1015474","SYSTEM":"Off"}},{"type":"Feature","geometry":{"type":"LineString","coordinates":[[-97.68807803,30.2810375300022],[-97.6881662,30.2815207000022],[-97.68834585,30.2823660200022],[-97.68835888,30.2825302100022],[-97.68839006,30.2829224800022],[-97.68811991,30.2833267100022],[-97.68768705,30.2835680800022],[-97.68643592,30.2847854200022],[-97.6864587865521,30.2852625086928]]},"properties":{"AADT_CUR":195,"RTE_NM":"1013780","RTE_PRFX":"CS","RTE_NBR":"1013780","SYSTEM":"Off"}},{"type":"Feature","geometry":{"type":"LineString","coordinates":[[-97.6856892201669,30.310644509889],[-97.68568169,30.3106371600024],[-97.68546558,30.3104539300024]]},"properties":{"AADT_CUR":195,"RTE_NM":"1017826","RTE_PRFX":"CS","RTE_NBR":"1017826","SYSTEM":"Off"}},{"type":"Feature","geometry":{"type":"LineString","coordinates":[[-97.74536759,30.2907278800022],[-97.74536018,30.2908315600023],[-97.74517073,30.2934879800022],[-97.74516011,30.2936512700023],[-97.74504156,30.2954684200023],[-97.74502437,30.2956070000023],[-97.7449204447371,30.2964440796486]]},"properties":{"AADT_CUR":195,"RTE_NM":"1019798","RTE_PRFX":"CS","RTE_NBR":"1019798","SYSTEM":"Off"}},{"type":"Feature","geometry":{"type":"LineString","coordinates":[[-97.77719935,30.23111268],[-97.77590516,30.23130412],[-97.77622435,30.23025438]]},"properties":{"AADT_CUR":195,"RTE_NM":"1020259","RTE_PRFX":"CS","RTE_NBR":"1020259","SYSTEM":"Off"}},{"type":"Feature","geometry":{"type":"LineString","coordinates":[[-97.77781869,30.24253885],[-97.77702614,30.24244328],[-97.77634389,30.24203975],[-97.7759338,30.24179715],[-97.77565694,30.24163486],[-97.77547214,30.24128683],[-97.77539328,30.24113828],[-97.77538537,30.24112335],[-97.77523075,30.24074349],[-97.77455168,30.24033938],[-97.77373958,30.2399695],[-97.77338349,30.23980779],[-97.77296646,30.23961735]]},"properties":{"AADT_CUR":195,"RTE_NM":"1015073","RTE_PRFX":"CS","RTE_NBR":"1015073","SYSTEM":"Off"}},{"type":"Feature","geometry":{"type":"LineString","coordinates":[[-97.76162597,30.22717877],[-97.7605813,30.22644546],[-97.75960851,30.22585604],[-97.75946862,30.22577127],[-97.75827047,30.22509533],[-97.75617794,30.22387338],[-97.75561607,30.22356501]]},"properties":{"AADT_CUR":964,"RTE_NM":"1015904","RTE_PRFX":"CS","RTE_NBR":"1015904","SYSTEM":"Off"}},{"type":"Feature","geometry":{"type":"LineString","coordinates":[[-97.74644465,30.228636],[-97.74575849,30.22921344],[-97.74564879,30.22940649],[-97.74573408,30.22959251],[-97.74642508,30.23004653],[-97.7470305,30.22964345]]},"properties":{"AADT_CUR":195,"RTE_NM":"1020351","RTE_PRFX":"CS","RTE_NBR":"1020351","SYSTEM":"Off"}},{"type":"Feature","geometry":{"type":"LineString","coordinates":[[-97.7619199760017,30.2458115266095],[-97.76187899,30.245879260002],[-97.76122639,30.246940080002],[-97.7612101697656,30.2469647491396],[-97.76114547,30.247063150002],[-97.7606291307677,30.2478486014674],[-97.76060895,30.2478793000019],[-97.7605516,30.2479714600019],[-97.76005297,30.248773010002]]},"properties":{"AADT_CUR":552,"RTE_NM":"1014299","RTE_PRFX":"CS","RTE_NBR":"1014299","SYSTEM":"Off"}},{"type":"Feature","geometry":{"type":"LineString","coordinates":[[-97.7393404,30.28665929],[-97.73925736,30.28735985],[-97.73924485,30.28743958]]},"properties":{"AADT_CUR":195,"RTE_NM":"1021025","RTE_PRFX":"CS","RTE_NBR":"1021025","SYSTEM":"Off"}},{"type":"Feature","geometry":{"type":"LineString","coordinates":[[-97.72693546086,30.2684506590092],[-97.726922294,30.2684546860021],[-97.726895641,30.2683798700021],[-97.726851057,30.2683291220021],[-97.726578032,30.2682210770021],[-97.726343177,30.2681414430021],[-97.7255515616653,30.2678286561857],[-97.725010868,30.2676395890021],[-97.7249554837083,30.2676216774163]]},"properties":{"AADT_CUR":2138,"RTE_NM":"258419","RTE_PRFX":"CS","RTE_NBR":"258419","SYSTEM":"Off"}},{"type":"Feature","geometry":{"type":"LineString","coordinates":[[-97.7657447229213,30.2942698352707],[-97.76512119,30.2958640700023],[-97.76464848,30.2965971900023],[-97.76462436,30.2966365300023],[-97.7641899445378,30.2973277425178]]},"properties":{"AADT_CUR":195,"RTE_NM":"1017361","RTE_PRFX":"CS","RTE_NBR":"1017361","SYSTEM":"Off"}},{"type":"Feature","geometry":{"type":"LineString","coordinates":[[-97.74659156,30.2901117700022],[-97.74607543,30.2900816000022],[-97.74602977,30.2900789500022],[-97.74459644,30.2899953000023],[-97.7445151684052,30.2899905428993]]},"properties":{"AADT_CUR":195,"RTE_NM":"1016648","RTE_PRFX":"CS","RTE_NBR":"1016648","SYSTEM":"Off"}},{"type":"Feature","geometry":{"type":"LineString","coordinates":[[-97.760245409,30.22966851],[-97.7602161776961,30.2296544059886]]},"properties":{"AADT_CUR":5008,"RTE_NM":"258719","RTE_PRFX":"CS","RTE_NBR":"258719","SYSTEM":"Off"}},{"type":"Feature","geometry":{"type":"LineString","coordinates":[[-97.7643394353956,30.2439772078908],[-97.76433484,30.24397465],[-97.76422019,30.2437863],[-97.76388478,30.24357503],[-97.76314514,30.24332741],[-97.76175646,30.24289515],[-97.76139531,30.24280342],[-97.76012978,30.24239283],[-97.7596375422264,30.2421472171838]]},"properties":{"AADT_CUR":12508,"RTE_NM":"258630","RTE_PRFX":"CS","RTE_NBR":"258630","SYSTEM":"Off"}},{"type":"Feature","geometry":{"type":"LineString","coordinates":[[-97.69047868,30.26555301],[-97.69047068,30.26556613],[-97.68963112,30.26694094],[-97.68873578,30.26825087]]},"properties":{"AADT_CUR":195,"RTE_NM":"1019883","RTE_PRFX":"CS","RTE_NBR":"1019883","SYSTEM":"Off"}},{"type":"Feature","geometry":{"type":"LineString","coordinates":[[-97.68909689,30.28213674],[-97.68877795,30.28229792],[-97.68844172,30.28235089],[-97.68834585,30.28236602],[-97.6872633,30.2825527],[-97.68557689,30.28280116],[-97.68495954,30.28258231],[-97.68478598,30.28252078],[-97.6833988,30.28186515],[-97.68322801,30.28178447]]},"properties":{"AADT_CUR":195,"RTE_NM":"1017729","RTE_PRFX":"CS","RTE_NBR":"1017729","SYSTEM":"Off"}},{"type":"Feature","geometry":{"type":"LineString","coordinates":[[-97.7976950877797,30.2588722169822],[-97.79818674,30.259582920002],[-97.79824758,30.259707860002],[-97.79828809,30.259824200002],[-97.79829787,30.259934380002],[-97.79828416,30.260108010002],[-97.79828116,30.2601485700021],[-97.79811462,30.260519350002],[-97.79805517,30.260641910002],[-97.79794289,30.260785480002],[-97.79765377,30.2610272800021]]},"properties":{"AADT_CUR":195,"RTE_NM":"1014745","RTE_PRFX":"CS","RTE_NBR":"1014745","SYSTEM":"Off"}},{"type":"Feature","geometry":{"type":"LineString","coordinates":[[-97.75458256,30.24798087],[-97.75398797,30.24782591],[-97.75291757,30.24751829]]},"properties":{"AADT_CUR":195,"RTE_NM":"1021284","RTE_PRFX":"CS","RTE_NBR":"1021284","SYSTEM":"Off"}},{"type":"Feature","geometry":{"type":"LineString","coordinates":[[-97.7591997691847,30.2528444652209],[-97.75804902,30.2523033600019],[-97.75787022,30.252219290002],[-97.75671099,30.251667010002],[-97.75655013,30.251590400002],[-97.7548072,30.250736410002],[-97.75471217,30.250689830002],[-97.7546757785665,30.2506715224413]]},"properties":{"AADT_CUR":793,"RTE_NM":"1021265","RTE_PRFX":"CS","RTE_NBR":"1021265","SYSTEM":"Off"}},{"type":"Feature","geometry":{"type":"LineString","coordinates":[[-97.7252280354046,30.2583756247869],[-97.72518683,30.258470910002],[-97.72482323,30.259312160002]]},"properties":{"AADT_CUR":195,"RTE_NM":"1019809","RTE_PRFX":"CS","RTE_NBR":"1019809","SYSTEM":"Off"}},{"type":"Feature","geometry":{"type":"LineString","coordinates":[[-97.7100784872154,30.2713988972192],[-97.710090231,30.2714092400021]]},"properties":{"AADT_CUR":195,"RTE_NM":"1020761","RTE_PRFX":"CS","RTE_NBR":"1020761","SYSTEM":"Off"}},{"type":"Feature","geometry":{"type":"LineString","coordinates":[[-97.7699955829627,30.2256692426846],[-97.76998866,30.2256659700018],[-97.76893324,30.2251210400018],[-97.76882486,30.2250651000018],[-97.76811944,30.2247649100018]]},"properties":{"AADT_CUR":195,"RTE_NM":"1015100","RTE_PRFX":"CS","RTE_NBR":"1015100","SYSTEM":"Off"}},{"type":"Feature","geometry":{"type":"LineString","coordinates":[[-97.6954966312916,30.2315773303644],[-97.694693489998,30.2311227600044],[-97.693991039998,30.2307204600042],[-97.6927186,30.2299799100054],[-97.6925311699983,30.2298707900047],[-97.6923981,30.2298120500055],[-97.6922881,30.2297261700055],[-97.6922055799983,30.2296144000026],[-97.6918847799979,30.2290707200038],[-97.69126119,30.2285674100054]]},"properties":{"AADT_CUR":195,"RTE_NM":"1018380","RTE_PRFX":"CS","RTE_NBR":"1018380","SYSTEM":"Off"}},{"type":"Feature","geometry":{"type":"LineString","coordinates":[[-97.7245704845799,30.270267050543],[-97.724494657,30.2703273940042],[-97.72439149,30.2705003400042],[-97.7237788798989,30.2715112752132],[-97.723686074,30.2717030860042],[-97.723642453,30.2718060800042],[-97.723612152,30.2718711510042],[-97.723597934,30.2719641890042],[-97.723607054,30.2720463910042],[-97.7236263122581,30.2721435504543],[-97.723647565,30.2722507720043],[-97.723812455,30.2730042400042],[-97.7238404815361,30.2731361254687],[-97.723864166,30.2732475780042],[-97.7240462704404,30.2741281258691],[-97.724059527,30.2741922260042],[-97.7241608004031,30.2746629459395],[-97.724173811,30.2747234190043],[-97.7242639798598,30.2751628195395],[-97.724271119,30.2751976090042],[-97.724531553,30.2763736830044],[-97.7245590217509,30.2764988810031]]},"properties":{"AADT_CUR":759,"RTE_NM":"267038","RTE_PRFX":"CS","RTE_NBR":"267038","SYSTEM":"Off"}},{"type":"Feature","geometry":{"type":"LineString","coordinates":[[-97.7176030583912,30.2699014109086],[-97.717611013,30.2699386910021],[-97.7176152424672,30.269958388316]]},"properties":{"AADT_CUR":195,"RTE_NM":"1019181","RTE_PRFX":"CS","RTE_NBR":"1019181","SYSTEM":"Off"}},{"type":"Feature","geometry":{"type":"LineString","coordinates":[[-97.71815714,30.251338170002],[-97.71757026,30.252557930002],[-97.71753665,30.252636320002],[-97.71717124,30.253487660002],[-97.7167507092849,30.2543921826476],[-97.71671766,30.254462030002],[-97.71633067,30.255280220002],[-97.7163243085359,30.2552937983571],[-97.71590694,30.256184650002],[-97.71586645,30.256273430002],[-97.71580003,30.256419030002],[-97.71557669,30.256915030002],[-97.71549951,30.257072970002],[-97.71546077,30.257162390002],[-97.7153508,30.257416480002],[-97.71508801,30.257994180002],[-97.71505399,30.258072420002],[-97.71502046,30.258149570002],[-97.71496137,30.2582687800021],[-97.71463168,30.258933730002],[-97.71424743,30.2597839900021],[-97.71421103,30.259857670002],[-97.71392562,30.2604347400021],[-97.71371614,30.2609145500021],[-97.7137065771921,30.2609363939989],[-97.71335814,30.2617323100021],[-97.71329436,30.2618630200021],[-97.71323721,30.2619890900021],[-97.71278226,30.2629885600021],[-97.71275939,30.2630429700021]]},"properties":{"AADT_CUR":3380,"RTE_NM":"1019028","RTE_PRFX":"CS","RTE_NBR":"1019028","SYSTEM":"Off"}},{"type":"Feature","geometry":{"type":"LineString","coordinates":[[-97.7407261385133,30.2664818330024],[-97.7407287701488,30.2664738296148],[-97.74108759475,30.2655346392036],[-97.7414576454865,30.2645660452315]]},"properties":{"AADT_CUR":3302,"RTE_NM":"258676","RTE_PRFX":"CS","RTE_NBR":"258676","SYSTEM":"Off"}},{"type":"Feature","geometry":{"type":"LineString","coordinates":[[-97.76885493,30.2858395900022],[-97.7687948,30.2859201500022],[-97.76775857,30.2873079900022],[-97.76769984,30.2873866600022],[-97.7673894700086,30.2878023097495]]},"properties":{"AADT_CUR":195,"RTE_NM":"1017392","RTE_PRFX":"CS","RTE_NBR":"1017392","SYSTEM":"Off"}},{"type":"Feature","geometry":{"type":"LineString","coordinates":[[-97.7622168828812,30.2848993670227],[-97.76221071,30.2849091500022],[-97.7621979448569,30.2849231306685]]},"properties":{"AADT_CUR":195,"RTE_NM":"1016833","RTE_PRFX":"CS","RTE_NBR":"1016833","SYSTEM":"Off"}},{"type":"Feature","geometry":{"type":"LineString","coordinates":[[-97.78563827,30.22518063],[-97.78558762,30.22526133],[-97.78493742,30.22629707]]},"properties":{"AADT_CUR":195,"RTE_NM":"1017268","RTE_PRFX":"CS","RTE_NBR":"1017268","SYSTEM":"Off"}},{"type":"Feature","geometry":{"type":"LineString","coordinates":[[-97.69136044,30.22977233],[-97.69138722,30.23008318],[-97.6914119,30.23014882],[-97.6914458,30.2301993],[-97.69152736,30.23028143]]},"properties":{"AADT_CUR":195,"RTE_NM":"1021156","RTE_PRFX":"CS","RTE_NBR":"1021156","SYSTEM":"Off"}},{"type":"Feature","geometry":{"type":"LineString","coordinates":[[-97.7549454127828,30.3085838536772],[-97.75494333,30.3085890500024],[-97.754937651344,30.308611948436]]},"properties":{"AADT_CUR":195,"RTE_NM":"1016797","RTE_PRFX":"CS","RTE_NBR":"1016797","SYSTEM":"Off"}},{"type":"Feature","geometry":{"type":"LineString","coordinates":[[-97.70228271,30.3104343700048],[-97.7019665099988,30.3102903900042],[-97.6993531299985,30.3090622900041],[-97.6964796452631,30.3077739997552]]},"properties":{"AADT_CUR":195,"RTE_NM":"1020474","RTE_PRFX":"CS","RTE_NBR":"1020474","SYSTEM":"Off"}},{"type":"Feature","geometry":{"type":"LineString","coordinates":[[-97.79866107,30.261638530002],[-97.79910526,30.2618563200021],[-97.79974065,30.2627545100021],[-97.79988738,30.262850090002],[-97.80005842,30.262961570002],[-97.80019922,30.263075160002],[-97.80044625,30.2632745100021],[-97.80102272,30.2636434200021],[-97.80107554,30.2637999700021],[-97.8012124834674,30.2642056249945]]},"properties":{"AADT_CUR":195,"RTE_NM":"1017169","RTE_PRFX":"CS","RTE_NBR":"1017169","SYSTEM":"Off"}},{"type":"Feature","geometry":{"type":"LineString","coordinates":[[-97.68557689,30.28280116],[-97.68557,30.28288026],[-97.68555842,30.28301255]]},"properties":{"AADT_CUR":195,"RTE_NM":"1016205","RTE_PRFX":"CS","RTE_NBR":"1016205","SYSTEM":"Off"}},{"type":"Feature","geometry":{"type":"LineString","coordinates":[[-97.74355002,30.29657416],[-97.7429208,30.29628091]]},"properties":{"AADT_CUR":195,"RTE_NM":"1021213","RTE_PRFX":"CS","RTE_NBR":"1021213","SYSTEM":"Off"}},{"type":"Feature","geometry":{"type":"LineString","coordinates":[[-97.77709961,30.23021406],[-97.77710943,30.23030238],[-97.77719935,30.23111268],[-97.7772445,30.23131196],[-97.77733014,30.23169013],[-97.77737018,30.23192455],[-97.77739153,30.23203463],[-97.77740279,30.23216186],[-97.7774292,30.23231671],[-97.77751997,30.23281811],[-97.77766372,30.23367834],[-97.77777171,30.23429203],[-97.7778065,30.23439297],[-97.77783111,30.23444324],[-97.77786011,30.2344917],[-97.77790026,30.2345471],[-97.77795429,30.23460742],[-97.77800608,30.23465295],[-97.77807128,30.23470134],[-97.77818297,30.23476685],[-97.77845787,30.23490322],[-97.77924526,30.2352889],[-97.77936758,30.23534097]]},"properties":{"AADT_CUR":195,"RTE_NM":"1020257","RTE_PRFX":"CS","RTE_NBR":"1020257","SYSTEM":"Off"}},{"type":"Feature","geometry":{"type":"LineString","coordinates":[[-97.78686293,30.24155558],[-97.78613673,30.24206172],[-97.78607639,30.24210375]]},"properties":{"AADT_CUR":195,"RTE_NM":"1021485","RTE_PRFX":"CS","RTE_NBR":"1021485","SYSTEM":"Off"}},{"type":"Feature","geometry":{"type":"LineString","coordinates":[[-97.7337189280373,30.2309818578341],[-97.7337022864061,30.2309804991239]]},"properties":{"AADT_CUR":31305,"RTE_NM":"258628","RTE_PRFX":"CS","RTE_NBR":"258628","SYSTEM":"Off"}},{"type":"Feature","geometry":{"type":"LineString","coordinates":[[-97.7841576940523,30.2727307101771],[-97.78414135122,30.2727332096026]]},"properties":{"AADT_CUR":195,"RTE_NM":"1206130","RTE_PRFX":"CS","RTE_NBR":"1206130","SYSTEM":"Off"}},{"type":"Feature","geometry":{"type":"LineString","coordinates":[[-97.7102803244257,30.2901783718246],[-97.7102599312155,30.2901677822071],[-97.70969826,30.2898761200022],[-97.7087874402153,30.2894559266165],[-97.70811161,30.2892220700022],[-97.70723677,30.2892090200022]]},"properties":{"AADT_CUR":4665,"RTE_NM":"258449","RTE_PRFX":"CS","RTE_NBR":"258449","SYSTEM":"Off"}},{"type":"Feature","geometry":{"type":"LineString","coordinates":[[-97.71871191,30.30441324],[-97.71781136,30.30579051],[-97.71777005,30.30585724],[-97.71689641,30.30726806],[-97.71683977,30.30734603],[-97.71611273,30.3083467]]},"properties":{"AADT_CUR":195,"RTE_NM":"1015636","RTE_PRFX":"CS","RTE_NBR":"1015636","SYSTEM":"Off"}},{"type":"Feature","geometry":{"type":"LineString","coordinates":[[-97.7381922860813,30.3027537914126],[-97.73817711,30.3027455800023],[-97.7363302077176,30.3018658346484]]},"properties":{"AADT_CUR":14051,"RTE_NM":"258446","RTE_PRFX":"CS","RTE_NBR":"258446","SYSTEM":"Off"}},{"type":"Feature","geometry":{"type":"LineString","coordinates":[[-97.72462114,30.29097561],[-97.72407889,30.29180618]]},"properties":{"AADT_CUR":195,"RTE_NM":"1017430","RTE_PRFX":"CS","RTE_NBR":"1017430","SYSTEM":"Off"}},{"type":"Feature","geometry":{"type":"LineString","coordinates":[[-97.7255366391785,30.2932053401553],[-97.7254785824545,30.293176371227]]},"properties":{"AADT_CUR":416,"RTE_NM":"1016823","RTE_PRFX":"CS","RTE_NBR":"1016823","SYSTEM":"Off"}},{"type":"Feature","geometry":{"type":"LineString","coordinates":[[-97.7186436444809,30.2603129218068],[-97.71821286,30.261195440002],[-97.7180299886465,30.261615454624]]},"properties":{"AADT_CUR":2848,"RTE_NM":"267040","RTE_PRFX":"CS","RTE_NBR":"267040","SYSTEM":"Off"}},{"type":"Feature","geometry":{"type":"LineString","coordinates":[[-97.72880346,30.26068579],[-97.72837411,30.26156818],[-97.72833514,30.26164926],[-97.72817591,30.26200346]]},"properties":{"AADT_CUR":195,"RTE_NM":"1018809","RTE_PRFX":"CS","RTE_NBR":"1018809","SYSTEM":"Off"}},{"type":"Feature","geometry":{"type":"LineString","coordinates":[[-97.72196414,30.30929112],[-97.72193611,30.30933359],[-97.72141214,30.31012701],[-97.72121544,30.3104833],[-97.7209589,30.31088513]]},"properties":{"AADT_CUR":195,"RTE_NM":"1016175","RTE_PRFX":"CS","RTE_NBR":"1016175","SYSTEM":"Off"}},{"type":"Feature","geometry":{"type":"LineString","coordinates":[[-97.68736653,30.2190460300018],[-97.68755481,30.2192077300018],[-97.68757149,30.2192657300018],[-97.6875486,30.2193127800018],[-97.68730944,30.2194432900017],[-97.68693365,30.2196545700018],[-97.68685831,30.2196789500018],[-97.68678719,30.2196702700018],[-97.68672864,30.2196272800018],[-97.6865926660283,30.2194906160606]]},"properties":{"AADT_CUR":195,"RTE_NM":"1260361","RTE_PRFX":"CS","RTE_NBR":"1260361","SYSTEM":"Off"}},{"type":"Feature","geometry":{"type":"LineString","coordinates":[[-97.7330193802671,30.2382266216863],[-97.73190961,30.2377120100057],[-97.73120344,30.2376218800057],[-97.7311808229503,30.2376129829752],[-97.73102585,30.2375520200057],[-97.73072334,30.2373856300057],[-97.73017035,30.2369142700057],[-97.7298261274267,30.2367279498601],[-97.72922517,30.2364601800057],[-97.72892294,30.2362472900057],[-97.7284938,30.2359876600057],[-97.7284867029872,30.2359843654838],[-97.7273084943251,30.2354374177324]]},"properties":{"AADT_CUR":5213,"RTE_NM":"258711","RTE_PRFX":"CS","RTE_NBR":"258711","SYSTEM":"Off"}},{"type":"Feature","geometry":{"type":"LineString","coordinates":[[-97.7563728701669,30.2465635978301],[-97.75638075,30.2465500700039],[-97.7568896875559,30.2457536293049],[-97.7569051,30.2457295100038],[-97.7569579716418,30.2456506904979],[-97.7577374021552,30.2444887206933],[-97.75775385,30.2444642000038],[-97.75800946,30.2440419600039],[-97.75836365,30.2434910400038],[-97.75847698,30.2433152200038],[-97.7584788746746,30.2433108086068],[-97.75857804,30.2430799200038],[-97.75871949,30.2428690300038],[-97.75884674,30.2426816000038],[-97.75902775,30.2425306900038],[-97.75931904,30.2423342900038],[-97.75955409,30.2422080300038],[-97.7595863452256,30.2421832366446]]},"properties":{"AADT_CUR":11783,"RTE_NM":"258383","RTE_PRFX":"CS","RTE_NBR":"258383","SYSTEM":"Off"}},{"type":"Feature","geometry":{"type":"LineString","coordinates":[[-97.7936832,30.28119917],[-97.79328548,30.28093004]]},"properties":{"AADT_CUR":195,"RTE_NM":"1252147","RTE_PRFX":"CS","RTE_NBR":"1252147","SYSTEM":"Off"}},{"type":"Feature","geometry":{"type":"LineString","coordinates":[[-97.71175451,30.2824405],[-97.70974184,30.28276087],[-97.70965992,30.28277388]]},"properties":{"AADT_CUR":195,"RTE_NM":"1019400","RTE_PRFX":"CS","RTE_NBR":"1019400","SYSTEM":"Off"}},{"type":"Feature","geometry":{"type":"LineString","coordinates":[[-97.70046818,30.2973521800046],[-97.7006656,30.2973462000045],[-97.70080668,30.2973425800046],[-97.7011939800001,30.2973320800046],[-97.70126778,30.2973288800046],[-97.70129368,30.2973282800046],[-97.70188598,30.2973160800046],[-97.7019859800001,30.2973139800046],[-97.70237108,30.2973063800046],[-97.70268748,30.2972978800046],[-97.70272438,30.2972984800046],[-97.70276098,30.2973015800046],[-97.7027863062994,30.2973069550109],[-97.7028162081906,30.2973152268559],[-97.7028409822267,30.2973221147067],[-97.70286028,30.2973274800046],[-97.70290498,30.2973431800046],[-97.70293478,30.2973560800046],[-97.70359868,30.2976700800046],[-97.70427458,30.2979907800046],[-97.70434188,30.2980235800046],[-97.70442298,30.2980630800046],[-97.70477278,30.2982335800046],[-97.70480558,30.2982500800046],[-97.704820988376,30.2982599537652],[-97.70484038,30.2982723800046],[-97.70485608,30.2982847800046],[-97.70487108,30.2982977800046],[-97.70488528,30.2983121800046],[-97.70491828,30.2983515800046]]},"properties":{"AADT_CUR":195,"RTE_NM":"1306281","RTE_PRFX":"CS","RTE_NBR":"1306281","SYSTEM":"Off"}},{"type":"Feature","geometry":{"type":"LineString","coordinates":[[-97.69546257,30.25039691],[-97.69558911,30.25001351],[-97.6956485,30.24987097],[-97.69573907,30.24977595],[-97.69586166,30.24965902]]},"properties":{"AADT_CUR":195,"RTE_NM":"1020454","RTE_PRFX":"CS","RTE_NBR":"1020454","SYSTEM":"Off"}},{"type":"Feature","geometry":{"type":"LineString","coordinates":[[-97.7600346825246,30.2788896332802],[-97.7600200646429,30.2788825885977]]},"properties":{"AADT_CUR":195,"RTE_NM":"1021189","RTE_PRFX":"CS","RTE_NBR":"1021189","SYSTEM":"Off"}},{"type":"Feature","geometry":{"type":"LineString","coordinates":[[-97.77274229,30.2880323400022],[-97.77230234,30.2878007500022],[-97.772019,30.2877895900022],[-97.7718909,30.2877512700022],[-97.77176695,30.2877047900022],[-97.77148143,30.2875368400022],[-97.77108576,30.2872181400022],[-97.77101663,30.2871519600022],[-97.77063547,30.2867642800022],[-97.77054421,30.2866813400022],[-97.77043584,30.2865710100022],[-97.77010403,30.2864174200022],[-97.76885493,30.2858395900022],[-97.7675778,30.2852419800022],[-97.76685294,30.2849020500022],[-97.7667139,30.2848368600022],[-97.76623162,30.2846097300022],[-97.766122351558,30.2845582268548]]},"properties":{"AADT_CUR":195,"RTE_NM":"1019298","RTE_PRFX":"CS","RTE_NBR":"1019298","SYSTEM":"Off"}},{"type":"Feature","geometry":{"type":"LineString","coordinates":[[-97.7562058370968,30.3000971055728],[-97.7561767045291,30.3000828565749]]},"properties":{"AADT_CUR":5318,"RTE_NM":"267542","RTE_PRFX":"CS","RTE_NBR":"267542","SYSTEM":"Off"}},{"type":"Feature","geometry":{"type":"LineString","coordinates":[[-97.7882442625829,30.2301187036516],[-97.78585656,30.22897704],[-97.78552302,30.22884434],[-97.78489118,30.22860349],[-97.78450237,30.22849782],[-97.7840805,30.22839793],[-97.78347377,30.228248],[-97.78281506,30.22812482],[-97.78217882,30.22805678],[-97.78146973,30.22797705],[-97.78104739,30.2279617],[-97.77983103,30.22790721],[-97.77930675,30.22788372],[-97.77892626,30.22786931],[-97.77828362,30.22784497],[-97.77760843,30.22782765],[-97.77641509,30.22777022],[-97.77537395,30.2277966],[-97.77357677,30.22782325],[-97.77281602,30.22778814],[-97.77182242,30.22763331],[-97.7711874,30.22747197],[-97.77074389,30.22732558],[-97.77011938,30.22705836],[-97.76955075,30.22679536],[-97.7694835,30.22676425],[-97.76943836,30.22673567],[-97.76936306795,30.2266879915288]]},"properties":{"AADT_CUR":168632,"RTE_NM":"US0290-LG","RTE_PRFX":"US","RTE_NBR":"290","SYSTEM":"On"}},{"type":"Feature","geometry":{"type":"LineString","coordinates":[[-97.78131122,30.2443422700019],[-97.78161532,30.2427412900019],[-97.7816729494289,30.242632886174]]},"properties":{"AADT_CUR":6211,"RTE_NM":"258600","RTE_PRFX":"CS","RTE_NBR":"258600","SYSTEM":"Off"}},{"type":"Feature","geometry":{"type":"LineString","coordinates":[[-97.78239543,30.2529692],[-97.78319023,30.25312462],[-97.78351412,30.25333731],[-97.78389324,30.2537354],[-97.78391148,30.25532543],[-97.7837258,30.25587732],[-97.78356298,30.25619587],[-97.78324194,30.25668453]]},"properties":{"AADT_CUR":195,"RTE_NM":"1017047","RTE_PRFX":"CS","RTE_NBR":"1017047","SYSTEM":"Off"}},{"type":"Feature","geometry":{"type":"LineString","coordinates":[[-97.73473485,30.2909555300022],[-97.73511758,30.2914471500023],[-97.73570521,30.2922018400023],[-97.73591735,30.2928478600023],[-97.73597807,30.2930328700022],[-97.73599298,30.2930783800022],[-97.7360130803138,30.2931401675266],[-97.73602462,30.2931756400023]]},"properties":{"AADT_CUR":1363,"RTE_NM":"1019827","RTE_PRFX":"CS","RTE_NBR":"1019827","SYSTEM":"Off"}},{"type":"Feature","geometry":{"type":"LineString","coordinates":[[-97.7201653928987,30.2668309914642],[-97.7201498609449,30.2668255809081]]},"properties":{"AADT_CUR":195,"RTE_NM":"1020797","RTE_PRFX":"CS","RTE_NBR":"1020797","SYSTEM":"Off"}},{"type":"Feature","geometry":{"type":"LineString","coordinates":[[-97.7468063979967,30.277346104071],[-97.7467906215608,30.2773414673493]]},"properties":{"AADT_CUR":195,"RTE_NM":"1021193","RTE_PRFX":"CS","RTE_NBR":"1021193","SYSTEM":"Off"}},{"type":"Feature","geometry":{"type":"LineString","coordinates":[[-97.78231551,30.2397379],[-97.78166165,30.23942754],[-97.78050888,30.23888231]]},"properties":{"AADT_CUR":195,"RTE_NM":"1016023","RTE_PRFX":"CS","RTE_NBR":"1016023","SYSTEM":"Off"}},{"type":"Feature","geometry":{"type":"LineString","coordinates":[[-97.74399695,30.22568362],[-97.74365227,30.22623079],[-97.74338376,30.22668199],[-97.74318117,30.22702128],[-97.74298345,30.22733511],[-97.74279442,30.22763814]]},"properties":{"AADT_CUR":195,"RTE_NM":"1260373","RTE_PRFX":"CS","RTE_NBR":"1260373","SYSTEM":"Off"}},{"type":"Feature","geometry":{"type":"LineString","coordinates":[[-97.7487948478566,30.2367550371071],[-97.74803612,30.23663203],[-97.7473765,30.23646023],[-97.74693592,30.23632916],[-97.74628574,30.23605572],[-97.74448039,30.23509924],[-97.7431312,30.23436654],[-97.74267508,30.23414274],[-97.7419699,30.23394534],[-97.74117016,30.23376881]]},"properties":{"AADT_CUR":16611,"RTE_NM":"258630","RTE_PRFX":"CS","RTE_NBR":"258630","SYSTEM":"Off"}},{"type":"Feature","geometry":{"type":"LineString","coordinates":[[-97.6857111426515,30.3106659075169],[-97.6856892201669,30.310644509889]]},"properties":{"AADT_CUR":195,"RTE_NM":"1017826","RTE_PRFX":"CS","RTE_NBR":"1017826","SYSTEM":"Off"}},{"type":"Feature","geometry":{"type":"LineString","coordinates":[[-97.70059677,30.2804125000022],[-97.70094432,30.2822131500022],[-97.7010949468052,30.2829931667745]]},"properties":{"AADT_CUR":195,"RTE_NM":"1017872","RTE_PRFX":"CS","RTE_NBR":"1017872","SYSTEM":"Off"}},{"type":"Feature","geometry":{"type":"LineString","coordinates":[[-97.79341435,30.2192137],[-97.79311283,30.21969777],[-97.79307353,30.21980365],[-97.79306563,30.21985247],[-97.79306622,30.21995628],[-97.79307744,30.22003431],[-97.79311159,30.22012437],[-97.79316908,30.22020909],[-97.79324977,30.22029716],[-97.79334724,30.22037693],[-97.79377525,30.22063622],[-97.79405056,30.22078927]]},"properties":{"AADT_CUR":195,"RTE_NM":"1017259","RTE_PRFX":"CS","RTE_NBR":"1017259","SYSTEM":"Off"}},{"type":"Feature","geometry":{"type":"LineString","coordinates":[[-97.7614538595797,30.2221246802048],[-97.76096682,30.2230593000018],[-97.76010654,30.2243841700018],[-97.75946862,30.2257712700018]]},"properties":{"AADT_CUR":195,"RTE_NM":"1021695","RTE_PRFX":"CS","RTE_NBR":"1021695","SYSTEM":"Off"}},{"type":"Feature","geometry":{"type":"LineString","coordinates":[[-97.73283623,30.2215018500018],[-97.73228479,30.2223795900018],[-97.73222939,30.2224574000018],[-97.73219058,30.2225119500018],[-97.73209168,30.2226210500018],[-97.73199315,30.2227163000018],[-97.73188794,30.2228623000018],[-97.73174835,30.2230956100018],[-97.73169221,30.2232009600018],[-97.73164649,30.2233157600018],[-97.73160568,30.2234445800018],[-97.73154966,30.2235452900018],[-97.73124312,30.2240391000018],[-97.73118798,30.2241074300018],[-97.73110018,30.2241982500018],[-97.7309857,30.2242931500018],[-97.73092775,30.2243465400018],[-97.73069943,30.2246938300018],[-97.73060396,30.2248445100018],[-97.73053647,30.2250018600018],[-97.73048202,30.2251960800018],[-97.73039296,30.2253713100018],[-97.72999624,30.2260082000018],[-97.7289942708529,30.2255350476325]]},"properties":{"AADT_CUR":195,"RTE_NM":"1015209","RTE_PRFX":"CS","RTE_NBR":"1015209","SYSTEM":"Off"}},{"type":"Feature","geometry":{"type":"LineString","coordinates":[[-97.7484105408401,30.3111830957977],[-97.7479408099988,30.3109673500042],[-97.7470391199988,30.3105476100042],[-97.7461539699988,30.3101034200042],[-97.745277382453,30.3096924462716],[-97.7444890399988,30.3093024800042],[-97.74400893,30.3090670900048],[-97.743904,30.3090156300048],[-97.742783,30.3085046000047],[-97.7426534839041,30.3084455721752]]},"properties":{"AADT_CUR":195,"RTE_NM":"1021232","RTE_PRFX":"CS","RTE_NBR":"1021232","SYSTEM":"Off"}},{"type":"Feature","geometry":{"type":"LineString","coordinates":[[-97.724898667666,30.3083451736175],[-97.72580216,30.3087712400024]]},"properties":{"AADT_CUR":195,"RTE_NM":"1015880","RTE_PRFX":"CS","RTE_NBR":"1015880","SYSTEM":"Off"}},{"type":"Feature","geometry":{"type":"LineString","coordinates":[[-97.741483117,30.224375854],[-97.741446613,30.224533979],[-97.741424557,30.224654457],[-97.741406372,30.224748185],[-97.741387462,30.224800516],[-97.741363309,30.224841235],[-97.74133382,30.22487194],[-97.7412497,30.22493483],[-97.74117065,30.22497833],[-97.74106089,30.22503842],[-97.74096467,30.22509901],[-97.74089262,30.22515467],[-97.74082734,30.22521895],[-97.74076076,30.22530992],[-97.74056712,30.22562766],[-97.74039321,30.22589182],[-97.74023727,30.22614258],[-97.74008157,30.22638558],[-97.73991331,30.22665165],[-97.73975862,30.22689739],[-97.73970948,30.22698658],[-97.73961624,30.22709138],[-97.739345499416,30.2272686956806]]},"properties":{"AADT_CUR":195,"RTE_NM":"1014273","RTE_PRFX":"CS","RTE_NBR":"1014273","SYSTEM":"Off"}},{"type":"Feature","geometry":{"type":"LineString","coordinates":[[-97.716916145272,30.2313267526799],[-97.716846315,30.231407969]]},"properties":{"AADT_CUR":195,"RTE_NM":"1017465","RTE_PRFX":"CS","RTE_NBR":"1017465","SYSTEM":"Off"}},{"type":"Feature","geometry":{"type":"LineString","coordinates":[[-97.7477548100014,30.2398434738069],[-97.747740171529,30.2398363811807]]},"properties":{"AADT_CUR":1370,"RTE_NM":"258591","RTE_PRFX":"CS","RTE_NBR":"258591","SYSTEM":"Off"}},{"type":"Feature","geometry":{"type":"LineString","coordinates":[[-97.7504127859522,30.257785748874],[-97.75085185,30.257029130004],[-97.75156114,30.255877290004],[-97.7523632879144,30.2546544351838],[-97.75236827,30.254646840004],[-97.7532433415404,30.2533021704721],[-97.7532606,30.253275650004],[-97.75361374,30.252772150004],[-97.7536142403155,30.2527713411408]]},"properties":{"AADT_CUR":10628,"RTE_NM":"258383","RTE_PRFX":"CS","RTE_NBR":"258383","SYSTEM":"Off"}},{"type":"Feature","geometry":{"type":"LineString","coordinates":[[-97.7786466184809,30.2678608217271],[-97.7788655,30.26772377],[-97.77939614,30.26741879],[-97.77993623,30.26711475],[-97.78054902,30.26679467],[-97.78112687,30.26651329],[-97.78175194,30.26623003],[-97.78256585,30.26587123],[-97.7825841096294,30.2658641223426]]},"properties":{"AADT_CUR":135145,"RTE_NM":"SL0001-RG","RTE_PRFX":"SL","RTE_NBR":"1","SYSTEM":"On"}},{"type":"Feature","geometry":{"type":"LineString","coordinates":[[-97.79162609,30.27624756],[-97.79158517,30.2763177]]},"properties":{"AADT_CUR":195,"RTE_NM":"1206143","RTE_PRFX":"CS","RTE_NBR":"1206143","SYSTEM":"Off"}},{"type":"Feature","geometry":{"type":"LineString","coordinates":[[-97.7161987185382,30.3069320761072],[-97.71619533,30.3069374500023],[-97.71611273,30.3083467000024],[-97.71592846,30.3104847300024],[-97.71592199,30.3105596000024],[-97.71582077,30.3121151800024],[-97.71581728,30.3121691800024],[-97.7158110419186,30.3122557226421],[-97.71571949,30.3135258300024],[-97.71564559,30.3149352900024]]},"properties":{"AADT_CUR":1079,"RTE_NM":"1015102","RTE_PRFX":"CS","RTE_NBR":"1015102","SYSTEM":"Off"}},{"type":"Feature","geometry":{"type":"LineString","coordinates":[[-97.7130588429193,30.2852672784663],[-97.71351179,30.2879738900022],[-97.71303729,30.2887590100022]]},"properties":{"AADT_CUR":195,"RTE_NM":"1017629","RTE_PRFX":"CS","RTE_NBR":"1017629","SYSTEM":"Off"}},{"type":"Feature","geometry":{"type":"LineString","coordinates":[[-97.730329691,30.265444057],[-97.73029309,30.26557835],[-97.73006552,30.26640469],[-97.73004352,30.26649319],[-97.72982022,30.26739255],[-97.72979909,30.26747838],[-97.72958542,30.26834488],[-97.72955474,30.26846258],[-97.72937218,30.26916931],[-97.7293588248517,30.2692152127456]]},"properties":{"AADT_CUR":1162,"RTE_NM":"1021345","RTE_PRFX":"CS","RTE_NBR":"1021345","SYSTEM":"Off"}},{"type":"Feature","geometry":{"type":"LineString","coordinates":[[-97.75055232,30.2755158100022],[-97.75056351,30.2755358600021],[-97.75058029,30.2755658700022],[-97.75059248,30.2756431300021],[-97.750595,30.2757257200022],[-97.75056992,30.2757747200021],[-97.75052505,30.2758233500021],[-97.750466,30.2758688900022],[-97.75024123,30.2760101200021],[-97.75010406,30.2761035600022],[-97.7500305,30.2761571400021],[-97.7499952,30.2762031900021],[-97.74996489,30.2762713400021],[-97.74991123,30.2764105200021],[-97.7499282257176,30.2764764447237],[-97.75011721,30.2772094900022],[-97.75019289,30.2774613300021],[-97.75024449,30.2776053600022],[-97.7503817,30.2779546900021],[-97.75054407,30.2782130600022],[-97.75065396,30.2784397900021],[-97.7507155267661,30.2786084751698]]},"properties":{"AADT_CUR":234,"RTE_NM":"1020074","RTE_PRFX":"CS","RTE_NBR":"1020074","SYSTEM":"Off"}},{"type":"Feature","geometry":{"type":"LineString","coordinates":[[-97.76481902,30.286041399],[-97.765021444,30.285847521],[-97.765304038,30.285605343],[-97.76562016,30.2853898],[-97.765732554,30.285291066],[-97.765823491,30.285164537],[-97.765957086,30.284897582],[-97.76612235,30.28455823],[-97.76645507,30.28388606],[-97.7668230131503,30.2832535691514]]},"properties":{"AADT_CUR":195,"RTE_NM":"1021661","RTE_PRFX":"CS","RTE_NBR":"1021661","SYSTEM":"Off"}},{"type":"Feature","geometry":{"type":"LineString","coordinates":[[-97.77918282,30.2402750500019],[-97.77904669,30.2405009900019],[-97.77879612,30.2409168200019],[-97.77782724,30.2425246100019],[-97.77781869,30.2425388500019],[-97.7771473666922,30.2435810283928],[-97.77672657,30.2442342700019],[-97.77618677,30.2450723300019],[-97.77563278,30.2455370500019],[-97.77554078,30.2456795500019],[-97.77515954,30.2462702100019],[-97.77515829,30.246515790002],[-97.77515607,30.246971470002],[-97.7752303223266,30.2472947840008]]},"properties":{"AADT_CUR":762,"RTE_NM":"1015604","RTE_PRFX":"CS","RTE_NBR":"1015604","SYSTEM":"Off"}},{"type":"Feature","geometry":{"type":"LineString","coordinates":[[-97.72651249,30.25048767],[-97.72616012,30.25133585]]},"properties":{"AADT_CUR":195,"RTE_NM":"1017933","RTE_PRFX":"CS","RTE_NBR":"1017933","SYSTEM":"Off"}},{"type":"Feature","geometry":{"type":"LineString","coordinates":[[-97.7102716706427,30.2647765001729],[-97.71027032,30.2647743100021],[-97.70848949,30.2641382100021],[-97.7082012547782,30.2640459421883],[-97.70811884,30.2640195600021],[-97.70676044,30.2635224800021],[-97.70588156,30.2632184200021],[-97.70392031,30.262530360002],[-97.70381649,30.262493960002],[-97.70223336,30.2619031400021],[-97.70040204,30.261293420002],[-97.6987079188679,30.2606674954465],[-97.69822823,30.260376890002],[-97.69700843,30.259680700002],[-97.696191,30.259218320002],[-97.69541203,30.258846890002],[-97.69527458,30.258781370002]]},"properties":{"AADT_CUR":2117,"RTE_NM":"1017941","RTE_PRFX":"CS","RTE_NBR":"1017941","SYSTEM":"Off"}},{"type":"Feature","geometry":{"type":"LineString","coordinates":[[-97.7706360985612,30.2199722740398],[-97.77063452,30.2199747300018],[-97.7706205157463,30.2199979040649]]},"properties":{"AADT_CUR":195,"RTE_NM":"1017618","RTE_PRFX":"CS","RTE_NBR":"1017618","SYSTEM":"Off"}},{"type":"Feature","geometry":{"type":"LineString","coordinates":[[-97.6904766129132,30.2407974975873],[-97.69036632,30.2408483400019],[-97.69024859,30.2409152000019],[-97.690009678778,30.2410379105111]]},"properties":{"AADT_CUR":195,"RTE_NM":"1014282","RTE_PRFX":"CS","RTE_NBR":"1014282","SYSTEM":"Off"}},{"type":"Feature","geometry":{"type":"LineString","coordinates":[[-97.7454850437528,30.2647059481656],[-97.74549005,30.2646917300021],[-97.74582264,30.263763090002]]},"properties":{"AADT_CUR":1384,"RTE_NM":"258516","RTE_PRFX":"CS","RTE_NBR":"258516","SYSTEM":"Off"}},{"type":"Feature","geometry":{"type":"LineString","coordinates":[[-97.73369041,30.23097953],[-97.73362142,30.23129207],[-97.73357249,30.23143617],[-97.73350901,30.23155365],[-97.73339971,30.23168349],[-97.73327586,30.23178673],[-97.73285691,30.23217463],[-97.73253149,30.23245879],[-97.73231349,30.23269212],[-97.73215649,30.23291337],[-97.73205769,30.23324109],[-97.73203786,30.23343842],[-97.73192669,30.23364731],[-97.7317861,30.23381613],[-97.73143094,30.23407339],[-97.73101416,30.23436908],[-97.73067573,30.23456074],[-97.73012364,30.23480131],[-97.72972483,30.2349787],[-97.72931022,30.23518218],[-97.72903434,30.23529587],[-97.72886402,30.2354378],[-97.72858128,30.23584132],[-97.7284867,30.23598437],[-97.72772743,30.23728896],[-97.72763048,30.23753763],[-97.72761032,30.23774813],[-97.72763568,30.23795945],[-97.72778209,30.23818611],[-97.72788331,30.23839878],[-97.72790836,30.23862327],[-97.72791917,30.23880797],[-97.72782221,30.23905664],[-97.72758559,30.23943461],[-97.72722354,30.23998167],[-97.72703582,30.2402447]]},"properties":{"AADT_CUR":5761,"RTE_NM":"267037","RTE_PRFX":"CS","RTE_NBR":"267037","SYSTEM":"Off"}},{"type":"Feature","geometry":{"type":"LineString","coordinates":[[-97.76219027,30.2513407],[-97.7620873,30.25151839],[-97.76202411,30.25161781],[-97.76196375,30.25170739],[-97.76190726,30.25179677],[-97.76172714,30.25206632],[-97.76126939,30.25281836]]},"properties":{"AADT_CUR":195,"RTE_NM":"1019741","RTE_PRFX":"CS","RTE_NBR":"1019741","SYSTEM":"Off"}},{"type":"Feature","geometry":{"type":"LineString","coordinates":[[-97.736489547895,30.2558635499138],[-97.73648317,30.255863560002],[-97.73485203,30.255368950002],[-97.73471402,30.255327130002]]},"properties":{"AADT_CUR":195,"RTE_NM":"1017579","RTE_PRFX":"CS","RTE_NBR":"1017579","SYSTEM":"Off"}},{"type":"Feature","geometry":{"type":"LineString","coordinates":[[-97.7082013937484,30.2640447374724],[-97.70821738,30.2639086100021],[-97.70824314,30.2637687700021],[-97.70829849,30.2635440600021],[-97.7085320426881,30.2628104903936],[-97.70879606,30.2619812200021],[-97.708802224027,30.2619642800428],[-97.7091111792564,30.2611152022791],[-97.7094622612555,30.2601503318397]]},"properties":{"AADT_CUR":8174,"RTE_NM":"258637","RTE_PRFX":"CS","RTE_NBR":"258637","SYSTEM":"Off"}},{"type":"Feature","geometry":{"type":"LineString","coordinates":[[-97.7094622612555,30.2601503318397],[-97.7094665701512,30.2601384896791],[-97.71044843,30.258040920002],[-97.711068320691,30.2566747402836]]},"properties":{"AADT_CUR":10806,"RTE_NM":"258637","RTE_PRFX":"CS","RTE_NBR":"258637","SYSTEM":"Off"}},{"type":"Feature","geometry":{"type":"LineString","coordinates":[[-97.7077156419813,30.2819528758313],[-97.70771728,30.2819612400022],[-97.7077214872752,30.2819814238632]]},"properties":{"AADT_CUR":195,"RTE_NM":"1015134","RTE_PRFX":"CS","RTE_NBR":"1015134","SYSTEM":"Off"}},{"type":"Feature","geometry":{"type":"LineString","coordinates":[[-97.7100486840495,30.2934043813977],[-97.7100804097506,30.2934136421446]]},"properties":{"AADT_CUR":195,"RTE_NM":"1015405","RTE_PRFX":"CS","RTE_NBR":"1015405","SYSTEM":"Off"}},{"type":"Feature","geometry":{"type":"LineString","coordinates":[[-97.73804899,30.21853194],[-97.73742943,30.21843138]]},"properties":{"AADT_CUR":195,"RTE_NM":"1014633","RTE_PRFX":"CS","RTE_NBR":"1014633","SYSTEM":"Off"}},{"type":"Feature","geometry":{"type":"LineString","coordinates":[[-97.6941378092923,30.3139609032131],[-97.694146002,30.313999688],[-97.694126718,30.314075223],[-97.693742791,30.314760386],[-97.693590721,30.31504538],[-97.693412091,30.315371376],[-97.693385006,30.315399837],[-97.6933268945997,30.3154221186704]]},"properties":{"AADT_CUR":195,"RTE_NM":"1015804","RTE_PRFX":"CS","RTE_NBR":"1015804","SYSTEM":"Off"}},{"type":"Feature","geometry":{"type":"LineString","coordinates":[[-97.8031166562728,30.282359065201],[-97.80279609,30.2823177400022],[-97.8025831,30.2823268600022],[-97.80228922,30.2824107400022],[-97.80218621,30.2824286200022],[-97.80130472,30.2823909900022],[-97.80118047,30.2824032400022],[-97.80106134,30.2824421100022],[-97.80093722,30.2825012400022],[-97.80038234,30.2827913600022],[-97.80029372,30.2828661100022],[-97.80025197,30.2829608600022],[-97.80026759,30.2830533600022],[-97.80033147,30.2831382400022],[-97.80044146,30.2832064900022],[-97.80081459,30.2833946100022],[-97.80093296,30.2834411200022],[-97.80104635,30.2834662500022],[-97.80116047,30.2834683700022],[-97.80127959,30.2834458600022],[-97.80154084,30.2833633700022],[-97.80168534,30.2833326100022],[-97.80196184,30.2833131200022],[-97.80229622,30.2833137300022],[-97.8024253420921,30.2833233263385]]},"properties":{"AADT_CUR":195,"RTE_NM":"227AA1634","RTE_PRFX":"CR","RTE_NBR":"1634","SYSTEM":"Off"}},{"type":"Feature","geometry":{"type":"LineString","coordinates":[[-97.72174758,30.26340862],[-97.72044028,30.26310357],[-97.71922135,30.2628367],[-97.71761184,30.26248481],[-97.71641606,30.26299943],[-97.71530172,30.26351433],[-97.71529309,30.26351834],[-97.71417628,30.26401767],[-97.71415768,30.26402595],[-97.71339407,30.2643595],[-97.71337787,30.26436656],[-97.71330961,30.26439642],[-97.71324387,30.26442532]]},"properties":{"AADT_CUR":650,"RTE_NM":"1015901","RTE_PRFX":"CS","RTE_NBR":"1015901","SYSTEM":"Off"}},{"type":"Feature","geometry":{"type":"LineString","coordinates":[[-97.7863011,30.2352957],[-97.78624505,30.23528908],[-97.7861972,30.23530189],[-97.78613034,30.23540507],[-97.7860933,30.23548956],[-97.78601887,30.23580412]]},"properties":{"AADT_CUR":195,"RTE_NM":"1014621","RTE_PRFX":"CS","RTE_NBR":"1014621","SYSTEM":"Off"}},{"type":"Feature","geometry":{"type":"LineString","coordinates":[[-97.77036719,30.2415794300019],[-97.76855025,30.2408629400019],[-97.7671619639551,30.2402826375608],[-97.76607283,30.2398428000019],[-97.7653427265968,30.2394877371924],[-97.76459916,30.2391261200019],[-97.7645554990828,30.239104794974],[-97.76379632,30.2387339900019],[-97.76354518,30.2386418900019],[-97.7629411013281,30.2384580970692],[-97.76213419,30.2381852100019],[-97.7612342167187,30.2377825485318],[-97.7605287557346,30.2374664880909],[-97.7593513867606,30.2369389984882],[-97.75848803,30.2365355800019],[-97.7578261564375,30.2362232050244],[-97.7563760560798,30.2355388028714]]},"properties":{"AADT_CUR":799,"RTE_NM":"1264446","RTE_PRFX":"CS","RTE_NBR":"1264446","SYSTEM":"Off"}},{"type":"Feature","geometry":{"type":"LineString","coordinates":[[-97.77075196,30.25741718],[-97.77043274,30.25816439],[-97.76964111,30.2594302],[-97.76957847,30.25951839],[-97.76904375,30.26027082],[-97.76888648,30.26040794]]},"properties":{"AADT_CUR":195,"RTE_NM":"1014225","RTE_PRFX":"CS","RTE_NBR":"1014225","SYSTEM":"Off"}},{"type":"Feature","geometry":{"type":"LineString","coordinates":[[-97.7720263922514,30.2548574566492],[-97.7720118099486,30.2548503495134]]},"properties":{"AADT_CUR":195,"RTE_NM":"1013651","RTE_PRFX":"CS","RTE_NBR":"1013651","SYSTEM":"Off"}},{"type":"Feature","geometry":{"type":"LineString","coordinates":[[-97.73025618,30.2359484600019],[-97.7298332950343,30.2367149583562]]},"properties":{"AADT_CUR":195,"RTE_NM":"1014402","RTE_PRFX":"CS","RTE_NBR":"1014402","SYSTEM":"Off"}},{"type":"Feature","geometry":{"type":"LineString","coordinates":[[-97.80630022,30.3192096100024],[-97.80616984,30.3190983700025],[-97.80610185,30.3190263600024],[-97.80603234,30.3189349900025],[-97.80589609,30.3187138600024],[-97.80581059,30.3184914900024],[-97.80577272,30.3183693600024],[-97.80556935,30.3178838600024],[-97.80541884,30.3176282400024],[-97.80505809,30.3170988700024],[-97.80503659,30.3170352300024],[-97.80497409,30.3167714900025],[-97.8048996,30.3163354800024],[-97.80489885,30.3160614900024],[-97.80484834,30.3155682400024],[-97.80481897,30.3154228600024],[-97.80482635,30.3153209900024],[-97.80470659,30.3145142400024],[-97.80468734,30.3144219900024],[-97.80465497,30.3143291200024],[-97.8045496,30.3141742400024],[-97.80447584,30.3141118600024],[-97.80431647,30.3140047400024],[-97.80405447,30.3138463600024],[-97.80386934,30.3137622400024],[-97.80380384,30.3136937400024],[-97.80348259,30.3135088700024],[-97.80341397,30.3134583600024],[-97.80335772,30.3133958600024],[-97.80331934,30.3133197300024],[-97.80330472,30.3132331200024],[-97.80330447,30.3130827400024],[-97.8033226,30.3129878700024],[-97.80331959,30.3129019900024],[-97.80330059,30.3128072400024],[-97.80309885,30.3124566100024],[-97.8028841,30.3119069900024],[-97.80276059,30.3116486100024],[-97.8026491,30.3114616200024],[-97.80247597,30.3112446200024],[-97.80180847,30.3105391200024],[-97.80160997,30.3103491100024],[-97.80151609,30.3102759900024],[-97.8014221,30.3102223700024],[-97.80132797,30.3101857400024],[-97.80123647,30.3101626100024],[-97.80113447,30.3101671200024],[-97.80093347,30.3101392400024],[-97.80062372,30.3101482400024],[-97.80053109,30.3101381100024],[-97.80044372,30.3101418600024],[-97.80032087,30.3101362000024],[-97.80011009,30.3101264900024],[-97.7999376,30.3101377400024],[-97.79922084,30.3101166200024],[-97.79897909,30.3100516100024],[-97.79883222,30.3099907400024],[-97.79875597,30.3099438600024],[-97.79868422,30.3098843700023],[-97.79861747,30.3098123600024],[-97.79855597,30.3097274900024],[-97.79839047,30.3094411200024],[-97.79830047,30.3093199900024],[-97.7982798722104,30.309299686629]]},"properties":{"AADT_CUR":195,"RTE_NM":"227AA0500","RTE_PRFX":"CR","RTE_NBR":"500","SYSTEM":"Off"}},{"type":"Feature","geometry":{"type":"LineString","coordinates":[[-97.79825986,30.28575632],[-97.79812248,30.2861909],[-97.79743487,30.28724442],[-97.79699394,30.28769442],[-97.7967101,30.28791917],[-97.79642454,30.28814328],[-97.7963671,30.28819082],[-97.79634213,30.28820913]]},"properties":{"AADT_CUR":195,"RTE_NM":"1252105","RTE_PRFX":"CS","RTE_NBR":"1252105","SYSTEM":"Off"}},{"type":"Feature","geometry":{"type":"LineString","coordinates":[[-97.70290318,30.2692112200021],[-97.7025766,30.2690519700021],[-97.70240924,30.2689199300021],[-97.7010821625341,30.2684591798131]]},"properties":{"AADT_CUR":195,"RTE_NM":"1016241","RTE_PRFX":"CS","RTE_NBR":"1016241","SYSTEM":"Off"}},{"type":"Feature","geometry":{"type":"LineString","coordinates":[[-97.7124363597089,30.2812263024284],[-97.7124393907085,30.2812405676328]]},"properties":{"AADT_CUR":195,"RTE_NM":"1021018","RTE_PRFX":"CS","RTE_NBR":"1021018","SYSTEM":"Off"}},{"type":"Feature","geometry":{"type":"LineString","coordinates":[[-97.74056712,30.22562766],[-97.74000776,30.22537048],[-97.7399099,30.22534713],[-97.73961563,30.22530374],[-97.73951751,30.22529108],[-97.73892543,30.22502405]]},"properties":{"AADT_CUR":195,"RTE_NM":"1020677","RTE_PRFX":"CS","RTE_NBR":"1020677","SYSTEM":"Off"}},{"type":"Feature","geometry":{"type":"LineString","coordinates":[[-97.71583292,30.31698516],[-97.71604659,30.31662945],[-97.71674139,30.31555724],[-97.71715464,30.31491769],[-97.71733948,30.31463157],[-97.71739983,30.31453272],[-97.7174672,30.3144224],[-97.71818173,30.31335334],[-97.71821351,30.31330357],[-97.71886532,30.31228364]]},"properties":{"AADT_CUR":195,"RTE_NM":"1018074","RTE_PRFX":"CS","RTE_NBR":"1018074","SYSTEM":"Off"}},{"type":"Feature","geometry":{"type":"LineString","coordinates":[[-97.68792085,30.3139481],[-97.68766918,30.314801],[-97.68788114,30.31530869],[-97.68809863,30.31578902],[-97.68820387,30.31605523],[-97.68852709,30.31626265],[-97.68946578,30.31671107]]},"properties":{"AADT_CUR":195,"RTE_NM":"1019034","RTE_PRFX":"CS","RTE_NBR":"1019034","SYSTEM":"Off"}},{"type":"Feature","geometry":{"type":"LineString","coordinates":[[-97.74039552,30.22653814],[-97.74008157,30.22638558]]},"properties":{"AADT_CUR":195,"RTE_NM":"1014414","RTE_PRFX":"CS","RTE_NBR":"1014414","SYSTEM":"Off"}},{"type":"Feature","geometry":{"type":"LineString","coordinates":[[-97.7231735582461,30.2339206905354],[-97.7231576,30.2339044600019],[-97.72252016,30.2334907700019],[-97.72139678,30.2328649200019],[-97.72039772,30.2324166300019],[-97.7191479,30.2320913800018],[-97.71798834,30.2318315000018],[-97.71744199,30.2316463600018],[-97.71623269,30.2311623900019],[-97.7149238,30.2306208300018],[-97.71340656,30.2299639300018],[-97.71263598,30.2295595400018],[-97.7126108433135,30.2295426612454],[-97.71166028,30.2289043700018],[-97.7109138205234,30.2285328080674],[-97.71028147,30.2282180400018],[-97.7090034158407,30.2275862718611],[-97.7079396,30.2270603900018],[-97.70636191,30.2263063300018],[-97.7048248581209,30.2255882603066],[-97.70439216,30.2253861100018],[-97.7034548692276,30.2249712304039]]},"properties":{"AADT_CUR":33201,"RTE_NM":"258653","RTE_PRFX":"CS","RTE_NBR":"258653","SYSTEM":"Off"}},{"type":"Feature","geometry":{"type":"LineString","coordinates":[[-97.7094817636308,30.2601433455775],[-97.70918535,30.26004861],[-97.70724748,30.25921005],[-97.7056652950479,30.2584588086906]]},"properties":{"AADT_CUR":9515,"RTE_NM":"258404","RTE_PRFX":"CS","RTE_NBR":"258404","SYSTEM":"Off"}},{"type":"Feature","geometry":{"type":"LineString","coordinates":[[-97.79235638,30.26575464],[-97.79214878,30.26596779],[-97.79202579,30.26615509],[-97.79198639,30.26638812],[-97.79202695,30.2666227],[-97.79219213,30.26684875]]},"properties":{"AADT_CUR":195,"RTE_NM":"1019438","RTE_PRFX":"CS","RTE_NBR":"1019438","SYSTEM":"Off"}},{"type":"Feature","geometry":{"type":"LineString","coordinates":[[-97.7973827503246,30.2734658863932],[-97.79742854,30.2743673300021],[-97.797311,30.2747767000021],[-97.79724714,30.2749990600021],[-97.79751851,30.2760990600021],[-97.79686447,30.2764491600022],[-97.7965385,30.2768854800022],[-97.79616673,30.2779177600021],[-97.79574471,30.2785722300022],[-97.7952821,30.2790828800022],[-97.79464753,30.2798376500022],[-97.7936832,30.2811991700022],[-97.79236885,30.2827353200022],[-97.7917841,30.2838816100022]]},"properties":{"AADT_CUR":195,"RTE_NM":"1252119","RTE_PRFX":"CS","RTE_NBR":"1252119","SYSTEM":"Off"}},{"type":"Feature","geometry":{"type":"LineString","coordinates":[[-97.78734166,30.28148869],[-97.78718242,30.28180492],[-97.78702586,30.28210946],[-97.78710743,30.28241087]]},"properties":{"AADT_CUR":195,"RTE_NM":"1206118","RTE_PRFX":"CS","RTE_NBR":"1206118","SYSTEM":"Off"}},{"type":"Feature","geometry":{"type":"LineString","coordinates":[[-97.7209743768262,30.3026518385736],[-97.71916102,30.3018355400023],[-97.71792104,30.3012464300023],[-97.71670529,30.3006385300023]]},"properties":{"AADT_CUR":1263,"RTE_NM":"1015878","RTE_PRFX":"CS","RTE_NBR":"1015878","SYSTEM":"Off"}},{"type":"Feature","geometry":{"type":"LineString","coordinates":[[-97.7212252492269,30.2798127403794],[-97.71929533,30.28012999],[-97.7172739295511,30.280461114961]]},"properties":{"AADT_CUR":9406,"RTE_NM":"258434","RTE_PRFX":"CS","RTE_NBR":"258434","SYSTEM":"Off"}},{"type":"Feature","geometry":{"type":"LineString","coordinates":[[-97.7443549299544,30.2633572812781],[-97.74302735,30.26299848],[-97.74175459,30.26265447],[-97.74110843,30.26247015],[-97.7409420113957,30.2624234226959]]},"properties":{"AADT_CUR":25046,"RTE_NM":"SL0343-KG","RTE_PRFX":"SL","RTE_NBR":"343","SYSTEM":"On"}},{"type":"Feature","geometry":{"type":"LineString","coordinates":[[-97.7388593131226,30.2787782885435],[-97.738837,30.2787721100066],[-97.7388116191677,30.2787648780183]]},"properties":{"AADT_CUR":195,"RTE_NM":"1021197","RTE_PRFX":"CS","RTE_NBR":"1021197","SYSTEM":"Off"}},{"type":"Feature","geometry":{"type":"LineString","coordinates":[[-97.76149729,30.2743828],[-97.76100813,30.2751403],[-97.7609526,30.27522978],[-97.76065224,30.2757135],[-97.76025558,30.27638762],[-97.7602163,30.27645243],[-97.75983715,30.2770778]]},"properties":{"AADT_CUR":195,"RTE_NM":"1016965","RTE_PRFX":"CS","RTE_NBR":"1016965","SYSTEM":"Off"}},{"type":"Feature","geometry":{"type":"LineString","coordinates":[[-97.75705322,30.27645802],[-97.75624575,30.27608149],[-97.75605797,30.27598305],[-97.75596762,30.27593566]]},"properties":{"AADT_CUR":195,"RTE_NM":"1021251","RTE_PRFX":"CS","RTE_NBR":"1021251","SYSTEM":"Off"}},{"type":"Feature","geometry":{"type":"LineString","coordinates":[[-97.69655808,30.23817734],[-97.69622927,30.23867658],[-97.69605684,30.23895912],[-97.69590088,30.23918969],[-97.69587826,30.2392255],[-97.69330245,30.24331119]]},"properties":{"AADT_CUR":195,"RTE_NM":"1017374","RTE_PRFX":"CS","RTE_NBR":"1017374","SYSTEM":"Off"}},{"type":"Feature","geometry":{"type":"LineString","coordinates":[[-97.69166185,30.2830175],[-97.69119741,30.28308276],[-97.69114966,30.28308945]]},"properties":{"AADT_CUR":195,"RTE_NM":"1014963","RTE_PRFX":"CS","RTE_NBR":"1014963","SYSTEM":"Off"}},{"type":"Feature","geometry":{"type":"LineString","coordinates":[[-97.768985686,30.31450026],[-97.7691005597694,30.3144814837878]]},"properties":{"AADT_CUR":3157,"RTE_NM":"267167","RTE_PRFX":"CS","RTE_NBR":"267167","SYSTEM":"Off"}},{"type":"Feature","geometry":{"type":"LineString","coordinates":[[-97.72837195,30.3086563300024],[-97.7274336792551,30.3082029211764],[-97.72655256,30.3077771200024],[-97.726484930806,30.3077462568448]]},"properties":{"AADT_CUR":12840,"RTE_NM":"258451","RTE_PRFX":"CS","RTE_NBR":"258451","SYSTEM":"Off"}},{"type":"Feature","geometry":{"type":"LineString","coordinates":[[-97.7428180775957,30.2954060163238],[-97.74282605,30.2953786600023],[-97.74283137,30.2953303200023],[-97.74282832,30.2952818400023],[-97.74281699,30.2952342900023],[-97.74279762,30.2951887400023],[-97.74277063,30.2951462100023],[-97.74275397,30.2951258000023],[-97.7423291513039,30.2943551793893],[-97.7422967174638,30.2942963438781],[-97.74129991,30.2924880800023],[-97.74126997,30.2924321400023],[-97.74123525,30.2923525000023],[-97.74120844,30.2922705800022],[-97.7412037372753,30.2922495698209],[-97.74118973,30.2921869900023],[-97.74117925,30.2921023200023],[-97.74117709,30.2920171900023],[-97.74117757,30.2920022100022],[-97.7411790612706,30.2919858050328],[-97.7412807932498,30.2908666723518],[-97.7413168208064,30.2904703343353],[-97.7413664747693,30.289924087228]]},"properties":{"AADT_CUR":11365,"RTE_NM":"258545","RTE_PRFX":"CS","RTE_NBR":"258545","SYSTEM":"Off"}},{"type":"Feature","geometry":{"type":"LineString","coordinates":[[-97.76409164,30.23819104],[-97.76378863,30.23800069],[-97.76338096,30.23787699]]},"properties":{"AADT_CUR":195,"RTE_NM":"1017090","RTE_PRFX":"CS","RTE_NBR":"1017090","SYSTEM":"Off"}},{"type":"Feature","geometry":{"type":"LineString","coordinates":[[-97.7450977127539,30.2279177504751],[-97.745112599948,30.2279243649048]]},"properties":{"AADT_CUR":199,"RTE_NM":"1020352","RTE_PRFX":"CS","RTE_NBR":"1020352","SYSTEM":"Off"}},{"type":"Feature","geometry":{"type":"LineString","coordinates":[[-97.7373163162953,30.2492348226864],[-97.73731811,30.249232910002],[-97.737376333978,30.2491843878297]]},"properties":{"AADT_CUR":195,"RTE_NM":"1016016","RTE_PRFX":"CS","RTE_NBR":"1016016","SYSTEM":"Off"}},{"type":"Feature","geometry":{"type":"LineString","coordinates":[[-97.7873356368526,30.221518795511],[-97.7873194018155,30.2215223597343]]},"properties":{"AADT_CUR":195,"RTE_NM":"1020587","RTE_PRFX":"CS","RTE_NBR":"1020587","SYSTEM":"Off"}},{"type":"Feature","geometry":{"type":"LineString","coordinates":[[-97.73199714,30.219126178],[-97.73211407,30.21914585],[-97.73265466,30.21922011],[-97.733241089,30.219273033],[-97.7336567285224,30.2192526228653]]},"properties":{"AADT_CUR":195,"RTE_NM":"1020714","RTE_PRFX":"CS","RTE_NBR":"1020714","SYSTEM":"Off"}},{"type":"Feature","geometry":{"type":"LineString","coordinates":[[-97.7245898411704,30.2702054339682],[-97.7245733138928,30.2702078615022]]},"properties":{"AADT_CUR":195,"RTE_NM":"1016763","RTE_PRFX":"CS","RTE_NBR":"1016763","SYSTEM":"Off"}},{"type":"Feature","geometry":{"type":"LineString","coordinates":[[-97.7340539217525,30.2670594406662],[-97.73396315,30.26730353],[-97.73386844,30.26756209],[-97.73380449,30.26774384],[-97.73342828,30.26877178],[-97.73305027,30.2697992],[-97.73290581,30.27019532],[-97.73275088,30.27061922],[-97.73236536,30.27165583],[-97.73222244,30.27203309],[-97.73204411,30.27254625],[-97.73189984,30.27297904],[-97.73169661,30.27362063],[-97.73143008,30.2744853],[-97.73131552,30.2748702],[-97.73116465,30.27536863],[-97.73100527,30.27584579],[-97.73083485,30.27630191],[-97.73076514,30.27646072],[-97.73068816,30.27664135],[-97.73055853,30.27693597],[-97.7301293,30.27786819],[-97.72985529,30.27847414],[-97.7298357452471,30.278515050897]]},"properties":{"AADT_CUR":161912,"RTE_NM":"IH0035-RG","RTE_PRFX":"IH","RTE_NBR":"35","SYSTEM":"On"}},{"type":"Feature","geometry":{"type":"LineString","coordinates":[[-97.731485732,30.270027983],[-97.731431753033,30.2701340010196]]},"properties":{"AADT_CUR":521,"RTE_NM":"1014348","RTE_PRFX":"CS","RTE_NBR":"1014348","SYSTEM":"Off"}},{"type":"Feature","geometry":{"type":"LineString","coordinates":[[-97.7371601720168,30.266509837593],[-97.73713773,30.26650345],[-97.7350335511083,30.2658961956619]]},"properties":{"AADT_CUR":11705,"RTE_NM":"258399","RTE_PRFX":"CS","RTE_NBR":"258399","SYSTEM":"Off"}},{"type":"Feature","geometry":{"type":"LineString","coordinates":[[-97.7614702841303,30.2694110187047],[-97.76159109,30.2694702300021],[-97.7616230595312,30.2694869794081],[-97.76216,30.2697682900021],[-97.76258592,30.2701781500021],[-97.7630747,30.2707162300021],[-97.7638874639956,30.2716291766374],[-97.76392363,30.2716698000021],[-97.7643857466451,30.2721922871941],[-97.76481744,30.2726803700021],[-97.76541286,30.2733810700021],[-97.7654741,30.2734531400021]]},"properties":{"AADT_CUR":16911,"RTE_NM":"258389","RTE_PRFX":"CS","RTE_NBR":"258389","SYSTEM":"Off"}},{"type":"Feature","geometry":{"type":"LineString","coordinates":[[-97.7521636314776,30.3003750253506],[-97.7520615963651,30.3003252226296]]},"properties":{"AADT_CUR":2524,"RTE_NM":"258390","RTE_PRFX":"CS","RTE_NBR":"258390","SYSTEM":"Off"}},{"type":"Feature","geometry":{"type":"LineString","coordinates":[[-97.74743206,30.24428058],[-97.74663247,30.2439454],[-97.74568643,30.24366498]]},"properties":{"AADT_CUR":195,"RTE_NM":"1015928","RTE_PRFX":"CS","RTE_NBR":"1015928","SYSTEM":"Off"}},{"type":"Feature","geometry":{"type":"LineString","coordinates":[[-97.7286323917428,30.2585446580634],[-97.72862735,30.258555630002],[-97.7282408091616,30.2594256805692],[-97.7282231950241,30.2594653271827]]},"properties":{"AADT_CUR":2056,"RTE_NM":"267038","RTE_PRFX":"CS","RTE_NBR":"267038","SYSTEM":"Off"}},{"type":"Feature","geometry":{"type":"LineString","coordinates":[[-97.78582893,30.21819311],[-97.78587899,30.21831012],[-97.78597618,30.21855361]]},"properties":{"AADT_CUR":195,"RTE_NM":"1017623","RTE_PRFX":"CS","RTE_NBR":"1017623","SYSTEM":"Off"}},{"type":"Feature","geometry":{"type":"LineString","coordinates":[[-97.7583074276712,30.2205199286284],[-97.75659822,30.2231667300018],[-97.75617794,30.2238733800018]]},"properties":{"AADT_CUR":195,"RTE_NM":"1021383","RTE_PRFX":"CS","RTE_NBR":"1021383","SYSTEM":"Off"}},{"type":"Feature","geometry":{"type":"LineString","coordinates":[[-97.7982749332025,30.3092948182181],[-97.79821501,30.3093452300024],[-97.79820151,30.3094456600024],[-97.79826082,30.3097531700024],[-97.79828482,30.3100043500024],[-97.7982987,30.3102214200024],[-97.79828883,30.3104709800024],[-97.79824869,30.3106359800024],[-97.79818451,30.3107988600024],[-97.79812932,30.3109058500024],[-97.79800839,30.3110927200024],[-97.79785783,30.3112935400024],[-97.7977585,30.3114183400024],[-97.79752307,30.3116814700024],[-97.79720983,30.3119536000024],[-97.79689537,30.3121808500024],[-97.79673157,30.3123191700024],[-97.79658388,30.3124743000024],[-97.79649588,30.3126459800024],[-97.79647668,30.3127131000024],[-97.79647609,30.3127283600024],[-97.79647376,30.3127872800024],[-97.79648589,30.3128588500024],[-97.79651988,30.3129453500024],[-97.79674076,30.3133076000024],[-97.79679213,30.3134235400024],[-97.79682919,30.3135204100024],[-97.79686176,30.3137391600024],[-97.79685933,30.3138091000024],[-97.79684726,30.3138815400024],[-97.79677833,30.3140643500024],[-97.79662495,30.3143392900024],[-97.79659413,30.3144130900024],[-97.79650938,30.3145671000024],[-97.79621695,30.3150459000024],[-97.79617826,30.3151236000024],[-97.79615207,30.3152036600024],[-97.79613776,30.3152846000024],[-97.79613826,30.3153651600024],[-97.7961517,30.3154449700024],[-97.796178,30.3155241700024],[-97.79621839,30.3156008500024],[-97.7963225,30.3157532900024],[-97.79644632,30.3159114800024],[-97.79659319,30.3160574100024],[-97.79675138,30.3161832300024],[-97.79691569,30.3162950400024],[-97.79708901,30.3163944000024],[-97.79727425,30.3164756000024],[-97.79745832,30.3165219700024],[-97.79767428,30.3165243600024],[-97.79781357,30.3165259100024],[-97.79817208,30.3164846600024],[-97.79826157,30.3164836700024],[-97.7983455,30.3164963500024],[-97.79841806,30.3165273500024],[-97.79851681,30.3166299800024],[-97.79854337,30.3166966000024],[-97.79859494,30.3169197300024],[-97.79860013,30.3169947800024],[-97.79859244,30.3170676700024],[-97.79856925,30.3171352900024],[-97.79847689,30.3172454700024],[-97.79797677,30.3175891700024],[-97.79776488,30.3177210900024],[-97.79764607,30.3177794100024],[-97.79738944,30.3178779100024],[-97.79661751,30.3181151700024],[-97.79644269,30.3181967800024],[-97.79636689,30.3182509100024],[-97.79630519,30.3183150400024],[-97.7962595,30.3183842900024],[-97.79622963,30.3184544700024],[-97.79621307,30.3185239800024],[-97.79620575,30.3186386000024],[-97.79622488,30.3187813500024],[-97.79625214,30.3188577200024],[-97.79632206,30.3189898500024],[-97.7964192,30.3191192300024],[-97.79656412,30.3192554700024],[-97.79669969,30.3193587900024],[-97.79677838,30.3194027900024],[-97.796964,30.3194754200024],[-97.79706556,30.3195009800024],[-97.79727475,30.3195254800025],[-97.79747801,30.3195097800024],[-97.79767176,30.3194573000025],[-97.79793588,30.3193560400024],[-97.7980762,30.3193211700024],[-97.79818139,30.3193135400025],[-97.79828244,30.3193200400025],[-97.79844795,30.3193598500024],[-97.79872162,30.3194522800025],[-97.79889826,30.3195267300024],[-97.79906681,30.3196198500024],[-97.79921013,30.3197209700024],[-97.79927038,30.3197812100024],[-97.79930669,30.3198481600024],[-97.7993187,30.3200142900024],[-97.79927345,30.3201087800025],[-97.79919719,30.3201916700024]]},"properties":{"AADT_CUR":195,"RTE_NM":"227AA0496","RTE_PRFX":"CR","RTE_NBR":"496","SYSTEM":"Off"}},{"type":"Feature","geometry":{"type":"LineString","coordinates":[[-97.75766985,30.30045638],[-97.75770525,30.30075742],[-97.75774773,30.30097587],[-97.75781968,30.3013044],[-97.75789769,30.30164334],[-97.75800085,30.30211057],[-97.75808406,30.3024443],[-97.75813174,30.30267575],[-97.75816815,30.30296268],[-97.75818115,30.30319499],[-97.75824746,30.30347553]]},"properties":{"AADT_CUR":3644,"RTE_NM":"1638921821","RTE_PRFX":"SL","RTE_NBR":"1","SYSTEM":"On"}},{"type":"Feature","geometry":{"type":"LineString","coordinates":[[-97.798919002,30.238171227],[-97.798673034,30.237775697],[-97.798419136,30.23732126],[-97.798206859,30.236990152],[-97.797687138,30.236313425],[-97.797107067,30.235630901],[-97.796814171,30.23533958],[-97.79639544,30.23493346],[-97.796018165,30.234588103]]},"properties":{"AADT_CUR":499,"RTE_NM":"SL0360-XG","RTE_PRFX":"SL","RTE_NBR":"360","SYSTEM":"On"}},{"type":"Feature","geometry":{"type":"LineString","coordinates":[[-97.7754820691598,30.2496220405455],[-97.7754531141513,30.2496074703112]]},"properties":{"AADT_CUR":195,"RTE_NM":"1016422","RTE_PRFX":"CS","RTE_NBR":"1016422","SYSTEM":"Off"}},{"type":"Feature","geometry":{"type":"LineString","coordinates":[[-97.74839716,30.23780927],[-97.74792386,30.23774197]]},"properties":{"AADT_CUR":195,"RTE_NM":"1014535","RTE_PRFX":"CS","RTE_NBR":"1014535","SYSTEM":"Off"}},{"type":"Feature","geometry":{"type":"LineString","coordinates":[[-97.717785,30.2292534200019],[-97.71748652,30.2291284300018],[-97.71739951,30.2291239600018],[-97.71732329,30.2291818400018],[-97.71615005,30.2310313200018],[-97.716119397432,30.2310834354354]]},"properties":{"AADT_CUR":195,"RTE_NM":"1017388","RTE_PRFX":"CS","RTE_NBR":"1017388","SYSTEM":"Off"}},{"type":"Feature","geometry":{"type":"LineString","coordinates":[[-97.72630857,30.2237199100018],[-97.72667878,30.2238263700018],[-97.72684364,30.2238738200018],[-97.72734721,30.2242553600018],[-97.72733297,30.2246622900018],[-97.72732648,30.2248462600018],[-97.72708735,30.2253749600018],[-97.72674943,30.2256926300018],[-97.72619646,30.2262011800018],[-97.72605576,30.2264211300018],[-97.725903575448,30.2266118540525]]},"properties":{"AADT_CUR":195,"RTE_NM":"1017107","RTE_PRFX":"CS","RTE_NBR":"1017107","SYSTEM":"Off"}},{"type":"Feature","geometry":{"type":"LineString","coordinates":[[-97.73973647,30.3024955600023],[-97.7392576447375,30.3033302217442]]},"properties":{"AADT_CUR":195,"RTE_NM":"1019634","RTE_PRFX":"CS","RTE_NBR":"1019634","SYSTEM":"Off"}},{"type":"Feature","geometry":{"type":"LineString","coordinates":[[-97.7254007595542,30.2657627046849],[-97.72541709,30.26576858],[-97.7255224,30.26580928],[-97.72562777,30.26584857],[-97.72585118,30.26593186],[-97.72633385,30.26609794]]},"properties":{"AADT_CUR":2713,"RTE_NM":"SH0165-KG","RTE_PRFX":"SH","RTE_NBR":"165","SYSTEM":"On"}},{"type":"Feature","geometry":{"type":"LineString","coordinates":[[-97.7331786084567,30.2663524831763],[-97.73317412,30.2663632400021],[-97.7331608098667,30.2663932230229]]},"properties":{"AADT_CUR":195,"RTE_NM":"1014523","RTE_PRFX":"CS","RTE_NBR":"1014523","SYSTEM":"Off"}},{"type":"Feature","geometry":{"type":"LineString","coordinates":[[-97.76472707,30.26229388],[-97.76394169,30.26192059],[-97.76270329,30.26131268]]},"properties":{"AADT_CUR":195,"RTE_NM":"1021169","RTE_PRFX":"CS","RTE_NBR":"1021169","SYSTEM":"Off"}},{"type":"Feature","geometry":{"type":"LineString","coordinates":[[-97.8053691786191,30.2490449584282],[-97.80534771,30.24901777],[-97.80526857,30.24891754],[-97.80444757,30.24789373],[-97.80419188,30.24755048],[-97.80416981,30.24752084],[-97.80364058,30.24687306],[-97.8033723,30.24646084],[-97.8030929,30.24595658],[-97.80297169,30.24569692],[-97.80276714,30.24525663],[-97.80274788,30.24521055],[-97.8024535,30.24450608],[-97.80221246,30.24405988],[-97.80122323,30.24214956],[-97.80028504,30.24022201],[-97.79993049,30.23952977],[-97.79960927,30.23891169],[-97.79907314,30.23788008],[-97.79856205,30.23676732],[-97.79805326,30.2357951],[-97.79785557,30.23544602],[-97.79750496,30.23498018],[-97.79703506,30.23444561],[-97.79686059,30.23430244],[-97.79673084,30.23419596],[-97.79671587,30.23418367],[-97.79667059,30.2341465],[-97.7965462,30.23405492],[-97.79650003,30.23402093],[-97.79647225,30.23400048],[-97.79631387,30.23388388],[-97.79617636,30.23378263],[-97.79612635,30.23374583],[-97.79598767,30.23365046],[-97.795611,30.23345594],[-97.79530078,30.23329573],[-97.79510458,30.2331944],[-97.79477108,30.23302218],[-97.79474955,30.23301106],[-97.79377564,30.23250808]]},"properties":{"AADT_CUR":81050,"RTE_NM":"SL0360-RG","RTE_PRFX":"SL","RTE_NBR":"360","SYSTEM":"On"}},{"type":"Feature","geometry":{"type":"LineString","coordinates":[[-97.77059434,30.23712488],[-97.77077399,30.23715735],[-97.77090251,30.23718056],[-97.77123301,30.237707],[-97.7710149,30.23798867]]},"properties":{"AADT_CUR":195,"RTE_NM":"1014157","RTE_PRFX":"CS","RTE_NBR":"1014157","SYSTEM":"Off"}},{"type":"Feature","geometry":{"type":"LineString","coordinates":[[-97.6920298573155,30.219382143409],[-97.6920121742315,30.2194068463544]]},"properties":{"AADT_CUR":195,"RTE_NM":"1015678","RTE_PRFX":"CS","RTE_NBR":"1015678","SYSTEM":"Off"}},{"type":"Feature","geometry":{"type":"LineString","coordinates":[[-97.6835343192532,30.2239440950989],[-97.68354567,30.22392339],[-97.6836447,30.22374581],[-97.68378244,30.22351814],[-97.68390879,30.22331894],[-97.68404539,30.22313567],[-97.6841615,30.22297402],[-97.6842981,30.22279645],[-97.68438347,30.22268831],[-97.68453487,30.222513],[-97.68468627,30.22233542],[-97.68480351,30.22220566],[-97.68494353,30.2220702],[-97.68513021,30.22189489],[-97.68533625,30.22170707],[-97.68555025,30.22152152],[-97.68576995,30.22134508],[-97.68594981,30.22120621],[-97.68617519,30.22104343],[-97.6863596,30.22092049],[-97.68653946,30.22079641],[-97.68673639,30.22066778],[-97.68697202,30.22054143],[-97.68731124,30.22034905],[-97.68768347,30.22014643],[-97.68825491,30.21983908],[-97.6887626,30.21957613],[-97.68953918,30.2191669],[-97.69052535,30.21872746],[-97.691328472,30.218423548]]},"properties":{"AADT_CUR":44160,"RTE_NM":"TL0183-RG","RTE_PRFX":"TL","RTE_NBR":"183","SYSTEM":"Off"}},{"type":"Feature","geometry":{"type":"LineString","coordinates":[[-97.7513156029251,30.2164264508197],[-97.75101769,30.21692096],[-97.75080601,30.21727841],[-97.75049724,30.21779935],[-97.74996956,30.21870421],[-97.74946146,30.21955768],[-97.74919817,30.21998275],[-97.74896576,30.22040966],[-97.7484173,30.2214629],[-97.74781664,30.22250572],[-97.74757165,30.2229306],[-97.74728017,30.22340296],[-97.74698463,30.22386125],[-97.74673979,30.22427966],[-97.74615717,30.22526059],[-97.74580536,30.22586498],[-97.74559128,30.22624344],[-97.74546461,30.22647443],[-97.74513479,30.22705779],[-97.74487874,30.22749477],[-97.74439747,30.22830003],[-97.74416517,30.22869132],[-97.74396306,30.22903338],[-97.74361691,30.22961304],[-97.74316869,30.23036841],[-97.74264326,30.23125435],[-97.74248171,30.23152813],[-97.74218655,30.23202511],[-97.74200637,30.23232966],[-97.74177255,30.23272772],[-97.74171354,30.2328387],[-97.7416792,30.23290201],[-97.74136576,30.23349583],[-97.7411984941308,30.2337779051948]]},"properties":{"AADT_CUR":183680,"RTE_NM":"IH0035-KG","RTE_PRFX":"IH","RTE_NBR":"35","SYSTEM":"On"}},{"type":"Feature","geometry":{"type":"LineString","coordinates":[[-97.7965385,30.27688548],[-97.79597431,30.27667903]]},"properties":{"AADT_CUR":195,"RTE_NM":"1252142","RTE_PRFX":"CS","RTE_NBR":"1252142","SYSTEM":"Off"}},{"type":"Feature","geometry":{"type":"LineString","coordinates":[[-97.706574651,30.274838166],[-97.705787788,30.274991723],[-97.70433494,30.27521954],[-97.70383248,30.27528624],[-97.7035457,30.27534358],[-97.7026819,30.27541386]]},"properties":{"AADT_CUR":195,"RTE_NM":"1020215","RTE_PRFX":"CS","RTE_NBR":"1020215","SYSTEM":"Off"}},{"type":"Feature","geometry":{"type":"LineString","coordinates":[[-97.7120949621436,30.2854154366594],[-97.71212366,30.2855977100022],[-97.71245168,30.2876826700022],[-97.71217737,30.2880978700022]]},"properties":{"AADT_CUR":195,"RTE_NM":"1018232","RTE_PRFX":"CS","RTE_NBR":"1018232","SYSTEM":"Off"}},{"type":"Feature","geometry":{"type":"LineString","coordinates":[[-97.77871936,30.2217837],[-97.77777042,30.2213246],[-97.77763427,30.22125871]]},"properties":{"AADT_CUR":195,"RTE_NM":"1019422","RTE_PRFX":"CS","RTE_NBR":"1019422","SYSTEM":"Off"}},{"type":"Feature","geometry":{"type":"LineString","coordinates":[[-97.74253845,30.22501184],[-97.74212574,30.22563879]]},"properties":{"AADT_CUR":195,"RTE_NM":"1020803","RTE_PRFX":"CS","RTE_NBR":"1020803","SYSTEM":"Off"}},{"type":"Feature","geometry":{"type":"LineString","coordinates":[[-97.7159247144461,30.2622138912576],[-97.7159325944285,30.262226717998]]},"properties":{"AADT_CUR":195,"RTE_NM":"1019833","RTE_PRFX":"CS","RTE_NBR":"1019833","SYSTEM":"Off"}},{"type":"Feature","geometry":{"type":"LineString","coordinates":[[-97.76502162,30.26478692],[-97.76606284,30.26400934],[-97.76635402,30.26358157],[-97.76695306,30.26270152],[-97.76753529,30.26224978],[-97.76831467,30.26177718],[-97.76888115,30.26168126],[-97.77006664,30.26130344],[-97.7707992081347,30.2608458490392]]},"properties":{"AADT_CUR":4859,"RTE_NM":"258658","RTE_PRFX":"CS","RTE_NBR":"258658","SYSTEM":"Off"}},{"type":"Feature","geometry":{"type":"LineString","coordinates":[[-97.75641614,30.28596597],[-97.75565779,30.28546209],[-97.75509466,30.28521698]]},"properties":{"AADT_CUR":195,"RTE_NM":"1019334","RTE_PRFX":"CS","RTE_NBR":"1019334","SYSTEM":"Off"}},{"type":"Feature","geometry":{"type":"LineString","coordinates":[[-97.77086373,30.2343744800019],[-97.77062318,30.2348454700019],[-97.7703257,30.2351640300019],[-97.77000237,30.2353226100019],[-97.76973551,30.2354410300019],[-97.76964249,30.2354859300019],[-97.7695784,30.2355424000019],[-97.76955922,30.2355502400019],[-97.7692737699992,30.2359213500034],[-97.768426,30.2374610500019]]},"properties":{"AADT_CUR":817,"RTE_NM":"1016492","RTE_PRFX":"CS","RTE_NBR":"1016492","SYSTEM":"Off"}},{"type":"Feature","geometry":{"type":"LineString","coordinates":[[-97.76349808,30.23040487],[-97.7633166,30.23031716],[-97.76297863,30.23015198]]},"properties":{"AADT_CUR":195,"RTE_NM":"1013764","RTE_PRFX":"CS","RTE_NBR":"1013764","SYSTEM":"Off"}},{"type":"Feature","geometry":{"type":"LineString","coordinates":[[-97.7410782471948,30.2337460493269],[-97.74095997,30.23395534],[-97.740928741265,30.2340057214341]]},"properties":{"AADT_CUR":172250,"RTE_NM":"IH0035-RG","RTE_PRFX":"IH","RTE_NBR":"35","SYSTEM":"On"}},{"type":"Feature","geometry":{"type":"LineString","coordinates":[[-97.73297534,30.23624572],[-97.73213532,30.23591788],[-97.73195258,30.23599943],[-97.73173309,30.23638552],[-97.73151239,30.23646629],[-97.73126751,30.23641456],[-97.7307377,30.23609301],[-97.73025618,30.23594846]]},"properties":{"AADT_CUR":195,"RTE_NM":"1015434","RTE_PRFX":"CS","RTE_NBR":"1015434","SYSTEM":"Off"}},{"type":"Feature","geometry":{"type":"LineString","coordinates":[[-97.749585715904,30.2498205212002],[-97.74859061,30.249583120002],[-97.74843382,30.249545690002]]},"properties":{"AADT_CUR":195,"RTE_NM":"1015917","RTE_PRFX":"CS","RTE_NBR":"1015917","SYSTEM":"Off"}},{"type":"Feature","geometry":{"type":"LineString","coordinates":[[-97.6910014,30.26859468],[-97.69081744,30.26883289]]},"properties":{"AADT_CUR":195,"RTE_NM":"1018057","RTE_PRFX":"CS","RTE_NBR":"1018057","SYSTEM":"Off"}},{"type":"Feature","geometry":{"type":"LineString","coordinates":[[-97.7234134235136,30.3159770366523],[-97.72323663,30.3158747100048],[-97.7228796777628,30.315705918298]]},"properties":{"AADT_CUR":6195,"RTE_NM":"258456","RTE_PRFX":"CS","RTE_NBR":"258456","SYSTEM":"Off"}},{"type":"Feature","geometry":{"type":"LineString","coordinates":[[-97.694131758,30.313932256],[-97.6941378092923,30.3139609032131]]},"properties":{"AADT_CUR":195,"RTE_NM":"1015804","RTE_PRFX":"CS","RTE_NBR":"1015804","SYSTEM":"Off"}},{"type":"Feature","geometry":{"type":"LineString","coordinates":[[-97.7901229285632,30.3317833725136],[-97.79021984,30.3315796100025],[-97.79037835,30.3311811100025],[-97.79042959,30.3310123700025],[-97.7904876,30.3307539900025],[-97.79060384,30.3299914800025],[-97.79068747,30.3293723700025],[-97.79074697,30.3290851100025],[-97.79085313,30.3286883200025],[-97.79085884,30.3286669900025],[-97.79090047,30.3284631100025],[-97.79093197,30.3282327400025],[-97.79094397,30.3281002300025],[-97.79094072,30.3279747400025],[-97.79088671,30.3274791200025],[-97.79088397,30.3272933600025],[-97.79089196,30.3272054900025],[-97.79092396,30.3270426100025],[-97.79096947,30.3269019900025],[-97.79106784,30.3266502300025],[-97.79114547,30.3264868700025],[-97.79135685,30.3260967400025],[-97.79147297,30.3259116100025],[-97.79153522,30.3258269900025],[-97.79166797,30.3256744900025],[-97.79185235,30.3255026200025],[-97.79198696,30.3254034900025],[-97.79215397,30.3253042400025],[-97.79309934,30.3248524900025],[-97.79336422,30.3247157400025],[-97.79360672,30.3245639900025],[-97.79376697,30.3244344900025],[-97.79383871,30.3243639900024],[-97.79399485,30.3241647300025],[-97.79409671,30.3239813700025],[-97.79414329,30.3238812800025],[-97.79420934,30.3237393600025],[-97.7943591,30.3233226100025],[-97.79444371,30.3230042400024],[-97.79455034,30.3224703600025],[-97.79456284,30.3222447400024],[-97.79456084,30.3220403600025],[-97.79453172,30.3218211900024],[-97.79445722,30.3215704900024],[-97.79440109,30.3214317400025],[-97.7941861,30.3210116100025],[-97.7941262988154,30.3209170981296],[-97.79331084,30.3196278600024],[-97.79308985,30.3192208700024],[-97.79298109,30.3189842400024],[-97.79292859,30.3188358600024],[-97.79287709,30.3186366100024],[-97.79285085,30.3184383700024],[-97.79284684,30.3181853700024],[-97.79288734,30.3178672400024],[-97.79295647,30.3175861100024],[-97.7931885333876,30.3168055467409]]},"properties":{"AADT_CUR":2220,"RTE_NM":"227AA0535","RTE_PRFX":"CR","RTE_NBR":"535","SYSTEM":"Off"}},{"type":"Feature","geometry":{"type":"LineString","coordinates":[[-97.7154776594364,30.3004158528086],[-97.71535512,30.3004321600023],[-97.71506008,30.3002363900023],[-97.71352652,30.2995174600023],[-97.71298694,30.2993689100023]]},"properties":{"AADT_CUR":89,"RTE_NM":"1015419","RTE_PRFX":"CS","RTE_NBR":"1015419","SYSTEM":"Off"}},{"type":"Feature","geometry":{"type":"LineString","coordinates":[[-97.7182297459329,30.284442404373],[-97.7181968435923,30.2844477146252]]},"properties":{"AADT_CUR":8248,"RTE_NM":"258601","RTE_PRFX":"CS","RTE_NBR":"258601","SYSTEM":"Off"}},{"type":"Feature","geometry":{"type":"LineString","coordinates":[[-97.7195357580661,30.2681928607932],[-97.71816437,30.2684038200021]]},"properties":{"AADT_CUR":195,"RTE_NM":"1015311","RTE_PRFX":"CS","RTE_NBR":"1015311","SYSTEM":"Off"}},{"type":"Feature","geometry":{"type":"LineString","coordinates":[[-97.7635524153652,30.2712325639535],[-97.7635596557896,30.2712609649475]]},"properties":{"AADT_CUR":195,"RTE_NM":"1014910","RTE_PRFX":"CS","RTE_NBR":"1014910","SYSTEM":"Off"}},{"type":"Feature","geometry":{"type":"LineString","coordinates":[[-97.7602990478472,30.278476404097],[-97.76117728,30.2789006800022],[-97.76200922,30.2793436700022]]},"properties":{"AADT_CUR":195,"RTE_NM":"1021251","RTE_PRFX":"CS","RTE_NBR":"1021251","SYSTEM":"Off"}},{"type":"Feature","geometry":{"type":"LineString","coordinates":[[-97.7882721276183,30.2300150293496],[-97.78827651,30.2300078000018],[-97.7883503402795,30.2298923484284],[-97.788443954126,30.2297459599849],[-97.7885166696701,30.2296322508619],[-97.78892402,30.2289952500018],[-97.7893818171883,30.2282749785723],[-97.79012005,30.2271134600018],[-97.7909643456719,30.2257838910657]]},"properties":{"AADT_CUR":13530,"RTE_NM":"258600","RTE_PRFX":"CS","RTE_NBR":"258600","SYSTEM":"Off"}},{"type":"Feature","geometry":{"type":"LineString","coordinates":[[-97.77181935,30.2948649500023],[-97.77177584,30.2949348700023],[-97.77064077,30.2967583700023],[-97.77059937,30.2968230800023],[-97.76990379,30.2978923700023],[-97.7699037427721,30.2978924187887]]},"properties":{"AADT_CUR":195,"RTE_NM":"1018168","RTE_PRFX":"CS","RTE_NBR":"1018168","SYSTEM":"Off"}},{"type":"Feature","geometry":{"type":"LineString","coordinates":[[-97.73460465,30.22019206],[-97.73470885,30.22027644],[-97.73523542,30.22070267],[-97.73528913,30.2208017],[-97.73542099,30.2210447],[-97.73559786,30.22223921],[-97.73543642,30.2225907]]},"properties":{"AADT_CUR":195,"RTE_NM":"1018088","RTE_PRFX":"CS","RTE_NBR":"1018088","SYSTEM":"Off"}},{"type":"Feature","geometry":{"type":"LineString","coordinates":[[-97.6979183559408,30.2337661343199],[-97.69790605,30.2337604900019],[-97.6978743482101,30.2337451215457]]},"properties":{"AADT_CUR":195,"RTE_NM":"1015157","RTE_PRFX":"CS","RTE_NBR":"1015157","SYSTEM":"Off"}},{"type":"Feature","geometry":{"type":"LineString","coordinates":[[-97.78107165,30.23835169],[-97.78058302,30.2383161],[-97.78049946,30.23831003]]},"properties":{"AADT_CUR":195,"RTE_NM":"1015986","RTE_PRFX":"CS","RTE_NBR":"1015986","SYSTEM":"Off"}},{"type":"Feature","geometry":{"type":"LineString","coordinates":[[-97.73471402,30.25532713],[-97.73263744,30.25467441],[-97.73072889,30.25401957],[-97.72881131,30.25334299],[-97.72868594,30.25329872],[-97.72669274,30.25261185],[-97.72536226,30.25213922],[-97.72421938,30.25172496],[-97.724076,30.25167297],[-97.72290172,30.2512498],[-97.72278963,30.25120943],[-97.72124715,30.25069943]]},"properties":{"AADT_CUR":195,"RTE_NM":"1016852","RTE_PRFX":"CS","RTE_NBR":"1016852","SYSTEM":"Off"}},{"type":"Feature","geometry":{"type":"LineString","coordinates":[[-97.7186742086101,30.260323545959],[-97.718658755953,30.2603179955719]]},"properties":{"AADT_CUR":3246,"RTE_NM":"258399","RTE_PRFX":"CS","RTE_NBR":"258399","SYSTEM":"Off"}},{"type":"Feature","geometry":{"type":"LineString","coordinates":[[-97.79670389,30.26377804],[-97.79628211,30.2637917],[-97.79573903,30.26396246],[-97.7948674,30.26460799],[-97.79462272,30.26475444],[-97.79428376,30.26484024],[-97.79392738,30.26493043],[-97.79343661,30.26512973]]},"properties":{"AADT_CUR":195,"RTE_NM":"1019438","RTE_PRFX":"CS","RTE_NBR":"1019438","SYSTEM":"Off"}},{"type":"Feature","geometry":{"type":"LineString","coordinates":[[-97.77437598,30.2835489400022],[-97.77520213,30.2839449800022],[-97.77559926,30.2841454000022],[-97.7760177224217,30.2843527384903]]},"properties":{"AADT_CUR":195,"RTE_NM":"1021250","RTE_PRFX":"CS","RTE_NBR":"1021250","SYSTEM":"Off"}},{"type":"Feature","geometry":{"type":"LineString","coordinates":[[-97.7972186,30.2857962000022],[-97.79713247,30.2859396300022],[-97.79667008,30.2867094800022],[-97.79660759,30.2871290400022],[-97.79691392,30.2875944300022],[-97.796984631049,30.2877017910362]]},"properties":{"AADT_CUR":195,"RTE_NM":"1252092","RTE_PRFX":"CS","RTE_NBR":"1252092","SYSTEM":"Off"}},{"type":"Feature","geometry":{"type":"LineString","coordinates":[[-97.7212244801494,30.2798569439397],[-97.7212181642815,30.2798284331325]]},"properties":{"AADT_CUR":1807,"RTE_NM":"258510","RTE_PRFX":"CS","RTE_NBR":"258510","SYSTEM":"Off"}},{"type":"Feature","geometry":{"type":"LineString","coordinates":[[-97.7151327294485,30.2703747397342],[-97.7151297552889,30.2703604598909]]},"properties":{"AADT_CUR":2785,"RTE_NM":"267530","RTE_PRFX":"CS","RTE_NBR":"267530","SYSTEM":"Off"}},{"type":"Feature","geometry":{"type":"LineString","coordinates":[[-97.78652931,30.25907966],[-97.78640641,30.2590537],[-97.78630609,30.25903254],[-97.78626081,30.259023],[-97.78610692,30.25899712],[-97.78599577,30.25897205],[-97.7859017,30.25892452],[-97.78582223,30.25882019],[-97.78578717,30.25872494]]},"properties":{"AADT_CUR":195,"RTE_NM":"1016336","RTE_PRFX":"CS","RTE_NBR":"1016336","SYSTEM":"Off"}},{"type":"Feature","geometry":{"type":"LineString","coordinates":[[-97.7722713477449,30.259343559928],[-97.772255837918,30.2593381595395]]},"properties":{"AADT_CUR":195,"RTE_NM":"1020900","RTE_PRFX":"CS","RTE_NBR":"1020900","SYSTEM":"Off"}},{"type":"Feature","geometry":{"type":"LineString","coordinates":[[-97.7563426287966,30.2278491407501],[-97.75492739,30.22714843],[-97.75458573,30.226985564],[-97.753120553,30.226287112],[-97.75119673,30.22539025],[-97.748824,30.22434677],[-97.74855933,30.22419836],[-97.747701919,30.223513098],[-97.747488976,30.223342906],[-97.7473830503516,30.2232582463484]]},"properties":{"AADT_CUR":5447,"RTE_NM":"258719","RTE_PRFX":"CS","RTE_NBR":"258719","SYSTEM":"Off"}},{"type":"Feature","geometry":{"type":"LineString","coordinates":[[-97.76731735,30.23997989],[-97.76640823,30.23966643]]},"properties":{"AADT_CUR":195,"RTE_NM":"1020712","RTE_PRFX":"CS","RTE_NBR":"1020712","SYSTEM":"Off"}},{"type":"Feature","geometry":{"type":"LineString","coordinates":[[-97.68815249,30.2843340200022],[-97.68773158,30.2847186300022],[-97.6876562,30.2850197900022],[-97.6876408934508,30.2850651436699]]},"properties":{"AADT_CUR":195,"RTE_NM":"1020691","RTE_PRFX":"CS","RTE_NBR":"1020691","SYSTEM":"Off"}},{"type":"Feature","geometry":{"type":"LineString","coordinates":[[-97.69631578,30.29960768],[-97.69638118,30.29954958],[-97.69640268,30.29952988],[-97.69654558,30.29940378],[-97.69657648,30.29937628],[-97.69657428,30.29930788],[-97.69657458,30.29928868],[-97.69656308,30.29887938],[-97.69656268,30.29885978],[-97.69655948,30.29877558],[-97.69655488,30.29870098],[-97.69655408,30.29867438],[-97.69654508,30.29841928],[-97.69653628,30.29819528],[-97.69653328,30.29811398],[-97.69652918,30.29803478],[-97.69652878,30.29781218],[-97.69651828,30.29755548],[-97.69651718,30.29753178],[-97.69651528,30.29745308]]},"properties":{"AADT_CUR":195,"RTE_NM":"1306275","RTE_PRFX":"CS","RTE_NBR":"1306275","SYSTEM":"Off"}},{"type":"Feature","geometry":{"type":"LineString","coordinates":[[-97.7525637616692,30.3120814613244],[-97.75256528,30.3120808800024],[-97.75264871,30.3121033500024],[-97.7531876,30.3122483700024],[-97.75342686,30.3123127300024],[-97.75345319,30.3123189800024],[-97.75480975,30.3126403900024],[-97.7550252,30.3126907400024],[-97.75538942,30.3127758200024]]},"properties":{"AADT_CUR":195,"RTE_NM":"1021230","RTE_PRFX":"CS","RTE_NBR":"1021230","SYSTEM":"Off"}},{"type":"Feature","geometry":{"type":"LineString","coordinates":[[-97.69479829,30.31171624],[-97.69479846,30.31178313],[-97.69480059,30.31256068],[-97.69484416,30.31258215],[-97.69657414,30.31343328],[-97.6966229,30.31346102],[-97.69802955,30.31426082],[-97.69921399,30.31473897],[-97.69935463,30.31479082],[-97.70015401,30.31508558],[-97.70067667,30.31536066],[-97.70153536,30.31581254]]},"properties":{"AADT_CUR":195,"RTE_NM":"1018669","RTE_PRFX":"CS","RTE_NBR":"1018669","SYSTEM":"Off"}},{"type":"Feature","geometry":{"type":"LineString","coordinates":[[-97.7500884,30.25842038],[-97.74975147,30.25841284],[-97.74916894,30.25851783],[-97.7485037637923,30.2586630286214]]},"properties":{"AADT_CUR":8697,"RTE_NM":"258480","RTE_PRFX":"CS","RTE_NBR":"258480","SYSTEM":"Off"}},{"type":"Feature","geometry":{"type":"LineString","coordinates":[[-97.79702652,30.26811067],[-97.79697466,30.26815365],[-97.79680451,30.26823829],[-97.79649933,30.26830648]]},"properties":{"AADT_CUR":195,"RTE_NM":"1016735","RTE_PRFX":"CS","RTE_NBR":"1016735","SYSTEM":"Off"}},{"type":"Feature","geometry":{"type":"LineString","coordinates":[[-97.77120794,30.2856611200022],[-97.7709772457435,30.2860370268252]]},"properties":{"AADT_CUR":195,"RTE_NM":"1016917","RTE_PRFX":"CS","RTE_NBR":"1016917","SYSTEM":"Off"}},{"type":"Feature","geometry":{"type":"LineString","coordinates":[[-97.7100486961359,30.2912115062426],[-97.7099752862001,30.291221133346],[-97.70993993,30.2912257700023],[-97.70984525,30.2913252100023],[-97.70923112,30.2920201000023],[-97.70915186,30.2921202200022],[-97.70895464,30.2923692400023],[-97.70886928,30.2927112600023],[-97.70903896,30.2932593100023],[-97.70899042,30.2938496400022],[-97.70878394,30.2943624900023]]},"properties":{"AADT_CUR":195,"RTE_NM":"1021160","RTE_PRFX":"CS","RTE_NBR":"1021160","SYSTEM":"Off"}},{"type":"Feature","geometry":{"type":"LineString","coordinates":[[-97.712574057441,30.3003186444052],[-97.7125634,30.3004340500046],[-97.71260525,30.3006032600046],[-97.7124747699993,30.3008381300048],[-97.71187273,30.3009770700046],[-97.71153968,30.3011903100046],[-97.7107747199988,30.3018154700059],[-97.71009483,30.3025139000046]]},"properties":{"AADT_CUR":195,"RTE_NM":"1018951","RTE_PRFX":"CS","RTE_NBR":"1018951","SYSTEM":"Off"}},{"type":"Feature","geometry":{"type":"LineString","coordinates":[[-97.6828368565003,30.2252676023852],[-97.68286609,30.2251744],[-97.682913363,30.225076355],[-97.68298379,30.224894647],[-97.683054973,30.224729549],[-97.683146321,30.22452733],[-97.683243493,30.224291829],[-97.683324725,30.224136514],[-97.683446247,30.223924325],[-97.683507698,30.223809582],[-97.683616279,30.223623078],[-97.683723681,30.223452045],[-97.683808648,30.223315958],[-97.683926301,30.223147403],[-97.684004208,30.223046604],[-97.684145101,30.222859331],[-97.684241188,30.222736986],[-97.684294668,30.222665708],[-97.684425411,30.222499663],[-97.684588256,30.222309792],[-97.684733757,30.222157922],[-97.684984855,30.221908205],[-97.685148841,30.221754101],[-97.685343969,30.221582573],[-97.685543933,30.221410534],[-97.68575186,30.221236929],[-97.685956573,30.221077966],[-97.686212831,30.220898856],[-97.686391278,30.220775812],[-97.686534058,30.220678552],[-97.686659068,30.220598384],[-97.68680696,30.22050913],[-97.68712534,30.22032771],[-97.68748818,30.22013384],[-97.68803244,30.21984392],[-97.68839848,30.21964286],[-97.689047825,30.219296504],[-97.68969717,30.21896753],[-97.690454583,30.21860694],[-97.6914264614791,30.2181291019231]]},"properties":{"AADT_CUR":44160,"RTE_NM":"TL0183-LG","RTE_PRFX":"TL","RTE_NBR":"183","SYSTEM":"Off"}},{"type":"Feature","geometry":{"type":"LineString","coordinates":[[-97.71578043,30.26621107],[-97.71556235,30.2663237],[-97.7147369,30.26673589]]},"properties":{"AADT_CUR":195,"RTE_NM":"1015839","RTE_PRFX":"CS","RTE_NBR":"1015839","SYSTEM":"Off"}},{"type":"Feature","geometry":{"type":"LineString","coordinates":[[-97.7375237959608,30.2655923253397],[-97.737498013985,30.2655847535908],[-97.7364535691675,30.2652780116685],[-97.7353698682194,30.2649597295467]]},"properties":{"AADT_CUR":9415,"RTE_NM":"258394","RTE_PRFX":"CS","RTE_NBR":"258394","SYSTEM":"Off"}},{"type":"Feature","geometry":{"type":"LineString","coordinates":[[-97.74245448,30.26901198],[-97.7411252399827,30.268658107278]]},"properties":{"AADT_CUR":4606,"RTE_NM":"258404","RTE_PRFX":"CS","RTE_NBR":"258404","SYSTEM":"Off"}},{"type":"Feature","geometry":{"type":"LineString","coordinates":[[-97.7561767045291,30.3000828565749],[-97.75617205,30.3000805800023],[-97.75310695,30.2986701400023],[-97.7520562274522,30.2981374081444],[-97.75167214,30.2980805400023],[-97.7511926616745,30.2981529197495]]},"properties":{"AADT_CUR":1057,"RTE_NM":"267542","RTE_PRFX":"CS","RTE_NBR":"267542","SYSTEM":"Off"}},{"type":"Feature","geometry":{"type":"LineString","coordinates":[[-97.75515355,30.2985848100023],[-97.75510073,30.2986686000023],[-97.75478865,30.2991633000023],[-97.7546597922069,30.2993684090126]]},"properties":{"AADT_CUR":195,"RTE_NM":"1017401","RTE_PRFX":"CS","RTE_NBR":"1017401","SYSTEM":"Off"}},{"type":"Feature","geometry":{"type":"LineString","coordinates":[[-97.7751102,30.255815560002],[-97.77451963,30.255446220002],[-97.7723279668066,30.2544208281429]]},"properties":{"AADT_CUR":195,"RTE_NM":"1018999","RTE_PRFX":"CS","RTE_NBR":"1018999","SYSTEM":"Off"}},{"type":"Feature","geometry":{"type":"LineString","coordinates":[[-97.69743478,30.2902362800022],[-97.697468737194,30.291179821859],[-97.69747341,30.2913096600022],[-97.69748572,30.2917325200022],[-97.69749578,30.2920778800023],[-97.69749708,30.2921220800023],[-97.69750438,30.2923663800022],[-97.69751128,30.2926001800023],[-97.69752188,30.2928770800022],[-97.6975250800001,30.2929600800045],[-97.69752768,30.2930374800023],[-97.69754598,30.2935747800023],[-97.69754888,30.2936609800023],[-97.69755148,30.2937464800023],[-97.69755928,30.2940065800023],[-97.69756898,30.2942555800023],[-97.69757048,30.2942818800023],[-97.6975735800001,30.2943595800045],[-97.69757508,30.2944210800023],[-97.69757718,30.2944761800023],[-97.69757758,30.2945050800023],[-97.69758438,30.2946666800023],[-97.69760608,30.2953785800023],[-97.69761398,30.2956542800023],[-97.697615180199,30.2957326854122],[-97.69761828,30.2958169800023],[-97.69764298,30.2964839800023],[-97.697646405341,30.2965825364991],[-97.69764958,30.2966738800023],[-97.69767128,30.2973453800023],[-97.6976737592034,30.2974222353122],[-97.69767488,30.2975090800023],[-97.69768658,30.2977763800023],[-97.69769428,30.2980053800023],[-97.69769678,30.2980858800023],[-97.69770008,30.2981639800023],[-97.69770418,30.2982688800023],[-97.69771788,30.2986508800023],[-97.69772078,30.2987331800023],[-97.69772308,30.2988144800023],[-97.69773388,30.2991872800023],[-97.69773608,30.2992629800023],[-97.69773848,30.2993485800023],[-97.69774118,30.2994407800023],[-97.69775088,30.2997773800023],[-97.69775478,30.2999396800023],[-97.69775568,30.2999619800023],[-97.6977577800001,30.3000416800046],[-97.69776098,30.3001258800023],[-97.69776258,30.3001604800023],[-97.69776778,30.3003530800023],[-97.6978166,30.3011509700023],[-97.6978151327773,30.3013435299287],[-97.69781386,30.3015105700023],[-97.69780562,30.3016450800024],[-97.69763817,30.3020211500023],[-97.69762445,30.3021474300023],[-97.69754484,30.3022929200024],[-97.6974602,30.3024566500023]]},"properties":{"AADT_CUR":195,"RTE_NM":"1021080","RTE_PRFX":"CS","RTE_NBR":"1021080","SYSTEM":"Off"}},{"type":"Feature","geometry":{"type":"LineString","coordinates":[[-97.692548591526,30.3141367978388],[-97.6925566595493,30.3141240793482]]},"properties":{"AADT_CUR":11643,"RTE_NM":"258486","RTE_PRFX":"CS","RTE_NBR":"258486","SYSTEM":"Off"}},{"type":"Feature","geometry":{"type":"LineString","coordinates":[[-97.79895847,30.30561916],[-97.79894325,30.30595712],[-97.79861237,30.30636591],[-97.79865328,30.30679851],[-97.79849407,30.3068861],[-97.79819994,30.30689131],[-97.79811098,30.30689191],[-97.7978876,30.30689428]]},"properties":{"AADT_CUR":195,"RTE_NM":"1252157","RTE_PRFX":"CS","RTE_NBR":"1252157","SYSTEM":"Off"}},{"type":"Feature","geometry":{"type":"LineString","coordinates":[[-97.7549334105147,30.2371972825382],[-97.7549251,30.2371920100057],[-97.75479672,30.2371029500057],[-97.75435224,30.2368201600056],[-97.75255812,30.2358110900057],[-97.7524536099985,30.2357485600051],[-97.7519192,30.2355566300056],[-97.75171023,30.2353769700057],[-97.7515479399996,30.2352379700042],[-97.75152907,30.2351642700057],[-97.75148843,30.2350057700057],[-97.75141338,30.2348804900057],[-97.75136339,30.2347942000055],[-97.75130762,30.2346885900055],[-97.7510956099986,30.2344450100049],[-97.75090044,30.2343393400057],[-97.75078205,30.2342654400057],[-97.75053788,30.2341587600057],[-97.7500141199987,30.2339941500051],[-97.74969707,30.2338860200057],[-97.74949544,30.2338159200057],[-97.74933743,30.2337742300057],[-97.74917067,30.2337538400056],[-97.7489877799988,30.2337314500051],[-97.74887499,30.2336851700057],[-97.74876444,30.2336444000056],[-97.74864088,30.2335566800056],[-97.74852971,30.2334499200057]]},"properties":{"AADT_CUR":195,"RTE_NM":"1017850","RTE_PRFX":"CS","RTE_NBR":"1017850","SYSTEM":"Off"}},{"type":"Feature","geometry":{"type":"LineString","coordinates":[[-97.7193758005629,30.2553002055841],[-97.7193432237779,30.2552885636028],[-97.71930832,30.255276090004],[-97.7176990072355,30.2547058390896],[-97.7167507092849,30.2543921826497],[-97.71541087,30.253916500004],[-97.7141296780175,30.2534758178677],[-97.71391359,30.253401490004],[-97.7128337176507,30.2530072975082]]},"properties":{"AADT_CUR":13725,"RTE_NM":"258861","RTE_PRFX":"CS","RTE_NBR":"258861","SYSTEM":"Off"}},{"type":"Feature","geometry":{"type":"LineString","coordinates":[[-97.70514525,30.23067479],[-97.70468737,30.23042061],[-97.70357786,30.2299028],[-97.70315436,30.23074119],[-97.70313064,30.23109003]]},"properties":{"AADT_CUR":195,"RTE_NM":"1014222","RTE_PRFX":"CS","RTE_NBR":"1014222","SYSTEM":"Off"}},{"type":"Feature","geometry":{"type":"LineString","coordinates":[[-97.70488508,30.256643840002],[-97.70351345,30.256142660002],[-97.70297863,30.255974910002],[-97.70210941,30.255669480002],[-97.701948594094,30.2556174113275]]},"properties":{"AADT_CUR":195,"RTE_NM":"1016941","RTE_PRFX":"CS","RTE_NBR":"1016941","SYSTEM":"Off"}},{"type":"Feature","geometry":{"type":"LineString","coordinates":[[-97.70786402,30.2941279900023],[-97.70759201,30.2941762400023],[-97.70712819,30.2941658800023],[-97.70512518,30.2941942200022],[-97.70429954,30.2942153800023],[-97.70351822,30.2942221700023],[-97.70272727,30.2942592700023],[-97.70187455,30.2942785100023],[-97.70106225,30.2943020700023],[-97.7001536710003,30.2943083672098],[-97.69974633,30.2943081200022],[-97.6992077000091,30.2943175009992],[-97.69870926,30.2943261800023],[-97.69839428,30.2943366800023],[-97.69757358,30.2943595800023],[-97.69691318,30.2943742800023],[-97.69680468,30.2943768700023],[-97.69674428,30.2943782800023],[-97.69665898,30.2943802800023],[-97.69633978,30.2943879800023],[-97.69603438,30.2943965800023],[-97.69593548,30.2943993800022],[-97.69584848,30.2944017800023],[-97.69577948,30.2944038800023],[-97.69522018,30.2944193800022],[-97.69519698,30.2944199800022],[-97.69511288,30.2944219800023],[-97.69502598,30.2944241800023],[-97.69498338,30.2944256800023],[-97.69495278,30.2944266800023],[-97.69439278,30.2944394800023],[-97.69385558,30.2944520800023],[-97.69359188,30.2944582800023],[-97.69349438,30.2944605800023],[-97.69339078,30.2944629800023],[-97.69280008,30.2944767800023],[-97.69274838,30.2944779800023],[-97.69269968,30.2944791800023],[-97.69260008,30.2944814800023],[-97.69236458,30.2944870800022],[-97.69182648,30.2944997800023],[-97.69119908,30.2944909800023],[-97.69102518,30.2944884800023],[-97.69092118,30.2944853800023],[-97.68943238,30.2944491800023],[-97.6892616176108,30.2944481500482]]},"properties":{"AADT_CUR":2890,"RTE_NM":"1021777","RTE_PRFX":"CS","RTE_NBR":"1021777","SYSTEM":"Off"}},{"type":"Feature","geometry":{"type":"LineString","coordinates":[[-97.7856650124468,30.2203533454417],[-97.78566095,30.2203597900018],[-97.7856410556174,30.2203917061839]]},"properties":{"AADT_CUR":195,"RTE_NM":"1014434","RTE_PRFX":"CS","RTE_NBR":"1014434","SYSTEM":"Off"}},{"type":"Feature","geometry":{"type":"LineString","coordinates":[[-97.7178313036103,30.2940028538819],[-97.7178230655956,30.2940154980497]]},"properties":{"AADT_CUR":195,"RTE_NM":"1017038","RTE_PRFX":"CS","RTE_NBR":"1017038","SYSTEM":"Off"}},{"type":"Feature","geometry":{"type":"LineString","coordinates":[[-97.7382488982558,30.2732172731859],[-97.7382502457321,30.2732137247428],[-97.73861527,30.2722524600042],[-97.7386723078584,30.2721025025447],[-97.7386731575866,30.2721002940219]]},"properties":{"AADT_CUR":1230,"RTE_NM":"258676","RTE_PRFX":"CS","RTE_NBR":"258676","SYSTEM":"Off"}},{"type":"Feature","geometry":{"type":"LineString","coordinates":[[-97.7613495,30.2716970800021],[-97.76126356,30.2718673600021],[-97.7608417732601,30.2727029514336],[-97.76021133,30.2738866800021],[-97.76016212,30.2739626800021],[-97.75877017,30.2761145400022],[-97.75856644,30.2764295500022],[-97.75853408,30.2764795300021]]},"properties":{"AADT_CUR":195,"RTE_NM":"1019226","RTE_PRFX":"CS","RTE_NBR":"1019226","SYSTEM":"Off"}},{"type":"Feature","geometry":{"type":"LineString","coordinates":[[-97.7581332735112,30.2797533944561],[-97.75809679,30.2798139100022],[-97.757555,30.2806926200022]]},"properties":{"AADT_CUR":195,"RTE_NM":"1016077","RTE_PRFX":"CS","RTE_NBR":"1016077","SYSTEM":"Off"}},{"type":"Feature","geometry":{"type":"LineString","coordinates":[[-97.76357258,30.2808189600022],[-97.7635297,30.2808833300022],[-97.76303784758,30.2816223337267],[-97.76246454,30.2825046900022]]},"properties":{"AADT_CUR":195,"RTE_NM":"1020882","RTE_PRFX":"CS","RTE_NBR":"1020882","SYSTEM":"Off"}},{"type":"Feature","geometry":{"type":"LineString","coordinates":[[-97.760234571376,30.2296854470086],[-97.76025882,30.22964755],[-97.76113555,30.22815939],[-97.76135948,30.22771018],[-97.76163252,30.22718976],[-97.76225354,30.22598544],[-97.76257759,30.22531143],[-97.76332629,30.223862326],[-97.76389941,30.22295878],[-97.7639001322231,30.2229576254131]]},"properties":{"AADT_CUR":17867,"RTE_NM":"258521","RTE_PRFX":"CS","RTE_NBR":"258521","SYSTEM":"Off"}},{"type":"Feature","geometry":{"type":"LineString","coordinates":[[-97.71549951,30.25707297],[-97.71418765,30.25661436],[-97.71206052,30.25584476],[-97.71204274,30.25577013],[-97.71171695,30.2556342],[-97.71150512,30.25570688],[-97.7107095,30.25542353],[-97.71054652,30.25536546],[-97.7097335,30.25509086],[-97.70956706,30.25503461],[-97.70926583,30.25486893],[-97.70902664,30.25463572],[-97.70869446,30.25441441],[-97.70782866,30.25410316],[-97.70771004,30.25406443]]},"properties":{"AADT_CUR":195,"RTE_NM":"1015887","RTE_PRFX":"CS","RTE_NBR":"1015887","SYSTEM":"Off"}},{"type":"Feature","geometry":{"type":"LineString","coordinates":[[-97.78653357,30.27911833],[-97.78627026,30.27948989],[-97.7860792,30.27991512],[-97.78612117,30.28060631],[-97.78646833,30.28108076],[-97.78666497,30.28117263],[-97.78729089,30.28146496],[-97.78734166,30.28148869]]},"properties":{"AADT_CUR":195,"RTE_NM":"1206133","RTE_PRFX":"CS","RTE_NBR":"1206133","SYSTEM":"Off"}},{"type":"Feature","geometry":{"type":"LineString","coordinates":[[-97.6889685860952,30.28487293177],[-97.68896812,30.2848706700022],[-97.68883806,30.2845572200022],[-97.68851699,30.2843910500022],[-97.68815249,30.2843340200022]]},"properties":{"AADT_CUR":195,"RTE_NM":"1021582","RTE_PRFX":"CS","RTE_NBR":"1021582","SYSTEM":"Off"}},{"type":"Feature","geometry":{"type":"LineString","coordinates":[[-97.76505058,30.3095871300024],[-97.76418692,30.3091857400024],[-97.76324923,30.3087520000024],[-97.76322614,30.3087454000023],[-97.76319851,30.3087414400024],[-97.76317423,30.3087413900024],[-97.7629091887401,30.3087910590405]]},"properties":{"AADT_CUR":195,"RTE_NM":"1014773","RTE_PRFX":"CS","RTE_NBR":"1014773","SYSTEM":"Off"}},{"type":"Feature","geometry":{"type":"LineString","coordinates":[[-97.7451621336699,30.3188631959277],[-97.74425983,30.31843723],[-97.7433991,30.31802383],[-97.74249832,30.31756829],[-97.74162558,30.3171326],[-97.74090789,30.3167656],[-97.740775131,30.316697742]]},"properties":{"AADT_CUR":676,"RTE_NM":"1021237","RTE_PRFX":"CS","RTE_NBR":"1021237","SYSTEM":"Off"}},{"type":"Feature","geometry":{"type":"LineString","coordinates":[[-97.71392467,30.2956503100023],[-97.713127959999,30.2961593700043],[-97.71306702,30.2962782600023],[-97.71280835,30.2967826400023],[-97.71335261,30.2972439500023],[-97.71396554,30.2977634200023],[-97.71396819,30.2978035800023],[-97.71400099,30.2982977400023],[-97.7137927,30.2986427800023]]},"properties":{"AADT_CUR":195,"RTE_NM":"1017917","RTE_PRFX":"CS","RTE_NBR":"1017917","SYSTEM":"Off"}},{"type":"Feature","geometry":{"type":"LineString","coordinates":[[-97.74286854,30.2987001600046],[-97.74282081,30.2987758700046],[-97.74264592,30.2990532000046],[-97.74258288,30.2991569600046],[-97.74212946,30.2999036200046],[-97.74208995,30.2999631900046],[-97.74161081,30.3006852400046],[-97.74156116,30.3007496700046],[-97.7412725599989,30.3011239500064],[-97.74121306,30.3012220700046],[-97.74078834,30.3019227600047],[-97.74054922,30.3023002200046],[-97.74032337,30.3027714600046],[-97.74022049,30.3029257400046],[-97.73981695,30.3035310200046],[-97.7397841849017,30.3035801480916]]},"properties":{"AADT_CUR":195,"RTE_NM":"1017447","RTE_PRFX":"CS","RTE_NBR":"1017447","SYSTEM":"Off"}},{"type":"Feature","geometry":{"type":"LineString","coordinates":[[-97.7303442,30.2751344400021],[-97.73035613,30.2751963700022],[-97.73037921,30.2753159500021],[-97.73044863,30.2756759300021],[-97.73047953,30.2758363200021],[-97.7305124107744,30.2759292373727]]},"properties":{"AADT_CUR":195,"RTE_NM":"1018763","RTE_PRFX":"CS","RTE_NBR":"1018763","SYSTEM":"Off"}},{"type":"Feature","geometry":{"type":"LineString","coordinates":[[-97.7473346963839,30.2758411131281],[-97.7465969651202,30.2778754873369],[-97.74623969,30.2788606800021],[-97.7458829947181,30.2797855132388],[-97.7455364846488,30.2806839205205],[-97.7452068084623,30.2815386656883],[-97.7448118621765,30.2825626143577]]},"properties":{"AADT_CUR":831,"RTE_NM":"258649","RTE_PRFX":"CS","RTE_NBR":"258649","SYSTEM":"Off"}},{"type":"Feature","geometry":{"type":"LineString","coordinates":[[-97.7505378990457,30.2799772155642],[-97.75054303,30.27994918],[-97.75063518,30.27954478],[-97.75069574,30.27887745],[-97.7507274,30.27862179],[-97.75074453,30.27843829],[-97.75078758,30.2782441],[-97.75082227,30.27813332],[-97.75105866,30.27763062],[-97.75139788,30.27689704],[-97.75228972,30.27499102],[-97.7527893,30.27392169],[-97.75336102,30.27275856],[-97.75393277,30.27156567]]},"properties":{"AADT_CUR":16244,"RTE_NM":"258580","RTE_PRFX":"CS","RTE_NBR":"258580","SYSTEM":"Off"}},{"type":"Feature","geometry":{"type":"LineString","coordinates":[[-97.74747984,30.30119707],[-97.74746649,30.30121735],[-97.74709667,30.30177792]]},"properties":{"AADT_CUR":195,"RTE_NM":"1021311","RTE_PRFX":"CS","RTE_NBR":"1021311","SYSTEM":"Off"}},{"type":"Feature","geometry":{"type":"LineString","coordinates":[[-97.7695102916507,30.2769451414321],[-97.7695934734386,30.2768362450335]]},"properties":{"AADT_CUR":160618,"RTE_NM":"SL0001-RG","RTE_PRFX":"SL","RTE_NBR":"1","SYSTEM":"On"}},{"type":"Feature","geometry":{"type":"LineString","coordinates":[[-97.7124832986544,30.2853262812891],[-97.71248393,30.2853290200022],[-97.7124891991753,30.2853548393888]]},"properties":{"AADT_CUR":195,"RTE_NM":"1015490","RTE_PRFX":"CS","RTE_NBR":"1015490","SYSTEM":"Off"}},{"type":"Feature","geometry":{"type":"LineString","coordinates":[[-97.7070167,30.2927401500046],[-97.70507556,30.2927925200045],[-97.70426754,30.2928132700046],[-97.70347701,30.2928351200045],[-97.7031269300009,30.2928520730131],[-97.70270364,30.2928725700046],[-97.7026677400211,30.2928729907691],[-97.70217371,30.2928787800044],[-97.70185443,30.2928905100046],[-97.7012688,30.2928935800046],[-97.7010972,30.2929020800045],[-97.70098963,30.2929102100045],[-97.7009057,30.2929257600046],[-97.7008385,30.2929400900045],[-97.70060535,30.2929856300045],[-97.70050605,30.2930137600044],[-97.70028432,30.2930645400045],[-97.70009148,30.2931209500046],[-97.6999679980901,30.293159740047]]},"properties":{"AADT_CUR":195,"RTE_NM":"1018128","RTE_PRFX":"CS","RTE_NBR":"1018128","SYSTEM":"Off"}},{"type":"Feature","geometry":{"type":"LineString","coordinates":[[-97.70310206,30.2914572100022],[-97.70312702,30.2921508200023],[-97.7031269300009,30.2928520730154]]},"properties":{"AADT_CUR":195,"RTE_NM":"1019104","RTE_PRFX":"CS","RTE_NBR":"1019104","SYSTEM":"Off"}},{"type":"Feature","geometry":{"type":"LineString","coordinates":[[-97.68649355,30.21975683],[-97.68553571,30.22027061],[-97.68516576,30.22039223],[-97.68492063,30.22036026],[-97.68481469,30.22034646],[-97.68450303,30.22024925],[-97.68428442,30.22009519],[-97.68425373,30.22007354],[-97.68418908,30.21999638],[-97.6840475,30.21982727],[-97.68478947,30.21982337],[-97.68488368,30.21983181],[-97.68518754,30.21985908],[-97.68540427,30.21975082],[-97.68550359,30.21969776],[-97.68605319,30.2194043],[-97.68606874,30.21939601]]},"properties":{"AADT_CUR":195,"RTE_NM":"1018887","RTE_PRFX":"CS","RTE_NBR":"1018887","SYSTEM":"Off"}},{"type":"Feature","geometry":{"type":"LineString","coordinates":[[-97.68437585,30.27552356],[-97.68519751,30.27595038],[-97.68534022,30.27601915],[-97.68564481,30.27616587],[-97.68571102,30.27619659],[-97.68607349,30.27636453],[-97.68621096,30.27644061],[-97.68716575,30.27695467]]},"properties":{"AADT_CUR":195,"RTE_NM":"1015622","RTE_PRFX":"CS","RTE_NBR":"1015622","SYSTEM":"Off"}},{"type":"Feature","geometry":{"type":"LineString","coordinates":[[-97.7355300818395,30.2285737114734],[-97.7355134804437,30.228575560434]]},"properties":{"AADT_CUR":195,"RTE_NM":"1014579","RTE_PRFX":"CS","RTE_NBR":"1014579","SYSTEM":"Off"}},{"type":"Feature","geometry":{"type":"LineString","coordinates":[[-97.7194988790868,30.2388755254415],[-97.7195384903768,30.2388116117324]]},"properties":{"AADT_CUR":18134,"RTE_NM":"258784","RTE_PRFX":"CS","RTE_NBR":"258784","SYSTEM":"Off"}},{"type":"Feature","geometry":{"type":"LineString","coordinates":[[-97.75665376,30.25875473],[-97.75639579,30.25860559],[-97.75624435,30.25853708],[-97.75473953,30.25784015],[-97.75472338,30.25783265],[-97.75460764,30.25777809],[-97.75376504,30.25735683],[-97.75300877,30.25705556]]},"properties":{"AADT_CUR":195,"RTE_NM":"1019190","RTE_PRFX":"CS","RTE_NBR":"1019190","SYSTEM":"Off"}},{"type":"Feature","geometry":{"type":"LineString","coordinates":[[-97.78870138,30.27709316],[-97.78849859,30.27757319],[-97.7884497,30.27768498],[-97.78838725,30.27773872],[-97.78804255,30.27804269],[-97.78802241,30.27805323],[-97.78795663,30.27808774],[-97.78784044,30.27813769],[-97.7877312,30.27822352],[-97.78753446,30.27844514],[-97.78750257,30.27848301],[-97.78739027,30.27853576],[-97.78706172,30.278466],[-97.78622871,30.27776187]]},"properties":{"AADT_CUR":195,"RTE_NM":"1206140","RTE_PRFX":"CS","RTE_NBR":"1206140","SYSTEM":"Off"}},{"type":"Feature","geometry":{"type":"LineString","coordinates":[[-97.7831254290118,30.2915730549304],[-97.7831129220236,30.2915564261862],[-97.7830489323759,30.291471348243],[-97.7820454,30.2901370700023],[-97.7820019755445,30.2900786571096],[-97.781141471287,30.2889211225428],[-97.78034102,30.2878443400022],[-97.77863367,30.2856827100022],[-97.7768075063674,30.2831903467275]]},"properties":{"AADT_CUR":7918,"RTE_NM":"258569","RTE_PRFX":"CS","RTE_NBR":"258569","SYSTEM":"Off"}},{"type":"Feature","geometry":{"type":"LineString","coordinates":[[-97.77559926,30.2841454],[-97.77485549,30.28530497]]},"properties":{"AADT_CUR":195,"RTE_NM":"1018601","RTE_PRFX":"CS","RTE_NBR":"1018601","SYSTEM":"Off"}},{"type":"Feature","geometry":{"type":"LineString","coordinates":[[-97.7195589401978,30.3048715517062],[-97.7195668736604,30.304858767454]]},"properties":{"AADT_CUR":1211,"RTE_NM":"258641","RTE_PRFX":"CS","RTE_NBR":"258641","SYSTEM":"Off"}},{"type":"Feature","geometry":{"type":"LineString","coordinates":[[-97.7264701210685,30.3077394982873],[-97.7255642021243,30.3073260689537],[-97.72506343,30.3070975300023],[-97.72498979,30.3070639300023],[-97.7249159,30.3070410800024],[-97.72483331,30.3070360200023],[-97.7245419463396,30.307025494178]]},"properties":{"AADT_CUR":11306,"RTE_NM":"258451","RTE_PRFX":"CS","RTE_NBR":"258451","SYSTEM":"Off"}},{"type":"Feature","geometry":{"type":"LineString","coordinates":[[-97.7414720183848,30.2887629733471],[-97.74143982,30.2887613400022],[-97.74131306,30.2887529400023],[-97.74091781,30.2887261600022],[-97.740493,30.2886971300022],[-97.7403484,30.2886874100022]]},"properties":{"AADT_CUR":1738,"RTE_NM":"1021207","RTE_PRFX":"CS","RTE_NBR":"1021207","SYSTEM":"Off"}},{"type":"Feature","geometry":{"type":"LineString","coordinates":[[-97.72458399,30.28132656],[-97.72462665,30.28151621],[-97.72483439,30.2824401]]},"properties":{"AADT_CUR":195,"RTE_NM":"1015254","RTE_PRFX":"CS","RTE_NBR":"1015254","SYSTEM":"Off"}},{"type":"Feature","geometry":{"type":"LineString","coordinates":[[-97.73991331,30.22665165],[-97.73970692,30.22655938],[-97.73963591,30.2265372],[-97.7395735,30.22652816],[-97.73935879,30.22652381],[-97.73929638,30.22651478],[-97.73923125,30.22649531],[-97.73884175,30.22631515],[-97.73842964,30.22612412],[-97.73838568,30.22609471],[-97.73837506,30.226055]]},"properties":{"AADT_CUR":195,"RTE_NM":"1020903","RTE_PRFX":"CS","RTE_NBR":"1020903","SYSTEM":"Off"}},{"type":"Feature","geometry":{"type":"LineString","coordinates":[[-97.76572296,30.22484619],[-97.76536879,30.22536165],[-97.76530275,30.22546577],[-97.76512583,30.22574457],[-97.76459433,30.22631695]]},"properties":{"AADT_CUR":195,"RTE_NM":"1019461","RTE_PRFX":"CS","RTE_NBR":"1019461","SYSTEM":"Off"}},{"type":"Feature","geometry":{"type":"LineString","coordinates":[[-97.6928333664692,30.2491581942628],[-97.69282478,30.249165150002],[-97.6928071906636,30.2491765519366]]},"properties":{"AADT_CUR":195,"RTE_NM":"1017316","RTE_PRFX":"CS","RTE_NBR":"1017316","SYSTEM":"Off"}},{"type":"Feature","geometry":{"type":"LineString","coordinates":[[-97.69590798,30.29291788],[-97.69588788,30.29284138],[-97.69588098,30.29281248],[-97.69587278,30.29256548],[-97.69586498,30.29232958],[-97.69585838,30.29213158],[-97.69585588,30.29207118],[-97.69584178,30.29162468],[-97.69584178,30.29159478],[-97.69583918,30.29150658]]},"properties":{"AADT_CUR":195,"RTE_NM":"1306305","RTE_PRFX":"CS","RTE_NBR":"1306305","SYSTEM":"Off"}},{"type":"Feature","geometry":{"type":"LineString","coordinates":[[-97.80503659,30.3170352300024],[-97.80455859,30.3171958700024],[-97.80409759,30.3173732400024],[-97.80383897,30.3174447400024],[-97.80375109,30.3174816100024],[-97.80365672,30.3175081100024],[-97.80355797,30.3175252400024],[-97.80315634,30.3176257400024],[-97.80296209,30.3176624900024],[-97.80252159,30.3177099900024],[-97.80242297,30.3177039900024],[-97.80232722,30.3176939900024],[-97.80186284,30.3175964900024],[-97.80132771,30.3174539900024],[-97.80022547,30.3172113600024],[-97.79987834,30.3171114900024],[-97.79979634,30.3170704900024],[-97.79957209,30.3169229900024],[-97.79948272,30.3168484900024],[-97.79931135,30.3166847400024],[-97.79907622,30.3164339900024],[-97.7988946,30.3162787400024],[-97.79874497,30.3162063700024],[-97.79866221,30.3161806200024],[-97.79857684,30.3161642300024],[-97.79831609,30.3161578600024],[-97.79821859,30.3161762400024],[-97.79807135,30.3162416100024],[-97.79796785,30.3163287400024],[-97.79767428,30.3165243600024]]},"properties":{"AADT_CUR":195,"RTE_NM":"227AA0492","RTE_PRFX":"CR","RTE_NBR":"492","SYSTEM":"Off"}},{"type":"Feature","geometry":{"type":"LineString","coordinates":[[-97.74206207,30.30252202],[-97.74094812,30.30200281],[-97.74078834,30.30192276],[-97.73928603,30.30115253],[-97.73910171,30.30120105],[-97.73819718,30.30080319],[-97.73613492,30.29981802]]},"properties":{"AADT_CUR":195,"RTE_NM":"1021223","RTE_PRFX":"CS","RTE_NBR":"1021223","SYSTEM":"Off"}},{"type":"Feature","geometry":{"type":"LineString","coordinates":[[-97.73094929,30.2901856400023],[-97.73090312,30.2901643800023],[-97.73012606,30.2898066200022],[-97.7300556,30.2897741900022]]},"properties":{"AADT_CUR":195,"RTE_NM":"1017725","RTE_PRFX":"CS","RTE_NBR":"1017725","SYSTEM":"Off"}},{"type":"Feature","geometry":{"type":"LineString","coordinates":[[-97.72110719,30.2896581000022],[-97.72038103,30.2900531000023],[-97.72029153,30.2901927200022],[-97.71911944,30.2920213800023],[-97.71857062,30.2928656800022],[-97.71786198,30.2939557700023],[-97.7178313036103,30.2940028538819]]},"properties":{"AADT_CUR":195,"RTE_NM":"1017038","RTE_PRFX":"CS","RTE_NBR":"1017038","SYSTEM":"Off"}},{"type":"Feature","geometry":{"type":"LineString","coordinates":[[-97.72819829,30.2745435],[-97.72693253,30.27474327],[-97.72691267,30.2747463],[-97.72539886,30.2749761],[-97.72434254,30.27515017],[-97.72428486,30.2751597],[-97.72330225,30.2753065],[-97.72323175,30.27531705],[-97.72234979,30.27544689],[-97.72229643,30.27545477],[-97.72129369,30.27562135],[-97.72035487,30.27576998],[-97.71931113,30.27593297],[-97.71835301,30.2760922],[-97.71744786,30.27623742],[-97.71739503,30.27624592],[-97.71640944,30.27636606],[-97.71544238,30.27650979],[-97.71540086,30.27651598],[-97.71445448,30.27667041],[-97.71438233,30.2766822],[-97.71342441,30.27683313],[-97.71251065,30.27699047],[-97.71159313,30.27708447],[-97.71098104,30.27719021]]},"properties":{"AADT_CUR":195,"RTE_NM":"1015843","RTE_PRFX":"CS","RTE_NBR":"1015843","SYSTEM":"Off"}},{"type":"Feature","geometry":{"type":"LineString","coordinates":[[-97.7385434584664,30.262805246395],[-97.738869171,30.261844327]]},"properties":{"AADT_CUR":3955,"RTE_NM":"258641","RTE_PRFX":"CS","RTE_NBR":"258641","SYSTEM":"Off"}},{"type":"Feature","geometry":{"type":"LineString","coordinates":[[-97.7717871,30.2657191100063],[-97.77183168,30.2656484900063],[-97.77191317,30.2655648700063],[-97.77210598,30.2654917100062],[-97.77272636,30.2652180700063],[-97.77291253,30.2650677700063],[-97.77304066,30.2649245700063],[-97.7732068300004,30.264751870002],[-97.77322134,30.2646228900063],[-97.77321134,30.2644934300063],[-97.77316545,30.2644017000063],[-97.77308767,30.2643176900063],[-97.77299758,30.2642801100063],[-97.772894,30.2642423100061],[-97.7727164,30.2642497600063],[-97.77149532,30.2644151300061],[-97.77102784,30.2644800300063],[-97.77072758,30.2645730400063],[-97.77057908,30.2646470800063],[-97.77043883,30.2647680100063],[-97.77031408,30.2649305400063],[-97.76956967,30.2655509700063],[-97.76935681,30.2657227300062],[-97.76934442,30.2658600000063],[-97.7687703964555,30.2660475576763]]},"properties":{"AADT_CUR":195,"RTE_NM":"1021594","RTE_PRFX":"CS","RTE_NBR":"1021594","SYSTEM":"Off"}},{"type":"Feature","geometry":{"type":"LineString","coordinates":[[-97.74365227,30.22623079],[-97.74310432,30.22599693]]},"properties":{"AADT_CUR":195,"RTE_NM":"1020799","RTE_PRFX":"CS","RTE_NBR":"1020799","SYSTEM":"Off"}},{"type":"Feature","geometry":{"type":"LineString","coordinates":[[-97.69586269,30.22962865],[-97.69469349,30.23112276],[-97.69462679,30.2312072],[-97.69284966,30.23345558],[-97.69152857,30.23508681]]},"properties":{"AADT_CUR":195,"RTE_NM":"1021048","RTE_PRFX":"CS","RTE_NBR":"1021048","SYSTEM":"Off"}},{"type":"Feature","geometry":{"type":"LineString","coordinates":[[-97.68493085,30.25116663],[-97.68496409,30.25136264],[-97.68497093,30.25154511],[-97.6849637,30.25167481],[-97.68494284,30.25178773],[-97.68464775,30.25270935],[-97.68459062,30.25287931],[-97.68456785,30.25296129],[-97.68455722,30.2530539],[-97.68455267,30.25313132],[-97.68455722,30.2532376],[-97.68456604,30.25331408],[-97.68459214,30.25340763],[-97.68461947,30.25348506],[-97.68465287,30.25356704],[-97.68469689,30.25364599],[-97.68475155,30.25372342],[-97.68479861,30.2537887],[-97.68487149,30.25387068],[-97.68496713,30.25395418],[-97.68504304,30.2540058],[-97.68519678,30.25409453],[-97.68536217,30.25417489],[-97.685708,30.2543398],[-97.68588365,30.25442384]]},"properties":{"AADT_CUR":195,"RTE_NM":"1017165","RTE_PRFX":"CS","RTE_NBR":"1017165","SYSTEM":"Off"}},{"type":"Feature","geometry":{"type":"LineString","coordinates":[[-97.77890377,30.22846238],[-97.78301435,30.2304578]]},"properties":{"AADT_CUR":195,"RTE_NM":"1018423","RTE_PRFX":"CS","RTE_NBR":"1018423","SYSTEM":"Off"}},{"type":"Feature","geometry":{"type":"LineString","coordinates":[[-97.77515954,30.24627021],[-97.77376239,30.24644935],[-97.77348919,30.2464844]]},"properties":{"AADT_CUR":195,"RTE_NM":"1017199","RTE_PRFX":"CS","RTE_NBR":"1017199","SYSTEM":"Off"}},{"type":"Feature","geometry":{"type":"LineString","coordinates":[[-97.7692616307366,30.2465423444245],[-97.76922277,30.24644519],[-97.76904609,30.24605376],[-97.76886265,30.24579843],[-97.76858331,30.24551905],[-97.76809667,30.24523046],[-97.76775831,30.24509273],[-97.76684879,30.24483614],[-97.76559162,30.24442871],[-97.76507991,30.24427585],[-97.76461081,30.24412826],[-97.7643394353956,30.2439772078908]]},"properties":{"AADT_CUR":8668,"RTE_NM":"258630","RTE_PRFX":"CS","RTE_NBR":"258630","SYSTEM":"Off"}},{"type":"Feature","geometry":{"type":"LineString","coordinates":[[-97.73164794,30.253303900002],[-97.73133296,30.253190220002],[-97.73115534,30.253126130002],[-97.7311547011923,30.2531259050136]]},"properties":{"AADT_CUR":195,"RTE_NM":"1019571","RTE_PRFX":"CS","RTE_NBR":"1019571","SYSTEM":"Off"}},{"type":"Feature","geometry":{"type":"LineString","coordinates":[[-97.7968057124149,30.2655893013354],[-97.79697604,30.265901150002]]},"properties":{"AADT_CUR":195,"RTE_NM":"1019259","RTE_PRFX":"CS","RTE_NBR":"1019259","SYSTEM":"Off"}},{"type":"Feature","geometry":{"type":"LineString","coordinates":[[-97.7566400199811,30.2196103125493],[-97.75662385,30.2196348600018],[-97.7566234732221,30.2196354839598]]},"properties":{"AADT_CUR":195,"RTE_NM":"1018990","RTE_PRFX":"CS","RTE_NBR":"1018990","SYSTEM":"Off"}},{"type":"Feature","geometry":{"type":"LineString","coordinates":[[-97.722542753298,30.2667512969531],[-97.7225366045654,30.2667647961931]]},"properties":{"AADT_CUR":195,"RTE_NM":"1014922","RTE_PRFX":"CS","RTE_NBR":"1014922","SYSTEM":"Off"}},{"type":"Feature","geometry":{"type":"LineString","coordinates":[[-97.76993481,30.2832631100022],[-97.76955944,30.2830923500022],[-97.76943012,30.2830347600022],[-97.76761065,30.2821701700022],[-97.7674953403374,30.282115487568]]},"properties":{"AADT_CUR":195,"RTE_NM":"1021189","RTE_PRFX":"CS","RTE_NBR":"1021189","SYSTEM":"Off"}},{"type":"Feature","geometry":{"type":"LineString","coordinates":[[-97.73377237,30.24582209],[-97.73265654,30.24529063]]},"properties":{"AADT_CUR":195,"RTE_NM":"1017156","RTE_PRFX":"CS","RTE_NBR":"1017156","SYSTEM":"Off"}},{"type":"Feature","geometry":{"type":"LineString","coordinates":[[-97.70468737,30.2304206100018],[-97.70461262,30.2305335500018],[-97.7042439,30.2310908800019],[-97.70374068,30.2310778000019],[-97.70313064,30.2310900300018],[-97.70229252,30.2310728100019],[-97.700204300076,30.2301211598007]]},"properties":{"AADT_CUR":195,"RTE_NM":"1018049","RTE_PRFX":"CS","RTE_NBR":"1018049","SYSTEM":"Off"}},{"type":"Feature","geometry":{"type":"LineString","coordinates":[[-97.77212209,30.28536864],[-97.77252393,30.28554166],[-97.77288922,30.28589828]]},"properties":{"AADT_CUR":195,"RTE_NM":"1018062","RTE_PRFX":"CS","RTE_NBR":"1018062","SYSTEM":"Off"}},{"type":"Feature","geometry":{"type":"LineString","coordinates":[[-97.77554576,30.3073323800024],[-97.77530067,30.3070443100023],[-97.77515296,30.3069280500023],[-97.77503114,30.3068520500023],[-97.77490875,30.3067970500024],[-97.77472576,30.3067431700023],[-97.77463748,30.3067215500024],[-97.77397413,30.3066745600023],[-97.77371902,30.3066495600023],[-97.77360076,30.3066503600024],[-97.7735027,30.3066630600024],[-97.77341179,30.3066800800024],[-97.77319414,30.3067437800023],[-97.77308987,30.3067636700023],[-97.77294884,30.3067587700023],[-97.77286122,30.3067413100024],[-97.7727502,30.3066989900024],[-97.77271244,30.3066872100024],[-97.77192831,30.3062869700024],[-97.77146906,30.3059946400023],[-97.77114837,30.3058636100024],[-97.77093632,30.3058120400023],[-97.77081499,30.3058011200024],[-97.77071091,30.3058041500023],[-97.77055714,30.3058317200024],[-97.77016765,30.3059447800024],[-97.77006141,30.3059563000023],[-97.76998306,30.3059513200023],[-97.7698765474723,30.3059271147174]]},"properties":{"AADT_CUR":195,"RTE_NM":"1019545","RTE_PRFX":"CS","RTE_NBR":"1019545","SYSTEM":"Off"}},{"type":"Feature","geometry":{"type":"LineString","coordinates":[[-97.7284987220764,30.3176524647312],[-97.7284931859687,30.3176499340873],[-97.72711747,30.3170867700024],[-97.7263487873257,30.3167430570512]]},"properties":{"AADT_CUR":6196,"RTE_NM":"258461","RTE_PRFX":"CS","RTE_NBR":"258461","SYSTEM":"Off"}},{"type":"Feature","geometry":{"type":"LineString","coordinates":[[-97.6863697230104,30.3088180570325],[-97.68630699,30.30888343],[-97.6862604,30.30895681],[-97.68621062,30.30904313],[-97.6861777,30.30917228],[-97.68616256,30.30924682],[-97.68606952,30.30958628],[-97.68589412,30.31040501],[-97.68586789,30.31049658],[-97.68580499,30.31057228],[-97.68572229,30.31065731],[-97.68562563,30.31073186],[-97.68552288,30.31085227],[-97.6854183,30.31099974],[-97.68538336,30.31110573],[-97.68534725,30.31127694],[-97.68532778,30.31140198],[-97.68528436,30.31155764],[-97.6852564,30.31165781],[-97.68519234,30.31176147],[-97.6850952,30.31202497],[-97.68477662,30.31221938],[-97.68452263,30.31238693],[-97.68410798,30.31267112],[-97.683826,30.31287013],[-97.68339167,30.31315449],[-97.68328853,30.31320746],[-97.68315291,30.31325582],[-97.68291793,30.3133342],[-97.68250765,30.31346314],[-97.68200099,30.31362387],[-97.681796,30.31369375],[-97.681697,30.31374151],[-97.68159799,30.31380557],[-97.68151996,30.31387895],[-97.68144928,30.3139736],[-97.68137553,30.31407346],[-97.6811161,30.3144592],[-97.6809245,30.31475513]]},"properties":{"AADT_CUR":3204,"RTE_NM":"1018643","RTE_PRFX":"CS","RTE_NBR":"1018643","SYSTEM":"Off"}},{"type":"Feature","geometry":{"type":"LineString","coordinates":[[-97.6870941633102,30.3094032514643],[-97.68683347,30.3102786500024],[-97.68702096,30.3110718800024],[-97.68705244,30.3114085400024],[-97.68712737,30.3122096500024],[-97.6871395703317,30.3123399203782],[-97.68714108,30.3123560400024],[-97.68721378,30.3130863600024],[-97.6871073,30.3132528700024],[-97.6870128,30.3134005400024],[-97.6869811,30.3134501400024]]},"properties":{"AADT_CUR":195,"RTE_NM":"1020734","RTE_PRFX":"CS","RTE_NBR":"1020734","SYSTEM":"Off"}},{"type":"Feature","geometry":{"type":"LineString","coordinates":[[-97.70832387,30.27302055],[-97.70808617,30.27343376],[-97.70804865,30.27349875],[-97.7077355,30.27403782]]},"properties":{"AADT_CUR":195,"RTE_NM":"1014015","RTE_PRFX":"CS","RTE_NBR":"1014015","SYSTEM":"Off"}},{"type":"Feature","geometry":{"type":"LineString","coordinates":[[-97.7697121410637,30.2262058232125],[-97.76969967,30.22619893],[-97.76911436,30.22581123],[-97.76753742,30.22479729],[-97.76628305,30.22382054],[-97.76512492,30.22309875],[-97.7645082,30.22268733],[-97.7641832180354,30.2224798303909]]},"properties":{"AADT_CUR":499,"RTE_NM":"US0290-AG","RTE_PRFX":"US","RTE_NBR":"290","SYSTEM":"On"}},{"type":"Feature","geometry":{"type":"LineString","coordinates":[[-97.6894196217693,30.2410616708309],[-97.68935393,30.24094671],[-97.68917975,30.24065712],[-97.68892374,30.24024162],[-97.6885586,30.23964775],[-97.68824383,30.23919238],[-97.68788289,30.23866356],[-97.6875807,30.23823547],[-97.6874823455019,30.2381009830788]]},"properties":{"AADT_CUR":44160,"RTE_NM":"TL0183-KG","RTE_PRFX":"TL","RTE_NBR":"183","SYSTEM":"Off"}},{"type":"Feature","geometry":{"type":"LineString","coordinates":[[-97.69337578,30.29099538],[-97.69337778,30.29106848],[-97.69337878,30.29108628],[-97.69338558,30.29134728],[-97.69339288,30.29161658],[-97.69339488,30.29168908],[-97.69339718,30.29176478],[-97.69340528,30.29203548],[-97.69341448,30.29227638],[-97.69341518,30.29230558],[-97.69341678,30.29237678],[-97.69341968,30.29244968],[-97.69342098,30.29248068],[-97.69343738,30.29296408],[-97.69343818,30.29299408],[-97.69344208,30.29306798],[-97.69349438,30.29446058]]},"properties":{"AADT_CUR":195,"RTE_NM":"1306299","RTE_PRFX":"CS","RTE_NBR":"1306299","SYSTEM":"Off"}},{"type":"Feature","geometry":{"type":"LineString","coordinates":[[-97.81193641,30.2924123400046],[-97.81183579,30.2928063800045],[-97.81180228,30.2929377600046],[-97.811768639998,30.2930718600066],[-97.81109067,30.2937689600046],[-97.81107575,30.2937843100046],[-97.8104727,30.2938191700045],[-97.8103397,30.2938743400046],[-97.81021979,30.2939462100045],[-97.81003305,30.2941185500046],[-97.8099161,30.2941657800046],[-97.80976222,30.2942040000045],[-97.80946244,30.2942751100046],[-97.8092686,30.2943538000045],[-97.80911198,30.2944662300046],[-97.808936,30.2945892800046],[-97.80882919,30.2946449300046],[-97.80871545,30.2946619400046],[-97.80853204,30.2946473300046],[-97.80825799,30.2944906600046],[-97.80810598,30.2944546700046],[-97.80755228,30.2944190000046],[-97.80710261,30.2944348900046],[-97.80658079,30.2943338200046],[-97.8055494899998,30.2938652100044],[-97.80538883,30.2937685300045],[-97.80523678,30.2937352800046],[-97.80507354,30.2937045600045],[-97.8048148,30.2936911700046],[-97.80458536,30.2936783900045],[-97.80421297,30.2935885700046],[-97.80373033,30.2934717800045],[-97.80203352,30.2930339800046],[-97.80148325,30.2928691000045],[-97.80112545,30.2927960200046],[-97.80075801,30.2925164500044],[-97.79979066,30.2919440000045],[-97.79947153924,30.291753678586]]},"properties":{"AADT_CUR":195,"RTE_NM":"1252120","RTE_PRFX":"CS","RTE_NBR":"1252120","SYSTEM":"Off"}},{"type":"Feature","geometry":{"type":"LineString","coordinates":[[-97.7190971784826,30.2697239956467],[-97.7190642334494,30.2697290112397]]},"properties":{"AADT_CUR":4130,"RTE_NM":"258660","RTE_PRFX":"CS","RTE_NBR":"258660","SYSTEM":"Off"}},{"type":"Feature","geometry":{"type":"LineString","coordinates":[[-97.74136632,30.27456091],[-97.74178545,30.27433348],[-97.74204711,30.27425829],[-97.74241091,30.2743757]]},"properties":{"AADT_CUR":195,"RTE_NM":"1021192","RTE_PRFX":"CS","RTE_NBR":"1021192","SYSTEM":"Off"}},{"type":"Feature","geometry":{"type":"LineString","coordinates":[[-97.76451851,30.29749119],[-97.76388187,30.29720615],[-97.76165604,30.29613835],[-97.76113419,30.29588863],[-97.76105171,30.29583194],[-97.76099853,30.29577589],[-97.76096446,30.29571745]]},"properties":{"AADT_CUR":195,"RTE_NM":"1020875","RTE_PRFX":"CS","RTE_NBR":"1020875","SYSTEM":"Off"}},{"type":"Feature","geometry":{"type":"LineString","coordinates":[[-97.7457402494213,30.301095618097],[-97.7457257796415,30.3010883239887]]},"properties":{"AADT_CUR":623,"RTE_NM":"1021220","RTE_PRFX":"CS","RTE_NBR":"1021220","SYSTEM":"Off"}},{"type":"Feature","geometry":{"type":"LineString","coordinates":[[-97.76690056,30.30317434],[-97.76730616,30.30365549],[-97.76743995,30.3039002],[-97.76761034,30.30410716],[-97.76774904,30.3041952],[-97.76792118,30.30424815],[-97.76814109,30.30426355],[-97.76828877,30.30425273],[-97.76844691,30.30420639],[-97.7687446,30.30427563],[-97.76903979,30.3044383],[-97.76915349,30.30466336],[-97.76915034,30.30478197],[-97.76914981,30.30487016],[-97.7690526,30.30509039],[-97.76872298,30.30565589],[-97.76856708,30.30588652],[-97.76846532,30.30624335],[-97.76840802,30.30644438],[-97.76812835,30.30668084]]},"properties":{"AADT_CUR":195,"RTE_NM":"1018044","RTE_PRFX":"CS","RTE_NBR":"1018044","SYSTEM":"Off"}},{"type":"Feature","geometry":{"type":"LineString","coordinates":[[-97.76466504,30.2270224500018],[-97.76316581,30.2263293300018],[-97.76243968,30.2259936300018],[-97.7622841628237,30.2259217462888]]},"properties":{"AADT_CUR":195,"RTE_NM":"1017730","RTE_PRFX":"CS","RTE_NBR":"1017730","SYSTEM":"Off"}},{"type":"Feature","geometry":{"type":"LineString","coordinates":[[-97.7780226185958,30.3018096138215],[-97.77794232,30.3020280100023],[-97.77791799,30.3023795600023],[-97.77780822,30.3025451500023],[-97.7776933,30.3029334000023]]},"properties":{"AADT_CUR":195,"RTE_NM":"1019604","RTE_PRFX":"CS","RTE_NBR":"1019604","SYSTEM":"Off"}},{"type":"Feature","geometry":{"type":"LineString","coordinates":[[-97.79161671,30.2222108],[-97.79074911,30.22244663],[-97.78853541,30.22292522],[-97.78774767,30.22308528],[-97.78765982,30.2231031],[-97.78681815,30.22326312],[-97.78674312,30.22327736],[-97.78609114,30.22337994],[-97.78544336,30.2233258],[-97.78505463,30.22317502],[-97.78471084,30.22301435],[-97.7845384,30.22293375],[-97.78361097,30.22249724],[-97.78269158,30.22204884],[-97.78260566,30.22200692],[-97.78179652,30.22158744],[-97.78166218,30.22151782]]},"properties":{"AADT_CUR":195,"RTE_NM":"1019088","RTE_PRFX":"CS","RTE_NBR":"1019088","SYSTEM":"Off"}},{"type":"Feature","geometry":{"type":"LineString","coordinates":[[-97.73092775,30.2243465400018],[-97.730024971719,30.2238642652362]]},"properties":{"AADT_CUR":195,"RTE_NM":"1016543","RTE_PRFX":"CS","RTE_NBR":"1016543","SYSTEM":"Off"}},{"type":"Feature","geometry":{"type":"LineString","coordinates":[[-97.69438044,30.27223564],[-97.69424945,30.27261438]]},"properties":{"AADT_CUR":195,"RTE_NM":"1021431","RTE_PRFX":"CS","RTE_NBR":"1021431","SYSTEM":"Off"}},{"type":"Feature","geometry":{"type":"LineString","coordinates":[[-97.6916110500518,30.3156562642106],[-97.6915962648195,30.3156494497138]]},"properties":{"AADT_CUR":2886,"RTE_NM":"1021522","RTE_PRFX":"CS","RTE_NBR":"1021522","SYSTEM":"Off"}},{"type":"Feature","geometry":{"type":"LineString","coordinates":[[-97.71530096152,30.3007626214724],[-97.71525734,30.3007948],[-97.71488003,30.30104902],[-97.71463728,30.30124442],[-97.7145835677241,30.3012844764356]]},"properties":{"AADT_CUR":13438,"RTE_NM":"IH0035-AG","RTE_PRFX":"IH","RTE_NBR":"35","SYSTEM":"On"}},{"type":"Feature","geometry":{"type":"LineString","coordinates":[[-97.7275496806028,30.3022401350033],[-97.72662377,30.3017840000023],[-97.72634233,30.3016434800023],[-97.72579794,30.3013793800023],[-97.72420187,30.3006235500023],[-97.72238577,30.2996817300023],[-97.7181679694717,30.2976644897576]]},"properties":{"AADT_CUR":4391,"RTE_NM":"1015876","RTE_PRFX":"CS","RTE_NBR":"1015876","SYSTEM":"Off"}},{"type":"Feature","geometry":{"type":"LineString","coordinates":[[-97.723893780953,30.2731274003823],[-97.7237964028353,30.2731433410929]]},"properties":{"AADT_CUR":7354,"RTE_NM":"258427","RTE_PRFX":"CS","RTE_NBR":"258427","SYSTEM":"Off"}},{"type":"Feature","geometry":{"type":"LineString","coordinates":[[-97.7207235050181,30.2656237875628],[-97.7207078890768,30.2656183477615]]},"properties":{"AADT_CUR":195,"RTE_NM":"1015202","RTE_PRFX":"CS","RTE_NBR":"1015202","SYSTEM":"Off"}},{"type":"Feature","geometry":{"type":"LineString","coordinates":[[-97.72640371,30.26085427],[-97.72636228,30.26093478],[-97.72615711,30.26133331]]},"properties":{"AADT_CUR":195,"RTE_NM":"1015254","RTE_PRFX":"CS","RTE_NBR":"1015254","SYSTEM":"Off"}},{"type":"Feature","geometry":{"type":"LineString","coordinates":[[-97.7329138661755,30.2704520871477],[-97.7328979525873,30.2704476050788]]},"properties":{"AADT_CUR":4638,"RTE_NM":"258419","RTE_PRFX":"CS","RTE_NBR":"258419","SYSTEM":"Off"}},{"type":"Feature","geometry":{"type":"LineString","coordinates":[[-97.70426223,30.26671942],[-97.7035908,30.26810555]]},"properties":{"AADT_CUR":195,"RTE_NM":"1017771","RTE_PRFX":"CS","RTE_NBR":"1017771","SYSTEM":"Off"}},{"type":"Feature","geometry":{"type":"LineString","coordinates":[[-97.7982139,30.22425029],[-97.79798198,30.22374297],[-97.79792337,30.22361472],[-97.79751764,30.22308413],[-97.7971525,30.22289519],[-97.7964233,30.2225179],[-97.79595357,30.22252509]]},"properties":{"AADT_CUR":195,"RTE_NM":"1019446","RTE_PRFX":"CS","RTE_NBR":"1019446","SYSTEM":"Off"}},{"type":"Feature","geometry":{"type":"LineString","coordinates":[[-97.664820783243,30.2855638335065],[-97.66486715,30.2854502],[-97.66497964,30.28495328],[-97.66518573,30.28421252],[-97.66549074,30.28317414],[-97.66588095,30.2821666],[-97.66605367,30.28166444],[-97.66618481,30.28124863],[-97.66635433,30.28071128],[-97.66657823,30.27999162],[-97.6668469,30.27883695],[-97.66694606,30.27842754],[-97.66716356,30.27763431],[-97.6672883,30.27708097],[-97.66746102,30.27620458],[-97.66757936,30.27563204],[-97.66775528,30.27483561],[-97.66798877,30.27371613],[-97.66812951,30.2731308],[-97.66824466,30.27268621],[-97.66846535,30.2718546],[-97.66869884,30.27111894],[-97.66897392,30.27044085],[-97.66913704,30.26997387],[-97.66924899,30.26964762],[-97.6694345,30.26900792],[-97.66960402,30.26842899],[-97.66981193,30.26778609],[-97.66996865,30.26736388],[-97.67025012,30.2666858],[-97.67062755,30.26597253],[-97.67080666,30.26565268],[-97.67112012,30.2651697],[-97.67153912,30.26456518],[-97.67193574,30.26402144],[-97.67263941,30.26295313],[-97.67302963,30.26232942],[-97.67359257,30.26144024],[-97.6739508,30.26083892],[-97.67441779,30.25989216],[-97.67464488,30.25943157],[-97.67478562,30.25917569],[-97.67494234,30.2589294],[-97.6752526,30.25844003],[-97.67579954,30.25754765],[-97.67646164,30.25652732],[-97.67728365,30.2552735],[-97.67758751,30.25480012],[-97.67792336,30.25428516],[-97.67821122,30.25387575],[-97.6784703,30.25354311],[-97.67875942,30.25323421],[-97.67903478,30.25297377],[-97.67944009,30.25262987],[-97.67986383,30.25231667],[-97.68020569,30.25212425],[-97.68068674,30.25187655],[-97.68122102,30.251635],[-97.68166319,30.25144053],[-97.68225478,30.25116213],[-97.68263758,30.25100246],[-97.68350758,30.25070769],[-97.6839784,30.2505644],[-97.68469487,30.25036788],[-97.68526395,30.25022254],[-97.68593333,30.25006901],[-97.6870949301483,30.2497829367524]]},"properties":{"AADT_CUR":27708,"RTE_NM":"US0183-XG","RTE_PRFX":"US","RTE_NBR":"183","SYSTEM":"On"}},{"type":"Feature","geometry":{"type":"LineString","coordinates":[[-97.7348297325183,30.247791555764],[-97.7348625,30.24797038],[-97.73506813,30.24849746],[-97.735212,30.24899046],[-97.73535552,30.24959346],[-97.73545666,30.25007499],[-97.73595957,30.25237271],[-97.73610898,30.25314269],[-97.73616779,30.25342639],[-97.73627589,30.25391856],[-97.73639988,30.25451444],[-97.73644191,30.2548092],[-97.73648157,30.25515037],[-97.73650571,30.25557278],[-97.73650635,30.25587769],[-97.73652316,30.25657469],[-97.73653728,30.25734689],[-97.73654147,30.25821575],[-97.73649643,30.2587283],[-97.73642402,30.25913493],[-97.73629759,30.25966733],[-97.736178,30.26003452],[-97.73606025,30.26038772],[-97.73583079,30.26089604],[-97.73574816,30.26116063],[-97.73570434,30.26136585],[-97.73562145,30.26176752],[-97.73554969,30.26200008],[-97.73528387,30.26275169],[-97.73497483,30.26346205],[-97.73460781,30.26429558],[-97.73442512,30.26486884],[-97.7341250196697,30.2657833214322]]},"properties":{"AADT_CUR":30389,"RTE_NM":"IH0035-AG","RTE_PRFX":"IH","RTE_NBR":"35","SYSTEM":"On"}},{"type":"Feature","geometry":{"type":"LineString","coordinates":[[-97.74592762,30.26996148],[-97.74484565,30.26965522],[-97.74245448,30.26901198]]},"properties":{"AADT_CUR":7393,"RTE_NM":"258406","RTE_PRFX":"CS","RTE_NBR":"258406","SYSTEM":"Off"}},{"type":"Feature","geometry":{"type":"LineString","coordinates":[[-97.7523495025596,30.2656327498438],[-97.75164816,30.2674189200021],[-97.75160964,30.2675110200021],[-97.75160356,30.2675251500021],[-97.75155366,30.2676680900021]]},"properties":{"AADT_CUR":195,"RTE_NM":"1021455","RTE_PRFX":"CS","RTE_NBR":"1021455","SYSTEM":"Off"}},{"type":"Feature","geometry":{"type":"LineString","coordinates":[[-97.7650348394291,30.2647958724364],[-97.76502162,30.26478692],[-97.76450472,30.26441159],[-97.7636443,30.26375953],[-97.76208725,30.2624838],[-97.76171514,30.26213594],[-97.76131988,30.26189884],[-97.76000308,30.26151707],[-97.75907509,30.26112072],[-97.75851418,30.26087592]]},"properties":{"AADT_CUR":14473,"RTE_NM":"258480","RTE_PRFX":"CS","RTE_NBR":"258480","SYSTEM":"Off"}},{"type":"Feature","geometry":{"type":"LineString","coordinates":[[-97.7504451402275,30.2883550968362],[-97.7504432240905,30.2883695037955]]},"properties":{"AADT_CUR":195,"RTE_NM":"1017864","RTE_PRFX":"CS","RTE_NBR":"1017864","SYSTEM":"Off"}},{"type":"Feature","geometry":{"type":"LineString","coordinates":[[-97.7741793,30.30339961],[-97.77401851,30.30378422],[-97.77357375,30.30447942],[-97.77347373,30.30460672],[-97.77308519,30.30509399]]},"properties":{"AADT_CUR":195,"RTE_NM":"1021085","RTE_PRFX":"CS","RTE_NBR":"1021085","SYSTEM":"Off"}},{"type":"Feature","geometry":{"type":"LineString","coordinates":[[-97.7191416621822,30.3056012407731],[-97.7191122240829,30.3055876018937]]},"properties":{"AADT_CUR":195,"RTE_NM":"1015880","RTE_PRFX":"CS","RTE_NBR":"1015880","SYSTEM":"Off"}},{"type":"Feature","geometry":{"type":"LineString","coordinates":[[-97.7285375383179,30.2980810348112],[-97.72853674,30.2980824100023],[-97.72797717,30.2989676000023],[-97.72743982,30.2998533700023],[-97.72687213,30.3008044000023],[-97.72634233,30.3016434800023]]},"properties":{"AADT_CUR":195,"RTE_NM":"1019025","RTE_PRFX":"CS","RTE_NBR":"1019025","SYSTEM":"Off"}},{"type":"Feature","geometry":{"type":"LineString","coordinates":[[-97.73842675,30.29474054],[-97.73836478,30.29484132],[-97.73789731,30.29560168],[-97.73781332,30.29573161],[-97.73768146,30.29593563]]},"properties":{"AADT_CUR":195,"RTE_NM":"1014873","RTE_PRFX":"CS","RTE_NBR":"1014873","SYSTEM":"Off"}},{"type":"Feature","geometry":{"type":"LineString","coordinates":[[-97.7341394390415,30.2919186796091],[-97.7341110137671,30.2919035622561]]},"properties":{"AADT_CUR":195,"RTE_NM":"1014042","RTE_PRFX":"CS","RTE_NBR":"1014042","SYSTEM":"Off"}},{"type":"Feature","geometry":{"type":"LineString","coordinates":[[-97.728879237518,30.264956075187],[-97.72885384,30.2650652600021],[-97.72866229,30.2658893100021],[-97.72864399,30.265957940002],[-97.72840583,30.2668522200021],[-97.72837649,30.2669640600021],[-97.72815154,30.2678206700021],[-97.7278555944018,30.2686892807123],[-97.72782613,30.2687456500021],[-97.7275182,30.2693342700021]]},"properties":{"AADT_CUR":195,"RTE_NM":"1017928","RTE_PRFX":"CS","RTE_NBR":"1017928","SYSTEM":"Off"}},{"type":"Feature","geometry":{"type":"LineString","coordinates":[[-97.79151209,30.23199433],[-97.79118176,30.23238932],[-97.79004177,30.23364284],[-97.79001679,30.2337496],[-97.79001411,30.23385131],[-97.79002002,30.23395869],[-97.79003616,30.23403602],[-97.79016463,30.23493242],[-97.79019594,30.23509531],[-97.79020925,30.23525234],[-97.79018834,30.23538391],[-97.79014928,30.23551518],[-97.79005514,30.23566183],[-97.78856619,30.23810478]]},"properties":{"AADT_CUR":3182,"RTE_NM":"1021123","RTE_PRFX":"CS","RTE_NBR":"1021123","SYSTEM":"Off"}},{"type":"Feature","geometry":{"type":"LineString","coordinates":[[-97.75518871,30.3144742400024],[-97.75483328,30.3144173900024],[-97.75442233,30.3143339100024],[-97.75424642,30.3142993700024],[-97.7540581,30.3142837800024],[-97.75384981,30.3143149900024],[-97.7536978167757,30.3143853597127]]},"properties":{"AADT_CUR":195,"RTE_NM":"1021233","RTE_PRFX":"CS","RTE_NBR":"1021233","SYSTEM":"Off"}},{"type":"Feature","geometry":{"type":"LineString","coordinates":[[-97.80084187,30.3033850700023],[-97.80059161,30.3032845700023],[-97.80044805,30.3032254600023],[-97.80032606,30.3031694800023],[-97.80012934,30.3030321700023],[-97.80011386,30.3030206500023],[-97.8000258,30.3029653300023],[-97.79991879,30.3029257300023],[-97.7996734240636,30.3028792380405]]},"properties":{"AADT_CUR":195,"RTE_NM":"1252162","RTE_PRFX":"CS","RTE_NBR":"1252162","SYSTEM":"Off"}},{"type":"Feature","geometry":{"type":"LineString","coordinates":[[-97.68550877,30.3119455800024],[-97.68532308,30.3116998100024],[-97.6852593559281,30.3116472200511],[-97.6852292091987,30.3116223406452]]},"properties":{"AADT_CUR":3183,"RTE_NM":"258708","RTE_PRFX":"CS","RTE_NBR":"258708","SYSTEM":"Off"}},{"type":"Feature","geometry":{"type":"LineString","coordinates":[[-97.76230852,30.2318762700018],[-97.76194251,30.2324492400018],[-97.7613933299992,30.2329414900034],[-97.76133779,30.2330434300019],[-97.76125097,30.2332026700019],[-97.7612584,30.2334888800019],[-97.76125341,30.2342396200019],[-97.76137918,30.2347812100019]]},"properties":{"AADT_CUR":195,"RTE_NM":"1016352","RTE_PRFX":"CS","RTE_NBR":"1016352","SYSTEM":"Off"}},{"type":"Feature","geometry":{"type":"LineString","coordinates":[[-97.7656181179402,30.2493928934252],[-97.7656081293918,30.2494205402573]]},"properties":{"AADT_CUR":195,"RTE_NM":"1016183","RTE_PRFX":"CS","RTE_NBR":"1016183","SYSTEM":"Off"}},{"type":"Feature","geometry":{"type":"LineString","coordinates":[[-97.74596705,30.25281829],[-97.74508668,30.2529668],[-97.74496218,30.25298777],[-97.74449183,30.25280774],[-97.7441426,30.25261804],[-97.74399222,30.25253637]]},"properties":{"AADT_CUR":195,"RTE_NM":"1017673","RTE_PRFX":"CS","RTE_NBR":"1017673","SYSTEM":"Off"}},{"type":"Feature","geometry":{"type":"LineString","coordinates":[[-97.7002260800821,30.2703043120979],[-97.7001951572193,30.2702934046475]]},"properties":{"AADT_CUR":195,"RTE_NM":"1017355","RTE_PRFX":"CS","RTE_NBR":"1017355","SYSTEM":"Off"}},{"type":"Feature","geometry":{"type":"LineString","coordinates":[[-97.6960938418989,30.2775532789703],[-97.6961281,30.2777150700022],[-97.696691,30.2803298300022],[-97.69688,30.2812079500022]]},"properties":{"AADT_CUR":195,"RTE_NM":"1016714","RTE_PRFX":"CS","RTE_NBR":"1016714","SYSTEM":"Off"}},{"type":"Feature","geometry":{"type":"LineString","coordinates":[[-97.757440173593,30.309001001321],[-97.75742931,30.3089992260024],[-97.7573907685575,30.3089932521481]]},"properties":{"AADT_CUR":13531,"RTE_NM":"258441","RTE_PRFX":"CS","RTE_NBR":"258441","SYSTEM":"Off"}},{"type":"Feature","geometry":{"type":"LineString","coordinates":[[-97.7153959942649,30.3021571552082],[-97.71535372,30.30221955],[-97.71517183,30.30249232],[-97.71484987,30.30299439],[-97.71465463,30.30330234]]},"properties":{"AADT_CUR":34506,"RTE_NM":"IH0035-YG","RTE_PRFX":"IH","RTE_NBR":"35","SYSTEM":"On"}},{"type":"Feature","geometry":{"type":"LineString","coordinates":[[-97.71477014,30.29614615],[-97.71573673,30.29661695],[-97.71601307,30.29682887],[-97.71608926,30.29708624],[-97.71610323,30.29747708],[-97.7160027,30.29884745],[-97.71562177,30.29951076]]},"properties":{"AADT_CUR":195,"RTE_NM":"1014334","RTE_PRFX":"CS","RTE_NBR":"1014334","SYSTEM":"Off"}},{"type":"Feature","geometry":{"type":"LineString","coordinates":[[-97.7339286195037,30.2999202692431],[-97.73393241,30.2999218900023],[-97.7339877592968,30.2999478418336]]},"properties":{"AADT_CUR":195,"RTE_NM":"1015870","RTE_PRFX":"CS","RTE_NBR":"1015870","SYSTEM":"Off"}},{"type":"Feature","geometry":{"type":"LineString","coordinates":[[-97.7422967174638,30.2942963438781],[-97.74185475,30.2949717600023],[-97.74157965,30.2953636800023],[-97.74116227,30.2959865500023],[-97.74112875,30.2960356500023],[-97.74063549,30.2968177800023]]},"properties":{"AADT_CUR":195,"RTE_NM":"1016441","RTE_PRFX":"CS","RTE_NBR":"1016441","SYSTEM":"Off"}},{"type":"Feature","geometry":{"type":"LineString","coordinates":[[-97.72077523,30.27778827],[-97.71961004,30.27800816],[-97.71956203,30.27801733],[-97.7187395,30.2781436],[-97.71859735,30.27803894],[-97.71830338,30.27804116],[-97.71685561,30.27828926],[-97.71682609,30.27829429],[-97.71585037,30.27845284],[-97.71578853,30.27846291],[-97.7147799,30.27861279],[-97.71384635,30.27874223],[-97.71292096,30.27891859],[-97.71198892,30.27905082],[-97.711072,30.27920809],[-97.71041069,30.27930789],[-97.7097559,30.27941899]]},"properties":{"AADT_CUR":119,"RTE_NM":"1015846","RTE_PRFX":"CS","RTE_NBR":"1015846","SYSTEM":"Off"}},{"type":"Feature","geometry":{"type":"LineString","coordinates":[[-97.7403637545863,30.2642738227368],[-97.7405136,30.2643132100021],[-97.74144872,30.2645589300021],[-97.74153682,30.2645854900021],[-97.74250553,30.2648773400021],[-97.74262595,30.2649094200021],[-97.74386768,30.2652403900021]]},"properties":{"AADT_CUR":195,"RTE_NM":"1015874","RTE_PRFX":"CS","RTE_NBR":"1015874","SYSTEM":"Off"}},{"type":"Feature","geometry":{"type":"LineString","coordinates":[[-97.70945146,30.2875580200022],[-97.70977136,30.2875370400022],[-97.71005423,30.2877683900022],[-97.71016968,30.2880402900022],[-97.71014503,30.2880938600022],[-97.70978068,30.2888849400022],[-97.70970349,30.2898137000022],[-97.7096982807689,30.2898761307871]]},"properties":{"AADT_CUR":195,"RTE_NM":"1013961","RTE_PRFX":"CS","RTE_NBR":"1013961","SYSTEM":"Off"}},{"type":"Feature","geometry":{"type":"LineString","coordinates":[[-97.68986278,30.30303065],[-97.68943017,30.30297219],[-97.68659659,30.30331251]]},"properties":{"AADT_CUR":195,"RTE_NM":"1019577","RTE_PRFX":"CS","RTE_NBR":"1019577","SYSTEM":"Off"}},{"type":"Feature","geometry":{"type":"LineString","coordinates":[[-97.7835788505206,30.3087736788804],[-97.78348504,30.3087711200047],[-97.78340688,30.3087780200047],[-97.78332905,30.3087722600047],[-97.78308958,30.3087970900047],[-97.78276253,30.3088159700048]]},"properties":{"AADT_CUR":195,"RTE_NM":"1019220","RTE_PRFX":"CS","RTE_NBR":"1019220","SYSTEM":"Off"}},{"type":"Feature","geometry":{"type":"LineString","coordinates":[[-97.71852813,30.3164215600024],[-97.719231899204,30.3153060055946],[-97.7198976257672,30.3142507257943],[-97.7199242762029,30.3142084806354],[-97.72062333,30.3131528300024],[-97.7212813390968,30.312186503622]]},"properties":{"AADT_CUR":2709,"RTE_NM":"258534","RTE_PRFX":"CS","RTE_NBR":"258534","SYSTEM":"Off"}},{"type":"Feature","geometry":{"type":"LineString","coordinates":[[-97.77667261,30.25160853],[-97.77495259,30.25069663],[-97.77480751,30.25061969]]},"properties":{"AADT_CUR":195,"RTE_NM":"1017025","RTE_PRFX":"CS","RTE_NBR":"1017025","SYSTEM":"Off"}},{"type":"Feature","geometry":{"type":"LineString","coordinates":[[-97.74301944,30.24675749],[-97.74304767,30.24679968],[-97.74311081,30.24689411],[-97.74317177,30.24698335],[-97.74324174,30.2470618],[-97.74336479,30.24716875],[-97.74355028,30.24731002],[-97.74368824,30.24739259],[-97.74379889,30.24743055],[-97.74402946,30.24751498],[-97.74414756,30.24759993],[-97.74425733,30.24767088],[-97.74436842,30.24769237],[-97.74438688,30.24776577],[-97.74439419,30.24779463],[-97.74439057,30.24792935],[-97.74433555,30.2480025],[-97.74425577,30.2480834],[-97.74412207,30.24819621],[-97.74401328,30.24829575],[-97.74392357,30.24836266],[-97.74383596,30.24838017],[-97.74374877,30.24838394],[-97.74362409,30.24833738],[-97.74344661,30.24828157],[-97.74321062,30.24822176],[-97.74287733,30.24818754],[-97.74268902,30.24818096],[-97.74249049,30.24817147],[-97.7423162,30.24817342],[-97.74223187,30.24817353],[-97.74218552,30.24817356],[-97.7420329,30.24816496]]},"properties":{"AADT_CUR":195,"RTE_NM":"1020534","RTE_PRFX":"CS","RTE_NBR":"1020534","SYSTEM":"Off"}},{"type":"Feature","geometry":{"type":"LineString","coordinates":[[-97.7772105698611,30.2745408460821],[-97.77720657,30.2745485900021],[-97.77719893,30.2745673400021]]},"properties":{"AADT_CUR":195,"RTE_NM":"1016058","RTE_PRFX":"CS","RTE_NBR":"1016058","SYSTEM":"Off"}},{"type":"Feature","geometry":{"type":"LineString","coordinates":[[-97.77250814,30.27953741],[-97.77160714,30.2790986],[-97.77092301,30.2787441],[-97.7707569,30.27865805]]},"properties":{"AADT_CUR":195,"RTE_NM":"1017294","RTE_PRFX":"CS","RTE_NBR":"1017294","SYSTEM":"Off"}},{"type":"Feature","geometry":{"type":"LineString","coordinates":[[-97.7708446751951,30.2766898856129],[-97.771005326,30.276449254],[-97.771397001,30.275867373],[-97.771533473,30.275677001]]},"properties":{"AADT_CUR":418,"RTE_NM":"SL0001-AG","RTE_PRFX":"SL","RTE_NBR":"1","SYSTEM":"On"}},{"type":"Feature","geometry":{"type":"LineString","coordinates":[[-97.77988756,30.2970309300023],[-97.77996804,30.2971589600023],[-97.78023878,30.2975898300023],[-97.7802761,30.2976492600023],[-97.78034475,30.2976745900023],[-97.7807956100007,30.2978411100035],[-97.78088789,30.2979998000023],[-97.78089546,30.2980128800023],[-97.78101085,30.2982112100023],[-97.78154363,30.2984693500023],[-97.78167883,30.2984828500023],[-97.78188737,30.2985037000023]]},"properties":{"AADT_CUR":195,"RTE_NM":"1014994","RTE_PRFX":"CS","RTE_NBR":"1014994","SYSTEM":"Off"}},{"type":"Feature","geometry":{"type":"LineString","coordinates":[[-97.73515244,30.2723415],[-97.7350243655476,30.2723054357666]]},"properties":{"AADT_CUR":1225,"RTE_NM":"258427","RTE_PRFX":"CS","RTE_NBR":"258427","SYSTEM":"Off"}},{"type":"Feature","geometry":{"type":"LineString","coordinates":[[-97.7418942556202,30.2776421251475],[-97.741539318099,30.2785627650984],[-97.7412012647717,30.2794690336326],[-97.74086732,30.2803396400022],[-97.7405080611216,30.2813272326193]]},"properties":{"AADT_CUR":4157,"RTE_NM":"258583","RTE_PRFX":"CS","RTE_NBR":"258583","SYSTEM":"Off"}},{"type":"Feature","geometry":{"type":"LineString","coordinates":[[-97.75435828,30.27319144],[-97.75451114,30.27325173],[-97.75474789,30.27334505],[-97.75632731,30.27397165]]},"properties":{"AADT_CUR":2003,"RTE_NM":"1021249","RTE_PRFX":"CS","RTE_NBR":"1021249","SYSTEM":"Off"}},{"type":"Feature","geometry":{"type":"LineString","coordinates":[[-97.7439019542986,30.2878919837513],[-97.7438894,30.2879981500022],[-97.74382189,30.2885679000022],[-97.74373391,30.2892482000022],[-97.74372585,30.2893465800022],[-97.74362108,30.2906183500022]]},"properties":{"AADT_CUR":195,"RTE_NM":"1019984","RTE_PRFX":"CS","RTE_NBR":"1019984","SYSTEM":"Off"}},{"type":"Feature","geometry":{"type":"LineString","coordinates":[[-97.7466850313212,30.2995075100965],[-97.74474718,30.2986000200023],[-97.74461618,30.2985374700023]]},"properties":{"AADT_CUR":195,"RTE_NM":"1021216","RTE_PRFX":"CS","RTE_NBR":"1021216","SYSTEM":"Off"}},{"type":"Feature","geometry":{"type":"LineString","coordinates":[[-97.7484119356309,30.3111761106547],[-97.74852238,30.310623],[-97.74852332,30.31016774],[-97.74849425,30.30949752],[-97.74841795,30.30887584],[-97.74818803,30.30834608],[-97.74774534,30.3078225],[-97.74760287,30.30746309],[-97.74750587,30.30708883]]},"properties":{"AADT_CUR":1805,"RTE_NM":"258681","RTE_PRFX":"CS","RTE_NBR":"258681","SYSTEM":"Off"}},{"type":"Feature","geometry":{"type":"LineString","coordinates":[[-97.7249047039076,30.2865693088361],[-97.7248946141478,30.2865641774778],[-97.7248585278116,30.286545825006],[-97.7248409,30.2865368600022],[-97.7247392139184,30.2864842241123],[-97.7246754069189,30.2864511955468],[-97.72427836,30.2862456700022],[-97.7241673488166,30.2861866700382],[-97.72381251,30.2859980800022],[-97.7237463493729,30.2859594554529]]},"properties":{"AADT_CUR":7663,"RTE_NM":"258862","RTE_PRFX":"CS","RTE_NBR":"258862","SYSTEM":"Off"}},{"type":"Feature","geometry":{"type":"LineString","coordinates":[[-97.72336776,30.28625523],[-97.72328133,30.28614068],[-97.72262884,30.28582997],[-97.72246076,30.28574994],[-97.72177708,30.28539769],[-97.72133837,30.28521273],[-97.72070719,30.28489644],[-97.72056611,30.28482572]]},"properties":{"AADT_CUR":195,"RTE_NM":"1015857","RTE_PRFX":"CS","RTE_NBR":"1015857","SYSTEM":"Off"}},{"type":"Feature","geometry":{"type":"LineString","coordinates":[[-97.72812331,30.27124431],[-97.72749872,30.27125911]]},"properties":{"AADT_CUR":195,"RTE_NM":"1013605","RTE_PRFX":"CS","RTE_NBR":"1013605","SYSTEM":"Off"}},{"type":"Feature","geometry":{"type":"LineString","coordinates":[[-97.7442233808417,30.2643249276243],[-97.7428542848434,30.2639694540221],[-97.74179104,30.2636933800021],[-97.740685621071,30.2633875073187]]},"properties":{"AADT_CUR":195,"RTE_NM":"1264450","RTE_PRFX":"CS","RTE_NBR":"1264450","SYSTEM":"Off"}},{"type":"Feature","geometry":{"type":"LineString","coordinates":[[-97.7494361482603,30.2873252706919],[-97.74792472,30.2871958000022]]},"properties":{"AADT_CUR":195,"RTE_NM":"1021203","RTE_PRFX":"CS","RTE_NBR":"1021203","SYSTEM":"Off"}},{"type":"Feature","geometry":{"type":"LineString","coordinates":[[-97.7828172,30.26017173],[-97.78315433,30.26084127]]},"properties":{"AADT_CUR":195,"RTE_NM":"1016681","RTE_PRFX":"CS","RTE_NBR":"1016681","SYSTEM":"Off"}},{"type":"Feature","geometry":{"type":"LineString","coordinates":[[-97.7596229581822,30.2421400534691],[-97.75697234,30.24086859],[-97.7569258001719,30.2408431447442]]},"properties":{"AADT_CUR":15116,"RTE_NM":"258630","RTE_PRFX":"CS","RTE_NBR":"258630","SYSTEM":"Off"}},{"type":"Feature","geometry":{"type":"LineString","coordinates":[[-97.7086536533041,30.252013565805],[-97.7086375875099,30.2520096086518]]},"properties":{"AADT_CUR":195,"RTE_NM":"1015862","RTE_PRFX":"CS","RTE_NBR":"1015862","SYSTEM":"Off"}},{"type":"Feature","geometry":{"type":"LineString","coordinates":[[-97.77930422,30.27503049],[-97.77780048,30.2736918],[-97.77759925,30.27351036]]},"properties":{"AADT_CUR":195,"RTE_NM":"1206155","RTE_PRFX":"CS","RTE_NBR":"1206155","SYSTEM":"Off"}},{"type":"Feature","geometry":{"type":"LineString","coordinates":[[-97.7774111532655,30.2931509272086],[-97.7721173742014,30.2906097888655]]},"properties":{"AADT_CUR":2349,"RTE_NM":"258537","RTE_PRFX":"CS","RTE_NBR":"258537","SYSTEM":"Off"}},{"type":"Feature","geometry":{"type":"LineString","coordinates":[[-97.695024345477,30.238121448246],[-97.69501708,30.2381181000019],[-97.6949947618655,30.2381082256825]]},"properties":{"AADT_CUR":195,"RTE_NM":"1021092","RTE_PRFX":"CS","RTE_NBR":"1021092","SYSTEM":"Off"}},{"type":"Feature","geometry":{"type":"LineString","coordinates":[[-97.7336666104825,30.3004635701281],[-97.73360787,30.3005579],[-97.7336027493522,30.3005658446712]]},"properties":{"AADT_CUR":1356,"RTE_NM":"267534","RTE_PRFX":"CS","RTE_NBR":"267534","SYSTEM":"Off"}},{"type":"Feature","geometry":{"type":"LineString","coordinates":[[-97.7433935314213,30.270344532759],[-97.74339501,30.2703406200021],[-97.7437666969806,30.2693649813645],[-97.74409947,30.2684914300021],[-97.7441108562772,30.268460274984],[-97.7444514049974,30.2675284592102]]},"properties":{"AADT_CUR":3282,"RTE_NM":"258516","RTE_PRFX":"CS","RTE_NBR":"258516","SYSTEM":"Off"}},{"type":"Feature","geometry":{"type":"LineString","coordinates":[[-97.76486653,30.26336378],[-97.76416463,30.26295091]]},"properties":{"AADT_CUR":195,"RTE_NM":"1020537","RTE_PRFX":"CS","RTE_NBR":"1020537","SYSTEM":"Off"}},{"type":"Feature","geometry":{"type":"LineString","coordinates":[[-97.7530953494064,30.2870513869379],[-97.75308274,30.2870496900022],[-97.75294294,30.2870455800022],[-97.75287542,30.2870590500022],[-97.75257598,30.2872042600022],[-97.7523215,30.2872706700022],[-97.75208855,30.2873292400022],[-97.75190937,30.2873943600022],[-97.7517574,30.2874765900022],[-97.751679,30.2875355100022],[-97.75162962,30.2876032800022],[-97.75158879,30.2876794700023],[-97.75155602,30.2877778200022],[-97.75147076,30.2883882200022],[-97.7514632374719,30.2884422358007]]},"properties":{"AADT_CUR":234,"RTE_NM":"1020074","RTE_PRFX":"CS","RTE_NBR":"1020074","SYSTEM":"Off"}},{"type":"Feature","geometry":{"type":"LineString","coordinates":[[-97.77845787,30.23490322],[-97.77840053,30.23498736],[-97.77831574,30.23509538],[-97.7782253,30.23517818],[-97.77813483,30.23523501],[-97.77803344,30.23527331],[-97.77788165,30.23531181],[-97.77661503,30.23547674],[-97.77606872,30.23556488],[-97.77556849,30.23612421],[-97.77532978,30.23643575],[-97.77463147,30.23672164],[-97.77408732,30.23694447],[-97.77366331,30.23761533]]},"properties":{"AADT_CUR":195,"RTE_NM":"1015700","RTE_PRFX":"CS","RTE_NBR":"1015700","SYSTEM":"Off"}},{"type":"Feature","geometry":{"type":"LineString","coordinates":[[-97.77022982,30.26016804],[-97.76964111,30.2594302],[-97.76927065,30.25906525],[-97.76892707,30.25887957],[-97.76713316,30.25802774],[-97.76694972,30.25794062],[-97.76536119,30.25709855],[-97.76521892,30.25702311],[-97.76404457,30.256389]]},"properties":{"AADT_CUR":195,"RTE_NM":"1015661","RTE_PRFX":"CS","RTE_NBR":"1015661","SYSTEM":"Off"}},{"type":"Feature","geometry":{"type":"LineString","coordinates":[[-97.7119859054897,30.2750217949619],[-97.71080181,30.27521965],[-97.7094806,30.2754172],[-97.70905675,30.27548734],[-97.7082478576004,30.275617524322]]},"properties":{"AADT_CUR":6518,"RTE_NM":"258427","RTE_PRFX":"CS","RTE_NBR":"258427","SYSTEM":"Off"}},{"type":"Feature","geometry":{"type":"LineString","coordinates":[[-97.69297345,30.24372799],[-97.69236975,30.24396858],[-97.69234221,30.243969],[-97.69230567,30.24396954],[-97.69183262,30.24397676],[-97.69172756,30.24395872],[-97.69137777,30.24389862]]},"properties":{"AADT_CUR":195,"RTE_NM":"1016740","RTE_PRFX":"CS","RTE_NBR":"1016740","SYSTEM":"Off"}},{"type":"Feature","geometry":{"type":"LineString","coordinates":[[-97.74734763,30.3135847100024],[-97.7465186,30.3131746900024],[-97.74583374,30.3128262600024],[-97.74564603,30.3127307700024],[-97.74490913,30.3123649800024],[-97.74474507,30.3122835300024],[-97.74388505,30.3118480800024],[-97.7432424,30.3115126200024],[-97.74308472,30.3114303600023],[-97.74259353,30.3111894300024],[-97.74195553,30.3108657400024],[-97.74122224,30.3105160700024],[-97.74105808,30.3104378000024],[-97.74015365,30.3100044000024],[-97.7400437625391,30.3099517251674]]},"properties":{"AADT_CUR":195,"RTE_NM":"1021234","RTE_PRFX":"CS","RTE_NBR":"1021234","SYSTEM":"Off"}},{"type":"Feature","geometry":{"type":"LineString","coordinates":[[-97.6863106034533,30.3164700774133],[-97.6862939225325,30.3164721843254]]},"properties":{"AADT_CUR":195,"RTE_NM":"1014076","RTE_PRFX":"CS","RTE_NBR":"1014076","SYSTEM":"Off"}},{"type":"Feature","geometry":{"type":"LineString","coordinates":[[-97.77480751,30.25061969],[-97.77477971,30.25056412],[-97.77471572,30.25049959],[-97.77389694,30.25010369],[-97.77291733,30.24965647],[-97.7727819,30.2495946]]},"properties":{"AADT_CUR":195,"RTE_NM":"1014207","RTE_PRFX":"CS","RTE_NBR":"1014207","SYSTEM":"Off"}},{"type":"Feature","geometry":{"type":"LineString","coordinates":[[-97.7595863452256,30.2421832366446],[-97.75959736,30.2421747700038],[-97.75963266,30.2421469800038],[-97.7596342169823,30.2421455579724],[-97.75980411,30.2419903900038],[-97.75995719,30.2416821700038],[-97.76008053,30.2415116100038],[-97.76038534,30.2409527200038],[-97.76077077,30.2403491800038],[-97.76118195351,30.239680513884],[-97.76119811,30.2396542400038],[-97.7615957,30.2390969700038],[-97.76213419,30.2381852100038],[-97.7621364967357,30.2381818326399]]},"properties":{"AADT_CUR":14363,"RTE_NM":"258383","RTE_PRFX":"CS","RTE_NBR":"258383","SYSTEM":"Off"}},{"type":"Feature","geometry":{"type":"LineString","coordinates":[[-97.7421721297397,30.2436514229476],[-97.74217677,30.2436394100019],[-97.74251723,30.2426878300019],[-97.74281208,30.2419402200019],[-97.74347209,30.2408644100019],[-97.74384972,30.2402477300019],[-97.7447387,30.2389409600019],[-97.7447778020463,30.2388753009225],[-97.7452788,30.2380340300019]]},"properties":{"AADT_CUR":816,"RTE_NM":"258695","RTE_PRFX":"CS","RTE_NBR":"258695","SYSTEM":"Off"}},{"type":"Feature","geometry":{"type":"LineString","coordinates":[[-97.76097704,30.254396680002],[-97.76125238,30.254526000002],[-97.7621544249207,30.2549251921012]]},"properties":{"AADT_CUR":195,"RTE_NM":"1021270","RTE_PRFX":"CS","RTE_NBR":"1021270","SYSTEM":"Off"}},{"type":"Feature","geometry":{"type":"LineString","coordinates":[[-97.7927354367252,30.2737001845378],[-97.7942715,30.2737384800021],[-97.79508442,30.2737405900021],[-97.79567916,30.2736432400021],[-97.79639814,30.2735360700021],[-97.79725403,30.2734671500021],[-97.7973827503246,30.2734658863932],[-97.79769506,30.2734628200021],[-97.79813828,30.2733628400021],[-97.79838922,30.2732356200021],[-97.7985689715574,30.2731215353605]]},"properties":{"AADT_CUR":2842,"RTE_NM":"267230","RTE_PRFX":"CS","RTE_NBR":"267230","SYSTEM":"Off"}},{"type":"Feature","geometry":{"type":"LineString","coordinates":[[-97.7832340603554,30.2809388567812],[-97.7832210932364,30.2809481701793]]},"properties":{"AADT_CUR":195,"RTE_NM":"1021100","RTE_PRFX":"CS","RTE_NBR":"1021100","SYSTEM":"Off"}},{"type":"Feature","geometry":{"type":"LineString","coordinates":[[-97.7177815411273,30.3076574505463],[-97.7169144118542,30.3072389897221],[-97.71687931,30.3072220500048],[-97.716229462109,30.3069135598007]]},"properties":{"AADT_CUR":195,"RTE_NM":"1015882","RTE_PRFX":"CS","RTE_NBR":"1015882","SYSTEM":"Off"}},{"type":"Feature","geometry":{"type":"LineString","coordinates":[[-97.7346254340984,30.2893333414404],[-97.73460666,30.2893318300022],[-97.73426103,30.2892997500023],[-97.73360889,30.2892448000022],[-97.732956,30.2891970500022],[-97.73284107,30.2891921200022],[-97.73266529,30.2891908200022],[-97.73248964,30.2891968400022],[-97.73231454,30.2892101500022],[-97.73215063,30.2892293200022],[-97.73198577,30.2892422100022],[-97.731681,30.2892604000022],[-97.73137577,30.2892713300022],[-97.7311689,30.2892746000022],[-97.73104826,30.2892664900022],[-97.7308816,30.2892490100023],[-97.73071617,30.2892243600022],[-97.73055236,30.2891925600022],[-97.73039058,30.2891537300022],[-97.73023121,30.2891079500022],[-97.7300747,30.2890553200022],[-97.72992139,30.2889960000022],[-97.7298297,30.2889566200022],[-97.72972255,30.2888961000022],[-97.7296264,30.2888328100022],[-97.72953557,30.2887638700022],[-97.72945051,30.2886895900022],[-97.72937239,30.2886111900022],[-97.72927206,30.2884980000022],[-97.72917451,30.2884005600022],[-97.72907075,30.2883080600022],[-97.72896114,30.2882208200022],[-97.72888137,30.2881631900022],[-97.72873621,30.2880744400022],[-97.72858517,30.2879909000022],[-97.72842981,30.2879135500022],[-97.72831019,30.2878606200022],[-97.72769475,30.2875839500022],[-97.72725491,30.2873811900022],[-97.72715912,30.2873368700022],[-97.7270246,30.2872817200022],[-97.72688673,30.2872332100022],[-97.7267695147789,30.2871981132053]]},"properties":{"AADT_CUR":9194,"RTE_NM":"258862","RTE_PRFX":"CS","RTE_NBR":"258862","SYSTEM":"Off"}},{"type":"Feature","geometry":{"type":"LineString","coordinates":[[-97.73102318,30.27098969],[-97.72965119,30.27087106],[-97.72840534,30.27076796],[-97.7282411,30.27075439],[-97.72739292,30.27071792]]},"properties":{"AADT_CUR":195,"RTE_NM":"1018793","RTE_PRFX":"CS","RTE_NBR":"1018793","SYSTEM":"Off"}},{"type":"Feature","geometry":{"type":"LineString","coordinates":[[-97.7368103531428,30.2674695624193],[-97.73679433,30.26746548],[-97.73572654,30.26717148],[-97.73429288,30.26677188]]},"properties":{"AADT_CUR":15250,"RTE_NM":"258404","RTE_PRFX":"CS","RTE_NBR":"258404","SYSTEM":"Off"}},{"type":"Feature","geometry":{"type":"LineString","coordinates":[[-97.75621911,30.28948247],[-97.75629101,30.28944466],[-97.75635466,30.28940941],[-97.75639841,30.28938521],[-97.75654051,30.28934406],[-97.75667021,30.28932467],[-97.75679497,30.28931068],[-97.75687337,30.28931225],[-97.75697285,30.28932522],[-97.75818964,30.28986677]]},"properties":{"AADT_CUR":195,"RTE_NM":"1019182","RTE_PRFX":"CS","RTE_NBR":"1019182","SYSTEM":"Off"}},{"type":"Feature","geometry":{"type":"LineString","coordinates":[[-97.7754531141513,30.2496074703112],[-97.77544586,30.249603820002],[-97.77530505,30.249537740002],[-97.77337096,30.248643760002]]},"properties":{"AADT_CUR":195,"RTE_NM":"1016422","RTE_PRFX":"CS","RTE_NBR":"1016422","SYSTEM":"Off"}},{"type":"Feature","geometry":{"type":"LineString","coordinates":[[-97.7954122951514,30.284943965805],[-97.795397674,30.284936959]]},"properties":{"AADT_CUR":195,"RTE_NM":"1252135","RTE_PRFX":"CS","RTE_NBR":"1252135","SYSTEM":"Off"}},{"type":"Feature","geometry":{"type":"LineString","coordinates":[[-97.68922588,30.2691548800021],[-97.68947655,30.2693168500021],[-97.69224524,30.2706974300021],[-97.6922561458933,30.2707028188409]]},"properties":{"AADT_CUR":195,"RTE_NM":"1019245","RTE_PRFX":"CS","RTE_NBR":"1019245","SYSTEM":"Off"}},{"type":"Feature","geometry":{"type":"LineString","coordinates":[[-97.77461434,30.23866291],[-97.77418049,30.23850848],[-97.77367482,30.23849566],[-97.77336505,30.23873974],[-97.77320258,30.23898403],[-97.77296646,30.23961735]]},"properties":{"AADT_CUR":195,"RTE_NM":"1014593","RTE_PRFX":"CS","RTE_NBR":"1014593","SYSTEM":"Off"}},{"type":"Feature","geometry":{"type":"LineString","coordinates":[[-97.752803292945,30.2445852622672],[-97.75277614,30.244650180002],[-97.75243303,30.2454980700019],[-97.7524033,30.245583140002],[-97.7521072,30.246429340002],[-97.75206081,30.246569770002],[-97.75180043,30.2473583000019],[-97.75175502,30.247471440002],[-97.75144867,30.248233790002],[-97.7514270899994,30.2482886100037],[-97.75138419,30.248407630002],[-97.7510883199994,30.2492279200037],[-97.75103557,30.249369080002],[-97.75097914,30.249520010002],[-97.75067216,30.2503389200019]]},"properties":{"AADT_CUR":195,"RTE_NM":"1016171","RTE_PRFX":"CS","RTE_NBR":"1016171","SYSTEM":"Off"}},{"type":"Feature","geometry":{"type":"LineString","coordinates":[[-97.75398797,30.24782591],[-97.7539645,30.24788411],[-97.75359072,30.24880779],[-97.75356908,30.2488626]]},"properties":{"AADT_CUR":195,"RTE_NM":"1019629","RTE_PRFX":"CS","RTE_NBR":"1019629","SYSTEM":"Off"}},{"type":"Feature","geometry":{"type":"LineString","coordinates":[[-97.75440433,30.25305442],[-97.75432644,30.25315462],[-97.75429139,30.25321318],[-97.75428061,30.25323123],[-97.7540191,30.25366846],[-97.75369174,30.25428306],[-97.75317501,30.25507314]]},"properties":{"AADT_CUR":225,"RTE_NM":"1019737","RTE_PRFX":"CS","RTE_NBR":"1019737","SYSTEM":"Off"}},{"type":"Feature","geometry":{"type":"LineString","coordinates":[[-97.7764486589896,30.2694281737237],[-97.7764304,30.2694803200021],[-97.77639294,30.2695873000021],[-97.77637287,30.2696153600021],[-97.77635487,30.2696405900021],[-97.77633286,30.2696713600021],[-97.77556729,30.2701346400021],[-97.77550882,30.2702185900021],[-97.77547091,30.2702729800021],[-97.77542037,30.2703461500021],[-97.77538281,30.2704004600021],[-97.77524369,30.2707167500021],[-97.77526206,30.2708903800021],[-97.7753581,30.2710325700021],[-97.77559138,30.2712572200021],[-97.77569406,30.2714490700021],[-97.77575988,30.2715961500021],[-97.77574821,30.2717361900021],[-97.77564389,30.2719376300021],[-97.77522484,30.2722950300021],[-97.77501285,30.2724338400021],[-97.77485122,30.2727028900021],[-97.77478089,30.2730562800021],[-97.77472147,30.2731760900021],[-97.77453854,30.2732632200021],[-97.7744048,30.2732880500021],[-97.77428202,30.2732581000021],[-97.77404786,30.2730664000021],[-97.77395636,30.2729635200021],[-97.7738972855649,30.2729033153771]]},"properties":{"AADT_CUR":195,"RTE_NM":"1018563","RTE_PRFX":"CS","RTE_NBR":"1018563","SYSTEM":"Off"}},{"type":"Feature","geometry":{"type":"LineString","coordinates":[[-97.7760365,30.28259475],[-97.77599445,30.28266272],[-97.77520213,30.28394498]]},"properties":{"AADT_CUR":195,"RTE_NM":"1018601","RTE_PRFX":"CS","RTE_NBR":"1018601","SYSTEM":"Off"}},{"type":"Feature","geometry":{"type":"LineString","coordinates":[[-97.7360393325512,30.2759537422325],[-97.7360234329509,30.2759492600222]]},"properties":{"AADT_CUR":17426,"RTE_NM":"258430","RTE_PRFX":"CS","RTE_NBR":"258430","SYSTEM":"Off"}},{"type":"Feature","geometry":{"type":"LineString","coordinates":[[-97.751879477989,30.2707765866776],[-97.751245,30.2720973400021]]},"properties":{"AADT_CUR":195,"RTE_NM":"1021690","RTE_PRFX":"CS","RTE_NBR":"1021690","SYSTEM":"Off"}},{"type":"Feature","geometry":{"type":"LineString","coordinates":[[-97.7670290902677,30.2773677636043],[-97.76701128,30.2776149800021],[-97.76695555,30.2778338900022],[-97.76662006,30.2787732500022],[-97.76655503,30.2789535000022],[-97.76627233,30.2794566500022],[-97.76604908,30.2798069400022]]},"properties":{"AADT_CUR":195,"RTE_NM":"1020747","RTE_PRFX":"CS","RTE_NBR":"1020747","SYSTEM":"Off"}},{"type":"Feature","geometry":{"type":"LineString","coordinates":[[-97.76377829,30.28636396],[-97.76397382,30.28615041],[-97.76425175,30.28577721],[-97.76446598,30.28548138],[-97.76465706,30.28521083],[-97.76501763,30.28469182],[-97.76524871,30.28433967],[-97.76543189,30.284027],[-97.76557927,30.28374855],[-97.76577245,30.28335376],[-97.76595089,30.28299056],[-97.7661346,30.28261736],[-97.76629988,30.28227995],[-97.76644516,30.28198939],[-97.76658149,30.28175726],[-97.76676143,30.28151376],[-97.76699789,30.28123875],[-97.76727162,30.28089948],[-97.76760574,30.28047925],[-97.76798613,30.28001405],[-97.76811979,30.27984056],[-97.7682393,30.27967606],[-97.76838452,30.27946145],[-97.76848861,30.27929953],[-97.76854806,30.27912622]]},"properties":{"AADT_CUR":3864,"RTE_NM":"1641427230","RTE_PRFX":"SL","RTE_NBR":"1","SYSTEM":"On"}},{"type":"Feature","geometry":{"type":"LineString","coordinates":[[-97.765540846596,30.2867984422482],[-97.76550597,30.28677944],[-97.76471523,30.28635337],[-97.76392748,30.28594582],[-97.7639234792838,30.2859439813927]]},"properties":{"AADT_CUR":5018,"RTE_NM":"258537","RTE_PRFX":"CS","RTE_NBR":"258537","SYSTEM":"Off"}},{"type":"Feature","geometry":{"type":"LineString","coordinates":[[-97.74299614,30.30188764],[-97.74289431,30.30204788],[-97.74210128,30.30329641],[-97.74187672,30.30364996],[-97.74146057,30.30437366],[-97.74143114,30.3044248]]},"properties":{"AADT_CUR":195,"RTE_NM":"1021455","RTE_PRFX":"CS","RTE_NBR":"1021455","SYSTEM":"Off"}},{"type":"Feature","geometry":{"type":"LineString","coordinates":[[-97.79778962,30.21845526],[-97.79702566,30.21836312],[-97.79654294,30.21901638]]},"properties":{"AADT_CUR":195,"RTE_NM":"1016200","RTE_PRFX":"CS","RTE_NBR":"1016200","SYSTEM":"Off"}},{"type":"Feature","geometry":{"type":"LineString","coordinates":[[-97.73665292,30.21754103],[-97.73664034,30.2175817],[-97.73647257,30.21812316],[-97.73620791,30.21816183],[-97.73574602,30.21840824],[-97.73460465,30.22019206],[-97.73404903,30.22055641]]},"properties":{"AADT_CUR":195,"RTE_NM":"1019866","RTE_PRFX":"CS","RTE_NBR":"1019866","SYSTEM":"Off"}},{"type":"Feature","geometry":{"type":"LineString","coordinates":[[-97.73701208,30.22179186],[-97.73661481,30.22151999]]},"properties":{"AADT_CUR":195,"RTE_NM":"1013863","RTE_PRFX":"CS","RTE_NBR":"1013863","SYSTEM":"Off"}},{"type":"Feature","geometry":{"type":"LineString","coordinates":[[-97.7228769543221,30.31567155809],[-97.72286978,30.3156821800024],[-97.7228605495173,30.3156968730943]]},"properties":{"AADT_CUR":195,"RTE_NM":"1019659","RTE_PRFX":"CS","RTE_NBR":"1019659","SYSTEM":"Off"}},{"type":"Feature","geometry":{"type":"LineString","coordinates":[[-97.68965726,30.31076595],[-97.68913831,30.31154185]]},"properties":{"AADT_CUR":195,"RTE_NM":"1014049","RTE_PRFX":"CS","RTE_NBR":"1014049","SYSTEM":"Off"}},{"type":"Feature","geometry":{"type":"LineString","coordinates":[[-97.77086373,30.2343744800018],[-97.7695218614447,30.2337444406802]]},"properties":{"AADT_CUR":497,"RTE_NM":"264232","RTE_PRFX":"CS","RTE_NBR":"264232","SYSTEM":"Off"}},{"type":"Feature","geometry":{"type":"LineString","coordinates":[[-97.7256713938936,30.237677274329],[-97.7256550293695,30.2376802940065]]},"properties":{"AADT_CUR":7674,"RTE_NM":"297593","RTE_PRFX":"CS","RTE_NBR":"297593","SYSTEM":"Off"}},{"type":"Feature","geometry":{"type":"LineString","coordinates":[[-97.757829082634,30.2607245535857],[-97.7578270533296,30.2607389672952]]},"properties":{"AADT_CUR":195,"RTE_NM":"1017695","RTE_PRFX":"CS","RTE_NBR":"1017695","SYSTEM":"Off"}},{"type":"Feature","geometry":{"type":"LineString","coordinates":[[-97.79343661,30.26512973],[-97.79313825,30.26526013],[-97.79281151,30.26538902],[-97.79252842,30.26556651],[-97.79235638,30.26575464]]},"properties":{"AADT_CUR":766,"RTE_NM":"298586","RTE_PRFX":"CS","RTE_NBR":"298586","SYSTEM":"Off"}},{"type":"Feature","geometry":{"type":"LineString","coordinates":[[-97.7971550524945,30.2815044238484],[-97.79732696,30.2814583700022],[-97.79742873,30.2814122400022],[-97.79753621,30.2813496100022],[-97.79763972,30.2812586100022],[-97.79788596,30.2809371100022],[-97.7984373079803,30.280116587561],[-97.79934933,30.2787592700022],[-97.7999496286757,30.2778171287036],[-97.80109697,30.2760163700021],[-97.80149763,30.2754454600021]]},"properties":{"AADT_CUR":745,"RTE_NM":"227AA4130","RTE_PRFX":"CR","RTE_NBR":"4130","SYSTEM":"Off"}},{"type":"Feature","geometry":{"type":"LineString","coordinates":[[-97.773764734,30.277699524],[-97.773507251,30.278117869],[-97.773294172,30.27843139],[-97.77308809,30.278655784],[-97.77250814,30.27953741],[-97.77244764,30.2796318],[-97.77181389,30.28062091],[-97.77142507,30.28121274],[-97.77105032,30.28181029]]},"properties":{"AADT_CUR":195,"RTE_NM":"1016882","RTE_PRFX":"CS","RTE_NBR":"1016882","SYSTEM":"Off"}},{"type":"Feature","geometry":{"type":"LineString","coordinates":[[-97.72830816,30.29245879],[-97.72791672,30.29229304],[-97.72772144,30.29221033]]},"properties":{"AADT_CUR":195,"RTE_NM":"1015865","RTE_PRFX":"CS","RTE_NBR":"1015865","SYSTEM":"Off"}},{"type":"Feature","geometry":{"type":"LineString","coordinates":[[-97.73813783,30.28836491],[-97.73799237,30.28956112],[-97.73797831,30.28969827],[-97.73777817,30.29165623],[-97.73776871,30.29174862]]},"properties":{"AADT_CUR":195,"RTE_NM":"1021554","RTE_PRFX":"CS","RTE_NBR":"1021554","SYSTEM":"Off"}},{"type":"Feature","geometry":{"type":"LineString","coordinates":[[-97.7371649901442,30.2729247694146],[-97.7371732397207,30.2729023627343],[-97.7375874389656,30.2717773416054]]},"properties":{"AADT_CUR":869,"RTE_NM":"258696","RTE_PRFX":"CS","RTE_NBR":"258696","SYSTEM":"Off"}},{"type":"Feature","geometry":{"type":"LineString","coordinates":[[-97.7428352435052,30.2954038511433],[-97.7428208710017,30.2953964311003]]},"properties":{"AADT_CUR":4880,"RTE_NM":"258390","RTE_PRFX":"CS","RTE_NBR":"258390","SYSTEM":"Off"}},{"type":"Feature","geometry":{"type":"LineString","coordinates":[[-97.74516861,30.29980276],[-97.74512513,30.29987484],[-97.74444219,30.30100649],[-97.744425,30.30103518],[-97.7437179,30.30221851]]},"properties":{"AADT_CUR":195,"RTE_NM":"1016662","RTE_PRFX":"CS","RTE_NBR":"1016662","SYSTEM":"Off"}},{"type":"Feature","geometry":{"type":"LineString","coordinates":[[-97.77024161,30.29806507],[-97.76968285,30.298934],[-97.76960081,30.29906251],[-97.76918016,30.29972151],[-97.76869642,30.30045171],[-97.76848816,30.30083533],[-97.76847865,30.30100602],[-97.76846547,30.3012419],[-97.76843038,30.30135171],[-97.76838333,30.30149882],[-97.76831569,30.3016097],[-97.76820934,30.30178409],[-97.76760173,30.3027318],[-97.76732578,30.30294908],[-97.76690056,30.30317434],[-97.76587366,30.30326115],[-97.76553294,30.30328997],[-97.76497865,30.30330359],[-97.76479019,30.30329981],[-97.76463604,30.30321534],[-97.76443889,30.30310724],[-97.76429946,30.3030472]]},"properties":{"AADT_CUR":906,"RTE_NM":"1017010","RTE_PRFX":"CS","RTE_NBR":"1017010","SYSTEM":"Off"}},{"type":"Feature","geometry":{"type":"LineString","coordinates":[[-97.7493127348023,30.2190737543901],[-97.749208332,30.2192845250018],[-97.74912045,30.2194240000017],[-97.74904309,30.2195738000017],[-97.74874481,30.2201420800018],[-97.74857282,30.2204827600018],[-97.74842439,30.2207768000018],[-97.74821658,30.2211787400018],[-97.74803366,30.2215276300018],[-97.747770221,30.2220550130018],[-97.747536286,30.2226890050018]]},"properties":{"AADT_CUR":19854,"RTE_NM":"1629677348","RTE_PRFX":"IH","RTE_NBR":"35","SYSTEM":"On"}},{"type":"Feature","geometry":{"type":"LineString","coordinates":[[-97.80006115,30.23507054],[-97.80009487,30.23499257],[-97.80015362,30.23486992],[-97.80024888,30.23470815],[-97.8003541,30.23455539],[-97.8004333,30.23442868],[-97.800548839,30.234229968],[-97.800655663,30.234065641],[-97.80073252,30.23393942],[-97.80080345,30.23381236],[-97.800825436,30.233750523],[-97.800842058,30.233673623],[-97.800860809,30.233563018],[-97.800863453,30.233439758],[-97.800803415,30.23315014],[-97.800753776,30.232963443]]},"properties":{"AADT_CUR":503,"RTE_NM":"1264492","RTE_PRFX":"CS","RTE_NBR":"1264492","SYSTEM":"Off"}},{"type":"Feature","geometry":{"type":"LineString","coordinates":[[-97.69360508,30.3173546700024],[-97.69139517,30.3162849900024],[-97.6912946696342,30.3162363564689]]},"properties":{"AADT_CUR":195,"RTE_NM":"1016604","RTE_PRFX":"CS","RTE_NBR":"1016604","SYSTEM":"Off"}},{"type":"Feature","geometry":{"type":"LineString","coordinates":[[-97.768510496132,30.2489159560672],[-97.76817816,30.248913190002],[-97.7673562182717,30.2491316570082]]},"properties":{"AADT_CUR":195,"RTE_NM":"1019747","RTE_PRFX":"CS","RTE_NBR":"1019747","SYSTEM":"Off"}},{"type":"Feature","geometry":{"type":"LineString","coordinates":[[-97.75115552,30.24230576],[-97.7510317,30.24257816],[-97.75076239,30.24293682]]},"properties":{"AADT_CUR":195,"RTE_NM":"1018606","RTE_PRFX":"CS","RTE_NBR":"1018606","SYSTEM":"Off"}},{"type":"Feature","geometry":{"type":"LineString","coordinates":[[-97.758161483635,30.2544582909246],[-97.75815592,30.254455550002],[-97.75684502,30.253835090002],[-97.7556556,30.253212170002],[-97.75554528,30.253154370002],[-97.75501618,30.252903180002],[-97.75500095,30.252895910002]]},"properties":{"AADT_CUR":195,"RTE_NM":"1021276","RTE_PRFX":"CS","RTE_NBR":"1021276","SYSTEM":"Off"}},{"type":"Feature","geometry":{"type":"LineString","coordinates":[[-97.7056762445632,30.2584196918171],[-97.70568303,30.258406720002],[-97.70602939,30.257671230002],[-97.7071494416727,30.2552715776531]]},"properties":{"AADT_CUR":3082,"RTE_NM":"258693","RTE_PRFX":"CS","RTE_NBR":"258693","SYSTEM":"Off"}},{"type":"Feature","geometry":{"type":"LineString","coordinates":[[-97.79528385,30.26886749],[-97.79509787,30.26896784],[-97.7950467,30.26899557],[-97.79473142,30.26932759],[-97.79452268,30.26951655],[-97.79414876,30.2698551],[-97.7941346,30.26986456],[-97.79409984,30.26988766],[-97.79378759,30.27009547],[-97.79367685,30.27042059]]},"properties":{"AADT_CUR":195,"RTE_NM":"1206153","RTE_PRFX":"CS","RTE_NBR":"1206153","SYSTEM":"Off"}},{"type":"Feature","geometry":{"type":"LineString","coordinates":[[-97.709002806086,30.2978519316703],[-97.70886836,30.29767178],[-97.70856062,30.29715276],[-97.70830338,30.29655046],[-97.70814999,30.29606788],[-97.70802242,30.29531639],[-97.7078202,30.29362918],[-97.7073689,30.29018656],[-97.70719097,30.2887018],[-97.70701534,30.28793261],[-97.70679953,30.28722162],[-97.70649425,30.28660163],[-97.706355196699,30.286334475549]]},"properties":{"AADT_CUR":36207,"RTE_NM":"258470","RTE_PRFX":"CS","RTE_NBR":"258470","SYSTEM":"Off"}},{"type":"Feature","geometry":{"type":"LineString","coordinates":[[-97.79533621,30.2302013900036],[-97.79530087,30.2302156200038],[-97.79504957,30.2303248200036],[-97.79499495,30.2303496400037],[-97.79492972,30.2303713700036],[-97.7948108,30.2304049400036],[-97.79468957,30.2304315300036],[-97.79456656,30.2304510300037],[-97.79444232,30.2304633500036],[-97.79431741,30.2304684500037],[-97.7941924,30.2304662900037],[-97.79406783,30.2304568700037],[-97.79394425,30.2304402600036],[-97.79382224,30.2304165100036],[-97.79370232,30.2303857400036],[-97.79358504,30.2303480900037],[-97.79347092,30.2303037100037],[-97.79336046,30.2302528200036],[-97.79325416,30.2301956300036],[-97.79315251,30.2301324100036],[-97.79308888,30.2300880300036],[-97.79304585,30.2300606500037],[-97.79283264,30.2299304200036],[-97.7928171878779,30.2299216108063]]},"properties":{"AADT_CUR":2047,"RTE_NM":"296203","RTE_PRFX":"CS","RTE_NBR":"296203","SYSTEM":"Off"}},{"type":"Feature","geometry":{"type":"LineString","coordinates":[[-97.77445833,30.23558497],[-97.77556849,30.23612421],[-97.77652198,30.23659979],[-97.77691021,30.23676981],[-97.77805418,30.23733928]]},"properties":{"AADT_CUR":195,"RTE_NM":"1021067","RTE_PRFX":"CS","RTE_NBR":"1021067","SYSTEM":"Off"}},{"type":"Feature","geometry":{"type":"LineString","coordinates":[[-97.77413558,30.2292363000018],[-97.77191779,30.2281390900018],[-97.77181954,30.2281069000018],[-97.77175531,30.2281056100018],[-97.77169847,30.2281277100018],[-97.77166239,30.2281758400018],[-97.77162624,30.2282262700018]]},"properties":{"AADT_CUR":1396,"RTE_NM":"1013897","RTE_PRFX":"CS","RTE_NBR":"1013897","SYSTEM":"Off"}},{"type":"Feature","geometry":{"type":"LineString","coordinates":[[-97.769375783475,30.2266493286123],[-97.7693978935207,30.2266102369565]]},"properties":{"AADT_CUR":10997,"RTE_NM":"258383","RTE_PRFX":"CS","RTE_NBR":"258383","SYSTEM":"Off"}},{"type":"Feature","geometry":{"type":"LineString","coordinates":[[-97.7447778020472,30.238875300921],[-97.74384042,30.2384171700019],[-97.74375115,30.2383727600019],[-97.74344924,30.2382621200019],[-97.74295537,30.2382521300019],[-97.74259489,30.2381403500019],[-97.74112819,30.2374368500019],[-97.7398091941293,30.2367752767386]]},"properties":{"AADT_CUR":195,"RTE_NM":"1013545","RTE_PRFX":"CS","RTE_NBR":"1013545","SYSTEM":"Off"}},{"type":"Feature","geometry":{"type":"LineString","coordinates":[[-97.73269097,30.2351315600019],[-97.73192542,30.2352425300019],[-97.73142802,30.2354827100019],[-97.73115923,30.2354662500019],[-97.73101138,30.2353697100019],[-97.73094637,30.2349916200019],[-97.73073023,30.2346272600019],[-97.730694341253,30.2345674341496]]},"properties":{"AADT_CUR":195,"RTE_NM":"1021061","RTE_PRFX":"CS","RTE_NBR":"1021061","SYSTEM":"Off"}},{"type":"Feature","geometry":{"type":"LineString","coordinates":[[-97.7343033750032,30.2803717678961],[-97.73430358,30.2803716800044],[-97.73442792,30.2803500800044],[-97.73511123,30.2802310900044],[-97.73544981,30.2801721700044],[-97.735515717,30.2801553710044],[-97.735592353,30.2801200420044],[-97.735650213,30.2800580750043],[-97.7356838766247,30.2800025304754]]},"properties":{"AADT_CUR":906,"RTE_NM":"258676","RTE_PRFX":"CS","RTE_NBR":"258676","SYSTEM":"Off"}},{"type":"Feature","geometry":{"type":"LineString","coordinates":[[-97.74675264,30.30160595],[-97.74626781,30.30236901],[-97.74574714,30.30319739]]},"properties":{"AADT_CUR":195,"RTE_NM":"1018189","RTE_PRFX":"CS","RTE_NBR":"1018189","SYSTEM":"Off"}},{"type":"Feature","geometry":{"type":"LineString","coordinates":[[-97.76749078,30.24940543],[-97.76742574,30.24922999],[-97.7673894,30.24919347],[-97.76733181,30.2491817],[-97.7672572,30.24919115],[-97.76662165,30.24933071],[-97.76641426,30.24936296],[-97.76624448,30.24937791],[-97.76583028,30.2494173],[-97.76574344,30.24941936],[-97.76565703,30.24940349],[-97.76555847,30.24937665],[-97.7652318280826,30.2492380234978]]},"properties":{"AADT_CUR":2907,"RTE_NM":"258604","RTE_PRFX":"CS","RTE_NBR":"258604","SYSTEM":"Off"}},{"type":"Feature","geometry":{"type":"LineString","coordinates":[[-97.78917696,30.27260306],[-97.78852704,30.27243616],[-97.78757067,30.27265644]]},"properties":{"AADT_CUR":195,"RTE_NM":"1206125","RTE_PRFX":"CS","RTE_NBR":"1206125","SYSTEM":"Off"}},{"type":"Feature","geometry":{"type":"LineString","coordinates":[[-97.78846326,30.2185728],[-97.78760965,30.21995849],[-97.78771625,30.22060143]]},"properties":{"AADT_CUR":195,"RTE_NM":"1017980","RTE_PRFX":"CS","RTE_NBR":"1017980","SYSTEM":"Off"}},{"type":"Feature","geometry":{"type":"LineString","coordinates":[[-97.75789141,30.30867146],[-97.75797051,30.30845329],[-97.75801645,30.30837094],[-97.7580806,30.30830072],[-97.75816468,30.30824698],[-97.75827044,30.30820797],[-97.75838139,30.30818283],[-97.75848888,30.30818196],[-97.75861284,30.30821317],[-97.75873247,30.30826605],[-97.75882609,30.30834493],[-97.75889023,30.30843595],[-97.75893184,30.30854864],[-97.75893531,30.30864486],[-97.75892317,30.30874021],[-97.75887983,30.3088347],[-97.75881308,30.30891705],[-97.7587186,30.30898466],[-97.75860591,30.30903667],[-97.75844554,30.30906355],[-97.75810329,30.30911892]]},"properties":{"AADT_CUR":4773,"RTE_NM":"1641427271","RTE_PRFX":"SL","RTE_NBR":"1","SYSTEM":"On"}},{"type":"Feature","geometry":{"type":"LineString","coordinates":[[-97.7150487479309,30.3140004290798],[-97.7140217,30.3135424800024],[-97.71388131,30.3134800600024],[-97.7124038,30.3127897800024],[-97.71091077,30.3120881500024],[-97.71007742,30.3116668000024],[-97.70969378,30.3114721900024],[-97.7096633818923,30.3114567518642]]},"properties":{"AADT_CUR":195,"RTE_NM":"1015893","RTE_PRFX":"CS","RTE_NBR":"1015893","SYSTEM":"Off"}},{"type":"Feature","geometry":{"type":"LineString","coordinates":[[-97.6874823455019,30.2381009830788],[-97.68737505,30.23795427],[-97.68718619,30.23769826],[-97.68702461,30.23748841],[-97.68676439,30.23717363],[-97.686272053731,30.2365763708934]]},"properties":{"AADT_CUR":44160,"RTE_NM":"TL0183-KG","RTE_PRFX":"TL","RTE_NBR":"183","SYSTEM":"Off"}},{"type":"Feature","geometry":{"type":"LineString","coordinates":[[-97.7338506138632,30.2753460244433],[-97.733966182,30.275017229],[-97.734457028,30.273747832],[-97.7350027621548,30.2723590075437]]},"properties":{"AADT_CUR":3085,"RTE_NM":"258641","RTE_PRFX":"CS","RTE_NBR":"258641","SYSTEM":"Off"}},{"type":"Feature","geometry":{"type":"LineString","coordinates":[[-97.736766886608,30.2771988697534],[-97.7367509009974,30.2771946126175]]},"properties":{"AADT_CUR":195,"RTE_NM":"1015845","RTE_PRFX":"CS","RTE_NBR":"1015845","SYSTEM":"Off"}},{"type":"Feature","geometry":{"type":"LineString","coordinates":[[-97.7381223254737,30.2806607018691],[-97.73709222,30.28037268],[-97.73573931,30.280002],[-97.73568315,30.27998677],[-97.73544648,30.27991681],[-97.73463373,30.27968149],[-97.73381839,30.27945304],[-97.73300052,30.27923147],[-97.73218023,30.27901682],[-97.7321314626157,30.2790043052961]]},"properties":{"AADT_CUR":24883,"RTE_NM":"258435","RTE_PRFX":"CS","RTE_NBR":"258435","SYSTEM":"Off"}},{"type":"Feature","geometry":{"type":"LineString","coordinates":[[-97.75139788,30.2768970400022],[-97.749928225717,30.2764764447235],[-97.74987412,30.2764609600021],[-97.74844108,30.2760897000021],[-97.74735206,30.2757932300021],[-97.7462670283939,30.2754825847376],[-97.7451896915059,30.2751837507371],[-97.7441522092325,30.2748888385863]]},"properties":{"AADT_CUR":1524,"RTE_NM":"258422","RTE_PRFX":"CS","RTE_NBR":"258422","SYSTEM":"Off"}},{"type":"Feature","geometry":{"type":"LineString","coordinates":[[-97.7591518291803,30.261153496138],[-97.75907651,30.261255540002],[-97.7583871674925,30.2622813605017]]},"properties":{"AADT_CUR":195,"RTE_NM":"1017304","RTE_PRFX":"CS","RTE_NBR":"1017304","SYSTEM":"Off"}},{"type":"Feature","geometry":{"type":"LineString","coordinates":[[-97.7641845842811,30.2640918147764],[-97.7641405434586,30.2641356045284]]},"properties":{"AADT_CUR":195,"RTE_NM":"1013951","RTE_PRFX":"CS","RTE_NBR":"1013951","SYSTEM":"Off"}},{"type":"Feature","geometry":{"type":"LineString","coordinates":[[-97.77862804,30.27581974],[-97.77812996,30.27542077],[-97.77761817,30.27490953],[-97.77733474,30.27465343],[-97.77719893,30.27456734],[-97.77701932,30.27458812],[-97.77657634,30.27467607],[-97.77632482,30.27482717],[-97.77604657,30.27494191],[-97.77571516,30.27497201],[-97.7753466,30.27482206],[-97.77473814,30.27432107],[-97.7743459,30.27400326],[-97.77411729,30.27376007],[-97.77401209,30.27354296],[-97.77392926,30.27295547],[-97.77371609,30.27264079],[-97.77344588,30.27240884],[-97.77321739,30.27214714]]},"properties":{"AADT_CUR":1341,"RTE_NM":"1264429","RTE_PRFX":"CS","RTE_NBR":"1264429","SYSTEM":"Off"}},{"type":"Feature","geometry":{"type":"LineString","coordinates":[[-97.78291434,30.21985407],[-97.78195509,30.21954069],[-97.78190885,30.21952323],[-97.78186626,30.21951692],[-97.78181573,30.21951041],[-97.78176889,30.21951498],[-97.78172609,30.2195196],[-97.78169548,30.21953826]]},"properties":{"AADT_CUR":195,"RTE_NM":"1013716","RTE_PRFX":"CS","RTE_NBR":"1013716","SYSTEM":"Off"}},{"type":"Feature","geometry":{"type":"LineString","coordinates":[[-97.79961748,30.2815464900022],[-97.79983584,30.2816957400022],[-97.7999381,30.2817818700022],[-97.79996922,30.2817862400022],[-97.80000034,30.2818234800022],[-97.8000532707397,30.2818603675332]]},"properties":{"AADT_CUR":195,"RTE_NM":"227AA4135","RTE_PRFX":"CR","RTE_NBR":"4135","SYSTEM":"Off"}},{"type":"Feature","geometry":{"type":"LineString","coordinates":[[-97.715588187,30.317783989],[-97.715340194,30.31767514],[-97.714142937,30.317092345],[-97.713737122,30.316902845]]},"properties":{"AADT_CUR":195,"RTE_NM":"1015896","RTE_PRFX":"CS","RTE_NBR":"1015896","SYSTEM":"Off"}},{"type":"Feature","geometry":{"type":"LineString","coordinates":[[-97.79519796,30.25091803],[-97.79467368,30.25091862]]},"properties":{"AADT_CUR":195,"RTE_NM":"1015116","RTE_PRFX":"CS","RTE_NBR":"1015116","SYSTEM":"Off"}},{"type":"Feature","geometry":{"type":"LineString","coordinates":[[-97.7802387,30.25371489],[-97.78014431,30.25383864],[-97.7796931,30.25443007]]},"properties":{"AADT_CUR":195,"RTE_NM":"1021494","RTE_PRFX":"CS","RTE_NBR":"1021494","SYSTEM":"Off"}},{"type":"Feature","geometry":{"type":"LineString","coordinates":[[-97.7563638211934,30.2278095069635],[-97.7563577,30.2278182100018],[-97.7563386764372,30.2278471839698]]},"properties":{"AADT_CUR":195,"RTE_NM":"1021604","RTE_PRFX":"CS","RTE_NBR":"1021604","SYSTEM":"Off"}},{"type":"Feature","geometry":{"type":"LineString","coordinates":[[-97.7389608065407,30.2420691128849],[-97.73895831,30.2420672300057],[-97.73867487,30.2417976900057],[-97.73843432,30.2415998700057],[-97.73819984,30.2414602300057],[-97.737385909374,30.2410883983153],[-97.7370095572272,30.2409164648993],[-97.7369445881822,30.2408867841453]]},"properties":{"AADT_CUR":2301,"RTE_NM":"258711","RTE_PRFX":"CS","RTE_NBR":"258711","SYSTEM":"Off"}},{"type":"Feature","geometry":{"type":"LineString","coordinates":[[-97.70351345,30.256142660002],[-97.70346212,30.256261440002],[-97.70314577,30.256993220002],[-97.703132162564,30.2570200246989],[-97.70273398,30.257804380002],[-97.7027154,30.257807400002],[-97.7025836199979,30.2578287600052],[-97.70086407,30.2604723000021]]},"properties":{"AADT_CUR":195,"RTE_NM":"1016756","RTE_PRFX":"CS","RTE_NBR":"1016756","SYSTEM":"Off"}},{"type":"Feature","geometry":{"type":"LineString","coordinates":[[-97.7056652950479,30.2584588086906],[-97.7056506453003,30.2584518526637]]},"properties":{"AADT_CUR":9515,"RTE_NM":"258404","RTE_PRFX":"CS","RTE_NBR":"258404","SYSTEM":"Off"}},{"type":"Feature","geometry":{"type":"LineString","coordinates":[[-97.7381752240018,30.3027485502546],[-97.7381771108397,30.3027455804567],[-97.7386530510324,30.3019964652632],[-97.7389416766679,30.3015421708802],[-97.7391697824263,30.3011831308001],[-97.7396919852836,30.3003611682096],[-97.7399582763026,30.2999420121348],[-97.7404822640197,30.2991172156462],[-97.7410034066341,30.2982968814499],[-97.7412490530632,30.2979102021323],[-97.7420077801466,30.2967158448165],[-97.74230391,30.2962496800023],[-97.74274442,30.2955319400023],[-97.74276203,30.2955121400023],[-97.7427887792955,30.2954737617846]]},"properties":{"AADT_CUR":12146,"RTE_NM":"258545","RTE_PRFX":"CS","RTE_NBR":"258545","SYSTEM":"Off"}},{"type":"Feature","geometry":{"type":"LineString","coordinates":[[-97.7376882518078,30.3035144404819],[-97.7376442700025,30.3034933849096]]},"properties":{"AADT_CUR":195,"RTE_NM":"1021226","RTE_PRFX":"CS","RTE_NBR":"1021226","SYSTEM":"Off"}},{"type":"Feature","geometry":{"type":"LineString","coordinates":[[-97.7271077865951,30.2910940669072],[-97.7271183141888,30.2910665020551]]},"properties":{"AADT_CUR":2449,"RTE_NM":"258641","RTE_PRFX":"CS","RTE_NBR":"258641","SYSTEM":"Off"}},{"type":"Feature","geometry":{"type":"LineString","coordinates":[[-97.7144980341367,30.2922082072758],[-97.714468,30.2922563500022],[-97.71370463,30.2934813000023],[-97.71318183,30.2942929700023],[-97.71265643,30.2951128400023],[-97.7125412,30.2954157800023],[-97.71266555,30.2960316500023]]},"properties":{"AADT_CUR":195,"RTE_NM":"1018018","RTE_PRFX":"CS","RTE_NBR":"1018018","SYSTEM":"Off"}},{"type":"Feature","geometry":{"type":"LineString","coordinates":[[-97.7161229624352,30.270199797258],[-97.7163370000004,30.2711774100041],[-97.7165525800005,30.2722241700041],[-97.7165971,30.2724182100021],[-97.7167765000004,30.2731996400042],[-97.71696107,30.2741679100022],[-97.71697066,30.2742184600022],[-97.71719099,30.2752378700021],[-97.71722654,30.2754135400021],[-97.71739503,30.2762459200022],[-97.71743332,30.2764129000021],[-97.71761037,30.2771854000021]]},"properties":{"AADT_CUR":195,"RTE_NM":"1015193","RTE_PRFX":"CS","RTE_NBR":"1015193","SYSTEM":"Off"}},{"type":"Feature","geometry":{"type":"LineString","coordinates":[[-97.7349874257961,30.2786310212917],[-97.734306522,30.278450514],[-97.733605845,30.278261906],[-97.733246949,30.278165299],[-97.733108779,30.278116129],[-97.733026936,30.278062326],[-97.732922257,30.277987149]]},"properties":{"AADT_CUR":195,"RTE_NM":"1015848","RTE_PRFX":"CS","RTE_NBR":"1015848","SYSTEM":"Off"}},{"type":"Feature","geometry":{"type":"LineString","coordinates":[[-97.688086522,30.2193585040018],[-97.688001292,30.2192307610018],[-97.6877220238876,30.2188778128958],[-97.687527288,30.2186942310018],[-97.68655966,30.2178934200017],[-97.68553333,30.2170938900018],[-97.6852769636418,30.2169372259806]]},"properties":{"AADT_CUR":908,"RTE_NM":"1018889","RTE_PRFX":"CS","RTE_NBR":"1018889","SYSTEM":"Off"}},{"type":"Feature","geometry":{"type":"LineString","coordinates":[[-97.7546314158147,30.3085534023155],[-97.7546271856374,30.3085674683767]]},"properties":{"AADT_CUR":195,"RTE_NM":"1018749","RTE_PRFX":"CS","RTE_NBR":"1018749","SYSTEM":"Off"}},{"type":"Feature","geometry":{"type":"LineString","coordinates":[[-97.733713980076,30.3097476530645],[-97.733670085263,30.3097265671485]]},"properties":{"AADT_CUR":195,"RTE_NM":"1021236","RTE_PRFX":"CS","RTE_NBR":"1021236","SYSTEM":"Off"}},{"type":"Feature","geometry":{"type":"LineString","coordinates":[[-97.8038263607616,30.2693811117848],[-97.80365775,30.2691909100021],[-97.80359439,30.2691333700021],[-97.80349058,30.2690563200021],[-97.80326427,30.2689398600021],[-97.80238064,30.2685273200021],[-97.80169726,30.2682470400021],[-97.80114966,30.2679831900021],[-97.80032752,30.2675874000021],[-97.80016274,30.2674988600021],[-97.79975366,30.2673551200021],[-97.79934557,30.2673066800021],[-97.79892934,30.2673204500021],[-97.79849627,30.2674329200021],[-97.7982708,30.2676924900021],[-97.79819928,30.2678230600021],[-97.79814081,30.2682266700021],[-97.79812576,30.2683304200021],[-97.79806287,30.2690057700021],[-97.79807347,30.2691090700021],[-97.79812275,30.2695900300021],[-97.79817986,30.2696823600021],[-97.79822612,30.2697570900021],[-97.79833235,30.2698444500021],[-97.79862089,30.2700179300021],[-97.79873625,30.2700751400021],[-97.7994638,30.2704361200021]]},"properties":{"AADT_CUR":195,"RTE_NM":"1021578","RTE_PRFX":"CS","RTE_NBR":"1021578","SYSTEM":"Off"}},{"type":"Feature","geometry":{"type":"LineString","coordinates":[[-97.80086442,30.2781263200044],[-97.80072109,30.2784697400044],[-97.80068897,30.2785298700044],[-97.80047122,30.2788432400044],[-97.80035734,30.2790388600043],[-97.80031709,30.2791608600044],[-97.80030846,30.2792544900043],[-97.8003135580466,30.2793732054728]]},"properties":{"AADT_CUR":195,"RTE_NM":"227AA4129","RTE_PRFX":"CR","RTE_NBR":"4129","SYSTEM":"Off"}},{"type":"Feature","geometry":{"type":"LineString","coordinates":[[-97.7672768063887,30.2659510123182],[-97.7672732548329,30.266008987212]]},"properties":{"AADT_CUR":195,"RTE_NM":"1017893","RTE_PRFX":"CS","RTE_NBR":"1017893","SYSTEM":"Off"}},{"type":"Feature","geometry":{"type":"LineString","coordinates":[[-97.744316738219,30.2961521774314],[-97.74429278,30.2961928700023],[-97.74358544,30.2973946200023],[-97.74355515,30.2974461000023]]},"properties":{"AADT_CUR":195,"RTE_NM":"1019798","RTE_PRFX":"CS","RTE_NBR":"1019798","SYSTEM":"Off"}},{"type":"Feature","geometry":{"type":"LineString","coordinates":[[-97.7468721162487,30.2571526359814],[-97.74687524,30.25714366],[-97.74732021,30.25592792],[-97.74810514,30.25382029],[-97.74890238,30.25169227],[-97.74953627,30.24995271],[-97.75064988,30.24697549],[-97.7509652025155,30.246095845849]]},"properties":{"AADT_CUR":12437,"RTE_NM":"258521","RTE_PRFX":"CS","RTE_NBR":"258521","SYSTEM":"Off"}},{"type":"Feature","geometry":{"type":"LineString","coordinates":[[-97.7210509,30.25165808],[-97.72063984,30.25256831],[-97.72022175,30.25350041],[-97.72018802,30.25357375],[-97.71980099,30.25441591],[-97.71977243,30.25447031],[-97.71934999,30.25527582],[-97.71890935,30.25610572]]},"properties":{"AADT_CUR":195,"RTE_NM":"1018293","RTE_PRFX":"CS","RTE_NBR":"1018293","SYSTEM":"Off"}},{"type":"Feature","geometry":{"type":"LineString","coordinates":[[-97.70434896,30.251912940002],[-97.7031274912458,30.2537980670349]]},"properties":{"AADT_CUR":5175,"RTE_NM":"187788","RTE_PRFX":"CS","RTE_NBR":"187788","SYSTEM":"Off"}},{"type":"Feature","geometry":{"type":"LineString","coordinates":[[-97.7026819,30.27541386],[-97.70239007,30.2753508],[-97.70203017,30.27499394],[-97.70197937,30.27494092],[-97.70179187,30.27473667],[-97.70166814,30.27471083],[-97.70067317,30.27488175],[-97.70062409,30.27490279],[-97.70059387,30.27494777],[-97.70060407,30.27500867],[-97.70070006,30.27546234],[-97.70070116,30.27549778],[-97.70068684,30.27552787],[-97.70061753,30.27558227],[-97.69979917,30.27616624]]},"properties":{"AADT_CUR":195,"RTE_NM":"1016845","RTE_PRFX":"CS","RTE_NBR":"1016845","SYSTEM":"Off"}},{"type":"Feature","geometry":{"type":"LineString","coordinates":[[-97.7221217284913,30.262599268487],[-97.7221255,30.262591110002],[-97.722507859557,30.2617639876775]]},"properties":{"AADT_CUR":3864,"RTE_NM":"258510","RTE_PRFX":"CS","RTE_NBR":"258510","SYSTEM":"Off"}},{"type":"Feature","geometry":{"type":"LineString","coordinates":[[-97.72797277,30.262470390002],[-97.72793335,30.262553910002],[-97.72753924,30.263388430002],[-97.7275290371473,30.2634109958122],[-97.72750868,30.263456020002],[-97.727098480481,30.2643542789488]]},"properties":{"AADT_CUR":195,"RTE_NM":"1018809","RTE_PRFX":"CS","RTE_NBR":"1018809","SYSTEM":"Off"}},{"type":"Feature","geometry":{"type":"LineString","coordinates":[[-97.7481454425524,30.2736734109835],[-97.74814383,30.2736778300021],[-97.7478044326651,30.2745846218508]]},"properties":{"AADT_CUR":777,"RTE_NM":"258649","RTE_PRFX":"CS","RTE_NBR":"258649","SYSTEM":"Off"}},{"type":"Feature","geometry":{"type":"LineString","coordinates":[[-97.79945605,30.22615608],[-97.79910726,30.22592912],[-97.7988428,30.22586891],[-97.79850722,30.22595575],[-97.79792593,30.22638157],[-97.79729749,30.22691644],[-97.79710607,30.22723991],[-97.79737474,30.22798509]]},"properties":{"AADT_CUR":195,"RTE_NM":"1013691","RTE_PRFX":"CS","RTE_NBR":"1013691","SYSTEM":"Off"}},{"type":"Feature","geometry":{"type":"LineString","coordinates":[[-97.78064121,30.23690198],[-97.78053032,30.23750208],[-97.78049946,30.23831003],[-97.78050888,30.23888231]]},"properties":{"AADT_CUR":195,"RTE_NM":"1021652","RTE_PRFX":"CS","RTE_NBR":"1021652","SYSTEM":"Off"}},{"type":"Feature","geometry":{"type":"LineString","coordinates":[[-97.77338532,30.2322109000019],[-97.77262559,30.2318424900018],[-97.77250972,30.2317863200018],[-97.77123474,30.2311337500018],[-97.77003508,30.2306284700018],[-97.7676498346315,30.2294563495008]]},"properties":{"AADT_CUR":195,"RTE_NM":"1020238","RTE_PRFX":"CS","RTE_NBR":"1020238","SYSTEM":"Off"}},{"type":"Feature","geometry":{"type":"LineString","coordinates":[[-97.7097559,30.27941899],[-97.70976563,30.27948749],[-97.70972533,30.2795371],[-97.70967996,30.27955177],[-97.70958111,30.27954975],[-97.70924681,30.28038278],[-97.70929122,30.2804019],[-97.70933216,30.28043915],[-97.7093486,30.28049673],[-97.70933479,30.28056407],[-97.70928556,30.28060988],[-97.70922826,30.2806243],[-97.70945768,30.28170535],[-97.70947884,30.28180848],[-97.70965992,30.28277388],[-97.70997365,30.28440855],[-97.71022042,30.28570355]]},"properties":{"AADT_CUR":195,"RTE_NM":"1013539","RTE_PRFX":"CS","RTE_NBR":"1013539","SYSTEM":"Off"}},{"type":"Feature","geometry":{"type":"LineString","coordinates":[[-97.69554336,30.25647899],[-97.69286651,30.2552004],[-97.69277029,30.25515433],[-97.69213503,30.25485572]]},"properties":{"AADT_CUR":195,"RTE_NM":"1016607","RTE_PRFX":"CS","RTE_NBR":"1016607","SYSTEM":"Off"}},{"type":"Feature","geometry":{"type":"LineString","coordinates":[[-97.6977096835304,30.3057783912597],[-97.69768386,30.3057660600047],[-97.69596927,30.3049441500046],[-97.69539593,30.3048140900046],[-97.69487717,30.3048034100046],[-97.69421659,30.3049599000047],[-97.69419358,30.3049653600046],[-97.69177412,30.3055784000046],[-97.69116436,30.3057363300046],[-97.69005137,30.3058674200046],[-97.68942098,30.3062009700047]]},"properties":{"AADT_CUR":195,"RTE_NM":"1016693","RTE_PRFX":"CS","RTE_NBR":"1016693","SYSTEM":"Off"}},{"type":"Feature","geometry":{"type":"LineString","coordinates":[[-97.7393537434726,30.3189429248813],[-97.74162556,30.31535437]]},"properties":{"AADT_CUR":10564,"RTE_NM":"258502","RTE_PRFX":"CS","RTE_NBR":"258502","SYSTEM":"Off"}},{"type":"Feature","geometry":{"type":"LineString","coordinates":[[-97.68606952,30.30958628],[-97.68553169,30.30954767]]},"properties":{"AADT_CUR":195,"RTE_NM":"1017598","RTE_PRFX":"CS","RTE_NBR":"1017598","SYSTEM":"Off"}},{"type":"Feature","geometry":{"type":"LineString","coordinates":[[-97.78267732,30.25142333],[-97.7818976,30.25120939]]},"properties":{"AADT_CUR":195,"RTE_NM":"1019599","RTE_PRFX":"CS","RTE_NBR":"1019599","SYSTEM":"Off"}},{"type":"Feature","geometry":{"type":"LineString","coordinates":[[-97.7635361336676,30.2360003289854],[-97.7634923118352,30.2359791888258]]},"properties":{"AADT_CUR":195,"RTE_NM":"1019772","RTE_PRFX":"CS","RTE_NBR":"1019772","SYSTEM":"Off"}},{"type":"Feature","geometry":{"type":"LineString","coordinates":[[-97.7489604,30.2420919],[-97.74893129,30.24214049],[-97.74862966,30.24264355],[-97.74838649,30.24282292],[-97.7483253,30.24292088],[-97.7479232,30.24356438],[-97.74785631,30.24366188],[-97.74743206,30.24428058],[-97.74740164,30.24436242],[-97.74716233,30.2450067],[-97.74698218,30.24543489],[-97.74664625,30.24567564],[-97.74660142,30.2458425],[-97.74651594,30.24607728],[-97.74661136,30.24641752],[-97.74644996,30.24676631],[-97.74641878,30.24685069],[-97.74611523,30.24767263],[-97.74566099,30.24819152],[-97.74458061,30.24925885],[-97.74431537,30.24952302],[-97.74367077,30.25017008],[-97.74347968,30.25073828],[-97.74390371,30.25170123]]},"properties":{"AADT_CUR":195,"RTE_NM":"1018603","RTE_PRFX":"CS","RTE_NBR":"1018603","SYSTEM":"Off"}},{"type":"Feature","geometry":{"type":"LineString","coordinates":[[-97.7549356905301,30.2500331498126],[-97.7549196950916,30.2500289054105]]},"properties":{"AADT_CUR":793,"RTE_NM":"1021265","RTE_PRFX":"CS","RTE_NBR":"1021265","SYSTEM":"Off"}},{"type":"Feature","geometry":{"type":"LineString","coordinates":[[-97.73947911,30.25044491],[-97.73943509,30.25049972],[-97.73927384,30.25069442]]},"properties":{"AADT_CUR":195,"RTE_NM":"1013584","RTE_PRFX":"CS","RTE_NBR":"1013584","SYSTEM":"Off"}},{"type":"Feature","geometry":{"type":"LineString","coordinates":[[-97.70147525,30.2336056000019],[-97.69928812,30.2325320100019],[-97.6988152311814,30.2323414378151]]},"properties":{"AADT_CUR":195,"RTE_NM":"1017613","RTE_PRFX":"CS","RTE_NBR":"1017613","SYSTEM":"Off"}},{"type":"Feature","geometry":{"type":"LineString","coordinates":[[-97.7145835677241,30.3012844764356],[-97.71454473,30.30131344],[-97.71445849,30.30140035],[-97.714419,30.30146704],[-97.71439027,30.30157673],[-97.71436799,30.30191312],[-97.71438267,30.30218559],[-97.71436896,30.30243142],[-97.71430041,30.30266753],[-97.71415923,30.30296217],[-97.71393653,30.3032949],[-97.71356481,30.30389805],[-97.71249812,30.3055589],[-97.71194108,30.30642647],[-97.71137096,30.30728597],[-97.71079549,30.30817875],[-97.7105539742887,30.3085546371606]]},"properties":{"AADT_CUR":32789,"RTE_NM":"IH0035-AG","RTE_PRFX":"IH","RTE_NBR":"35","SYSTEM":"On"}},{"type":"Feature","geometry":{"type":"LineString","coordinates":[[-97.7305389,30.3052877600024],[-97.72956519,30.3048389000023],[-97.72866408,30.3044025600023],[-97.7278531,30.3040106300023],[-97.72772541,30.3039489300023],[-97.7267923570889,30.3035229178049]]},"properties":{"AADT_CUR":195,"RTE_NM":"1015877","RTE_PRFX":"CS","RTE_NBR":"1015877","SYSTEM":"Off"}},{"type":"Feature","geometry":{"type":"LineString","coordinates":[[-97.73473485,30.2909555300044],[-97.734580319,30.2907005940046],[-97.734521036,30.2905436020045],[-97.7344935120351,30.2904293673421],[-97.73448321,30.2903866100044],[-97.734474926,30.2902211690044],[-97.7344881000002,30.2900719400023],[-97.734518327,30.2897774870044],[-97.7345930539696,30.2893369738298]]},"properties":{"AADT_CUR":2535,"RTE_NM":"258676","RTE_PRFX":"CS","RTE_NBR":"258676","SYSTEM":"Off"}},{"type":"Feature","geometry":{"type":"LineString","coordinates":[[-97.74908579,30.2817075300022],[-97.74874648,30.2825423000022],[-97.74868693,30.2826829800022],[-97.74834153,30.2834966100022],[-97.74831943,30.2835513100022],[-97.74815183,30.2848680900022],[-97.74810701,30.2854777600022],[-97.74809226,30.2856013100022],[-97.7480006999998,30.2863694500044],[-97.74798861,30.2865011200022],[-97.7479247199997,30.2871958000044],[-97.7478895099998,30.2874453700044],[-97.74783232,30.2881620300022],[-97.7478297217664,30.2881831059915],[-97.7476743699999,30.2894432500044],[-97.74766546,30.2895993200022],[-97.74764581,30.2899460200022],[-97.7475409099998,30.2908735200046],[-97.74749641,30.2914721600022],[-97.7474849129778,30.2915934394695]]},"properties":{"AADT_CUR":2212,"RTE_NM":"1019826","RTE_PRFX":"CS","RTE_NBR":"1019826","SYSTEM":"Off"}},{"type":"Feature","geometry":{"type":"LineString","coordinates":[[-97.78292046,30.22648792],[-97.78225776,30.22618596],[-97.78086584,30.22552566],[-97.77984407,30.22501038],[-97.77965629,30.22491571],[-97.77871169,30.22446485],[-97.77856795,30.22439622],[-97.77764705,30.2239969],[-97.77758392,30.22396955]]},"properties":{"AADT_CUR":195,"RTE_NM":"1014805","RTE_PRFX":"CS","RTE_NBR":"1014805","SYSTEM":"Off"}},{"type":"Feature","geometry":{"type":"LineString","coordinates":[[-97.75978866,30.248704420002],[-97.75973563,30.2487960900019],[-97.75931708,30.249520040002],[-97.75912443,30.249854460002],[-97.75872748,30.250642460002],[-97.7587028699986,30.2506958200052],[-97.75836925,30.251445480002],[-97.75832494,30.251514170002],[-97.757870219999,30.2522192900035],[-97.75780889,30.252315230002],[-97.757344579999,30.2530420700035],[-97.75730151,30.253110400002],[-97.7568450199991,30.2538350900035],[-97.75679817,30.253915730002],[-97.7564167099994,30.2545718500038],[-97.75636811,30.254713090002],[-97.75630195,30.254853650002],[-97.75612043,30.255225970002],[-97.75600981,30.255454770002],[-97.75594862,30.255589080002],[-97.7558112099991,30.2558908200036],[-97.755436819999,30.2565048700036],[-97.755049569999,30.2571269000035],[-97.7547231,30.257607110002],[-97.75460764,30.257778090002],[-97.754067719999,30.2586583000036],[-97.75349365,30.259584950002]]},"properties":{"AADT_CUR":552,"RTE_NM":"1014299","RTE_PRFX":"CS","RTE_NBR":"1014299","SYSTEM":"Off"}},{"type":"Feature","geometry":{"type":"LineString","coordinates":[[-97.7487238379286,30.2521688491246],[-97.7487079356073,30.252164358896]]},"properties":{"AADT_CUR":195,"RTE_NM":"1013460","RTE_PRFX":"CS","RTE_NBR":"1013460","SYSTEM":"Off"}},{"type":"Feature","geometry":{"type":"LineString","coordinates":[[-97.78964609,30.27952131],[-97.78890522,30.28068912],[-97.78883464,30.28080725],[-97.78866984,30.28108324],[-97.78837433,30.28159443],[-97.78808911,30.2821058],[-97.78805726,30.28230779],[-97.78801779,30.28255822],[-97.7876781,30.28294201],[-97.78746485,30.28306705],[-97.78686696,30.28299744],[-97.78670888,30.28310708],[-97.78653124,30.28323001]]},"properties":{"AADT_CUR":195,"RTE_NM":"1019513","RTE_PRFX":"CS","RTE_NBR":"1019513","SYSTEM":"Off"}},{"type":"Feature","geometry":{"type":"LineString","coordinates":[[-97.7906763299749,30.2901084007957],[-97.7906571204406,30.2901058086238],[-97.79058799,30.2900964800022],[-97.79043921,30.2900939100022],[-97.79028977,30.2901200100022],[-97.79016074,30.2901572400022],[-97.79000635,30.2902191500022],[-97.78986848,30.2902813500022],[-97.78976763,30.2903513600022],[-97.78967465,30.2904394500022],[-97.78958555,30.2905383600022],[-97.78949983,30.2906696300022],[-97.78927964,30.2910748400023],[-97.78923972,30.2911925600023],[-97.78922848,30.2913215300023],[-97.78919459,30.2917156200023],[-97.78917212,30.2917941600022],[-97.78912095,30.2918614500022],[-97.78904921,30.2919247800022],[-97.78895332,30.2919590000023],[-97.78882488,30.2919711200022],[-97.78868874,30.2919580000023],[-97.78855739,30.2919162500023],[-97.78842646,30.2918565700022],[-97.78832405,30.2918153300023],[-97.78821684,30.2918027100023],[-97.78786992,30.2917859200022],[-97.78591375,30.2916299700022],[-97.78572802,30.2916159700023],[-97.78557924,30.2916133900023],[-97.7831129220236,30.2915564261863]]},"properties":{"AADT_CUR":7775,"RTE_NM":"258726","RTE_PRFX":"CS","RTE_NBR":"258726","SYSTEM":"Off"}},{"type":"Feature","geometry":{"type":"LineString","coordinates":[[-97.77963227,30.29940212],[-97.78108083,30.30008833]]},"properties":{"AADT_CUR":195,"RTE_NM":"1018222","RTE_PRFX":"CS","RTE_NBR":"1018222","SYSTEM":"Off"}},{"type":"Feature","geometry":{"type":"LineString","coordinates":[[-97.6890687085662,30.2759124352655],[-97.68906615,30.2759095800021],[-97.68869362,30.2756679700022],[-97.68815314,30.2753872300022],[-97.68714935,30.2749168700021],[-97.68703383,30.2748551300021],[-97.68617368,30.2744440900021],[-97.68578595,30.2742545600021]]},"properties":{"AADT_CUR":195,"RTE_NM":"1019860","RTE_PRFX":"CS","RTE_NBR":"1019860","SYSTEM":"Off"}},{"type":"Feature","geometry":{"type":"LineString","coordinates":[[-97.75615652,30.3083148],[-97.75587746,30.30845644],[-97.75573528,30.30854898],[-97.75564997,30.30859525],[-97.75553526,30.30862947],[-97.75525262,30.30867075]]},"properties":{"AADT_CUR":8355,"RTE_NM":"1638921861","RTE_PRFX":"SL","RTE_NBR":"1","SYSTEM":"On"}},{"type":"Feature","geometry":{"type":"LineString","coordinates":[[-97.7363302077176,30.3018658346484],[-97.7363114229935,30.3018568866007],[-97.7352413833503,30.3013373869032],[-97.73471619,30.3010926200023],[-97.7347006067838,30.3010851375482],[-97.73360662,30.3005598400023]]},"properties":{"AADT_CUR":14140,"RTE_NM":"258446","RTE_PRFX":"CS","RTE_NBR":"258446","SYSTEM":"Off"}},{"type":"Feature","geometry":{"type":"LineString","coordinates":[[-97.7314694831732,30.2960489705965],[-97.73076139,30.2956781600023],[-97.73058424,30.2955854300023],[-97.72970724,30.2952265700023],[-97.72894426,30.2948424900023],[-97.72811616,30.2944406900023],[-97.72802137,30.2943946800023],[-97.72799794,30.2943845800023],[-97.7269056,30.2938719000023],[-97.72678194,30.2938139300022],[-97.72570302,30.2932883600023],[-97.7255366391785,30.2932053401553]]},"properties":{"AADT_CUR":416,"RTE_NM":"1016823","RTE_PRFX":"CS","RTE_NBR":"1016823","SYSTEM":"Off"}},{"type":"Feature","geometry":{"type":"LineString","coordinates":[[-97.7303543,30.29779476],[-97.72950077,30.2973594],[-97.72880875,30.29706062],[-97.72865173,30.29699285],[-97.72783152,30.29658563]]},"properties":{"AADT_CUR":195,"RTE_NM":"1020726","RTE_PRFX":"CS","RTE_NBR":"1020726","SYSTEM":"Off"}},{"type":"Feature","geometry":{"type":"LineString","coordinates":[[-97.73957285,30.28752403],[-97.73957311,30.2875989],[-97.73957012,30.28766779],[-97.73956572,30.28774647],[-97.73955715,30.28781329],[-97.73955105,30.28787049],[-97.73954085,30.28791264],[-97.73951398,30.28794064],[-97.73947944,30.28795963],[-97.7394336,30.28797546],[-97.73937189,30.28799195],[-97.73930812,30.28799951],[-97.73918553,30.28800096],[-97.73911873,30.28799469],[-97.73898797,30.28796151],[-97.73891969,30.28792567],[-97.73887849,30.28789626],[-97.73885893,30.28786434],[-97.73885959,30.28779738],[-97.73886738,30.28767631],[-97.73887265,30.28760747],[-97.73887882,30.28754653],[-97.73888086,30.28747072]]},"properties":{"AADT_CUR":195,"RTE_NM":"1259447","RTE_PRFX":"CS","RTE_NBR":"1259447","SYSTEM":"Off"}},{"type":"Feature","geometry":{"type":"LineString","coordinates":[[-97.7166578014314,30.2700542494052],[-97.7166589,30.2700563100021],[-97.7166706841966,30.2701111934495]]},"properties":{"AADT_CUR":653,"RTE_NM":"1018673","RTE_PRFX":"CS","RTE_NBR":"1018673","SYSTEM":"Off"}},{"type":"Feature","geometry":{"type":"LineString","coordinates":[[-97.7600200646429,30.2788825885977],[-97.76001488,30.2788800900022],[-97.75950726,30.2786636200022],[-97.75862574,30.2782113300022],[-97.75772056,30.2777833400022],[-97.75760323,30.2777260000022],[-97.75707379,30.2774678300022],[-97.75666073,30.2772724800022],[-97.75616321,30.2770369200022],[-97.75577518,30.2768531200021],[-97.754818804007,30.2764054104564]]},"properties":{"AADT_CUR":195,"RTE_NM":"1021189","RTE_PRFX":"CS","RTE_NBR":"1021189","SYSTEM":"Off"}},{"type":"Feature","geometry":{"type":"LineString","coordinates":[[-97.6864728761572,30.2576552654346],[-97.6849931875087,30.2600089307745]]},"properties":{"AADT_CUR":195,"RTE_NM":"1016105","RTE_PRFX":"CS","RTE_NBR":"1016105","SYSTEM":"Off"}},{"type":"Feature","geometry":{"type":"LineString","coordinates":[[-97.7233305680973,30.2566540304438],[-97.72332649,30.256663340002],[-97.7233182898481,30.2566810245706]]},"properties":{"AADT_CUR":195,"RTE_NM":"1017933","RTE_PRFX":"CS","RTE_NBR":"1017933","SYSTEM":"Off"}},{"type":"Feature","geometry":{"type":"LineString","coordinates":[[-97.6894331679106,30.2197277180717],[-97.689423848,30.21973276],[-97.689170874,30.219873031],[-97.688739037,30.220139567],[-97.68855253,30.22023892],[-97.688335252,30.220369143],[-97.687372449,30.220903244],[-97.687053266,30.221070117],[-97.686774316,30.221214971],[-97.686507435,30.221341284],[-97.686300905,30.221447897],[-97.686127902,30.221540603],[-97.686032683,30.22160318],[-97.685862363,30.221717904],[-97.685681313,30.22186044],[-97.685515016,30.222004135],[-97.685354083,30.222165211],[-97.685246795,30.2222753],[-97.685123413,30.222429423],[-97.684978573,30.222620628],[-97.684794842,30.222862821],[-97.684692456,30.223013469]]},"properties":{"AADT_CUR":99,"RTE_NM":"SH0071-XG","RTE_PRFX":"SH","RTE_NBR":"71","SYSTEM":"On"}},{"type":"Feature","geometry":{"type":"LineString","coordinates":[[-97.69839428,30.29433668],[-97.69839668,30.29440048],[-97.69839888,30.29445648],[-97.69839918,30.29448668],[-97.69840628,30.29464948],[-97.69841028,30.29480768],[-97.69841508,30.29499508],[-97.69842158,30.29517548],[-97.69842798,30.29535538],[-97.69843778,30.29560718],[-97.69843958,30.29563368],[-97.69844288,30.29571238]]},"properties":{"AADT_CUR":195,"RTE_NM":"1306117","RTE_PRFX":"CS","RTE_NBR":"1306117","SYSTEM":"Off"}},{"type":"Feature","geometry":{"type":"LineString","coordinates":[[-97.734071839749,30.3160869663053],[-97.73407062,30.3160841000024],[-97.73394826,30.3159686600024],[-97.73371898,30.3156679100024],[-97.73358878,30.3155316500024],[-97.73339653,30.3153861700024],[-97.73337063,30.3152828900024],[-97.73332652,30.3151938400024],[-97.73320756,30.3151182700024],[-97.73299881,30.3150392600024],[-97.73277299,30.3149821700024],[-97.73263594,30.3149650900024],[-97.73245447,30.3149630000024],[-97.7323663416102,30.3150066068915]]},"properties":{"AADT_CUR":195,"RTE_NM":"1021238","RTE_PRFX":"CS","RTE_NBR":"1021238","SYSTEM":"Off"}},{"type":"Feature","geometry":{"type":"LineString","coordinates":[[-97.71973656,30.31271121],[-97.71965756,30.31283631],[-97.7190526,30.31379466],[-97.71896121,30.31393834],[-97.71865527,30.31441914],[-97.71835368,30.31487505],[-97.71825513,30.31502928],[-97.7176427,30.31598816],[-97.71761471,30.31603121],[-97.71694145,30.3170658],[-97.71689981,30.31712458],[-97.71620468,30.31810688],[-97.7158857,30.31861743]]},"properties":{"AADT_CUR":195,"RTE_NM":"1016175","RTE_PRFX":"CS","RTE_NBR":"1016175","SYSTEM":"Off"}},{"type":"Feature","geometry":{"type":"LineString","coordinates":[[-97.75969388,30.2923728],[-97.75957903,30.29248242],[-97.75953789,30.29254337],[-97.75946475,30.29260889],[-97.75938552,30.29265612],[-97.75929409,30.29268888],[-97.7591859,30.29271022],[-97.75908762,30.29270869],[-97.75898172,30.29268584],[-97.75890553,30.29264927],[-97.75882325,30.29259136],[-97.75875468,30.29250451],[-97.75871278,30.29239251],[-97.7587044,30.29227138],[-97.75872192,30.29216776],[-97.75876535,30.29198415],[-97.75881687,30.29164623]]},"properties":{"AADT_CUR":3952,"RTE_NM":"1638921803","RTE_PRFX":"SL","RTE_NBR":"1","SYSTEM":"On"}},{"type":"Feature","geometry":{"type":"LineString","coordinates":[[-97.7863894033057,30.2328594467851],[-97.78738609,30.2333975600019]]},"properties":{"AADT_CUR":195,"RTE_NM":"1014099","RTE_PRFX":"CS","RTE_NBR":"1014099","SYSTEM":"Off"}},{"type":"Feature","geometry":{"type":"LineString","coordinates":[[-97.77518525,30.248723210002],[-97.77533924,30.2484721600019],[-97.7751743,30.248389880002],[-97.77505889,30.2485652900019],[-97.7750077117107,30.2486435973844]]},"properties":{"AADT_CUR":195,"RTE_NM":"1014599","RTE_PRFX":"CS","RTE_NBR":"1014599","SYSTEM":"Off"}},{"type":"Feature","geometry":{"type":"LineString","coordinates":[[-97.7630283543623,30.2367341478854],[-97.76302811,30.2367340300019],[-97.7621618,30.2363178700019],[-97.76130084,30.2359375200019],[-97.76062651,30.2356690800019],[-97.76026031,30.2355233200019],[-97.75998914,30.2353583300019],[-97.75883997,30.2348278300019],[-97.75867495,30.2347516300019],[-97.75816164,30.2345212900019]]},"properties":{"AADT_CUR":195,"RTE_NM":"1016046","RTE_PRFX":"CS","RTE_NBR":"1016046","SYSTEM":"Off"}},{"type":"Feature","geometry":{"type":"LineString","coordinates":[[-97.75912918,30.2280499700018],[-97.7590545,30.2284444900018],[-97.75871819,30.2288420200018],[-97.7586864915598,30.2288794684715]]},"properties":{"AADT_CUR":195,"RTE_NM":"1021712","RTE_PRFX":"CS","RTE_NBR":"1021712","SYSTEM":"Off"}},{"type":"Feature","geometry":{"type":"LineString","coordinates":[[-97.7277474838586,30.2275004981425],[-97.7277595,30.22747851],[-97.72803138,30.22704783],[-97.72834532,30.2265366],[-97.72842146,30.22640175],[-97.72856821,30.22615276],[-97.72872232,30.22590713],[-97.72888369,30.22566504],[-97.7289741945833,30.2255357894291]]},"properties":{"AADT_CUR":195,"RTE_NM":"258784","RTE_PRFX":"CS","RTE_NBR":"258784","SYSTEM":"Off"}},{"type":"Feature","geometry":{"type":"LineString","coordinates":[[-97.71526633183,30.2807455915017],[-97.71526848,30.2807543000022],[-97.7152758903779,30.2807883809161]]},"properties":{"AADT_CUR":195,"RTE_NM":"1020154","RTE_PRFX":"CS","RTE_NBR":"1020154","SYSTEM":"Off"}},{"type":"Feature","geometry":{"type":"LineString","coordinates":[[-97.71704662,30.2672066300021],[-97.71714557,30.2676487100021],[-97.7172222,30.2680655700021],[-97.71730441,30.2685678200021],[-97.717567776,30.2697360560021],[-97.7176030583912,30.2699014109086]]},"properties":{"AADT_CUR":195,"RTE_NM":"1019181","RTE_PRFX":"CS","RTE_NBR":"1019181","SYSTEM":"Off"}},{"type":"Feature","geometry":{"type":"LineString","coordinates":[[-97.7441162833591,30.274926683388],[-97.7441319292665,30.2748853020421]]},"properties":{"AADT_CUR":5259,"RTE_NM":"258545","RTE_PRFX":"CS","RTE_NBR":"258545","SYSTEM":"Off"}},{"type":"Feature","geometry":{"type":"LineString","coordinates":[[-97.76279233,30.2837021300022],[-97.76270215,30.2839946100022],[-97.76265065,30.2841421200022],[-97.7625954,30.2842840300022],[-97.7625296,30.2844037600022],[-97.7622168828812,30.2848993670227]]},"properties":{"AADT_CUR":195,"RTE_NM":"1016833","RTE_PRFX":"CS","RTE_NBR":"1016833","SYSTEM":"Off"}},{"type":"Feature","geometry":{"type":"LineString","coordinates":[[-97.7551358125746,30.3018279565578],[-97.75746893,30.3029191200023]]},"properties":{"AADT_CUR":1795,"RTE_NM":"1021214","RTE_PRFX":"CS","RTE_NBR":"1021214","SYSTEM":"Off"}},{"type":"Feature","geometry":{"type":"LineString","coordinates":[[-97.77023461,30.23194161],[-97.77018366,30.23204255],[-97.76995715,30.23249163]]},"properties":{"AADT_CUR":195,"RTE_NM":"1021132","RTE_PRFX":"CS","RTE_NBR":"1021132","SYSTEM":"Off"}},{"type":"Feature","geometry":{"type":"LineString","coordinates":[[-97.68876938,30.30484809],[-97.68784828,30.304367],[-97.68764926,30.30399437]]},"properties":{"AADT_CUR":195,"RTE_NM":"1018274","RTE_PRFX":"CS","RTE_NBR":"1018274","SYSTEM":"Off"}},{"type":"Feature","geometry":{"type":"LineString","coordinates":[[-97.7694251550172,30.2266048931645],[-97.76941739,30.22660066],[-97.76877892,30.22621053],[-97.76389941,30.22295878],[-97.7630398,30.22239358],[-97.76221987,30.2219391],[-97.76025807,30.22095111],[-97.75673556,30.21928769],[-97.755694,30.21868256],[-97.75504324,30.21821877],[-97.75376936,30.21731614],[-97.75307384,30.21696159],[-97.75241882,30.21668109],[-97.7513268,30.21642955]]},"properties":{"AADT_CUR":168632,"RTE_NM":"US0290-KG","RTE_PRFX":"US","RTE_NBR":"290","SYSTEM":"On"}},{"type":"Feature","geometry":{"type":"LineString","coordinates":[[-97.747740171529,30.2398363811807],[-97.7477037,30.23981871],[-97.74730145,30.23961036],[-97.74698608,30.23943619],[-97.74672043,30.23927921],[-97.7452811925382,30.2380360958432]]},"properties":{"AADT_CUR":1370,"RTE_NM":"258591","RTE_PRFX":"CS","RTE_NBR":"258591","SYSTEM":"Off"}},{"type":"Feature","geometry":{"type":"LineString","coordinates":[[-97.72423659,30.24255223],[-97.72344816,30.24217461],[-97.72249613,30.24171308]]},"properties":{"AADT_CUR":195,"RTE_NM":"1021407","RTE_PRFX":"CS","RTE_NBR":"1021407","SYSTEM":"Off"}},{"type":"Feature","geometry":{"type":"LineString","coordinates":[[-97.7498193,30.252612750002],[-97.74931184,30.252456750002],[-97.74878201,30.252308960002],[-97.748681836704,30.2522809615095]]},"properties":{"AADT_CUR":195,"RTE_NM":"1018579","RTE_PRFX":"CS","RTE_NBR":"1018579","SYSTEM":"Off"}},{"type":"Feature","geometry":{"type":"LineString","coordinates":[[-97.77045565,30.27997769],[-97.77041732,30.28004072],[-97.7700622,30.28062442],[-97.77002628,30.2808437],[-97.7696393,30.28130352]]},"properties":{"AADT_CUR":195,"RTE_NM":"1021030","RTE_PRFX":"CS","RTE_NBR":"1021030","SYSTEM":"Off"}},{"type":"Feature","geometry":{"type":"LineString","coordinates":[[-97.7101069823829,30.2714492169491],[-97.7100933152576,30.2714564984118],[-97.7091776,30.2719443600021],[-97.7086733,30.2721440500021],[-97.70805823,30.2723337300021],[-97.7079830846911,30.2723450596373],[-97.70767758,30.2723911200021],[-97.70707481,30.2724525400021],[-97.70604766,30.2724661700021],[-97.70486365,30.2724442600021]]},"properties":{"AADT_CUR":3432,"RTE_NM":"258660","RTE_PRFX":"CS","RTE_NBR":"258660","SYSTEM":"Off"}},{"type":"Feature","geometry":{"type":"LineString","coordinates":[[-97.7181968435923,30.2844477146252],[-97.71814749,30.28445568],[-97.71431066,30.28507485],[-97.7078684343217,30.286065005049]]},"properties":{"AADT_CUR":7843,"RTE_NM":"258601","RTE_PRFX":"CS","RTE_NBR":"258601","SYSTEM":"Off"}},{"type":"Feature","geometry":{"type":"LineString","coordinates":[[-97.7362317873773,30.2570238273271],[-97.73580944,30.257945660002],[-97.73575962,30.258066360002],[-97.73544681,30.258823920002],[-97.73541178,30.258894360002],[-97.73502143,30.259678900002],[-97.73497705,30.259776520002],[-97.73461733,30.2605673200021],[-97.7345985658712,30.2606057902617],[-97.73456753,30.260669420002],[-97.7341577516108,30.2615097743939],[-97.7341512,30.261523210002],[-97.73410241,30.261636170002],[-97.73378624,30.2623684400021],[-97.73336987,30.2633006100021]]},"properties":{"AADT_CUR":195,"RTE_NM":"1019829","RTE_PRFX":"CS","RTE_NBR":"1019829","SYSTEM":"Off"}},{"type":"Feature","geometry":{"type":"LineString","coordinates":[[-97.7492204508593,30.273953404673],[-97.74921706,30.2739624800021],[-97.7488687259582,30.2749173834797],[-97.74863378,30.2755614400021],[-97.7484331109297,30.2760814436801]]},"properties":{"AADT_CUR":664,"RTE_NM":"267532","RTE_PRFX":"CS","RTE_NBR":"267532","SYSTEM":"Off"}},{"type":"Feature","geometry":{"type":"LineString","coordinates":[[-97.7451973531005,30.268762920922],[-97.74629813,30.2690495200063],[-97.747351550746,30.2693535209562],[-97.7484113730081,30.2696609774704],[-97.7495233688344,30.2699807929309],[-97.74985132,30.2700893600063],[-97.7505371898282,30.2702826722282]]},"properties":{"AADT_CUR":7706,"RTE_NM":"258400","RTE_PRFX":"CS","RTE_NBR":"258400","SYSTEM":"Off"}},{"type":"Feature","geometry":{"type":"LineString","coordinates":[[-97.7426257758582,30.2933642922395],[-97.7428733841967,30.2906690819137]]},"properties":{"AADT_CUR":1913,"RTE_NM":"258622","RTE_PRFX":"CS","RTE_NBR":"258622","SYSTEM":"Off"}},{"type":"Feature","geometry":{"type":"LineString","coordinates":[[-97.743597570642,30.2365298924377],[-97.74359461,30.2365323400019],[-97.74259489,30.2381403500019]]},"properties":{"AADT_CUR":195,"RTE_NM":"1016597","RTE_PRFX":"CS","RTE_NBR":"1016597","SYSTEM":"Off"}},{"type":"Feature","geometry":{"type":"LineString","coordinates":[[-97.68851481,30.25584491],[-97.68819861,30.25639945]]},"properties":{"AADT_CUR":195,"RTE_NM":"1014394","RTE_PRFX":"CS","RTE_NBR":"1014394","SYSTEM":"Off"}},{"type":"Feature","geometry":{"type":"LineString","coordinates":[[-97.72507964,30.31235797],[-97.72555736,30.31262895]]},"properties":{"AADT_CUR":195,"RTE_NM":"1015884","RTE_PRFX":"CS","RTE_NBR":"1015884","SYSTEM":"Off"}},{"type":"Feature","geometry":{"type":"LineString","coordinates":[[-97.7982798722104,30.309299686629],[-97.7981251228894,30.3091471488572]]},"properties":{"AADT_CUR":1074,"RTE_NM":"227AA0500","RTE_PRFX":"CR","RTE_NBR":"500","SYSTEM":"Off"}},{"type":"Feature","geometry":{"type":"LineString","coordinates":[[-97.700845283075,30.3163317221047],[-97.7008343465633,30.3163207805114]]},"properties":{"AADT_CUR":195,"RTE_NM":"1015527","RTE_PRFX":"CS","RTE_NBR":"1015527","SYSTEM":"Off"}},{"type":"Feature","geometry":{"type":"LineString","coordinates":[[-97.79578477,30.2654155300021],[-97.7959787434008,30.2659391271668]]},"properties":{"AADT_CUR":195,"RTE_NM":"1016405","RTE_PRFX":"CS","RTE_NBR":"1016405","SYSTEM":"Off"}},{"type":"Feature","geometry":{"type":"LineString","coordinates":[[-97.78376869,30.2960924700023],[-97.7838021201568,30.2961248698106]]},"properties":{"AADT_CUR":1437,"RTE_NM":"1019908","RTE_PRFX":"CS","RTE_NBR":"1019908","SYSTEM":"Off"}},{"type":"Feature","geometry":{"type":"LineString","coordinates":[[-97.70427458,30.29799078],[-97.70481318,30.29715318]]},"properties":{"AADT_CUR":195,"RTE_NM":"1306283","RTE_PRFX":"CS","RTE_NBR":"1306283","SYSTEM":"Off"}},{"type":"Feature","geometry":{"type":"LineString","coordinates":[[-97.7940467181133,30.2207961191382],[-97.794050553286,30.2207892662694],[-97.79406818,30.2207577700018],[-97.79451124,30.2200136700018],[-97.7949513118156,30.2193067585847]]},"properties":{"AADT_CUR":8282,"RTE_NM":"258600","RTE_PRFX":"CS","RTE_NBR":"258600","SYSTEM":"Off"}},{"type":"Feature","geometry":{"type":"LineString","coordinates":[[-97.77066567,30.2171287500017],[-97.77103445,30.2173149300018],[-97.77152153,30.2176959700018],[-97.77142415,30.2182633300018],[-97.77129123,30.2188723500018],[-97.77126459,30.2189944800018],[-97.77119882,30.2190967700018],[-97.7706360985612,30.2199722740398]]},"properties":{"AADT_CUR":195,"RTE_NM":"1017618","RTE_PRFX":"CS","RTE_NBR":"1017618","SYSTEM":"Off"}},{"type":"Feature","geometry":{"type":"LineString","coordinates":[[-97.747694343,30.222984261],[-97.748183896,30.222411864],[-97.748288887,30.222239426],[-97.748477412,30.221943221],[-97.74867207,30.22159648],[-97.74933362,30.220411102],[-97.74992381,30.21941563],[-97.75026873,30.21883568],[-97.750440986,30.218564467],[-97.75046598,30.21845272],[-97.75050843,30.21836323],[-97.75053591,30.21828621],[-97.75056618,30.21819438],[-97.75059551,30.21809085],[-97.75061231,30.21799984],[-97.75062421,30.21790981],[-97.75062528,30.21781215],[-97.75062475,30.21767837],[-97.7506208,30.2175339],[-97.75059676,30.21741245],[-97.75056997,30.21730368],[-97.7505381,30.21720331],[-97.75050922,30.21713167],[-97.75044395,30.21699568],[-97.75038779,30.21688851],[-97.75032152,30.21679497],[-97.75025868,30.21671211],[-97.75016229,30.21659999],[-97.75005717,30.21649514],[-97.7499564,30.21641373],[-97.74985303,30.21633864],[-97.74971098,30.21624482],[-97.74957339,30.21616913],[-97.74941493,30.21609731],[-97.74923543,30.2160368],[-97.749046,30.21598248],[-97.74886582,30.21595062],[-97.74870245,30.2159318],[-97.7482921,30.21591498],[-97.74748498,30.21592721],[-97.74654214,30.21594022],[-97.74585859,30.21594827],[-97.74521135,30.21597182],[-97.74429378,30.2160815]]},"properties":{"AADT_CUR":34950,"RTE_NM":"1629763278","RTE_PRFX":"IH","RTE_NBR":"35","SYSTEM":"On"}},{"type":"Feature","geometry":{"type":"LineString","coordinates":[[-97.7149924089683,30.3016714644474],[-97.71495172,30.30173737],[-97.71478101,30.30202518],[-97.71466726,30.30220486],[-97.71455395,30.30237823],[-97.71444253,30.30255122],[-97.71415923,30.30296217]]},"properties":{"AADT_CUR":32789,"RTE_NM":"IH0035-BG","RTE_PRFX":"IH","RTE_NBR":"35","SYSTEM":"On"}},{"type":"Feature","geometry":{"type":"LineString","coordinates":[[-97.73155392,30.29209291],[-97.7296631,30.29116695]]},"properties":{"AADT_CUR":195,"RTE_NM":"1020274","RTE_PRFX":"CS","RTE_NBR":"1020274","SYSTEM":"Off"}},{"type":"Feature","geometry":{"type":"LineString","coordinates":[[-97.71832647,30.2790593200022],[-97.7186070605408,30.2801982937472]]},"properties":{"AADT_CUR":195,"RTE_NM":"1016268","RTE_PRFX":"CS","RTE_NBR":"1016268","SYSTEM":"Off"}},{"type":"Feature","geometry":{"type":"LineString","coordinates":[[-97.7201498609449,30.2668255809081],[-97.72014627,30.2668243300021],[-97.71894733,30.2664038200021],[-97.71773747,30.2659771600021],[-97.71762288,30.2659367300021]]},"properties":{"AADT_CUR":195,"RTE_NM":"1020797","RTE_PRFX":"CS","RTE_NBR":"1020797","SYSTEM":"Off"}},{"type":"Feature","geometry":{"type":"LineString","coordinates":[[-97.73281559,30.26832247],[-97.73212233,30.26811727],[-97.73199748,30.26808033],[-97.73127556,30.26785667],[-97.72982022,30.26739255],[-97.72840583,30.26685222],[-97.72731911,30.26641523],[-97.72717395,30.26635688]]},"properties":{"AADT_CUR":1016,"RTE_NM":"1015903","RTE_PRFX":"CS","RTE_NBR":"1015903","SYSTEM":"Off"}},{"type":"Feature","geometry":{"type":"LineString","coordinates":[[-97.76624977,30.27678837],[-97.76623071,30.27683778],[-97.76591971,30.27764259],[-97.76585966,30.27779642],[-97.76562557,30.27839581],[-97.76539229,30.27906497],[-97.76534109,30.27920146],[-97.76527666,30.27930191],[-97.76522014,30.27934203],[-97.76517089,30.27937682],[-97.76514265,30.27938751],[-97.76503961,30.27942642],[-97.76495369,30.27952924],[-97.76487529,30.27964868],[-97.76476088,30.27982659],[-97.76399842,30.28101177]]},"properties":{"AADT_CUR":195,"RTE_NM":"1018976","RTE_PRFX":"CS","RTE_NBR":"1018976","SYSTEM":"Off"}},{"type":"Feature","geometry":{"type":"LineString","coordinates":[[-97.7376395121604,30.3134935065781],[-97.7376249827217,30.3134863026837]]},"properties":{"AADT_CUR":10867,"RTE_NM":"258452","RTE_PRFX":"CS","RTE_NBR":"258452","SYSTEM":"Off"}},{"type":"Feature","geometry":{"type":"LineString","coordinates":[[-97.78294166,30.2506901000019],[-97.7823379,30.250576840002],[-97.78231365,30.250571320002],[-97.78191344,30.250431370002],[-97.78166816,30.250302690002],[-97.78041124,30.2496750800019],[-97.7803831,30.249661020002],[-97.78015254,30.249543690002],[-97.77946405,30.249194400002],[-97.77855026,30.248780850002],[-97.77842958,30.248726210002],[-97.77822445,30.2486334000019],[-97.77674665,30.2479124800019],[-97.7766536395478,30.2478671191452]]},"properties":{"AADT_CUR":195,"RTE_NM":"1013735","RTE_PRFX":"CS","RTE_NBR":"1013735","SYSTEM":"Off"}},{"type":"Feature","geometry":{"type":"LineString","coordinates":[[-97.7650816516159,30.2442609714239],[-97.7650756828407,30.2442745200469]]},"properties":{"AADT_CUR":195,"RTE_NM":"1019740","RTE_PRFX":"CS","RTE_NBR":"1019740","SYSTEM":"Off"}},{"type":"Feature","geometry":{"type":"LineString","coordinates":[[-97.68964116,30.2635768200021],[-97.68978445,30.263556360002],[-97.68995571,30.2635251500021],[-97.69012503,30.2634868500021],[-97.69029206,30.2634415400021],[-97.69044576,30.263392950002],[-97.69083713,30.263280970002],[-97.69085808,30.2632761000021],[-97.69094048,30.2632521800021],[-97.69101979,30.2632213600021],[-97.69109523,30.2631839400021],[-97.69116609,30.2631402900021],[-97.69123168,30.2630908000021],[-97.69129136,30.2630359900021],[-97.69134457,30.2629763600021],[-97.69331813,30.259932230002],[-97.69332308,30.259886580002],[-97.69333731,30.2598220700021],[-97.6933474372707,30.2597937768091],[-97.69335976,30.259759350002],[-97.69339017,30.259699210002],[-97.69342814,30.259642400002],[-97.69347319,30.2595896400021],[-97.6936412614291,30.259337899098],[-97.69640403,30.255185320002],[-97.6966927827812,30.2547408585331],[-97.69759065,30.253358790002],[-97.6976007411628,30.2533432277218],[-97.69769949,30.253190940002],[-97.69795858,30.252780890002],[-97.69819701,30.252389680002],[-97.69823815,30.252301960002],[-97.6982940442959,30.2521748444514],[-97.69833344,30.252085250002],[-97.69842088,30.251866050002],[-97.69846381,30.251749500002],[-97.6985817,30.251475700002],[-97.6986303719512,30.251355540811],[-97.69871279,30.251152070002],[-97.69876726,30.251010760002],[-97.69881992,30.250873400002],[-97.69887632,30.250750480002],[-97.69894043,30.250630450002],[-97.69901205,30.250513660002],[-97.699050401356,30.2504513102128]]},"properties":{"AADT_CUR":2388,"RTE_NM":"267005","RTE_PRFX":"CS","RTE_NBR":"267005","SYSTEM":"Off"}},{"type":"Feature","geometry":{"type":"LineString","coordinates":[[-97.7789861824813,30.2754659406019],[-97.7789772217558,30.2754782147408]]},"properties":{"AADT_CUR":195,"RTE_NM":"1206144","RTE_PRFX":"CS","RTE_NBR":"1206144","SYSTEM":"Off"}},{"type":"Feature","geometry":{"type":"LineString","coordinates":[[-97.69539593,30.3048140900023],[-97.69539623,30.3049213100023],[-97.6953971499987,30.3052624500037],[-97.695084,30.3055860600024],[-97.69460207,30.3057933900024],[-97.69264907,30.3062702700023],[-97.6922769,30.3062020900023],[-97.69188057,30.3057078500023],[-97.69177412,30.3055784000023]]},"properties":{"AADT_CUR":195,"RTE_NM":"1019691","RTE_PRFX":"CS","RTE_NBR":"1019691","SYSTEM":"Off"}},{"type":"Feature","geometry":{"type":"LineString","coordinates":[[-97.75609779,30.3076469200024],[-97.75606507,30.3077502000024],[-97.75605967,30.3077671700024],[-97.75593027,30.3082816300024],[-97.75561397,30.3082560200024],[-97.75545114,30.3082389900024],[-97.75525428,30.3082802200024],[-97.75518923,30.3082968200024],[-97.75511866,30.3083148500023],[-97.75503846,30.3083517100024],[-97.7549454127828,30.3085838536772]]},"properties":{"AADT_CUR":195,"RTE_NM":"1016797","RTE_PRFX":"CS","RTE_NBR":"1016797","SYSTEM":"Off"}},{"type":"Feature","geometry":{"type":"LineString","coordinates":[[-97.7229619165133,30.2973411432737],[-97.7229717348185,30.2972984252696]]},"properties":{"AADT_CUR":6413,"RTE_NM":"258641","RTE_PRFX":"CS","RTE_NBR":"258641","SYSTEM":"Off"}},{"type":"Feature","geometry":{"type":"LineString","coordinates":[[-97.72662377,30.301784],[-97.72613898,30.30259922],[-97.7261162,30.30263284],[-97.72557777,30.30342669],[-97.72508338,30.30424449]]},"properties":{"AADT_CUR":195,"RTE_NM":"1013943","RTE_PRFX":"CS","RTE_NBR":"1013943","SYSTEM":"Off"}},{"type":"Feature","geometry":{"type":"LineString","coordinates":[[-97.7346704416702,30.2668330502183],[-97.7346652057018,30.2668468378227]]},"properties":{"AADT_CUR":16760,"RTE_NM":"IH0035-XG","RTE_PRFX":"IH","RTE_NBR":"35","SYSTEM":"On"}},{"type":"Feature","geometry":{"type":"LineString","coordinates":[[-97.79447933,30.22607952],[-97.79351949,30.22644829],[-97.7922901,30.22692171],[-97.79214517,30.22702172],[-97.7920151,30.22711152],[-97.79159836,30.22772207]]},"properties":{"AADT_CUR":195,"RTE_NM":"1014628","RTE_PRFX":"CS","RTE_NBR":"1014628","SYSTEM":"Off"}},{"type":"Feature","geometry":{"type":"LineString","coordinates":[[-97.7720118099486,30.2548503495134],[-97.77200266,30.254845890002],[-97.77003908,30.253868760002]]},"properties":{"AADT_CUR":195,"RTE_NM":"1013651","RTE_PRFX":"CS","RTE_NBR":"1013651","SYSTEM":"Off"}},{"type":"Feature","geometry":{"type":"LineString","coordinates":[[-97.7387882842455,30.2498978716742],[-97.7387809146061,30.2498951366414],[-97.73835719,30.249737880002],[-97.73784011,30.249473650002],[-97.73744158,30.249243400002],[-97.73699213,30.248836890002],[-97.73659699,30.248463230002],[-97.73625391,30.2482180100019],[-97.73598985,30.248125640002],[-97.7357721993774,30.2480648815214],[-97.7354087878444,30.2479634320071],[-97.73532657,30.247940480002],[-97.7353194808644,30.2479391674358]]},"properties":{"AADT_CUR":17617,"RTE_NM":"258653","RTE_PRFX":"CS","RTE_NBR":"258653","SYSTEM":"Off"}},{"type":"Feature","geometry":{"type":"LineString","coordinates":[[-97.7888660728016,30.2851060002539],[-97.78886239,30.2851079500022],[-97.7888368253073,30.2851190669612]]},"properties":{"AADT_CUR":195,"RTE_NM":"1020458","RTE_PRFX":"CS","RTE_NBR":"1020458","SYSTEM":"Off"}},{"type":"Feature","geometry":{"type":"LineString","coordinates":[[-97.79303251,30.28497348],[-97.79235268,30.28620862],[-97.79162414,30.28712931],[-97.79091933,30.28771765]]},"properties":{"AADT_CUR":195,"RTE_NM":"1014159","RTE_PRFX":"CS","RTE_NBR":"1014159","SYSTEM":"Off"}},{"type":"Feature","geometry":{"type":"LineString","coordinates":[[-97.71159313,30.2770844700021],[-97.71172241,30.2776717300022],[-97.71180963,30.2780680300022],[-97.71191767,30.2786603300022],[-97.71198892,30.2790508200022],[-97.71202119,30.2792147700022],[-97.71217551,30.2799979900021],[-97.71221282,30.2801737800022],[-97.71242847,30.2811891700022],[-97.7124363597089,30.2812263024284]]},"properties":{"AADT_CUR":195,"RTE_NM":"1021018","RTE_PRFX":"CS","RTE_NBR":"1021018","SYSTEM":"Off"}},{"type":"Feature","geometry":{"type":"LineString","coordinates":[[-97.7704332475027,30.2249712410033],[-97.77043223,30.2249707600018],[-97.76933114,30.2244247000018],[-97.76924756,30.2243832300018],[-97.76860359,30.2240650600018]]},"properties":{"AADT_CUR":195,"RTE_NM":"1018634","RTE_PRFX":"CS","RTE_NBR":"1018634","SYSTEM":"Off"}},{"type":"Feature","geometry":{"type":"LineString","coordinates":[[-97.74026237,30.22548754],[-97.74036039,30.22533667],[-97.74039775,30.22527785],[-97.74041966,30.22523943],[-97.74041772,30.2252005],[-97.74040067,30.22516908],[-97.7403447,30.22514203],[-97.74025038,30.22509868],[-97.74014395,30.22506283],[-97.74004014,30.22503999],[-97.73929419,30.22492901],[-97.73923484,30.22491747],[-97.73917278,30.22489547],[-97.7390302,30.22483507]]},"properties":{"AADT_CUR":195,"RTE_NM":"1021384","RTE_PRFX":"CS","RTE_NBR":"1021384","SYSTEM":"Off"}},{"type":"Feature","geometry":{"type":"LineString","coordinates":[[-97.77222968,30.31081406],[-97.77242185,30.31071064],[-97.77249756,30.31054438],[-97.77243243,30.31031208],[-97.77255542,30.3100065],[-97.77247022,30.30969547],[-97.7723994,30.30943679],[-97.77221881,30.30913342],[-97.77197044,30.30887818],[-97.77181847,30.30878161],[-97.77156291,30.30864723],[-97.77118402,30.30854304],[-97.77112074,30.30852565],[-97.76990146,30.30869377],[-97.76921382,30.3087158]]},"properties":{"AADT_CUR":195,"RTE_NM":"1020672","RTE_PRFX":"CS","RTE_NBR":"1020672","SYSTEM":"Off"}},{"type":"Feature","geometry":{"type":"LineString","coordinates":[[-97.74783188,30.2776474900021],[-97.7468063979967,30.277346104071]]},"properties":{"AADT_CUR":195,"RTE_NM":"1021193","RTE_PRFX":"CS","RTE_NBR":"1021193","SYSTEM":"Off"}},{"type":"Feature","geometry":{"type":"LineString","coordinates":[[-97.7462738741883,30.269109223235],[-97.7462905612449,30.2690681497374]]},"properties":{"AADT_CUR":5957,"RTE_NM":"258545","RTE_PRFX":"CS","RTE_NBR":"258545","SYSTEM":"Off"}},{"type":"Feature","geometry":{"type":"LineString","coordinates":[[-97.7592463086883,30.2720545821023],[-97.75924619,30.2720548300021],[-97.7592327230574,30.2720810813375]]},"properties":{"AADT_CUR":195,"RTE_NM":"1018822","RTE_PRFX":"CS","RTE_NBR":"1018822","SYSTEM":"Off"}},{"type":"Feature","geometry":{"type":"LineString","coordinates":[[-97.7569484635178,30.2825881873457],[-97.75693743,30.2826261200022],[-97.75670043,30.2834422800022],[-97.7573080602009,30.2842466004564]]},"properties":{"AADT_CUR":195,"RTE_NM":"1018496","RTE_PRFX":"CS","RTE_NBR":"1018496","SYSTEM":"Off"}},{"type":"Feature","geometry":{"type":"LineString","coordinates":[[-97.76329807,30.28565656],[-97.76337707,30.28539768],[-97.76343672,30.28521709],[-97.76348248,30.28504304],[-97.76354866,30.28484938],[-97.76364427,30.28468105],[-97.76405366,30.28400936],[-97.7643323,30.28358118],[-97.76461094,30.28315137],[-97.76488305,30.28273953],[-97.76514698,30.28233178],[-97.76535944,30.28200411],[-97.76548773,30.28180718],[-97.76560703,30.28162578],[-97.76571244,30.2814264],[-97.7658154,30.28119188],[-97.76592898,30.28093611],[-97.76604093,30.28074817],[-97.76619794,30.28050806]]},"properties":{"AADT_CUR":8271,"RTE_NM":"SL0001-XG","RTE_PRFX":"SL","RTE_NBR":"1","SYSTEM":"On"}},{"type":"Feature","geometry":{"type":"LineString","coordinates":[[-97.7671411477917,30.2841810835484],[-97.76703891,30.2843452600022],[-97.7667139,30.2848368600022]]},"properties":{"AADT_CUR":195,"RTE_NM":"1015508","RTE_PRFX":"CS","RTE_NBR":"1015508","SYSTEM":"Off"}},{"type":"Feature","geometry":{"type":"LineString","coordinates":[[-97.7379221286369,30.2262078611204],[-97.73792367,30.2262190400018],[-97.737923237616,30.2262222747266]]},"properties":{"AADT_CUR":195,"RTE_NM":"1019130","RTE_PRFX":"CS","RTE_NBR":"1019130","SYSTEM":"Off"}},{"type":"Feature","geometry":{"type":"LineString","coordinates":[[-97.69858918,30.30001768],[-97.69850188,30.29740018]]},"properties":{"AADT_CUR":195,"RTE_NM":"1306269","RTE_PRFX":"CS","RTE_NBR":"1306269","SYSTEM":"Off"}},{"type":"Feature","geometry":{"type":"LineString","coordinates":[[-97.68996739,30.30129456],[-97.68801039,30.301536],[-97.68735166,30.30161723],[-97.68658661,30.30171161]]},"properties":{"AADT_CUR":195,"RTE_NM":"1019382","RTE_PRFX":"CS","RTE_NBR":"1019382","SYSTEM":"Off"}},{"type":"Feature","geometry":{"type":"LineString","coordinates":[[-97.7413664747693,30.289924087228],[-97.7413730525115,30.2898517245171]]},"properties":{"AADT_CUR":11365,"RTE_NM":"258545","RTE_PRFX":"CS","RTE_NBR":"258545","SYSTEM":"Off"}},{"type":"Feature","geometry":{"type":"LineString","coordinates":[[-97.77998606,30.250238950002],[-97.77905321,30.249816050002],[-97.77846806,30.249543110002],[-97.77802951,30.249336970002],[-97.77785084,30.2492530100019],[-97.7762366385771,30.2484917627337]]},"properties":{"AADT_CUR":195,"RTE_NM":"1015572","RTE_PRFX":"CS","RTE_NBR":"1015572","SYSTEM":"Off"}},{"type":"Feature","geometry":{"type":"LineString","coordinates":[[-97.745112599948,30.2279243649048],[-97.74511601,30.2279258800018],[-97.74605251,30.2283566800018],[-97.7462652,30.2284662500018],[-97.7463727,30.2285580800018],[-97.74644465,30.2286360000018],[-97.7470305,30.2296434500018],[-97.74717035,30.2297380200018],[-97.7473242,30.2298093100018],[-97.74932549,30.2307193300019],[-97.74996941,30.2309723000018],[-97.75108492,30.2314689600019],[-97.75188783,30.2318839500018],[-97.75283261,30.2323237600019],[-97.7545905,30.2331237800018],[-97.75471462,30.2331895100019],[-97.75491609,30.2332953600018]]},"properties":{"AADT_CUR":199,"RTE_NM":"1020352","RTE_PRFX":"CS","RTE_NBR":"1020352","SYSTEM":"Off"}},{"type":"Feature","geometry":{"type":"LineString","coordinates":[[-97.76059545,30.24898187],[-97.76027056,30.24952267],[-97.7598736,30.25018302]]},"properties":{"AADT_CUR":195,"RTE_NM":"1014404","RTE_PRFX":"CS","RTE_NBR":"1014404","SYSTEM":"Off"}},{"type":"Feature","geometry":{"type":"LineString","coordinates":[[-97.711068320691,30.2566747402836],[-97.711086703945,30.2566342247274]]},"properties":{"AADT_CUR":10806,"RTE_NM":"258637","RTE_PRFX":"CS","RTE_NBR":"258637","SYSTEM":"Off"}},{"type":"Feature","geometry":{"type":"LineString","coordinates":[[-97.7115375867953,30.2907927404442],[-97.71141265,30.2910196200022],[-97.71143518,30.2912978400023],[-97.71183301,30.2917928100022],[-97.71196367,30.2920336100023],[-97.71197786,30.2920598100023],[-97.71199271,30.2923296500023],[-97.71192577,30.2928398200023],[-97.71194986,30.2930906600022],[-97.7121736,30.2932547200023],[-97.71250204,30.2933471100022],[-97.712518300751,30.2933518818001]]},"properties":{"AADT_CUR":195,"RTE_NM":"1020582","RTE_PRFX":"CS","RTE_NBR":"1020582","SYSTEM":"Off"}},{"type":"Feature","geometry":{"type":"LineString","coordinates":[[-97.73826466,30.28742664],[-97.73710232,30.2873564],[-97.73702183,30.28734941],[-97.73421619,30.28711172],[-97.73407805,30.28709999],[-97.73369058,30.28707057],[-97.73353406,30.2870587]]},"properties":{"AADT_CUR":987,"RTE_NM":"1015853","RTE_PRFX":"CS","RTE_NBR":"1015853","SYSTEM":"Off"}},{"type":"Feature","geometry":{"type":"LineString","coordinates":[[-97.722516751,30.2679475340021],[-97.7225105990953,30.2679610481667]]},"properties":{"AADT_CUR":195,"RTE_NM":"1017664","RTE_PRFX":"CS","RTE_NBR":"1017664","SYSTEM":"Off"}},{"type":"Feature","geometry":{"type":"LineString","coordinates":[[-97.7387939730573,30.2617772042842],[-97.7387921,30.261782290002],[-97.7387782592871,30.2618187728946]]},"properties":{"AADT_CUR":195,"RTE_NM":"1019416","RTE_PRFX":"CS","RTE_NBR":"1019416","SYSTEM":"Off"}},{"type":"Feature","geometry":{"type":"LineString","coordinates":[[-97.7562586587436,30.266508074159],[-97.75671725,30.2667261000021],[-97.7570942706999,30.2669647105982],[-97.75768342,30.2674665200021],[-97.75803644,30.2677856300021],[-97.75833861,30.2679818600021],[-97.75871852,30.2681626600021],[-97.75969966,30.2685971000021],[-97.76054933,30.2689596200021],[-97.7614702841303,30.2694110187047]]},"properties":{"AADT_CUR":11925,"RTE_NM":"258389","RTE_PRFX":"CS","RTE_NBR":"258389","SYSTEM":"Off"}},{"type":"Feature","geometry":{"type":"LineString","coordinates":[[-97.76222313,30.2779453000022],[-97.76190725,30.2777876700022],[-97.7610532044742,30.2773595785436]]},"properties":{"AADT_CUR":1375,"RTE_NM":"1021252","RTE_PRFX":"CS","RTE_NBR":"1021252","SYSTEM":"Off"}},{"type":"Feature","geometry":{"type":"LineString","coordinates":[[-97.76270025,30.28867567],[-97.762789926,30.288557853],[-97.762901237,30.288403834],[-97.763075581,30.288137484],[-97.763260654,30.28786071],[-97.76343966,30.28759023],[-97.763620071,30.287321058],[-97.763711266,30.287208727],[-97.763806485,30.287103343],[-97.763904385,30.287006066],[-97.764011674,30.286906473],[-97.764168584,30.286783719],[-97.764306718,30.286652858],[-97.764396572,30.286561371],[-97.76445558,30.286476832],[-97.76481902,30.286041399]]},"properties":{"AADT_CUR":499,"RTE_NM":"SL0001-AG","RTE_PRFX":"SL","RTE_NBR":"1","SYSTEM":"On"}},{"type":"Feature","geometry":{"type":"LineString","coordinates":[[-97.7952839623448,30.3045339463308],[-97.7952689565696,30.3045364288851],[-97.79523909,30.3045413700023],[-97.79513885,30.3045474900023],[-97.79504647,30.3045411100023],[-97.79493934,30.3045140000023],[-97.79482922,30.3044672400023],[-97.79469959,30.3043857400023],[-97.79463209,30.3043301200023],[-97.79456622,30.3042636100023],[-97.79437184,30.3040137300024],[-97.79421622,30.3038324800023],[-97.79403234,30.3036583700023],[-97.79372647,30.3033954900023],[-97.79333621,30.3030288700023],[-97.79324622,30.3029308600023],[-97.79317097,30.3028296100023],[-97.79311172,30.3027248600023],[-97.79306759,30.3026156200023],[-97.79297221,30.3023203700023],[-97.79287859,30.3021323700023],[-97.79281922,30.3020553600023],[-97.79275272,30.3019911200023],[-97.79260022,30.3018824900023],[-97.79232521,30.3017293600023],[-97.79202134,30.3015832400023],[-97.78989485,30.3005831100023],[-97.78959835,30.3004618600023],[-97.78942384,30.3004242400023],[-97.7894027799983,30.3004235200022],[-97.78930971,30.3004203700023],[-97.78913322,30.3004492400023],[-97.78901884,30.3004878600023],[-97.7888745248244,30.3005626330932],[-97.78885234,30.3005741200023],[-97.78871397,30.3006771200023],[-97.78864009,30.3007453700023],[-97.78849897,30.3009192400023],[-97.78840147,30.3010747400023],[-97.78822484,30.3013998700023],[-97.78808947,30.3016777300023],[-97.78794284,30.3020289900023],[-97.7877141,30.3027652400023],[-97.7875826,30.3031106200023],[-97.78747872,30.3033173600023],[-97.78724509,30.3036843700023],[-97.78717634,30.3038307400023],[-97.78712884,30.3039906100023],[-97.7870911,30.3042082400023],[-97.78700297,30.3050898700023],[-97.78696797,30.3053241100023],[-97.78693659,30.3054554900023],[-97.78689422,30.3055749900024],[-97.78677459,30.3057891100023],[-97.78662797,30.3059981100023],[-97.78644359,30.3062387400024],[-97.78612859,30.3066296100024],[-97.78517334,30.3078057400023],[-97.7847187299971,30.3083323100052],[-97.78458797,30.3084569900024],[-97.78440334,30.3085827400024],[-97.78423497,30.3086812400024],[-97.78415647,30.3087416100024],[-97.7839849799972,30.3089294900055],[-97.78386872,30.3090568700024],[-97.78369972,30.3092519900024],[-97.7836501,30.3093211200024],[-97.78360759,30.3093969900024],[-97.78357534,30.3094783600024],[-97.78354484,30.3096396200024],[-97.78354459,30.3097864900024],[-97.7835753591261,30.3099976895341],[-97.78361135,30.3102447300024],[-97.78361947,30.3103721200024],[-97.78361409,30.3104538600024],[-97.7835961,30.3105428600024],[-97.78356409,30.3106351200024],[-97.78346385,30.3108173700024],[-97.78271191,30.3119718800024],[-97.78269034,30.3120049900024],[-97.78262772,30.3120754900024],[-97.78253272,30.3121577300024],[-97.78241484,30.3122429900024],[-97.78228822,30.3123171200024],[-97.78189622,30.3125034900024],[-97.78181521,30.3125318600024],[-97.78167422,30.3125617400024],[-97.78136922,30.3125883600024],[-97.78114684,30.3126342400024],[-97.78101172,30.3126909900024],[-97.78088584,30.3127657400024],[-97.78078047,30.3128442400024],[-97.78069209,30.3129336100024],[-97.78055234,30.3131311100024],[-97.780523375,30.3131806320024],[-97.78040209,30.3133879900024],[-97.78036421,30.3134746100024],[-97.78031597,30.3136772400024],[-97.78021797,30.3143616100024],[-97.77995585,30.3156349900024],[-97.77981722,30.3164727300024],[-97.77976584,30.3169981200024],[-97.77971334,30.3181803700024],[-97.77968472,30.3185049900025],[-97.77962335,30.3187827400024],[-97.7794851,30.3192121100024],[-97.7794733,30.3192560700024],[-97.77930059,30.3198994900024],[-97.77921355,30.3202550400025],[-97.779230865,30.3206014260025]]},"properties":{"AADT_CUR":2345,"RTE_NM":"227AA2496","RTE_PRFX":"CR","RTE_NBR":"2496","SYSTEM":"Off"}},{"type":"Feature","geometry":{"type":"LineString","coordinates":[[-97.7835403579909,30.3123847423229],[-97.78356447,30.3123272400024],[-97.78364297,30.3119591100024],[-97.78366609,30.3118111200024]]},"properties":{"AADT_CUR":195,"RTE_NM":"227AA0509","RTE_PRFX":"CR","RTE_NBR":"509","SYSTEM":"Off"}},{"type":"Feature","geometry":{"type":"LineString","coordinates":[[-97.77222968,30.31081406],[-97.77209357,30.31077903],[-97.77206754,30.31077235],[-97.77124307,30.31015632]]},"properties":{"AADT_CUR":195,"RTE_NM":"1018167","RTE_PRFX":"CS","RTE_NBR":"1018167","SYSTEM":"Off"}},{"type":"Feature","geometry":{"type":"LineString","coordinates":[[-97.7149095627399,30.3118844904234],[-97.71486575,30.3119527400024],[-97.71437539,30.3126788000024],[-97.71388131,30.3134800600024],[-97.71362639,30.3138791600024]]},"properties":{"AADT_CUR":195,"RTE_NM":"1015636","RTE_PRFX":"CS","RTE_NBR":"1015636","SYSTEM":"Off"}},{"type":"Feature","geometry":{"type":"LineString","coordinates":[[-97.68819997,30.3123064700048],[-97.688051923545,30.311127366436],[-97.68804736,30.3110910200048],[-97.68792111,30.3102777200048],[-97.6878538502354,30.310173223809],[-97.68781248,30.3101089500048],[-97.6876126,30.3098752500048],[-97.6870941633102,30.3094032514667],[-97.68658767,30.3089421200047],[-97.6859068078956,30.3083700884131],[-97.68585995,30.3083307200048],[-97.68562074,30.3080790500047],[-97.68549404,30.3078351700048],[-97.68547433,30.3075529700047],[-97.6855166780658,30.3066061582654]]},"properties":{"AADT_CUR":1156,"RTE_NM":"267161","RTE_PRFX":"CS","RTE_NBR":"267161","SYSTEM":"Off"}},{"type":"Feature","geometry":{"type":"LineString","coordinates":[[-97.80238064,30.26852732],[-97.80243649,30.26845392],[-97.80254961,30.26830513],[-97.80261008,30.26814403],[-97.80261134,30.26785531],[-97.80257659,30.26745855],[-97.802484,30.2669692],[-97.80238485,30.26644501],[-97.80236507,30.26634049],[-97.80230217,30.26614125],[-97.80224524,30.26604662],[-97.8021425,30.26597858],[-97.80189621,30.26588571],[-97.80177815,30.26582562],[-97.80141637,30.26581847],[-97.80125753,30.26586484],[-97.80087859,30.26599759],[-97.80065014,30.26616084],[-97.80053138,30.26630979],[-97.80048734,30.26646175],[-97.80042642,30.26667174],[-97.80038154,30.26682663],[-97.80016274,30.26749886]]},"properties":{"AADT_CUR":195,"RTE_NM":"1015963","RTE_PRFX":"CS","RTE_NBR":"1015963","SYSTEM":"Off"}},{"type":"Feature","geometry":{"type":"LineString","coordinates":[[-97.7612928823878,30.2854680533113],[-97.76128757,30.2854651800022],[-97.75981005,30.2847529700022],[-97.75970324289,30.2847015185901]]},"properties":{"AADT_CUR":195,"RTE_NM":"1020502","RTE_PRFX":"CS","RTE_NBR":"1020502","SYSTEM":"Off"}},{"type":"Feature","geometry":{"type":"LineString","coordinates":[[-97.7851099936247,30.2201420446947],[-97.78506583,30.2202296900018],[-97.78501595,30.2203496800018],[-97.7850129,30.2204651400018],[-97.78502587,30.2205726800018],[-97.78510024,30.2211462300018],[-97.78512297,30.2213337000017],[-97.78511833,30.2215096300018],[-97.78508973,30.2216933300018],[-97.7850544,30.2218631500018],[-97.7850278,30.2219698800018],[-97.78498525,30.2221120500018],[-97.78495727,30.2221765900018],[-97.78493555,30.2222265700018],[-97.7848439,30.2224282400017],[-97.78471269,30.2226896600018],[-97.7845384,30.2229337500018],[-97.78419929,30.2235128200018],[-97.78413398,30.2236187800018],[-97.78404594,30.2237132600018],[-97.78393499,30.2237771100018],[-97.78379181,30.2238622500018],[-97.78367204,30.2239616200018],[-97.78358277,30.2241028600018],[-97.7835075,30.2242212500018],[-97.78225776,30.2261859600018],[-97.7814277,30.2273960400018],[-97.7813971838396,30.2274724603865]]},"properties":{"AADT_CUR":552,"RTE_NM":"1016559","RTE_PRFX":"CS","RTE_NBR":"1016559","SYSTEM":"Off"}},{"type":"Feature","geometry":{"type":"LineString","coordinates":[[-97.77413558,30.2292363],[-97.77406351,30.2293493],[-97.77250972,30.23178632],[-97.77246465,30.23185825],[-97.77205333,30.23251431],[-97.77163325,30.23318521],[-97.77139455,30.23357697],[-97.7711796,30.23392972],[-97.77086373,30.23437448]]},"properties":{"AADT_CUR":817,"RTE_NM":"264234","RTE_PRFX":"CS","RTE_NBR":"264234","SYSTEM":"Off"}},{"type":"Feature","geometry":{"type":"LineString","coordinates":[[-97.7656447729681,30.232586928856],[-97.765674,30.2325357100037],[-97.765728269866,30.2324460362713],[-97.7657289313476,30.2324449432597]]},"properties":{"AADT_CUR":10875,"RTE_NM":"258383","RTE_PRFX":"CS","RTE_NBR":"258383","SYSTEM":"Off"}},{"type":"Feature","geometry":{"type":"LineString","coordinates":[[-97.7369110219981,30.2323783363704],[-97.73692057,30.2323629100019],[-97.7376204724392,30.2311945173618],[-97.73779823,30.2308977700018],[-97.73814434,30.2303591600019],[-97.7382611896773,30.2302112302067],[-97.73836172,30.2300839600018],[-97.73891754,30.2295095500018],[-97.7389954317942,30.2294376116938],[-97.73929737,30.2291587500018],[-97.73947233,30.2289787200018],[-97.7397444,30.2285126400019],[-97.7401699815532,30.2278630419031]]},"properties":{"AADT_CUR":5886,"RTE_NM":"258633","RTE_PRFX":"CS","RTE_NBR":"258633","SYSTEM":"Off"}},{"type":"Feature","geometry":{"type":"LineString","coordinates":[[-97.7770743500109,30.2611740939976],[-97.77706594,30.261162740002],[-97.7770502425092,30.2611359043904]]},"properties":{"AADT_CUR":195,"RTE_NM":"1015600","RTE_PRFX":"CS","RTE_NBR":"1015600","SYSTEM":"Off"}},{"type":"Feature","geometry":{"type":"LineString","coordinates":[[-97.7196252147282,30.3048521087118],[-97.7196105743775,30.30484507371]]},"properties":{"AADT_CUR":13186,"RTE_NM":"258451","RTE_PRFX":"CS","RTE_NBR":"258451","SYSTEM":"Off"}},{"type":"Feature","geometry":{"type":"LineString","coordinates":[[-97.737328248429,30.3040806157562],[-97.7372989975291,30.3040666123414]]},"properties":{"AADT_CUR":195,"RTE_NM":"1021230","RTE_PRFX":"CS","RTE_NBR":"1021230","SYSTEM":"Off"}},{"type":"Feature","geometry":{"type":"LineString","coordinates":[[-97.7251558942511,30.2935449128053],[-97.72350254,30.2927020200022],[-97.72274502,30.2919454100023]]},"properties":{"AADT_CUR":195,"RTE_NM":"1017924","RTE_PRFX":"CS","RTE_NBR":"1017924","SYSTEM":"Off"}},{"type":"Feature","geometry":{"type":"LineString","coordinates":[[-97.75625866,30.26650807],[-97.75609791,30.26647451],[-97.75595894,30.2664567],[-97.75485996,30.26633171],[-97.75440527,30.26628336],[-97.75415267,30.266204],[-97.75297757,30.26581613],[-97.75157151,30.26540559],[-97.75107093,30.26523926],[-97.74819946,30.264431],[-97.7480169017925,30.2643777223133]]},"properties":{"AADT_CUR":36837,"RTE_NM":"SL0343-KG","RTE_PRFX":"SL","RTE_NBR":"343","SYSTEM":"On"}},{"type":"Feature","geometry":{"type":"LineString","coordinates":[[-97.74567935,30.30005232],[-97.74560898,30.30016256],[-97.7449324,30.30122267]]},"properties":{"AADT_CUR":195,"RTE_NM":"1018850","RTE_PRFX":"CS","RTE_NBR":"1018850","SYSTEM":"Off"}},{"type":"Feature","geometry":{"type":"LineString","coordinates":[[-97.73655305,30.23701139],[-97.73594285,30.23670473],[-97.73544521,30.23674689]]},"properties":{"AADT_CUR":195,"RTE_NM":"1013666","RTE_PRFX":"CS","RTE_NBR":"1013666","SYSTEM":"Off"}},{"type":"Feature","geometry":{"type":"LineString","coordinates":[[-97.70671508,30.2768360300021],[-97.70692214,30.2778441800022],[-97.70695348,30.2780119600022],[-97.70710126,30.2788022300022],[-97.7077074,30.2819107900022],[-97.7077156419813,30.2819528758313]]},"properties":{"AADT_CUR":195,"RTE_NM":"1015134","RTE_PRFX":"CS","RTE_NBR":"1015134","SYSTEM":"Off"}},{"type":"Feature","geometry":{"type":"LineString","coordinates":[[-97.73990041,30.2321121000019],[-97.73900705,30.2317364300018],[-97.73861147,30.2316046800018],[-97.7376204724392,30.2311945173618]]},"properties":{"AADT_CUR":195,"RTE_NM":"1019590","RTE_PRFX":"CS","RTE_NBR":"1019590","SYSTEM":"Off"}},{"type":"Feature","geometry":{"type":"LineString","coordinates":[[-97.7609912,30.25372938],[-97.7599698,30.25533635],[-97.75964336,30.25584735]]},"properties":{"AADT_CUR":195,"RTE_NM":"1019741","RTE_PRFX":"CS","RTE_NBR":"1019741","SYSTEM":"Off"}},{"type":"Feature","geometry":{"type":"LineString","coordinates":[[-97.70627385,30.2300942700018],[-97.70591759,30.2300572300018],[-97.70578937,30.2300305900018],[-97.70570709,30.2300069300018],[-97.70562762,30.2299723800018],[-97.70441544,30.2293948400018],[-97.70428233,30.2293314400018],[-97.70290692,30.2286925900018],[-97.7015068091063,30.2280076906547]]},"properties":{"AADT_CUR":195,"RTE_NM":"1016208","RTE_PRFX":"CS","RTE_NBR":"1016208","SYSTEM":"Off"}},{"type":"Feature","geometry":{"type":"LineString","coordinates":[[-97.7881026022299,30.2713398860766],[-97.7881255848523,30.2713609835492]]},"properties":{"AADT_CUR":1811,"RTE_NM":"1206121","RTE_PRFX":"CS","RTE_NBR":"1206121","SYSTEM":"Off"}},{"type":"Feature","geometry":{"type":"LineString","coordinates":[[-97.7696362332441,30.3066767634301],[-97.76963097,30.3066751500024],[-97.7695746825008,30.3066542270357]]},"properties":{"AADT_CUR":195,"RTE_NM":"1020253","RTE_PRFX":"CS","RTE_NBR":"1020253","SYSTEM":"Off"}},{"type":"Feature","geometry":{"type":"LineString","coordinates":[[-97.70457021,30.26343905],[-97.70407489,30.26452354],[-97.70401992,30.26464455],[-97.70366034,30.2654364]]},"properties":{"AADT_CUR":195,"RTE_NM":"1014368","RTE_PRFX":"CS","RTE_NBR":"1014368","SYSTEM":"Off"}},{"type":"Feature","geometry":{"type":"LineString","coordinates":[[-97.72872117,30.29183457],[-97.72867567,30.29190331],[-97.72830816,30.29245879]]},"properties":{"AADT_CUR":195,"RTE_NM":"1013994","RTE_PRFX":"CS","RTE_NBR":"1013994","SYSTEM":"Off"}},{"type":"Feature","geometry":{"type":"LineString","coordinates":[[-97.7396872527299,30.2661999282044],[-97.7396712511916,30.2661957199952]]},"properties":{"AADT_CUR":6738,"RTE_NM":"258394","RTE_PRFX":"CS","RTE_NBR":"258394","SYSTEM":"Off"}},{"type":"Feature","geometry":{"type":"LineString","coordinates":[[-97.75772057,30.27778334],[-97.75689102,30.27914496]]},"properties":{"AADT_CUR":195,"RTE_NM":"1018103","RTE_PRFX":"CS","RTE_NBR":"1018103","SYSTEM":"Off"}},{"type":"Feature","geometry":{"type":"LineString","coordinates":[[-97.7962813072963,30.2297555117579],[-97.79628596,30.2297649500018],[-97.7963215425145,30.2298509655512]]},"properties":{"AADT_CUR":195,"RTE_NM":"1019656","RTE_PRFX":"CS","RTE_NBR":"1019656","SYSTEM":"Off"}},{"type":"Feature","geometry":{"type":"LineString","coordinates":[[-97.7931163,30.25032946],[-97.79265967,30.25010588],[-97.79205477,30.24961807],[-97.79198749,30.24955626],[-97.79193721,30.24950848],[-97.79175843,30.24941142],[-97.79154993,30.24939078],[-97.791383,30.24942141],[-97.79123873,30.24944784],[-97.7908606,30.24955312],[-97.7900794,30.24977415],[-97.78992765,30.24991415]]},"properties":{"AADT_CUR":195,"RTE_NM":"1018469","RTE_PRFX":"CS","RTE_NBR":"1018469","SYSTEM":"Off"}},{"type":"Feature","geometry":{"type":"LineString","coordinates":[[-97.78517864,30.25301833],[-97.78525208,30.25301454],[-97.78531624,30.25300856],[-97.78641811,30.25283676],[-97.78686475,30.25277964],[-97.7873273,30.25286859],[-97.78783069,30.25302989],[-97.78787017,30.25304175],[-97.78836815,30.25319181],[-97.78873637,30.25328438],[-97.78935148,30.25350562],[-97.78994675,30.25351743],[-97.79006046,30.25349538],[-97.7903074,30.25344756],[-97.79071566,30.25331268],[-97.79121233,30.25306667],[-97.79166688,30.25285591],[-97.79197485,30.25271334],[-97.79239732,30.25261171],[-97.79295753,30.25275208],[-97.79343026,30.25288321],[-97.79373763,30.25290231],[-97.79406823,30.25285936],[-97.7941193,30.25283399],[-97.7943716,30.2527086],[-97.79490415,30.25239459],[-97.79505969,30.2522024],[-97.79513894,30.25201973],[-97.79518944,30.25181443],[-97.79519796,30.25091803],[-97.79527133,30.24981386],[-97.79519803,30.24955938],[-97.79516181,30.24943217],[-97.79465845,30.24914714],[-97.79405032,30.24914463],[-97.79395529,30.2491442],[-97.79367218,30.24930908],[-97.79351992,30.24955637],[-97.79348354,30.24961615],[-97.79345773,30.24966625],[-97.7931163,30.25032946],[-97.79307481,30.25042685],[-97.79294071,30.25074127],[-97.79276734,30.25107059],[-97.79259152,30.25149068],[-97.79247144,30.25184034],[-97.7923987129697,30.252597213417]]},"properties":{"AADT_CUR":195,"RTE_NM":"1013952","RTE_PRFX":"CS","RTE_NBR":"1013952","SYSTEM":"Off"}},{"type":"Feature","geometry":{"type":"LineString","coordinates":[[-97.79643232,30.28381969],[-97.79502482,30.28323351],[-97.79453468,30.282803]]},"properties":{"AADT_CUR":195,"RTE_NM":"1252160","RTE_PRFX":"CS","RTE_NBR":"1252160","SYSTEM":"Off"}},{"type":"Feature","geometry":{"type":"LineString","coordinates":[[-97.70398873,30.28256745],[-97.70217978,30.27974666],[-97.70196485,30.27943272],[-97.70020956,30.27665496],[-97.69986675,30.27623719],[-97.6988022,30.2751196],[-97.69854622,30.27483035],[-97.69829547,30.27445762],[-97.6980737,30.27402604],[-97.69791855,30.27359644],[-97.69771428,30.27292717],[-97.6961826,30.26785525],[-97.69585258,30.2667416],[-97.69559481,30.26584608],[-97.6955133814995,30.2655797772007]]},"properties":{"AADT_CUR":38536,"RTE_NM":"SL0111-KG","RTE_PRFX":"SL","RTE_NBR":"111","SYSTEM":"On"}},{"type":"Feature","geometry":{"type":"LineString","coordinates":[[-97.6989276813335,30.3038834305898],[-97.6989361925374,30.303870931863]]},"properties":{"AADT_CUR":11307,"RTE_NM":"258486","RTE_PRFX":"CS","RTE_NBR":"258486","SYSTEM":"Off"}},{"type":"Feature","geometry":{"type":"LineString","coordinates":[[-97.69296463,30.30345485],[-97.69268185,30.30359273],[-97.69254779,30.30365807],[-97.69083211,30.3033999],[-97.69040798,30.30395776],[-97.69038242,30.30401833],[-97.69011475,30.30465307],[-97.69032275,30.30484163]]},"properties":{"AADT_CUR":195,"RTE_NM":"1020150","RTE_PRFX":"CS","RTE_NBR":"1020150","SYSTEM":"Off"}},{"type":"Feature","geometry":{"type":"LineString","coordinates":[[-97.7162157740935,30.3068775999986],[-97.7162147868873,30.3069065932461]]},"properties":{"AADT_CUR":2264,"RTE_NM":"1014066","RTE_PRFX":"CS","RTE_NBR":"1014066","SYSTEM":"Off"}},{"type":"Feature","geometry":{"type":"LineString","coordinates":[[-97.7153507762416,30.2713402032853],[-97.7153343761928,30.2713428971214]]},"properties":{"AADT_CUR":195,"RTE_NM":"1019746","RTE_PRFX":"CS","RTE_NBR":"1019746","SYSTEM":"Off"}},{"type":"Feature","geometry":{"type":"LineString","coordinates":[[-97.7166947660976,30.2618413826545],[-97.71657711,30.261726699],[-97.716398313,30.261657362],[-97.716117592,30.261559066],[-97.715542738,30.261353205],[-97.715383892,30.261293003],[-97.715330902,30.261182408]]},"properties":{"AADT_CUR":195,"RTE_NM":"1018419","RTE_PRFX":"CS","RTE_NBR":"1018419","SYSTEM":"Off"}},{"type":"Feature","geometry":{"type":"LineString","coordinates":[[-97.7557074347937,30.2749536525646],[-97.75475002,30.2746295000021],[-97.7539255,30.2743300900021],[-97.75380389,30.2742859200021],[-97.75293216,30.2740007600021],[-97.7527761828265,30.2739497670886],[-97.7527735,30.2739488900022],[-97.75171117,30.2735644200021],[-97.751383,30.2735402000021],[-97.7495564656244,30.2730541041341],[-97.74954251,30.2730503900021],[-97.74861971,30.2727856300021],[-97.7484836403755,30.2727466086395],[-97.74847022,30.2727427600021],[-97.74753254,30.2724841000021],[-97.74739446,30.2724460200021],[-97.74651808,30.2721910300021],[-97.74633805,30.2721386700021],[-97.74534562,30.2718515100021],[-97.7452481479356,30.2718232953333],[-97.74523438,30.2718193100021],[-97.74432404,30.2715871100021],[-97.7441454885005,30.2715415541194],[-97.74321899,30.2712880400021],[-97.74306029,30.2712446000021],[-97.7430541096109,30.2712427419636],[-97.7417758352286,30.2708584405292]]},"properties":{"AADT_CUR":1375,"RTE_NM":"1021252","RTE_PRFX":"CS","RTE_NBR":"1021252","SYSTEM":"Off"}},{"type":"Feature","geometry":{"type":"LineString","coordinates":[[-97.7570942706999,30.2669647105982],[-97.75660101,30.2674910900021],[-97.75622791,30.2678619200021],[-97.75618649,30.2678844900021],[-97.75613524,30.2678970500021],[-97.75607504,30.2679003800021],[-97.7557286114171,30.2678254003088]]},"properties":{"AADT_CUR":195,"RTE_NM":"1013852","RTE_PRFX":"CS","RTE_NBR":"1013852","SYSTEM":"Off"}},{"type":"Feature","geometry":{"type":"LineString","coordinates":[[-97.74805643,30.2956475100023],[-97.74720643,30.2955847000023],[-97.74708379,30.2955756300023],[-97.74604622,30.2955601600023],[-97.74569254,30.2955446600023],[-97.74558082,30.2955397400023],[-97.74509051,30.2954748800023],[-97.74504156,30.2954684200023],[-97.7439810183478,30.2954228116084]]},"properties":{"AADT_CUR":195,"RTE_NM":"1021210","RTE_PRFX":"CS","RTE_NBR":"1021210","SYSTEM":"Off"}},{"type":"Feature","geometry":{"type":"LineString","coordinates":[[-97.71240479,30.23134614],[-97.71283321,30.23119047],[-97.71294939,30.23114823],[-97.71294488,30.23128566],[-97.71300183,30.23146284],[-97.71310301,30.2315557],[-97.71312541,30.23155438],[-97.71327673,30.23154548],[-97.71414432,30.23126346],[-97.71453848,30.23106524],[-97.71455306,30.2308931],[-97.7145606,30.23080441],[-97.71443312,30.23068629],[-97.71410596,30.23051727],[-97.71381715,30.23045089],[-97.71364799,30.23032369],[-97.71321809,30.23011684],[-97.71297938,30.2300432],[-97.71272172,30.23014247],[-97.7126583,30.23025718],[-97.71257433,30.23040899],[-97.71263486,30.23056975],[-97.71267547,30.23076586],[-97.71269476,30.23079282],[-97.7129405417345,30.231135879731]]},"properties":{"AADT_CUR":195,"RTE_NM":"1019537","RTE_PRFX":"CS","RTE_NBR":"1019537","SYSTEM":"Off"}},{"type":"Feature","geometry":{"type":"LineString","coordinates":[[-97.72935552,30.25697094],[-97.72951103,30.25702189],[-97.7312907,30.25762569],[-97.73133395,30.25764079],[-97.73331199,30.25833231]]},"properties":{"AADT_CUR":195,"RTE_NM":"1014726","RTE_PRFX":"CS","RTE_NBR":"1014726","SYSTEM":"Off"}},{"type":"Feature","geometry":{"type":"LineString","coordinates":[[-97.7246263383586,30.2571369270277],[-97.7250424394498,30.2562146167292],[-97.7254537951691,30.2553028061603],[-97.7258568211794,30.2544094412395],[-97.72626669,30.253500890002]]},"properties":{"AADT_CUR":1459,"RTE_NM":"258510","RTE_PRFX":"CS","RTE_NBR":"258510","SYSTEM":"Off"}},{"type":"Feature","geometry":{"type":"LineString","coordinates":[[-97.77340522,30.2771653],[-97.77283752,30.27766276],[-97.7726277,30.27796419],[-97.77243674,30.27800501],[-97.77228905,30.2780547],[-97.77160714,30.2790986],[-97.77091267,30.28019035]]},"properties":{"AADT_CUR":195,"RTE_NM":"1015588","RTE_PRFX":"CS","RTE_NBR":"1015588","SYSTEM":"Off"}},{"type":"Feature","geometry":{"type":"LineString","coordinates":[[-97.75051706,30.31017215],[-97.75058855,30.31027827],[-97.75140731,30.31149378],[-97.75135682,30.31156347],[-97.75134115,30.31158507],[-97.74948299,30.31415026],[-97.74935336,30.31432925]]},"properties":{"AADT_CUR":195,"RTE_NM":"1019500","RTE_PRFX":"CS","RTE_NBR":"1019500","SYSTEM":"Off"}},{"type":"Feature","geometry":{"type":"LineString","coordinates":[[-97.68632943,30.2939859900023],[-97.68684782,30.2953361300023],[-97.68751217,30.2958146600023],[-97.687991483346,30.2961265289167]]},"properties":{"AADT_CUR":195,"RTE_NM":"1015399","RTE_PRFX":"CS","RTE_NBR":"1015399","SYSTEM":"Off"}},{"type":"Feature","geometry":{"type":"LineString","coordinates":[[-97.7551378514519,30.3018248781227],[-97.75565109,30.30104995],[-97.7561719687846,30.3000807311223]]},"properties":{"AADT_CUR":3601,"RTE_NM":"258564","RTE_PRFX":"CS","RTE_NBR":"258564","SYSTEM":"Off"}},{"type":"Feature","geometry":{"type":"LineString","coordinates":[[-97.7970391850642,30.2340161238867],[-97.79703183,30.23401938],[-97.796482213,30.234338978],[-97.796124808,30.23453074],[-97.796018165,30.234588103],[-97.7960145064824,30.2345850220002]]},"properties":{"AADT_CUR":11323,"RTE_NM":"US0290-XG","RTE_PRFX":"US","RTE_NBR":"290","SYSTEM":"On"}},{"type":"Feature","geometry":{"type":"LineString","coordinates":[[-97.7693978935207,30.2266102369565],[-97.76940693,30.2265942600036],[-97.7694458587186,30.2265369584658],[-97.7694802675513,30.2264863099553],[-97.7696830028076,30.2261878899998],[-97.77001497,30.2256992400036],[-97.7700250439258,30.225683169721],[-97.7704626203783,30.224985126367],[-97.7708797961364,30.224319616415]]},"properties":{"AADT_CUR":15263,"RTE_NM":"258383","RTE_PRFX":"CS","RTE_NBR":"258383","SYSTEM":"Off"}},{"type":"Feature","geometry":{"type":"LineString","coordinates":[[-97.7816729494289,30.242632886174],[-97.7816752202902,30.2426286145653],[-97.7816799572449,30.2426197041045]]},"properties":{"AADT_CUR":11902,"RTE_NM":"258600","RTE_PRFX":"CS","RTE_NBR":"258600","SYSTEM":"Off"}},{"type":"Feature","geometry":{"type":"LineString","coordinates":[[-97.73272496,30.2281434500018],[-97.73157684,30.2299211100018],[-97.7315234936195,30.2300030744407]]},"properties":{"AADT_CUR":195,"RTE_NM":"1015742","RTE_PRFX":"CS","RTE_NBR":"1015742","SYSTEM":"Off"}},{"type":"Feature","geometry":{"type":"LineString","coordinates":[[-97.7310475733463,30.2297578282142],[-97.731033199015,30.2297504209393]]},"properties":{"AADT_CUR":10809,"RTE_NM":"258628","RTE_PRFX":"CS","RTE_NBR":"258628","SYSTEM":"Off"}},{"type":"Feature","geometry":{"type":"LineString","coordinates":[[-97.7343537204123,30.3087450805059],[-97.73583677296,30.3064208178971]]},"properties":{"AADT_CUR":12775,"RTE_NM":"258545","RTE_PRFX":"CS","RTE_NBR":"258545","SYSTEM":"Off"}},{"type":"Feature","geometry":{"type":"LineString","coordinates":[[-97.7317129244505,30.2659348375403],[-97.73170789,30.2659582800021],[-97.73150654,30.2668987400021],[-97.73127556,30.2678566700021],[-97.73107863,30.2686667500021],[-97.73104279,30.2688503200021],[-97.73102245,30.2689548100021],[-97.73096923,30.2692283800021],[-97.7308277650979,30.26977557963]]},"properties":{"AADT_CUR":195,"RTE_NM":"1019829","RTE_PRFX":"CS","RTE_NBR":"1019829","SYSTEM":"Off"}},{"type":"Feature","geometry":{"type":"LineString","coordinates":[[-97.7274023800288,30.2684941709376],[-97.72740131,30.2684985300021],[-97.7273907034986,30.2685213181502]]},"properties":{"AADT_CUR":195,"RTE_NM":"1021520","RTE_PRFX":"CS","RTE_NBR":"1021520","SYSTEM":"Off"}},{"type":"Feature","geometry":{"type":"LineString","coordinates":[[-97.76630403,30.2618496500021],[-97.76528367,30.261378150002],[-97.76490556,30.261180800002],[-97.7631572303796,30.260352645482]]},"properties":{"AADT_CUR":195,"RTE_NM":"1017782","RTE_PRFX":"CS","RTE_NBR":"1017782","SYSTEM":"Off"}},{"type":"Feature","geometry":{"type":"LineString","coordinates":[[-97.7934354410867,30.232939851587],[-97.793415772,30.232930013],[-97.79246091,30.23245219],[-97.79151209,30.23199433],[-97.789781518,30.231164916],[-97.78817567,30.230405019],[-97.7881001881426,30.230369006352]]},"properties":{"AADT_CUR":499,"RTE_NM":"US0290-XG","RTE_PRFX":"US","RTE_NBR":"290","SYSTEM":"On"}},{"type":"Feature","geometry":{"type":"LineString","coordinates":[[-97.79352171,30.25084355],[-97.79301837,30.25075497],[-97.79294071,30.25074127]]},"properties":{"AADT_CUR":195,"RTE_NM":"1020850","RTE_PRFX":"CS","RTE_NBR":"1020850","SYSTEM":"Off"}},{"type":"Feature","geometry":{"type":"LineString","coordinates":[[-97.68557335,30.2719536000021],[-97.68556543,30.2720115200021],[-97.68551201,30.2724006400021],[-97.6855827699999,30.2727954100042],[-97.68554179,30.2733363900021],[-97.68554105,30.2735646200021],[-97.68525458,30.2741033000021],[-97.6848530499989,30.2747633500037],[-97.68461643,30.2751080000021],[-97.68449694,30.2752819400022],[-97.68437585,30.2755235600021],[-97.68397575,30.2761313700022],[-97.68381879,30.2764224200021]]},"properties":{"AADT_CUR":195,"RTE_NM":"1018085","RTE_PRFX":"CS","RTE_NBR":"1018085","SYSTEM":"Off"}},{"type":"Feature","geometry":{"type":"LineString","coordinates":[[-97.7967075687178,30.222076303423],[-97.7966992219111,30.2220889930918]]},"properties":{"AADT_CUR":195,"RTE_NM":"1021703","RTE_PRFX":"CS","RTE_NBR":"1021703","SYSTEM":"Off"}},{"type":"Feature","geometry":{"type":"LineString","coordinates":[[-97.73949141,30.21782958],[-97.73881869,30.21812121]]},"properties":{"AADT_CUR":195,"RTE_NM":"1015212","RTE_PRFX":"CS","RTE_NBR":"1015212","SYSTEM":"Off"}},{"type":"Feature","geometry":{"type":"LineString","coordinates":[[-97.6913956670355,30.2720264070062],[-97.6914105784826,30.2720329621888]]},"properties":{"AADT_CUR":195,"RTE_NM":"1019874","RTE_PRFX":"CS","RTE_NBR":"1019874","SYSTEM":"Off"}},{"type":"Feature","geometry":{"type":"LineString","coordinates":[[-97.75050246,30.30950355],[-97.75051706,30.31017215],[-97.75047443,30.31105418],[-97.75042571,30.3111274],[-97.74931761,30.31279386]]},"properties":{"AADT_CUR":195,"RTE_NM":"1019079","RTE_PRFX":"CS","RTE_NBR":"1019079","SYSTEM":"Off"}},{"type":"Feature","geometry":{"type":"LineString","coordinates":[[-97.74448904,30.30930248],[-97.74308472,30.31143036]]},"properties":{"AADT_CUR":195,"RTE_NM":"1017734","RTE_PRFX":"CS","RTE_NBR":"1017734","SYSTEM":"Off"}},{"type":"Feature","geometry":{"type":"LineString","coordinates":[[-97.7668021213983,30.2307288893644],[-97.76680181,30.2307287400018],[-97.76452489,30.2296434700019],[-97.76391708,30.2293703000018],[-97.76384653,30.2293386600019],[-97.76370484,30.2292749800018],[-97.7635807775647,30.2292114538057],[-97.76292215,30.2288742000018],[-97.76253134,30.2286900600018],[-97.7612013839884,30.2280637317282]]},"properties":{"AADT_CUR":195,"RTE_NM":"1021253","RTE_PRFX":"CS","RTE_NBR":"1021253","SYSTEM":"Off"}},{"type":"Feature","geometry":{"type":"LineString","coordinates":[[-97.7681129361411,30.2287048497952],[-97.7680982107196,30.2286979198945]]},"properties":{"AADT_CUR":195,"RTE_NM":"1019192","RTE_PRFX":"CS","RTE_NBR":"1019192","SYSTEM":"Off"}},{"type":"Feature","geometry":{"type":"LineString","coordinates":[[-97.76102492,30.26056666],[-97.76062747,30.2602991],[-97.76045224,30.26018112],[-97.75993481,30.25989291],[-97.75977931,30.25963401]]},"properties":{"AADT_CUR":195,"RTE_NM":"1016998","RTE_PRFX":"CS","RTE_NBR":"1016998","SYSTEM":"Off"}},{"type":"Feature","geometry":{"type":"LineString","coordinates":[[-97.721670575548,30.2561025282094],[-97.72162823,30.256191040002],[-97.72124227,30.256997630002],[-97.72121588,30.257059170002],[-97.72087034,30.257864690002]]},"properties":{"AADT_CUR":195,"RTE_NM":"1014706","RTE_PRFX":"CS","RTE_NBR":"1014706","SYSTEM":"Off"}},{"type":"Feature","geometry":{"type":"LineString","coordinates":[[-97.7062335811848,30.2262463793151],[-97.7057376,30.2270345000018],[-97.70522225,30.2278160300018],[-97.70514915,30.2279440700018],[-97.70478158,30.2285880900018],[-97.70466984,30.2287544400018],[-97.70428233,30.2293314400018]]},"properties":{"AADT_CUR":195,"RTE_NM":"1015159","RTE_PRFX":"CS","RTE_NBR":"1015159","SYSTEM":"Off"}},{"type":"Feature","geometry":{"type":"LineString","coordinates":[[-97.78972217,30.28104712],[-97.78938059,30.28086341],[-97.78890522,30.28068912],[-97.78867126,30.28056519],[-97.78851147,30.2804805],[-97.78849508,30.28047401]]},"properties":{"AADT_CUR":195,"RTE_NM":"1016856","RTE_PRFX":"CS","RTE_NBR":"1016856","SYSTEM":"Off"}},{"type":"Feature","geometry":{"type":"LineString","coordinates":[[-97.7241936390432,30.2746576766511],[-97.7241608,30.274662946]]},"properties":{"AADT_CUR":195,"RTE_NM":"1014250","RTE_PRFX":"CS","RTE_NBR":"1014250","SYSTEM":"Off"}},{"type":"Feature","geometry":{"type":"LineString","coordinates":[[-97.7284955166118,30.2785830122597],[-97.72850552,30.2786002500022],[-97.72854637,30.2786705800022],[-97.72869013,30.2787450400022],[-97.72873713,30.2787955000022],[-97.72881063,30.2789180100022],[-97.7288174091346,30.2790188241555]]},"properties":{"AADT_CUR":195,"RTE_NM":"1015933","RTE_PRFX":"CS","RTE_NBR":"1015933","SYSTEM":"Off"}},{"type":"Feature","geometry":{"type":"LineString","coordinates":[[-97.77142732,30.2739723],[-97.77113349,30.27418927],[-97.77089455,30.27441426],[-97.77065654,30.27462345],[-97.77036368,30.2748066],[-97.76997227,30.27496465],[-97.76953623,30.27505391],[-97.76911506,30.27507622],[-97.76882592,30.27506041],[-97.76853864,30.27503066],[-97.76825879,30.2749879],[-97.76796779,30.27491724],[-97.76770096,30.27483449],[-97.76742576,30.27473501],[-97.76713848,30.27461136],[-97.76684469,30.27446818],[-97.76661319,30.27432594],[-97.76634729,30.27413534],[-97.76577923,30.27371976]]},"properties":{"AADT_CUR":8477,"RTE_NM":"1638921749","RTE_PRFX":"SL","RTE_NBR":"1","SYSTEM":"On"}},{"type":"Feature","geometry":{"type":"LineString","coordinates":[[-97.75188783,30.23188395],[-97.75185135,30.23195095],[-97.75118915,30.23316802],[-97.75112198,30.23330968],[-97.75107985,30.23343535],[-97.75105556,30.23351462],[-97.7512222,30.23362356],[-97.75161978,30.23388354]]},"properties":{"AADT_CUR":195,"RTE_NM":"1018687","RTE_PRFX":"CS","RTE_NBR":"1018687","SYSTEM":"Off"}},{"type":"Feature","geometry":{"type":"LineString","coordinates":[[-97.70478158,30.2285880900018],[-97.70347305,30.2279627200018],[-97.7033926,30.2279242400018],[-97.7019561603911,30.2272962466141]]},"properties":{"AADT_CUR":195,"RTE_NM":"1014630","RTE_PRFX":"CS","RTE_NBR":"1014630","SYSTEM":"Off"}},{"type":"Feature","geometry":{"type":"LineString","coordinates":[[-97.77087088,30.29441971],[-97.7703841,30.29520483]]},"properties":{"AADT_CUR":195,"RTE_NM":"1016985","RTE_PRFX":"CS","RTE_NBR":"1016985","SYSTEM":"Off"}},{"type":"Feature","geometry":{"type":"LineString","coordinates":[[-97.7803214883161,30.2182286007312],[-97.7792994399992,30.217691770005],[-97.77873748,30.2174440700052],[-97.77865985,30.2173570600054],[-97.7785476499988,30.2172312600035],[-97.77837491,30.2169665300052],[-97.7778523899982,30.2166067900046],[-97.7769732099991,30.2163224900049],[-97.776019531487,30.2160870189881]]},"properties":{"AADT_CUR":195,"RTE_NM":"1018827","RTE_PRFX":"CS","RTE_NBR":"1018827","SYSTEM":"Off"}},{"type":"Feature","geometry":{"type":"LineString","coordinates":[[-97.7152154376528,30.3018978438971],[-97.71476848,30.30259789],[-97.71457459,30.30290054],[-97.71434979,30.30324636],[-97.71398874,30.30382622],[-97.71375034,30.30419448],[-97.71317269,30.30508953],[-97.7126221,30.30594457],[-97.71205006,30.3068381],[-97.7113696,30.30789327],[-97.71051258,30.30922709],[-97.7104331,30.30935038],[-97.7103343510229,30.3095036682084]]},"properties":{"AADT_CUR":150900,"RTE_NM":"IH0035-KG","RTE_PRFX":"IH","RTE_NBR":"35","SYSTEM":"On"}},{"type":"Feature","geometry":{"type":"LineString","coordinates":[[-97.7149901495272,30.2745615654903],[-97.71499059,30.2745637500021],[-97.71518976,30.2755352900022],[-97.7151957787992,30.2755632391784],[-97.71522812,30.2757134200022],[-97.71529787,30.2760264500022],[-97.7153895,30.2760910000021],[-97.71545453,30.2764478700021],[-97.71540086,30.2765159800022],[-97.71561472,30.2775104800021],[-97.71578853,30.2784629100022],[-97.71582195,30.2786154900022],[-97.71600285,30.2794408800022],[-97.71622216,30.2805507300022],[-97.71623202,30.2806007400022],[-97.7162383280542,30.2806307443778],[-97.71625543,30.2807120900022],[-97.71640252,30.2814128300022],[-97.71642807,30.2815199800022],[-97.71670135,30.2826648700022],[-97.71692199,30.2836429700022],[-97.7171426018179,30.2846030923024]]},"properties":{"AADT_CUR":195,"RTE_NM":"1018014","RTE_PRFX":"CS","RTE_NBR":"1018014","SYSTEM":"Off"}},{"type":"Feature","geometry":{"type":"LineString","coordinates":[[-97.71896126,30.26776003],[-97.71839925,30.26756976],[-97.71766764,30.26764561],[-97.71733934,30.26760038],[-97.71714557,30.26764871]]},"properties":{"AADT_CUR":195,"RTE_NM":"1019051","RTE_PRFX":"CS","RTE_NBR":"1019051","SYSTEM":"Off"}},{"type":"Feature","geometry":{"type":"LineString","coordinates":[[-97.73551813,30.252433570002],[-97.73564618,30.252826710002],[-97.73568675,30.253055790002],[-97.73567796,30.253199980002],[-97.7356447,30.253281040002],[-97.73562153,30.253334560002],[-97.73555821,30.253474150002],[-97.73553542,30.253528560002],[-97.73518501,30.254321830002],[-97.73516254,30.254376320002],[-97.73473724,30.255272920002],[-97.73471402,30.255327130002],[-97.73465566,30.255464780002],[-97.73431847,30.256276060002],[-97.73429483,30.256330230002],[-97.7342907805549,30.2563383071341],[-97.7342725,30.256374770002],[-97.73407948,30.256771930002],[-97.73403061,30.256860930002],[-97.73382212,30.257270030002],[-97.73367812,30.257558640002],[-97.73363309,30.257662460002],[-97.73345993,30.258073890002],[-97.73343783,30.258128590002],[-97.73331199,30.258332310002],[-97.73325088,30.258462700002],[-97.73300448,30.259010990002],[-97.73298173,30.259065420002],[-97.73293632,30.259159550002],[-97.73263084,30.259831310002],[-97.73260673,30.259885330002],[-97.7325947167598,30.2599101498253],[-97.73256751,30.259966360002],[-97.7321701863899,30.2608031408371],[-97.73216475,30.260814590002],[-97.73213987,30.2608653800021],[-97.73178612,30.261659590002],[-97.73176345,30.261714060002],[-97.73173664,30.261768430002],[-97.73138015,30.2625617100021],[-97.73135736,30.2626161700021],[-97.73133994,30.262651110002],[-97.73118253,30.2630087000021],[-97.73115999,30.2630632200021],[-97.73111225,30.263157090002],[-97.73094194,30.2635125700021],[-97.7309158,30.2635627600021],[-97.73055125,30.2643492100021],[-97.73052814,30.2644035300021],[-97.7305108627943,30.2644359668535],[-97.73048759,30.2644796600021],[-97.73009409,30.2652675400021],[-97.730074123106,30.265310844724]]},"properties":{"AADT_CUR":1162,"RTE_NM":"1021345","RTE_PRFX":"CS","RTE_NBR":"1021345","SYSTEM":"Off"}},{"type":"Feature","geometry":{"type":"LineString","coordinates":[[-97.7693888832418,30.2768978767713],[-97.76938421,30.2768969000021],[-97.7692628855246,30.2768702302852],[-97.76892343,30.2767956100022],[-97.7686809426744,30.2767442242593],[-97.76847598,30.2767007900021],[-97.7683508101923,30.2766679619865],[-97.76816523,30.2766192900021],[-97.76788724,30.2765347500021],[-97.7677292886714,30.2764836416426],[-97.76766599,30.2764631600022],[-97.76745463,30.2763870000022],[-97.7672770561816,30.2763050551869],[-97.7671792455984,30.2762599184682],[-97.76705935,30.2762045900021],[-97.7669958161322,30.2761754866052],[-97.76669605,30.2760381700021],[-97.76642263,30.2758957500021],[-97.76622042,30.2757910200021],[-97.76592233,30.2756215900021],[-97.76558537,30.2754051000022],[-97.765313668211,30.2752154392819],[-97.76516719,30.2751131900021],[-97.76484038,30.2748569100021],[-97.76331829,30.2737070000021],[-97.76301041,30.2736063500021],[-97.7625864014806,30.2734346619154],[-97.76188599,30.2731144400021],[-97.7618526456908,30.2731028394578],[-97.7613742159806,30.2729363894714],[-97.76084177,30.2727029500021],[-97.7581664656321,30.2716689757819],[-97.7573139005338,30.2713394527743],[-97.75605763,30.2708538800021],[-97.7560405730318,30.2708472871125],[-97.7546282248368,30.2703013727425]]},"properties":{"AADT_CUR":18319,"RTE_NM":"258395","RTE_PRFX":"CS","RTE_NBR":"258395","SYSTEM":"Off"}},{"type":"Feature","geometry":{"type":"LineString","coordinates":[[-97.7577422842462,30.2911097810419],[-97.7577368516114,30.2911235348549]]},"properties":{"AADT_CUR":195,"RTE_NM":"1021711","RTE_PRFX":"CS","RTE_NBR":"1021711","SYSTEM":"Off"}},{"type":"Feature","geometry":{"type":"LineString","coordinates":[[-97.7261745,30.24156494],[-97.725233152,30.243073381],[-97.724207373,30.244661386],[-97.7241838779998,30.2447500334545]]},"properties":{"AADT_CUR":4909,"RTE_NM":"1020822","RTE_PRFX":"CS","RTE_NBR":"1020822","SYSTEM":"Off"}},{"type":"Feature","geometry":{"type":"LineString","coordinates":[[-97.76888648,30.260407940002],[-97.768546,30.2604039000021],[-97.76771282,30.2602222000021],[-97.76703305,30.259930810002],[-97.76614338,30.2595113800021],[-97.76599732,30.259442500002],[-97.76443204,30.258629560002],[-97.7642713672771,30.2585461001369]]},"properties":{"AADT_CUR":195,"RTE_NM":"1017404","RTE_PRFX":"CS","RTE_NBR":"1017404","SYSTEM":"Off"}},{"type":"Feature","geometry":{"type":"LineString","coordinates":[[-97.74883991,30.257219090002],[-97.7479169914448,30.2581276619248]]},"properties":{"AADT_CUR":195,"RTE_NM":"1016875","RTE_PRFX":"CS","RTE_NBR":"1016875","SYSTEM":"Off"}},{"type":"Feature","geometry":{"type":"LineString","coordinates":[[-97.77664149,30.30473867],[-97.77625644,30.30455769],[-97.77565148,30.30436138],[-97.77544552,30.30434504],[-97.77519461,30.30436386],[-97.77507621,30.30426456],[-97.77499774,30.30422715],[-97.77486194,30.30419408]]},"properties":{"AADT_CUR":195,"RTE_NM":"1016043","RTE_PRFX":"CS","RTE_NBR":"1016043","SYSTEM":"Off"}},{"type":"Feature","geometry":{"type":"LineString","coordinates":[[-97.69404275,30.27959283],[-97.69313944,30.27974472]]},"properties":{"AADT_CUR":195,"RTE_NM":"1015243","RTE_PRFX":"CS","RTE_NBR":"1015243","SYSTEM":"Off"}},{"type":"Feature","geometry":{"type":"LineString","coordinates":[[-97.79819169,30.22859532],[-97.79737474,30.22798509]]},"properties":{"AADT_CUR":195,"RTE_NM":"1013672","RTE_PRFX":"CS","RTE_NBR":"1013672","SYSTEM":"Off"}},{"type":"Feature","geometry":{"type":"LineString","coordinates":[[-97.7267341951599,30.2872552239911],[-97.7267467124711,30.287213040888]]},"properties":{"AADT_CUR":6374,"RTE_NM":"258641","RTE_PRFX":"CS","RTE_NBR":"258641","SYSTEM":"Off"}},{"type":"Feature","geometry":{"type":"LineString","coordinates":[[-97.7201606237819,30.2841159669592],[-97.7201636732611,30.2841302644596]]},"properties":{"AADT_CUR":195,"RTE_NM":"1013510","RTE_PRFX":"CS","RTE_NBR":"1013510","SYSTEM":"Off"}},{"type":"Feature","geometry":{"type":"LineString","coordinates":[[-97.7154383813134,30.2677328943572],[-97.7154222546105,30.2677367048633]]},"properties":{"AADT_CUR":195,"RTE_NM":"1506858","RTE_PRFX":"CS","RTE_NBR":"1506858","SYSTEM":"Off"}},{"type":"Feature","geometry":{"type":"LineString","coordinates":[[-97.723333805,30.2682415390021],[-97.723134326,30.2686645020021],[-97.723108762,30.2687330070021],[-97.723085922,30.2688193820021],[-97.7231135888267,30.2690404126983]]},"properties":{"AADT_CUR":195,"RTE_NM":"1015254","RTE_PRFX":"CS","RTE_NBR":"1015254","SYSTEM":"Off"}},{"type":"Feature","geometry":{"type":"LineString","coordinates":[[-97.73898822,30.28360849],[-97.73758301,30.28348212],[-97.73743363,30.28346878],[-97.73466557,30.28328892],[-97.73431761,30.28326533],[-97.73413269,30.28322893],[-97.73405281,30.28321323]]},"properties":{"AADT_CUR":427,"RTE_NM":"1015850","RTE_PRFX":"CS","RTE_NBR":"1015850","SYSTEM":"Off"}},{"type":"Feature","geometry":{"type":"LineString","coordinates":[[-97.74825377,30.28047235],[-97.74821797,30.28056083],[-97.74789736,30.28135352],[-97.74785627,30.2814681],[-97.74758576,30.28222184],[-97.74720624,30.28317645],[-97.74718914,30.28322011]]},"properties":{"AADT_CUR":195,"RTE_NM":"1019004","RTE_PRFX":"CS","RTE_NBR":"1019004","SYSTEM":"Off"}},{"type":"Feature","geometry":{"type":"LineString","coordinates":[[-97.7473707215439,30.2232484430527],[-97.747259308,30.223161132],[-97.747041257,30.222990435],[-97.74681608,30.22281416],[-97.74662337,30.22263884],[-97.74636951,30.22238683],[-97.74540281,30.22133179],[-97.74424449,30.2200603],[-97.7439453930112,30.2196755929126]]},"properties":{"AADT_CUR":4260,"RTE_NM":"258719","RTE_PRFX":"CS","RTE_NBR":"258719","SYSTEM":"Off"}},{"type":"Feature","geometry":{"type":"LineString","coordinates":[[-97.6938941439082,30.2600898210334],[-97.69385847,30.2600718900021],[-97.69337474,30.259809030002],[-97.6933474372707,30.2597937768091],[-97.69224636,30.2591786300021],[-97.69050375,30.258309850002],[-97.6888687122355,30.2574969222464],[-97.68662713,30.256518260002],[-97.6851027818264,30.2558766023227]]},"properties":{"AADT_CUR":6359,"RTE_NM":"258489","RTE_PRFX":"CS","RTE_NBR":"258489","SYSTEM":"Off"}},{"type":"Feature","geometry":{"type":"LineString","coordinates":[[-97.696191,30.259218320002],[-97.69616619,30.259257960002],[-97.6952368377683,30.2607443836165]]},"properties":{"AADT_CUR":195,"RTE_NM":"1014657","RTE_PRFX":"CS","RTE_NBR":"1014657","SYSTEM":"Off"}},{"type":"Feature","geometry":{"type":"LineString","coordinates":[[-97.69258722,30.2820904100022],[-97.69261236,30.2822208900022],[-97.6930059202502,30.284260844982]]},"properties":{"AADT_CUR":195,"RTE_NM":"1019066","RTE_PRFX":"CS","RTE_NBR":"1019066","SYSTEM":"Off"}},{"type":"Feature","geometry":{"type":"LineString","coordinates":[[-97.7485233199717,30.3101677393502],[-97.74729496,30.3096368800023],[-97.74662102,30.3093537800024],[-97.74629548,30.3091986800024],[-97.74535424,30.3087781100024],[-97.7443252,30.3083200500024],[-97.74301816,30.3076591400023],[-97.7429937368683,30.307646818418],[-97.7420165,30.3071524100023],[-97.7419009658972,30.3070941878932]]},"properties":{"AADT_CUR":195,"RTE_NM":"1021229","RTE_PRFX":"CS","RTE_NBR":"1021229","SYSTEM":"Off"}},{"type":"Feature","geometry":{"type":"LineString","coordinates":[[-97.77001062,30.30389941],[-97.76988695,30.30381167],[-97.76946771,30.30357501],[-97.76883746,30.30331487],[-97.76868797,30.30327469],[-97.76864944,30.30326436],[-97.76844679,30.30320901],[-97.76835597,30.30318422],[-97.76797904,30.30308592],[-97.76780145,30.30299983],[-97.76774715,30.30294893],[-97.76772952,30.30293244],[-97.76771739,30.30291332],[-97.76760173,30.3027318]]},"properties":{"AADT_CUR":195,"RTE_NM":"1020654","RTE_PRFX":"CS","RTE_NBR":"1020654","SYSTEM":"Off"}},{"type":"Feature","geometry":{"type":"LineString","coordinates":[[-97.76388187,30.25726584],[-97.76350596,30.25781937],[-97.76342144,30.25816679],[-97.76340546,30.25823265],[-97.76295044,30.25893036]]},"properties":{"AADT_CUR":195,"RTE_NM":"1016158","RTE_PRFX":"CS","RTE_NBR":"1016158","SYSTEM":"Off"}},{"type":"Feature","geometry":{"type":"LineString","coordinates":[[-97.76295044,30.258930360002],[-97.76211956,30.2585548500021],[-97.7620207,30.258510150002],[-97.76135641,30.258194500002],[-97.76118061,30.258110990002],[-97.7601562039111,30.2575870191864]]},"properties":{"AADT_CUR":195,"RTE_NM":"1017317","RTE_PRFX":"CS","RTE_NBR":"1017317","SYSTEM":"Off"}},{"type":"Feature","geometry":{"type":"LineString","coordinates":[[-97.71272093,30.25824216],[-97.71232594,30.25913961],[-97.7120105,30.25978774],[-97.71163312,30.26061888],[-97.71157818,30.26073512],[-97.71142467,30.26106015]]},"properties":{"AADT_CUR":195,"RTE_NM":"1014660","RTE_PRFX":"CS","RTE_NBR":"1014660","SYSTEM":"Off"}},{"type":"Feature","geometry":{"type":"LineString","coordinates":[[-97.79671821,30.2802967],[-97.79604574,30.27965907],[-97.7952821,30.27908288]]},"properties":{"AADT_CUR":195,"RTE_NM":"1252110","RTE_PRFX":"CS","RTE_NBR":"1252110","SYSTEM":"Off"}},{"type":"Feature","geometry":{"type":"LineString","coordinates":[[-97.7454592647385,30.3014939254257],[-97.74545451,30.3014917400023],[-97.74501093,30.3012631100023],[-97.7449324,30.3012226700023],[-97.74444219,30.3010064900023],[-97.74352151,30.3005492400023],[-97.74343187,30.3005047400023],[-97.74291133,30.3002624200023],[-97.74275879,30.3001913800023],[-97.74222136,30.2999456600023],[-97.74212946,30.2999036200023],[-97.7404822640197,30.2991172156462]]},"properties":{"AADT_CUR":623,"RTE_NM":"1021220","RTE_PRFX":"CS","RTE_NBR":"1021220","SYSTEM":"Off"}},{"type":"Feature","geometry":{"type":"LineString","coordinates":[[-97.73425513,30.29175597],[-97.73606593,30.29318178]]},"properties":{"AADT_CUR":195,"RTE_NM":"1015863","RTE_PRFX":"CS","RTE_NBR":"1015863","SYSTEM":"Off"}},{"type":"Feature","geometry":{"type":"LineString","coordinates":[[-97.7368410085801,30.2895095351473],[-97.7368243148465,30.2895086018455]]},"properties":{"AADT_CUR":14646,"RTE_NM":"258862","RTE_PRFX":"CS","RTE_NBR":"258862","SYSTEM":"Off"}},{"type":"Feature","geometry":{"type":"LineString","coordinates":[[-97.7301846306769,30.2695369976726],[-97.7301254,30.2696492600021],[-97.72984737,30.2701764600021],[-97.72965119,30.2708710600021],[-97.72962596,30.2709968500021],[-97.72954544,30.2713989100021],[-97.72953215,30.2714653100021],[-97.72952666,30.2714928400021],[-97.7295661411262,30.2722097417615]]},"properties":{"AADT_CUR":195,"RTE_NM":"1015491","RTE_PRFX":"CS","RTE_NBR":"1015491","SYSTEM":"Off"}},{"type":"Feature","geometry":{"type":"LineString","coordinates":[[-97.76528346,30.2910459900023],[-97.76496897,30.2918180300023],[-97.76490351,30.2919672700022],[-97.76461133,30.2926332100022],[-97.76455849,30.2927655400023],[-97.76430846,30.2933921200023],[-97.76430179,30.2934077400022],[-97.7642884663884,30.2934417548438]]},"properties":{"AADT_CUR":195,"RTE_NM":"1014389","RTE_PRFX":"CS","RTE_NBR":"1014389","SYSTEM":"Off"}},{"type":"Feature","geometry":{"type":"LineString","coordinates":[[-97.7599678689767,30.2922274360977],[-97.760001161856,30.2921442514468]]},"properties":{"AADT_CUR":168631,"RTE_NM":"SL0001-KG","RTE_PRFX":"SL","RTE_NBR":"1","SYSTEM":"On"}},{"type":"Feature","geometry":{"type":"LineString","coordinates":[[-97.7963696350139,30.3009009493599],[-97.7963683599974,30.300895680005],[-97.7963102,30.3008531300069],[-97.79623532,30.3008029600069],[-97.79614084,30.3007475700069],[-97.79602677,30.3006869500069],[-97.79591732,30.3006704000069],[-97.79580477,30.300666000007],[-97.79569008,30.3006322500069],[-97.79557309,30.3005764700069],[-97.79493585,30.3002428900069],[-97.79482494,30.3001822300069],[-97.79471075,30.3001132800069],[-97.7946424528117,30.3000756286854],[-97.79435687,30.2999181900069],[-97.79425365,30.2998518200069],[-97.79415351,30.2997711500069],[-97.79406148,30.2996978000069],[-97.79348301,30.2991998200069],[-97.7934155,30.2991388600069],[-97.79338391,30.2990737300069],[-97.7933791938016,30.299026715195],[-97.79337718,30.2990066400069],[-97.79339481,30.2988395000069],[-97.79340985,30.2987847500069],[-97.7934151070604,30.2987723339054],[-97.79343901,30.2987158800069],[-97.79351576,30.2986143600069],[-97.79388398,30.2981853800069],[-97.79409679,30.2979211700069],[-97.79428001,30.2977449400069],[-97.79433088,30.2976908000069],[-97.79437947,30.2976151000069],[-97.79439474,30.2975507800069],[-97.79439699,30.2974527500069],[-97.79439974,30.2973331900069],[-97.79438402,30.2971774500069],[-97.79421711,30.2966435400069],[-97.7941763065301,30.2965115788819],[-97.7941658,30.2964776000069],[-97.79415267,30.2963290700069],[-97.79415971,30.2961426200069],[-97.79418835,30.2959756700069],[-97.7942353,30.2958521000069],[-97.79429001,30.2957502000069],[-97.79472944,30.2949804000069],[-97.79476674,30.2949164600069],[-97.79482587,30.2948624700069],[-97.79489045,30.2948109600069],[-97.79499157,30.2947290000069],[-97.79509797,30.2946566800069],[-97.7955236353902,30.2943352829079],[-97.79593108,30.2940276400069],[-97.79622781,30.2938294600069],[-97.79635427,30.2937240100069],[-97.79647758,30.2936009100069],[-97.79684467,30.2932540900068],[-97.79693189,30.2931766600068],[-97.79701587,30.2931207100069],[-97.79718073,30.2930230900069],[-97.79732858,30.2929467100069],[-97.79744281,30.2928936700069],[-97.79756778,30.2928527700069],[-97.79770378,30.2928120600069],[-97.7978287,30.2927735600068],[-97.79794475,30.2927223100067],[-97.79804046,30.2926743600068],[-97.79811887,30.2926207000068],[-97.79822025,30.2925267700069],[-97.79826582,30.2924629800069],[-97.7983137,30.2924183600068],[-97.798411421006,30.2923626217505]]},"properties":{"AADT_CUR":5506,"RTE_NM":"258886","RTE_PRFX":"CS","RTE_NBR":"258886","SYSTEM":"Off"}},{"type":"Feature","geometry":{"type":"LineString","coordinates":[[-97.7156396835487,30.3083895585824],[-97.71563297,30.3083891400024],[-97.71561361,30.3083805200024],[-97.71376475,30.3075561500024]]},"properties":{"AADT_CUR":195,"RTE_NM":"1016528","RTE_PRFX":"CS","RTE_NBR":"1016528","SYSTEM":"Off"}},{"type":"Feature","geometry":{"type":"LineString","coordinates":[[-97.6860366508814,30.3156894209121],[-97.68554072,30.3157747200024],[-97.68458198,30.3157597800024],[-97.6844577899998,30.3157578200024],[-97.68353234,30.3157194400024],[-97.68288853,30.3154146200024]]},"properties":{"AADT_CUR":195,"RTE_NM":"1014516","RTE_PRFX":"CS","RTE_NBR":"1014516","SYSTEM":"Off"}},{"type":"Feature","geometry":{"type":"LineString","coordinates":[[-97.75760327,30.3019901400023],[-97.75728887,30.3018413100023],[-97.75678359,30.3015983300023],[-97.7556736,30.3010678000023],[-97.7556469901251,30.301056140375],[-97.7551473,30.3008371900023],[-97.75479071,30.3006595200023],[-97.7525352870314,30.2995442186737],[-97.75146717,30.2990661800023]]},"properties":{"AADT_CUR":195,"RTE_NM":"1018365","RTE_PRFX":"CS","RTE_NBR":"1018365","SYSTEM":"Off"}},{"type":"Feature","geometry":{"type":"LineString","coordinates":[[-97.7430413357985,30.3052101258772],[-97.74304916,30.30519738],[-97.74359099,30.30444283],[-97.74421756,30.30347176],[-97.7449143,30.30239692],[-97.74547357,30.30150148],[-97.74603334,30.30058449],[-97.74652401,30.29978843],[-97.74681757,30.29927628],[-97.74693023,30.29906271],[-97.74706603,30.29892141],[-97.74724287,30.29879521],[-97.74746027,30.29870564],[-97.74774337,30.29863879],[-97.74796092,30.29854204],[-97.74812832,30.29846596],[-97.7484672417859,30.2981801357091]]},"properties":{"AADT_CUR":17145,"RTE_NM":"258580","RTE_PRFX":"CS","RTE_NBR":"258580","SYSTEM":"Off"}},{"type":"Feature","geometry":{"type":"LineString","coordinates":[[-97.78684445,30.24538087],[-97.78658309,30.24565073],[-97.7865399,30.24587815]]},"properties":{"AADT_CUR":195,"RTE_NM":"1015417","RTE_PRFX":"CS","RTE_NBR":"1015417","SYSTEM":"Off"}},{"type":"Feature","geometry":{"type":"LineString","coordinates":[[-97.76391708,30.2293703],[-97.7633166,30.23031716]]},"properties":{"AADT_CUR":195,"RTE_NM":"1014953","RTE_PRFX":"CS","RTE_NBR":"1014953","SYSTEM":"Off"}},{"type":"Feature","geometry":{"type":"LineString","coordinates":[[-97.71352539,30.25025856],[-97.71353164,30.25016705],[-97.71356094,30.24981609],[-97.71359858,30.24946573],[-97.71364456,30.24911612],[-97.71369884,30.24876741],[-97.71372013,30.2486437],[-97.71373365,30.24852848],[-97.71375785,30.24838698],[-97.71379026,30.24824673],[-97.71383081,30.24810809],[-97.7138794,30.2479714],[-97.71389218,30.24793908],[-97.7139028,30.24790948],[-97.7139774,30.2477156],[-97.71405988,30.24752413],[-97.71415013,30.24733533],[-97.71424804,30.24714944],[-97.71427607,30.24709924],[-97.71438814,30.2469142],[-97.7146095,30.24656051],[-97.71483815,30.24621036],[-97.7149583409093,30.2460328263457]]},"properties":{"AADT_CUR":22343,"RTE_NM":"258784","RTE_PRFX":"CS","RTE_NBR":"258784","SYSTEM":"Off"}},{"type":"Feature","geometry":{"type":"LineString","coordinates":[[-97.74334583,30.25224552],[-97.74191211,30.25151519],[-97.74192192,30.25114956],[-97.74186363,30.25098889]]},"properties":{"AADT_CUR":195,"RTE_NM":"1020523","RTE_PRFX":"CS","RTE_NBR":"1020523","SYSTEM":"Off"}},{"type":"Feature","geometry":{"type":"LineString","coordinates":[[-97.718190567,30.284448728],[-97.71796463,30.283464812],[-97.7177491122824,30.2825262547674]]},"properties":{"AADT_CUR":2569,"RTE_NM":"267530","RTE_PRFX":"CS","RTE_NBR":"267530","SYSTEM":"Off"}},{"type":"Feature","geometry":{"type":"LineString","coordinates":[[-97.74119325,30.2763444500021],[-97.74114711,30.2764661800022],[-97.74083579,30.2772894500022],[-97.7408127196663,30.2773520034269],[-97.74076354,30.2774853500022],[-97.7404892163561,30.2782527403918],[-97.7401769699992,30.2791430200042],[-97.7398327902164,30.279978823913],[-97.73981081,30.2800322000022],[-97.73975901,30.2801698500022],[-97.73945985,30.2809652700022],[-97.73943516,30.2810333800022]]},"properties":{"AADT_CUR":1147,"RTE_NM":"1015222","RTE_PRFX":"CS","RTE_NBR":"1015222","SYSTEM":"Off"}},{"type":"Feature","geometry":{"type":"LineString","coordinates":[[-97.7545857302529,30.2269855641481],[-97.75462064,30.2269404700018],[-97.75603205,30.2251152900018],[-97.75606683,30.2250702600018],[-97.7553933,30.2246139300018],[-97.75493971,30.2249375900018],[-97.7547164,30.2250871100018],[-97.75461475,30.2251565700018],[-97.7542499,30.2252702400018],[-97.75353814,30.2254154200018],[-97.75314453,30.2262335600018],[-97.7531205534535,30.2262871122883]]},"properties":{"AADT_CUR":195,"RTE_NM":"1021614","RTE_PRFX":"CS","RTE_NBR":"1021614","SYSTEM":"Off"}},{"type":"Feature","geometry":{"type":"LineString","coordinates":[[-97.76631775,30.2342834500019],[-97.76530053,30.2337955100018],[-97.76529626,30.2337761700019],[-97.76501834768,30.2335737651158]]},"properties":{"AADT_CUR":195,"RTE_NM":"1020993","RTE_PRFX":"CS","RTE_NBR":"1020993","SYSTEM":"Off"}},{"type":"Feature","geometry":{"type":"LineString","coordinates":[[-97.753562909488,30.2388065177482],[-97.75356938,30.23879845],[-97.7535726652978,30.2387947328738]]},"properties":{"AADT_CUR":14207,"RTE_NM":"258521","RTE_PRFX":"CS","RTE_NBR":"258521","SYSTEM":"Off"}},{"type":"Feature","geometry":{"type":"LineString","coordinates":[[-97.73269415,30.2404535400019],[-97.73268812,30.2405672800019],[-97.73267014,30.2409041000019],[-97.73215456,30.2416994900019],[-97.73217942,30.2418952400019],[-97.73230115,30.2419554100019],[-97.73349624,30.2425463300019],[-97.73364416,30.2426219900019],[-97.73435869,30.2429873500019],[-97.7350514872237,30.2433228666534]]},"properties":{"AADT_CUR":195,"RTE_NM":"1016079","RTE_PRFX":"CS","RTE_NBR":"1016079","SYSTEM":"Off"}},{"type":"Feature","geometry":{"type":"LineString","coordinates":[[-97.69469691,30.22198635],[-97.6932255,30.22333492],[-97.69283012,30.22366636],[-97.69189229,30.22453891],[-97.69173458,30.22479342]]},"properties":{"AADT_CUR":195,"RTE_NM":"1019179","RTE_PRFX":"CS","RTE_NBR":"1019179","SYSTEM":"Off"}},{"type":"Feature","geometry":{"type":"LineString","coordinates":[[-97.72328732,30.31416423],[-97.72343379,30.31422472],[-97.72374269,30.31435225]]},"properties":{"AADT_CUR":195,"RTE_NM":"1015889","RTE_PRFX":"CS","RTE_NBR":"1015889","SYSTEM":"Off"}},{"type":"Feature","geometry":{"type":"LineString","coordinates":[[-97.80044625,30.26327451],[-97.80007915,30.2636193]]},"properties":{"AADT_CUR":195,"RTE_NM":"1017212","RTE_PRFX":"CS","RTE_NBR":"1017212","SYSTEM":"Off"}},{"type":"Feature","geometry":{"type":"LineString","coordinates":[[-97.6877524897128,30.276667500521],[-97.6877442704223,30.2766548495207]]},"properties":{"AADT_CUR":195,"RTE_NM":"1017894","RTE_PRFX":"CS","RTE_NBR":"1017894","SYSTEM":"Off"}},{"type":"Feature","geometry":{"type":"LineString","coordinates":[[-97.7220735231502,30.2443183416122],[-97.7220467689789,30.2443715659694]]},"properties":{"AADT_CUR":195,"RTE_NM":"1017539","RTE_PRFX":"CS","RTE_NBR":"1017539","SYSTEM":"Off"}},{"type":"Feature","geometry":{"type":"LineString","coordinates":[[-97.7086375875099,30.2520096086518],[-97.70862452,30.252006390002],[-97.70838978,30.251909030002],[-97.7079132224001,30.2517113088158]]},"properties":{"AADT_CUR":195,"RTE_NM":"1015862","RTE_PRFX":"CS","RTE_NBR":"1015862","SYSTEM":"Off"}},{"type":"Feature","geometry":{"type":"LineString","coordinates":[[-97.78517096,30.2725757400021],[-97.7841576940523,30.2727307101771]]},"properties":{"AADT_CUR":195,"RTE_NM":"1206130","RTE_PRFX":"CS","RTE_NBR":"1206130","SYSTEM":"Off"}},{"type":"Feature","geometry":{"type":"LineString","coordinates":[[-97.70223336,30.26190314],[-97.70215864,30.26206143],[-97.7014062,30.26365463],[-97.70087972,30.26445793],[-97.70043981,30.26537026]]},"properties":{"AADT_CUR":195,"RTE_NM":"1014985","RTE_PRFX":"CS","RTE_NBR":"1014985","SYSTEM":"Off"}},{"type":"Feature","geometry":{"type":"LineString","coordinates":[[-97.7070014117833,30.2820649265333],[-97.7070073770123,30.2820935449752]]},"properties":{"AADT_CUR":195,"RTE_NM":"1019835","RTE_PRFX":"CS","RTE_NBR":"1019835","SYSTEM":"Off"}},{"type":"Feature","geometry":{"type":"LineString","coordinates":[[-97.6990074799466,30.2911137416994],[-97.69879001,30.2911555600023],[-97.6974687371939,30.2911798218567],[-97.69732938,30.2911823800023],[-97.6972738,30.2911836900022],[-97.69704948,30.2911889800023],[-97.69688488,30.2911957800023],[-97.69676788,30.2912148800023],[-97.69671608,30.2912281800023],[-97.69664568,30.2912463800023],[-97.69624058,30.2913752800022],[-97.69583918,30.2915065800022],[-97.69555778,30.2915960800023],[-97.69541828,30.2916250800022],[-97.69526818,30.2916412800022],[-97.69514728,30.2916447800022],[-97.69512068,30.2916459800023],[-97.6950201284879,30.2916487212842],[-97.69494828,30.2916506800022],[-97.69488558,30.2916520800022],[-97.69486828,30.2916524800022],[-97.69459888,30.2916591800022],[-97.69369798,30.2916815800023],[-97.69351188,30.2916868800023],[-97.69348508,30.2916873800022],[-97.69339488,30.2916890800022]]},"properties":{"AADT_CUR":195,"RTE_NM":"1018130","RTE_PRFX":"CS","RTE_NBR":"1018130","SYSTEM":"Off"}},{"type":"Feature","geometry":{"type":"LineString","coordinates":[[-97.7234846852726,30.3087417973749],[-97.72223254,30.3081579700024],[-97.72113547,30.3075827700024],[-97.720114,30.3070636100023],[-97.71996294,30.3069868200024],[-97.7186505276247,30.3063619285579]]},"properties":{"AADT_CUR":1621,"RTE_NM":"1015881","RTE_PRFX":"CS","RTE_NBR":"1015881","SYSTEM":"Off"}},{"type":"Feature","geometry":{"type":"LineString","coordinates":[[-97.7148020540635,30.3043051315757],[-97.7147941298301,30.3043178790234]]},"properties":{"AADT_CUR":195,"RTE_NM":"1015267","RTE_PRFX":"CS","RTE_NBR":"1015267","SYSTEM":"Off"}},{"type":"Feature","geometry":{"type":"LineString","coordinates":[[-97.71577021,30.29468138],[-97.71552286,30.29439304],[-97.71370463,30.2934813]]},"properties":{"AADT_CUR":195,"RTE_NM":"1013770","RTE_PRFX":"CS","RTE_NBR":"1013770","SYSTEM":"Off"}},{"type":"Feature","geometry":{"type":"LineString","coordinates":[[-97.7575559872616,30.3090208985395],[-97.7575869,30.30886316],[-97.75773682,30.30809121],[-97.75792751,30.30714829],[-97.75810373,30.30628428],[-97.7583194,30.30524668],[-97.75842593,30.30472196],[-97.75849826,30.30436163],[-97.7585548,30.30401576],[-97.75858505,30.30373301],[-97.75860478,30.30336874],[-97.75861135,30.30308205],[-97.75860609,30.30278615],[-97.75858374,30.30248631],[-97.75854428,30.30205497],[-97.75847195,30.30113046],[-97.75839568,30.30034667],[-97.75836806,30.30005472],[-97.7583365,30.29971148],[-97.75832598,30.29938929],[-97.75833124,30.29903159],[-97.75835491,30.29871465],[-97.75839436,30.29836484],[-97.75844565,30.29808604],[-97.75852193,30.29775858],[-97.75860346,30.29744559],[-97.75892434,30.29626465],[-97.75914396,30.29545061],[-97.75943202,30.2943937],[-97.75958941,30.29377593],[-97.75975858,30.29321875],[-97.75994122,30.29268178],[-97.7601227469518,30.2922040776354]]},"properties":{"AADT_CUR":168631,"RTE_NM":"SL0001-UG","RTE_PRFX":"SL","RTE_NBR":"1","SYSTEM":"On"}},{"type":"Feature","geometry":{"type":"LineString","coordinates":[[-97.777974859721,30.2602029566724],[-97.77798454,30.2602129500021],[-97.7779996215137,30.2602220636343]]},"properties":{"AADT_CUR":195,"RTE_NM":"1014410","RTE_PRFX":"CS","RTE_NBR":"1014410","SYSTEM":"Off"}},{"type":"Feature","geometry":{"type":"LineString","coordinates":[[-97.76130084,30.2359375200019],[-97.76067237,30.2369095100019],[-97.76054561,30.2374111000019],[-97.7605287557346,30.2374664880909]]},"properties":{"AADT_CUR":195,"RTE_NM":"1017521","RTE_PRFX":"CS","RTE_NBR":"1017521","SYSTEM":"Off"}},{"type":"Feature","geometry":{"type":"LineString","coordinates":[[-97.69267705,30.2387849700019],[-97.6910886599022,30.2375912293475]]},"properties":{"AADT_CUR":195,"RTE_NM":"1017931","RTE_PRFX":"CS","RTE_NBR":"1017931","SYSTEM":"Off"}},{"type":"Feature","geometry":{"type":"LineString","coordinates":[[-97.769096039925,30.314565818112],[-97.769105106,30.314571204],[-97.76940881,30.31476769],[-97.769554637,30.314878488],[-97.769612127,30.314949516],[-97.769664254,30.31502286],[-97.76970498,30.31525852],[-97.76976795,30.31553946]]},"properties":{"AADT_CUR":195,"RTE_NM":"1016354","RTE_PRFX":"CS","RTE_NBR":"1016354","SYSTEM":"Off"}},{"type":"Feature","geometry":{"type":"LineString","coordinates":[[-97.767140532158,30.3135304959657],[-97.76712582,30.3135216300024],[-97.7667331457715,30.3133075006914],[-97.7660586499309,30.3129396861052],[-97.76534107,30.3125483700024],[-97.7648997,30.3122817500024],[-97.76440657,30.3119761400024],[-97.76414765,30.3117888500024],[-97.7639940092063,30.3116268161508]]},"properties":{"AADT_CUR":9157,"RTE_NM":"258441","RTE_PRFX":"CS","RTE_NBR":"258441","SYSTEM":"Off"}},{"type":"Feature","geometry":{"type":"LineString","coordinates":[[-97.7416475073022,30.2338460457553],[-97.7416398326335,30.233858943301]]},"properties":{"AADT_CUR":11630,"RTE_NM":"IH0035-XG","RTE_PRFX":"IH","RTE_NBR":"35","SYSTEM":"On"}},{"type":"Feature","geometry":{"type":"LineString","coordinates":[[-97.7361658216466,30.2600710500158],[-97.73512048,30.2597128700021],[-97.73502143,30.2596789000021],[-97.73326019,30.2590793300021],[-97.73298173,30.259065420002],[-97.73284149,30.259068100002],[-97.73089255,30.258409700002],[-97.72914581,30.257781370002],[-97.7290371036718,30.2577422791629]]},"properties":{"AADT_CUR":426,"RTE_NM":"1021605","RTE_PRFX":"CS","RTE_NBR":"1021605","SYSTEM":"Off"}},{"type":"Feature","geometry":{"type":"LineString","coordinates":[[-97.7128337176507,30.2530072975082],[-97.7128087172747,30.2529981713236],[-97.71278121,30.252988130004],[-97.7108035797005,30.2523150728031],[-97.70946411,30.251839910004],[-97.70915428,30.2517574400039],[-97.70875607,30.251687470004],[-97.70834397,30.251665520004],[-97.7078981388581,30.25168998018],[-97.70783708,30.251693330004],[-97.70648547,30.251799950004],[-97.7054525,30.251895570004],[-97.70457159,30.251916690004],[-97.7045193042924,30.2519158093337],[-97.70434896,30.251912940004],[-97.70330234,30.251825240004],[-97.70177595,30.251678500004],[-97.7004482999991,30.2515526100039],[-97.6986303719512,30.251355540813],[-97.69846433,30.251337540004],[-97.69790591,30.251302180004],[-97.69735359,30.251304620004],[-97.69713412,30.251305840004],[-97.69689271,30.251298520004],[-97.69669275,30.2512838900039],[-97.69645852,30.251265200004],[-97.69634597,30.251252670004],[-97.69623675,30.251230250004]]},"properties":{"AADT_CUR":5951,"RTE_NM":"258861","RTE_PRFX":"CS","RTE_NBR":"258861","SYSTEM":"Off"}},{"type":"Feature","geometry":{"type":"LineString","coordinates":[[-97.71270099,30.23201504],[-97.71148364,30.23217165],[-97.71115546,30.23212642],[-97.71108076,30.23155282]]},"properties":{"AADT_CUR":195,"RTE_NM":"1020488","RTE_PRFX":"CS","RTE_NBR":"1020488","SYSTEM":"Off"}},{"type":"Feature","geometry":{"type":"LineString","coordinates":[[-97.70216424,30.2372787400019],[-97.70199679,30.2369888100019],[-97.70184009,30.2367611600019],[-97.70176662,30.2366755200019],[-97.7015946,30.2365660400019],[-97.70151998,30.2365318600019],[-97.70135245,30.2364551700019],[-97.6973440271848,30.2345699286371]]},"properties":{"AADT_CUR":841,"RTE_NM":"296200","RTE_PRFX":"CS","RTE_NBR":"296200","SYSTEM":"Off"}},{"type":"Feature","geometry":{"type":"LineString","coordinates":[[-97.706893827049,30.2690023067261],[-97.70907089,30.2706080000021],[-97.709851377,30.2711988800021],[-97.7100784872154,30.2713988972192]]},"properties":{"AADT_CUR":195,"RTE_NM":"1020761","RTE_PRFX":"CS","RTE_NBR":"1020761","SYSTEM":"Off"}},{"type":"Feature","geometry":{"type":"LineString","coordinates":[[-97.7320495094093,30.3029774523774],[-97.7319767,30.3030906],[-97.73056299,30.30531075],[-97.72837195,30.30865633]]},"properties":{"AADT_CUR":1419,"RTE_NM":"267534","RTE_PRFX":"CS","RTE_NBR":"267534","SYSTEM":"Off"}},{"type":"Feature","geometry":{"type":"LineString","coordinates":[[-97.719911331947,30.2738083880967],[-97.7199020426749,30.2737655914328]]},"properties":{"AADT_CUR":2416,"RTE_NM":"258510","RTE_PRFX":"CS","RTE_NBR":"258510","SYSTEM":"Off"}},{"type":"Feature","geometry":{"type":"LineString","coordinates":[[-97.727161125241,30.268437281977],[-97.727141204,30.2684299900021],[-97.727111227,30.2684209440021],[-97.727078555,30.2684188490021],[-97.727038706,30.2684239310021],[-97.726974046,30.2684388580021],[-97.72693546086,30.2684506590092]]},"properties":{"AADT_CUR":4200,"RTE_NM":"258419","RTE_PRFX":"CS","RTE_NBR":"258419","SYSTEM":"Off"}},{"type":"Feature","geometry":{"type":"LineString","coordinates":[[-97.7336020400491,30.2602634992762],[-97.73357035,30.260331440002],[-97.73318519,30.261157090002],[-97.73314117,30.261251660002],[-97.7327782574395,30.2620316960706],[-97.73272537,30.262145370002],[-97.73235205,30.2629471600021],[-97.73230994,30.2630391800021],[-97.73214245,30.2634049600021],[-97.73211696,30.263458490002],[-97.73193762,30.2638353300021],[-97.73187457,30.2639963500021]]},"properties":{"AADT_CUR":195,"RTE_NM":"1018191","RTE_PRFX":"CS","RTE_NBR":"1018191","SYSTEM":"Off"}},{"type":"Feature","geometry":{"type":"LineString","coordinates":[[-97.74873399,30.2655910600021],[-97.7476617699292,30.2652991399823],[-97.7465864109961,30.264998297417],[-97.7454927131429,30.2646842941912],[-97.7442250118701,30.2643203198761]]},"properties":{"AADT_CUR":1216,"RTE_NM":"1264486","RTE_PRFX":"CS","RTE_NBR":"1264486","SYSTEM":"Off"}},{"type":"Feature","geometry":{"type":"LineString","coordinates":[[-97.7773376003177,30.2685630241495],[-97.7772705784753,30.2684505283596],[-97.77714713,30.2682433200021],[-97.77694667,30.2679061600021],[-97.77682916,30.2677120100021],[-97.776667,30.2676125400021],[-97.77650417,30.2675707800021],[-97.77612621,30.2675742400021],[-97.7759846,30.2675686400021],[-97.77584797,30.2675219300021],[-97.77574425,30.2674318500021],[-97.77562705,30.2673085000021],[-97.7755506,30.2672052100021],[-97.77547795,30.2670772200021],[-97.77545656,30.2668980500021],[-97.77540025,30.2665118800021],[-97.77535441,30.2663899200021],[-97.77529793,30.2663090600021],[-97.77517284,30.2662158100021],[-97.77501459,30.2661493600021],[-97.77432683,30.2661273700021],[-97.77392962,30.2662019800021],[-97.77377398,30.2662153700021],[-97.77363779,30.2661549000021],[-97.77355025,30.2661091400021],[-97.77242363,30.2659106000021],[-97.77210659,30.2658401300021],[-97.77190727,30.2657875200021],[-97.7717871,30.2657191100021],[-97.77166997,30.2657140200021],[-97.77151981,30.2656725100021],[-97.77138227,30.2656615100021],[-97.77098119,30.2657305000021],[-97.77067807,30.2657794200021],[-97.77052858,30.2658617200021],[-97.77049579,30.2657840500021],[-97.77032239,30.2657228000021],[-97.77011129,30.2657378300021],[-97.76974262,30.2658056700021],[-97.76949118,30.2658519600021],[-97.76934442,30.2658600000021],[-97.76925934,30.2656932800021],[-97.76883664,30.2652365400021],[-97.76852823,30.2649800900021],[-97.76686298,30.2651062300021]]},"properties":{"AADT_CUR":195,"RTE_NM":"1013640","RTE_PRFX":"CS","RTE_NBR":"1013640","SYSTEM":"Off"}},{"type":"Feature","geometry":{"type":"LineString","coordinates":[[-97.7597782791676,30.2921670791947],[-97.7598185750976,30.292072096332]]},"properties":{"AADT_CUR":168631,"RTE_NM":"SL0001-LG","RTE_PRFX":"SL","RTE_NBR":"1","SYSTEM":"On"}},{"type":"Feature","geometry":{"type":"LineString","coordinates":[[-97.76260711,30.25425015],[-97.76275034,30.25432386],[-97.76322555,30.25454635],[-97.76425483,30.25500705],[-97.76470906,30.25427629],[-97.76372331,30.25381925],[-97.7632341162677,30.2545338369816]]},"properties":{"AADT_CUR":195,"RTE_NM":"1017576","RTE_PRFX":"CS","RTE_NBR":"1017576","SYSTEM":"Off"}},{"type":"Feature","geometry":{"type":"LineString","coordinates":[[-97.77929944,30.2176917700018],[-97.77927167,30.2177394300018],[-97.77872389,30.2186786600018],[-97.778711,30.2187471600018],[-97.77871383,30.2187885000018],[-97.77873924,30.2188467600018],[-97.77877253,30.2189051500017],[-97.77886408,30.2190469100017],[-97.7788645402253,30.2190473890156]]},"properties":{"AADT_CUR":195,"RTE_NM":"1017719","RTE_PRFX":"CS","RTE_NBR":"1017719","SYSTEM":"Off"}},{"type":"Feature","geometry":{"type":"LineString","coordinates":[[-97.72471319,30.22125609],[-97.72436695,30.22076779],[-97.72389423,30.22053532],[-97.7238505,30.22053735],[-97.72327902,30.22056407]]},"properties":{"AADT_CUR":195,"RTE_NM":"1013559","RTE_PRFX":"CS","RTE_NBR":"1013559","SYSTEM":"Off"}},{"type":"Feature","geometry":{"type":"LineString","coordinates":[[-97.6979157298398,30.2735969373183],[-97.69628599,30.2738843200021],[-97.69601414,30.2739130200021],[-97.69404072,30.2738213000021],[-97.69177153,30.2736793400021],[-97.6904370092668,30.2736073405021]]},"properties":{"AADT_CUR":6471,"RTE_NM":"258624","RTE_PRFX":"CS","RTE_NBR":"258624","SYSTEM":"Off"}},{"type":"Feature","geometry":{"type":"LineString","coordinates":[[-97.78598897,30.31375086],[-97.78589159,30.31307274],[-97.78588122,30.31292999],[-97.78590997,30.31256861],[-97.78591303,30.31243406],[-97.78591572,30.31231661],[-97.78594384,30.31211149],[-97.78597496,30.31200062],[-97.78603697,30.31187724],[-97.78616109,30.31172236],[-97.78628734,30.31154437],[-97.78637197,30.31146924],[-97.78643709,30.31138836],[-97.78646643,30.31132072],[-97.78647259,30.3113065],[-97.78660859,30.31116074],[-97.78679022,30.31094274],[-97.78695509,30.31084424],[-97.78704097,30.31080261],[-97.78710023,30.31080249]]},"properties":{"AADT_CUR":195,"RTE_NM":"227AA0508","RTE_PRFX":"CR","RTE_NBR":"508","SYSTEM":"Off"}},{"type":"Feature","geometry":{"type":"LineString","coordinates":[[-97.75800151,30.27705193],[-97.75760323,30.277726]]},"properties":{"AADT_CUR":195,"RTE_NM":"1018103","RTE_PRFX":"CS","RTE_NBR":"1018103","SYSTEM":"Off"}},{"type":"Feature","geometry":{"type":"LineString","coordinates":[[-97.7682425890208,30.2967066738481],[-97.7682478305397,30.296698420426],[-97.7699620352957,30.2939991043248]]},"properties":{"AADT_CUR":4781,"RTE_NM":"258541","RTE_PRFX":"CS","RTE_NBR":"258541","SYSTEM":"Off"}},{"type":"Feature","geometry":{"type":"LineString","coordinates":[[-97.74921761,30.3027063300023],[-97.74914137,30.3023279700023],[-97.74884999,30.3018462600023],[-97.74747984,30.3011970700023],[-97.7473404,30.3007844600023],[-97.74637449,30.3002506300023],[-97.74631711,30.3002472900023],[-97.7462437802958,30.3002430747957],[-97.74622891,30.3002422200023],[-97.74621961,30.3002390300023],[-97.74567935,30.3000523200023],[-97.74516861,30.2998027600023],[-97.74429228,30.2993907400023],[-97.74413565,30.2993170600023],[-97.74353008,30.2990297900023],[-97.74309065,30.2988091600023],[-97.74286854,30.2987001600023],[-97.7412490530632,30.2979102021324]]},"properties":{"AADT_CUR":195,"RTE_NM":"1021219","RTE_PRFX":"CS","RTE_NBR":"1021219","SYSTEM":"Off"}},{"type":"Feature","geometry":{"type":"LineString","coordinates":[[-97.77205333,30.23251431],[-97.77179317,30.23241009],[-97.7714492,30.23239221],[-97.77116321,30.23227923],[-97.77053017,30.23199428],[-97.77023461,30.23194161],[-97.76990239,30.23192944],[-97.76951852,30.23175825],[-97.76938586,30.2316991]]},"properties":{"AADT_CUR":195,"RTE_NM":"1013797","RTE_PRFX":"CS","RTE_NBR":"1013797","SYSTEM":"Off"}},{"type":"Feature","geometry":{"type":"LineString","coordinates":[[-97.7277555998156,30.2411360476089],[-97.72738802,30.2414348400019],[-97.72607428,30.2434873700019],[-97.72549279,30.2444326500019],[-97.7254529726694,30.244786319836]]},"properties":{"AADT_CUR":195,"RTE_NM":"1020872","RTE_PRFX":"CS","RTE_NBR":"1020872","SYSTEM":"Off"}},{"type":"Feature","geometry":{"type":"LineString","coordinates":[[-97.76844701,30.25953832],[-97.76815127,30.25945817],[-97.76662289,30.25875219],[-97.76648312,30.25868764],[-97.76490948,30.2578617],[-97.76475054,30.25777829],[-97.76388187,30.25726584],[-97.76311279,30.25687912],[-97.76225002,30.256441],[-97.76163527,30.25612586],[-97.76149057,30.25605169],[-97.76074407,30.25569605],[-97.76058645,30.25562099],[-97.76031446,30.25548354]]},"properties":{"AADT_CUR":1573,"RTE_NM":"1020913","RTE_PRFX":"CS","RTE_NBR":"1020913","SYSTEM":"Off"}},{"type":"Feature","geometry":{"type":"LineString","coordinates":[[-97.7097432926613,30.3091097590109],[-97.70896545,30.3098606900024],[-97.70838545,30.3103949200024],[-97.7081410681501,30.310618353971],[-97.70803442,30.3107158600024],[-97.7070652561186,30.3114616421038]]},"properties":{"AADT_CUR":14699,"RTE_NM":"258505","RTE_PRFX":"CS","RTE_NBR":"258505","SYSTEM":"Off"}},{"type":"Feature","geometry":{"type":"LineString","coordinates":[[-97.68680366,30.29139943],[-97.68670755,30.29158966],[-97.68640065,30.29219696],[-97.68638906,30.29232932],[-97.68638197,30.29240665],[-97.68635684,30.29269663],[-97.68633737,30.29292002],[-97.68629738,30.29304893],[-97.68622372,30.29320878],[-97.68617312,30.29332481],[-97.68615066,30.29347939],[-97.68615118,30.29359332],[-97.68618049,30.2937205],[-97.68623889,30.29385144],[-97.68632943,30.29398599]]},"properties":{"AADT_CUR":195,"RTE_NM":"1021646","RTE_PRFX":"CS","RTE_NBR":"1021646","SYSTEM":"Off"}},{"type":"Feature","geometry":{"type":"LineString","coordinates":[[-97.79245872,30.27267095],[-97.79254967,30.27281365],[-97.79259118,30.27287884],[-97.79265572,30.27298014],[-97.79273624,30.27379931]]},"properties":{"AADT_CUR":195,"RTE_NM":"1206142","RTE_PRFX":"CS","RTE_NBR":"1206142","SYSTEM":"Off"}},{"type":"Feature","geometry":{"type":"LineString","coordinates":[[-97.7785321103749,30.2690673776215],[-97.7785247,30.2690742300021],[-97.7785243645196,30.2690938444927]]},"properties":{"AADT_CUR":195,"RTE_NM":"1015617","RTE_PRFX":"CS","RTE_NBR":"1015617","SYSTEM":"Off"}},{"type":"Feature","geometry":{"type":"LineString","coordinates":[[-97.7823024343746,30.2954822352261],[-97.78229661,30.2954919900023],[-97.78226215,30.2955450500023],[-97.78179609,30.2962631200023],[-97.78131069,30.2970592700023],[-97.78125897,30.2971378000023],[-97.78079561,30.2978411100023]]},"properties":{"AADT_CUR":195,"RTE_NM":"1019604","RTE_PRFX":"CS","RTE_NBR":"1019604","SYSTEM":"Off"}},{"type":"Feature","geometry":{"type":"LineString","coordinates":[[-97.7911184,30.2206882700018],[-97.7873356368526,30.221518795511]]},"properties":{"AADT_CUR":195,"RTE_NM":"1020587","RTE_PRFX":"CS","RTE_NBR":"1020587","SYSTEM":"Off"}},{"type":"Feature","geometry":{"type":"LineString","coordinates":[[-97.6906762400399,30.2731588737968],[-97.69067054,30.2731562200021],[-97.69034045,30.2730061200021],[-97.69016355,30.2729257100021],[-97.68954861,30.2726150700021],[-97.68939153,30.2725357600021],[-97.68861305,30.2721511100021],[-97.68792421,30.2717326200021]]},"properties":{"AADT_CUR":195,"RTE_NM":"1020639","RTE_PRFX":"CS","RTE_NBR":"1020639","SYSTEM":"Off"}},{"type":"Feature","geometry":{"type":"LineString","coordinates":[[-97.7842050033031,30.3079935440885],[-97.7841916816202,30.3079847593361]]},"properties":{"AADT_CUR":195,"RTE_NM":"227AA0505","RTE_PRFX":"CR","RTE_NBR":"505","SYSTEM":"Off"}},{"type":"Feature","geometry":{"type":"LineString","coordinates":[[-97.7176314877548,30.2974446775674],[-97.71675354,30.2974573500069],[-97.71616007,30.2974753200069],[-97.7161032299997,30.2974770800069],[-97.7150911799996,30.2973959000067],[-97.71483244,30.2972351300069],[-97.71443198,30.2969863800069],[-97.71428198,30.2968070100069],[-97.7141510399974,30.2966505900051],[-97.71379328,30.2964040000069],[-97.713127959999,30.2961593700066],[-97.71266555,30.2960316500069],[-97.71230361,30.2960545000069],[-97.71218546,30.2961087400069],[-97.71191276,30.2962338600069],[-97.7118446491814,30.2962651257923]]},"properties":{"AADT_CUR":625,"RTE_NM":"1021618","RTE_PRFX":"CS","RTE_NBR":"1021618","SYSTEM":"Off"}},{"type":"Feature","geometry":{"type":"LineString","coordinates":[[-97.7297563090339,30.2987426253863],[-97.7297721136647,30.2987170376198]]},"properties":{"AADT_CUR":4800,"RTE_NM":"258534","RTE_PRFX":"CS","RTE_NBR":"258534","SYSTEM":"Off"}},{"type":"Feature","geometry":{"type":"LineString","coordinates":[[-97.73682142,30.28950844],[-97.73719981,30.28555294],[-97.73741922,30.28349322],[-97.737598115,30.281857519],[-97.737503515,30.281691092]]},"properties":{"AADT_CUR":195,"RTE_NM":"1264478","RTE_PRFX":"CS","RTE_NBR":"1264478","SYSTEM":"Off"}},{"type":"Feature","geometry":{"type":"LineString","coordinates":[[-97.7417330935658,30.2858906940833],[-97.74154209,30.2858722700022],[-97.73942728,30.2856681500022]]},"properties":{"AADT_CUR":195,"RTE_NM":"1021462","RTE_PRFX":"CS","RTE_NBR":"1021462","SYSTEM":"Off"}},{"type":"Feature","geometry":{"type":"LineString","coordinates":[[-97.73894606,30.27341601],[-97.73730597,30.2729392],[-97.7371792910228,30.2729040421476]]},"properties":{"AADT_CUR":707,"RTE_NM":"258427","RTE_PRFX":"CS","RTE_NBR":"258427","SYSTEM":"Off"}},{"type":"Feature","geometry":{"type":"LineString","coordinates":[[-97.7528090901694,30.2885604104016],[-97.75281532,30.28854692],[-97.75291879,30.28801705],[-97.75303949,30.28745874],[-97.75312524,30.28697884],[-97.75320796,30.28662823],[-97.753217,30.28588832],[-97.75318369,30.28554284],[-97.75314718,30.28533383],[-97.75310173,30.28515339],[-97.75297554,30.28488532],[-97.75268787,30.28444196],[-97.75235324,30.2838828],[-97.7522013407543,30.2837260008511]]},"properties":{"AADT_CUR":15735,"RTE_NM":"258580","RTE_PRFX":"CS","RTE_NBR":"258580","SYSTEM":"Off"}},{"type":"Feature","geometry":{"type":"LineString","coordinates":[[-97.7725494998407,30.2617256641951],[-97.772555,30.261732740002],[-97.772559210134,30.2617675261364]]},"properties":{"AADT_CUR":195,"RTE_NM":"1017029","RTE_PRFX":"CS","RTE_NBR":"1017029","SYSTEM":"Off"}},{"type":"Feature","geometry":{"type":"LineString","coordinates":[[-97.7691728638867,30.2793435495492],[-97.7700053,30.2797541500022],[-97.77045565,30.2799776900022],[-97.77091267,30.2801903500022],[-97.77102486,30.2802411600022],[-97.7713636,30.2803946400022],[-97.77181389,30.2806209100022],[-97.77195857,30.2806882500022],[-97.7743589,30.2818048900022],[-97.7752291,30.2822100400022],[-97.7760365,30.2825947500022],[-97.77608806,30.2826174500022],[-97.77627071,30.2826980200022],[-97.776487672654,30.2827724072666]]},"properties":{"AADT_CUR":2003,"RTE_NM":"1021249","RTE_PRFX":"CS","RTE_NBR":"1021249","SYSTEM":"Off"}},{"type":"Feature","geometry":{"type":"LineString","coordinates":[[-97.69302121,30.2287286],[-97.69259805,30.22839426],[-97.69201526,30.22787683]]},"properties":{"AADT_CUR":195,"RTE_NM":"1016437","RTE_PRFX":"CS","RTE_NBR":"1016437","SYSTEM":"Off"}},{"type":"Feature","geometry":{"type":"LineString","coordinates":[[-97.6902342685122,30.2581422538338],[-97.69023152,30.258146640002],[-97.6902176787105,30.2581676199479]]},"properties":{"AADT_CUR":195,"RTE_NM":"1017495","RTE_PRFX":"CS","RTE_NBR":"1017495","SYSTEM":"Off"}},{"type":"Feature","geometry":{"type":"LineString","coordinates":[[-97.69725253,30.259211400002],[-97.69700843,30.2596807000021],[-97.69636357,30.260671320002],[-97.6960885474344,30.2611241861976]]},"properties":{"AADT_CUR":195,"RTE_NM":"1018009","RTE_PRFX":"CS","RTE_NBR":"1018009","SYSTEM":"Off"}},{"type":"Feature","geometry":{"type":"LineString","coordinates":[[-97.7596901037946,30.2794596668243],[-97.7596795,30.27945365],[-97.759661751,30.27944439]]},"properties":{"AADT_CUR":745,"RTE_NM":"1021191","RTE_PRFX":"CS","RTE_NBR":"1021191","SYSTEM":"Off"}},{"type":"Feature","geometry":{"type":"LineString","coordinates":[[-97.79753019,30.25336801],[-97.7972261,30.2535462],[-97.79702523,30.253776],[-97.79694187,30.25408516]]},"properties":{"AADT_CUR":195,"RTE_NM":"1013958","RTE_PRFX":"CS","RTE_NBR":"1013958","SYSTEM":"Off"}},{"type":"Feature","geometry":{"type":"LineString","coordinates":[[-97.7409976848146,30.2329179297062],[-97.74098543,30.23293266],[-97.7407443,30.23325341],[-97.7405210185848,30.2336166660002]]},"properties":{"AADT_CUR":9233,"RTE_NM":"IH0035-AG","RTE_PRFX":"IH","RTE_NBR":"35","SYSTEM":"On"}},{"type":"Feature","geometry":{"type":"LineString","coordinates":[[-97.72179875,30.22714294],[-97.72131349,30.22681678],[-97.72105702,30.22631646],[-97.72060451,30.22589196],[-97.71988596,30.2258773],[-97.71939906,30.22616715],[-97.7191921,30.22661674],[-97.71911652,30.22721752],[-97.71927671,30.22802664],[-97.71926273,30.22845541],[-97.71903505,30.22911359],[-97.7190818,30.22942487],[-97.71921422,30.22968932],[-97.7200237,30.23015547],[-97.72051908,30.23037886],[-97.72115579,30.23057134]]},"properties":{"AADT_CUR":195,"RTE_NM":"1015432","RTE_PRFX":"CS","RTE_NBR":"1015432","SYSTEM":"Off"}},{"type":"Feature","geometry":{"type":"LineString","coordinates":[[-97.745768,30.25185163],[-97.74583012,30.25215339],[-97.74596705,30.25281829],[-97.74594001,30.25293741],[-97.74574618,30.25379021]]},"properties":{"AADT_CUR":195,"RTE_NM":"1018202","RTE_PRFX":"CS","RTE_NBR":"1018202","SYSTEM":"Off"}},{"type":"Feature","geometry":{"type":"LineString","coordinates":[[-97.71590694,30.25618465],[-97.71457892,30.25573949],[-97.71209546,30.25486569],[-97.71193972,30.25481087],[-97.71094763,30.25447706],[-97.71013657,30.25418396],[-97.70998761,30.25413011],[-97.70975837,30.25405666],[-97.70954877,30.25395885],[-97.7093387,30.25381975],[-97.70912989,30.25372199],[-97.70891444,30.25363504],[-97.70857432,30.25352909]]},"properties":{"AADT_CUR":195,"RTE_NM":"1015874","RTE_PRFX":"CS","RTE_NBR":"1015874","SYSTEM":"Off"}},{"type":"Feature","geometry":{"type":"LineString","coordinates":[[-97.7235933417151,30.2721484740169],[-97.7235788910844,30.272150631959],[-97.72182796,30.2724278300042],[-97.72174971,30.2724402400042],[-97.72068376,30.2726055300042],[-97.7206193,30.2726152200042],[-97.71975093,30.2727527900042],[-97.7196845027811,30.2727633508167],[-97.71871057,30.2729228300042],[-97.71783515,30.2730518600042],[-97.71774339,30.2730653600042],[-97.71685872,30.2731882000042],[-97.7167765,30.2731996400042],[-97.71585132,30.2733691700042],[-97.7157762633578,30.2733828660238]]},"properties":{"AADT_CUR":195,"RTE_NM":"1018596","RTE_PRFX":"CS","RTE_NBR":"1018596","SYSTEM":"Off"}},{"type":"Feature","geometry":{"type":"LineString","coordinates":[[-97.7171877300199,30.2614499317786],[-97.71718583,30.261459870002],[-97.71717339,30.261592640002],[-97.7171207,30.261660220002],[-97.7148142205883,30.2627279691359],[-97.71368431,30.263251020002],[-97.7136726472992,30.2632516902063],[-97.71347044,30.2632633100021],[-97.7133709126282,30.2632324687837],[-97.712762948508,30.2630440727238]]},"properties":{"AADT_CUR":3032,"RTE_NM":"258705","RTE_PRFX":"CS","RTE_NBR":"258705","SYSTEM":"Off"}},{"type":"Feature","geometry":{"type":"LineString","coordinates":[[-97.7210263846473,30.2693893912876],[-97.721026964,30.269393005],[-97.721032272,30.269417972]]},"properties":{"AADT_CUR":195,"RTE_NM":"1017724","RTE_PRFX":"CS","RTE_NBR":"1017724","SYSTEM":"Off"}},{"type":"Feature","geometry":{"type":"LineString","coordinates":[[-97.750467228,30.2804822690022],[-97.7503509104174,30.2804752848308]]},"properties":{"AADT_CUR":195,"RTE_NM":"1013443","RTE_PRFX":"CS","RTE_NBR":"1013443","SYSTEM":"Off"}},{"type":"Feature","geometry":{"type":"LineString","coordinates":[[-97.7953253362525,30.232901864937],[-97.795252495,30.232866203]]},"properties":{"AADT_CUR":499,"RTE_NM":"SL0360-AG","RTE_PRFX":"SL","RTE_NBR":"360","SYSTEM":"On"}},{"type":"Feature","geometry":{"type":"LineString","coordinates":[[-97.7757125376797,30.2224290822001],[-97.77567349,30.2224995300018],[-97.77390656,30.2256893100018],[-97.77388005,30.2257609500018],[-97.77370865,30.2262243900018],[-97.77369467,30.2263038700018],[-97.7733883230982,30.2273181397442]]},"properties":{"AADT_CUR":195,"RTE_NM":"1017226","RTE_PRFX":"CS","RTE_NBR":"1017226","SYSTEM":"Off"}},{"type":"Feature","geometry":{"type":"LineString","coordinates":[[-97.68564158,30.26195734],[-97.6856043,30.26202062],[-97.68541732,30.26233781],[-97.68536971,30.2628594],[-97.68554546,30.26312154],[-97.68591011,30.26337111]]},"properties":{"AADT_CUR":195,"RTE_NM":"1017972","RTE_PRFX":"CS","RTE_NBR":"1017972","SYSTEM":"Off"}},{"type":"Feature","geometry":{"type":"LineString","coordinates":[[-97.7700861340812,30.2493650852115],[-97.77092398,30.249769230002],[-97.77103735,30.249821940002],[-97.77140596,30.249993390002],[-97.77147887,30.250107150002],[-97.77146477,30.2503136100019],[-97.77145466,30.2503345000019],[-97.77129886,30.250656830002],[-97.7712674,30.250796460002],[-97.77133034,30.250871980002],[-97.77138544,30.250888350002],[-97.77141992,30.250898530002],[-97.77180379,30.251117980002]]},"properties":{"AADT_CUR":195,"RTE_NM":"1021050","RTE_PRFX":"CS","RTE_NBR":"1021050","SYSTEM":"Off"}},{"type":"Feature","geometry":{"type":"LineString","coordinates":[[-97.77466345,30.24296539],[-97.77425354,30.24277571],[-97.77396986,30.24263253],[-97.7735178,30.2424046],[-97.77341893,30.24235471],[-97.77229254,30.24185642]]},"properties":{"AADT_CUR":195,"RTE_NM":"1014424","RTE_PRFX":"CS","RTE_NBR":"1014424","SYSTEM":"Off"}},{"type":"Feature","geometry":{"type":"LineString","coordinates":[[-97.70676044,30.26352248],[-97.7059586,30.26521951],[-97.70590985,30.26533194],[-97.70538303,30.26654714],[-97.70523806,30.26707223]]},"properties":{"AADT_CUR":195,"RTE_NM":"1016287","RTE_PRFX":"CS","RTE_NBR":"1016287","SYSTEM":"Off"}},{"type":"Feature","geometry":{"type":"LineString","coordinates":[[-97.7914246023807,30.2250590762716],[-97.79060236,30.2246586200018],[-97.79047088,30.2245945700018],[-97.78885335,30.2237904600018],[-97.78881712,30.2237724100018],[-97.78853541,30.2229252200017]]},"properties":{"AADT_CUR":195,"RTE_NM":"1016372","RTE_PRFX":"CS","RTE_NBR":"1016372","SYSTEM":"Off"}},{"type":"Feature","geometry":{"type":"LineString","coordinates":[[-97.77471128,30.31286314],[-97.77417262,30.31264611],[-97.77383391,30.31259809],[-97.77292672,30.3127395],[-97.77227716,30.31290802],[-97.77159991,30.31316404]]},"properties":{"AADT_CUR":195,"RTE_NM":"1021223","RTE_PRFX":"CS","RTE_NBR":"1021223","SYSTEM":"Off"}},{"type":"Feature","geometry":{"type":"LineString","coordinates":[[-97.7155257321114,30.3100101626916],[-97.71460719,30.3095692100024],[-97.71446171,30.3094983600024],[-97.71298437,30.3088328400024]]},"properties":{"AADT_CUR":195,"RTE_NM":"1015885","RTE_PRFX":"CS","RTE_NBR":"1015885","SYSTEM":"Off"}},{"type":"Feature","geometry":{"type":"LineString","coordinates":[[-97.717945858795,30.2740678360737],[-97.71774865,30.27410019],[-97.71709301,30.27420807],[-97.71630924,30.27434206],[-97.7159817028446,30.2743931952766]]},"properties":{"AADT_CUR":6832,"RTE_NM":"258427","RTE_PRFX":"CS","RTE_NBR":"258427","SYSTEM":"Off"}},{"type":"Feature","geometry":{"type":"LineString","coordinates":[[-97.7407719311,30.2695492435293],[-97.7407760853166,30.2695381858644],[-97.74106261,30.2687755100021],[-97.7411084202281,30.2686536293946],[-97.74145848,30.2677210300021],[-97.7418080133342,30.2667735701566]]},"properties":{"AADT_CUR":980,"RTE_NM":"258491","RTE_PRFX":"CS","RTE_NBR":"258491","SYSTEM":"Off"}},{"type":"Feature","geometry":{"type":"LineString","coordinates":[[-97.77251802,30.30365251],[-97.77218008,30.30357695],[-97.77166006,30.30337406],[-97.77106943,30.30308723],[-97.77096974,30.30299172],[-97.77044541,30.3026842],[-97.7702622,30.30242198],[-97.76961011,30.3010173],[-97.76940741,30.30083169],[-97.76901756,30.30077167],[-97.7686606,30.30081461],[-97.76848816,30.30083533],[-97.76737042,30.30091198],[-97.76680019,30.30075204],[-97.76597887,30.30039755],[-97.76590473,30.30036556],[-97.76515312,30.29999087],[-97.76501952,30.29992425],[-97.76367745,30.29925927],[-97.76325044,30.29898945],[-97.76291408,30.29864714],[-97.76255907,30.29846953],[-97.76182335,30.29812745],[-97.76127403,30.29786618],[-97.76110272,30.29782806],[-97.76101569,30.29780871]]},"properties":{"AADT_CUR":195,"RTE_NM":"1016702","RTE_PRFX":"CS","RTE_NBR":"1016702","SYSTEM":"Off"}},{"type":"Feature","geometry":{"type":"LineString","coordinates":[[-97.776916586719,30.2391380049307],[-97.77742651,30.2382731700019],[-97.77805418,30.2373392800019],[-97.7782573194631,30.236994964004],[-97.77859894,30.2364159200019],[-97.77936758,30.2353409700019],[-97.77979583,30.2346906400019],[-97.7798232989121,30.23466260938],[-97.78061399,30.2338557400018],[-97.78154725,30.2328075700019],[-97.78221836,30.2317787500019],[-97.78293462,30.2305832800019],[-97.7838352723084,30.2291658205681],[-97.7840877299569,30.2287684905244]]},"properties":{"AADT_CUR":1442,"RTE_NM":"1264444","RTE_PRFX":"CS","RTE_NBR":"1264444","SYSTEM":"Off"}},{"type":"Feature","geometry":{"type":"LineString","coordinates":[[-97.7865399,30.2458781500019],[-97.78587007,30.2459610600019],[-97.78466656,30.246479950002],[-97.78463891,30.246491860002],[-97.7846127813089,30.2465017588366]]},"properties":{"AADT_CUR":195,"RTE_NM":"1019328","RTE_PRFX":"CS","RTE_NBR":"1019328","SYSTEM":"Off"}},{"type":"Feature","geometry":{"type":"LineString","coordinates":[[-97.7387752,30.249893020002],[-97.73888861,30.249528580002],[-97.73923433,30.2487773700019],[-97.7392581421603,30.2487238976295],[-97.7396683916229,30.2478026351453],[-97.73967612,30.247785280002],[-97.7400529072327,30.2471650296268],[-97.7404354,30.246616350002],[-97.7404717633172,30.2465658900466],[-97.7411470978513,30.245628743225],[-97.74115992,30.2456109500019],[-97.741758618034,30.2447086639205]]},"properties":{"AADT_CUR":1466,"RTE_NM":"258695","RTE_PRFX":"CS","RTE_NBR":"258695","SYSTEM":"Off"}},{"type":"Feature","geometry":{"type":"LineString","coordinates":[[-97.80011941,30.28545203],[-97.799707,30.28604069]]},"properties":{"AADT_CUR":195,"RTE_NM":"1252084","RTE_PRFX":"CS","RTE_NBR":"1252084","SYSTEM":"Off"}},{"type":"Feature","geometry":{"type":"LineString","coordinates":[[-97.75413354,30.2406862100019],[-97.75308561,30.2418959900019],[-97.7529390716568,30.2420879178319]]},"properties":{"AADT_CUR":195,"RTE_NM":"1017769","RTE_PRFX":"CS","RTE_NBR":"1017769","SYSTEM":"Off"}},{"type":"Feature","geometry":{"type":"LineString","coordinates":[[-97.70981977,30.26602198],[-97.70871929,30.26780643]]},"properties":{"AADT_CUR":195,"RTE_NM":"1016586","RTE_PRFX":"CS","RTE_NBR":"1016586","SYSTEM":"Off"}},{"type":"Feature","geometry":{"type":"LineString","coordinates":[[-97.78469197,30.22470525],[-97.7839519,30.2258374]]},"properties":{"AADT_CUR":195,"RTE_NM":"1015663","RTE_PRFX":"CS","RTE_NBR":"1015663","SYSTEM":"Off"}},{"type":"Feature","geometry":{"type":"LineString","coordinates":[[-97.7439453930112,30.2196755929126],[-97.743941746,30.219670902],[-97.74390864,30.21962832],[-97.7437945,30.21917343],[-97.74377836,30.21875243],[-97.743985624,30.216632553],[-97.7440019683053,30.2163656832397]]},"properties":{"AADT_CUR":16139,"RTE_NM":"258719","RTE_PRFX":"CS","RTE_NBR":"258719","SYSTEM":"Off"}},{"type":"Feature","geometry":{"type":"LineString","coordinates":[[-97.74215052,30.3123988600024],[-97.74142122,30.3120359700024],[-97.74125746,30.3119545200024],[-97.74034014,30.3115261700024],[-97.73941396,30.3110618200024],[-97.7393127681149,30.3110111158238]]},"properties":{"AADT_CUR":1037,"RTE_NM":"1021235","RTE_PRFX":"CS","RTE_NBR":"1021235","SYSTEM":"Off"}},{"type":"Feature","geometry":{"type":"LineString","coordinates":[[-97.79939959,30.26669721],[-97.79934557,30.26730668]]},"properties":{"AADT_CUR":195,"RTE_NM":"1016618","RTE_PRFX":"CS","RTE_NBR":"1016618","SYSTEM":"Off"}},{"type":"Feature","geometry":{"type":"LineString","coordinates":[[-97.71890058,30.27895272],[-97.71832647,30.27905932],[-97.71701361,30.27926902],[-97.71600285,30.27944088],[-97.71498436,30.27960435],[-97.71406403,30.27971209],[-97.71313912,30.27987192],[-97.71225384,30.27998776],[-97.71217551,30.27999799],[-97.71125828,30.28016625]]},"properties":{"AADT_CUR":195,"RTE_NM":"1015848","RTE_PRFX":"CS","RTE_NBR":"1015848","SYSTEM":"Off"}},{"type":"Feature","geometry":{"type":"LineString","coordinates":[[-97.7202081069272,30.2799799472533],[-97.7202112208808,30.2799942165672]]},"properties":{"AADT_CUR":195,"RTE_NM":"1019181","RTE_PRFX":"CS","RTE_NBR":"1019181","SYSTEM":"Off"}},{"type":"Feature","geometry":{"type":"LineString","coordinates":[[-97.730074123106,30.265310844724],[-97.73006939,30.2653211100021],[-97.7300557867273,30.2653514149001]]},"properties":{"AADT_CUR":1162,"RTE_NM":"1021345","RTE_PRFX":"CS","RTE_NBR":"1021345","SYSTEM":"Off"}},{"type":"Feature","geometry":{"type":"LineString","coordinates":[[-97.7563846847902,30.286319675474],[-97.7555916,30.2871526300022],[-97.75545834,30.2872925500022],[-97.75507946,30.2877744900022],[-97.75477137,30.2880955800022],[-97.75468011,30.2881900100022],[-97.75451163,30.2882541400022],[-97.75439198,30.2882997300022]]},"properties":{"AADT_CUR":195,"RTE_NM":"1015954","RTE_PRFX":"CS","RTE_NBR":"1015954","SYSTEM":"Off"}},{"type":"Feature","geometry":{"type":"LineString","coordinates":[[-97.7439027030688,30.2959481980561],[-97.74388884,30.2959727700023],[-97.74355002,30.2965741600023],[-97.74318466,30.2971948200023],[-97.7431548,30.2972455100023]]},"properties":{"AADT_CUR":195,"RTE_NM":"1019527","RTE_PRFX":"CS","RTE_NBR":"1019527","SYSTEM":"Off"}},{"type":"Feature","geometry":{"type":"LineString","coordinates":[[-97.74637811,30.30670854],[-97.7463687,30.30675703],[-97.7462887,30.30716827],[-97.74619057,30.30767288],[-97.74608449,30.3078165],[-97.74597248,30.30794626],[-97.74584758,30.30802347],[-97.74581153,30.30805792],[-97.74576868,30.30809892],[-97.74566538,30.30825632],[-97.74535424,30.30877811]]},"properties":{"AADT_CUR":195,"RTE_NM":"1020846","RTE_PRFX":"CS","RTE_NBR":"1020846","SYSTEM":"Off"}},{"type":"Feature","geometry":{"type":"LineString","coordinates":[[-97.73229723,30.24584162],[-97.73160669,30.24544852],[-97.73141922,30.24535706],[-97.73132369,30.24528383],[-97.73124072,30.24519584],[-97.73115268,30.2450902],[-97.73101153,30.24482539],[-97.73089509,30.24432799],[-97.730712058,30.244198886],[-97.73043827,30.244046578],[-97.730341243,30.243998453],[-97.730233721,30.243948902],[-97.730171126,30.243938742],[-97.73011544,30.243945204],[-97.730079871,30.24395688],[-97.730035553,30.243974943],[-97.7299777079534,30.2440160024208]]},"properties":{"AADT_CUR":195,"RTE_NM":"1018771","RTE_PRFX":"CS","RTE_NBR":"1018771","SYSTEM":"Off"}},{"type":"Feature","geometry":{"type":"LineString","coordinates":[[-97.68969151,30.24287575],[-97.68989157,30.24282924],[-97.69075235,30.24265064],[-97.69099231,30.24259848],[-97.69111467,30.24257233],[-97.69123574,30.24254863],[-97.69133297,30.24252138],[-97.69143165,30.24249299],[-97.6915223,30.24246361],[-97.69159794,30.24243012],[-97.69170789,30.24238114],[-97.69182114,30.2423249],[-97.69193969,30.24225427],[-97.69201932,30.24220044],[-97.69210399,30.24214175],[-97.69218816,30.24207143],[-97.69233863,30.24194317],[-97.69251617,30.24178409],[-97.69262911,30.24167459],[-97.69280183,30.24148332],[-97.69292834,30.24132327],[-97.69307181,30.24113325],[-97.6932006,30.24094661],[-97.69360428,30.24031456],[-97.69438698,30.23910008],[-97.69468789,30.23863114],[-97.69542712,30.23737147],[-97.69608876,30.23635785],[-97.69692037,30.23522883],[-97.70031142,30.22995454],[-97.7016702,30.22774158],[-97.70345035,30.22496923]]},"properties":{"AADT_CUR":7270,"RTE_NM":"258607","RTE_PRFX":"CS","RTE_NBR":"258607","SYSTEM":"Off"}},{"type":"Feature","geometry":{"type":"LineString","coordinates":[[-97.77166006,30.30337406],[-97.77137582,30.30381391]]},"properties":{"AADT_CUR":195,"RTE_NM":"1018741","RTE_PRFX":"CS","RTE_NBR":"1018741","SYSTEM":"Off"}},{"type":"Feature","geometry":{"type":"LineString","coordinates":[[-97.76642879,30.30876089],[-97.76709376,30.30908043],[-97.76720101,30.30918984],[-97.76702844,30.31019576],[-97.7669804,30.31066235]]},"properties":{"AADT_CUR":195,"RTE_NM":"1018115","RTE_PRFX":"CS","RTE_NBR":"1018115","SYSTEM":"Off"}},{"type":"Feature","geometry":{"type":"LineString","coordinates":[[-97.7288754403423,30.3002125694234],[-97.72921742,30.3003709500023],[-97.72926673,30.3003937600023],[-97.72931452,30.3003974200023],[-97.72995312,30.3004462100023],[-97.73014114,30.3004990400023],[-97.73042816,30.3005796500023],[-97.73082314,30.3008599500023],[-97.73107411,30.3014605000023],[-97.73112681,30.3015867100023],[-97.73130056,30.3017552300023],[-97.73155536,30.3017989100023]]},"properties":{"AADT_CUR":195,"RTE_NM":"1015873","RTE_PRFX":"CS","RTE_NBR":"1015873","SYSTEM":"Off"}},{"type":"Feature","geometry":{"type":"LineString","coordinates":[[-97.75678831,30.3077543100095],[-97.75665958,30.3077343200095],[-97.7560977899986,30.3076469200091],[-97.7549543599974,30.3074643800088],[-97.7548017,30.3074255800094],[-97.75416727,30.3072615500094],[-97.753959559998,30.307207860009],[-97.7529906599985,30.3069903400092],[-97.75288799,30.3069735900095],[-97.7527468997365,30.3069467249873],[-97.75274553,30.3068686800093],[-97.75269591,30.3067836300095],[-97.75248468,30.3065332800093],[-97.7524287130869,30.3065127484915],[-97.75204005,30.3063204200093],[-97.7519338699978,30.3062677200081],[-97.75124824,30.3059082000093],[-97.7511484899979,30.3058558500083],[-97.75044751,30.3055474500094],[-97.7499143699969,30.3053029200078],[-97.74981213,30.3052537200092],[-97.74941761,30.3050637000093],[-97.74925876,30.3049871700094],[-97.7489216,30.3048238200092],[-97.74878788,30.3047583600096],[-97.7485640899967,30.3045633600077],[-97.74720991,30.3039392200092],[-97.7468595699966,30.3037341300077],[-97.74649158,30.3035565400092],[-97.74588004,30.3032614900092],[-97.7457471399966,30.3031973900076],[-97.7454757399967,30.3030653700077],[-97.7447158154064,30.3027031190861],[-97.7440726699971,30.3024044300077],[-97.74385484,30.3022902600093],[-97.7437178999967,30.3022185100077],[-97.7429961399968,30.3018876400074],[-97.74277056,30.3017647300092],[-97.7426657899966,30.3017076900077],[-97.74216751,30.3014696700092],[-97.7420344399971,30.3014061200082],[-97.7412725599989,30.3011239500087],[-97.73981715,30.3004215600092],[-97.7396919852814,30.3003611682155],[-97.73964859,30.3003402300092],[-97.7387535499966,30.2999150900077],[-97.73806463,30.2995928000092],[-97.7379577401414,30.2995427797434],[-97.73792402,30.2995270000092],[-97.7366755799979,30.2989241400082],[-97.7361530699978,30.2986715200081],[-97.7351051669355,30.2981532924366]]},"properties":{"AADT_CUR":817,"RTE_NM":"1021222","RTE_PRFX":"CS","RTE_NBR":"1021222","SYSTEM":"Off"}},{"type":"Feature","geometry":{"type":"LineString","coordinates":[[-97.74157965,30.29536368],[-97.74149222,30.29533586],[-97.7414177,30.29532198],[-97.74134235,30.29533902],[-97.74128793,30.29537197],[-97.741212,30.29541067],[-97.74108295,30.29546815],[-97.74083211,30.29553943],[-97.74064584,30.29556077],[-97.74051996,30.29557916],[-97.74043997,30.29559429],[-97.74040307,30.29562074],[-97.74030325,30.29565643]]},"properties":{"AADT_CUR":195,"RTE_NM":"1021458","RTE_PRFX":"CS","RTE_NBR":"1021458","SYSTEM":"Off"}},{"type":"Feature","geometry":{"type":"LineString","coordinates":[[-97.7342505647851,30.2917623287804],[-97.7342551314042,30.2917559711079],[-97.7342594153548,30.2917500069665]]},"properties":{"AADT_CUR":1544,"RTE_NM":"258534","RTE_PRFX":"CS","RTE_NBR":"258534","SYSTEM":"Off"}},{"type":"Feature","geometry":{"type":"LineString","coordinates":[[-97.7418101,30.28499967],[-97.74159923,30.28498451],[-97.74145194,30.28497477],[-97.74136384,30.28500877],[-97.7412491,30.28512196],[-97.74119243,30.28513732],[-97.74110902,30.28514663],[-97.73949994,30.28499856],[-97.73838317,30.28489619],[-97.73820461,30.28499706],[-97.73811855,30.28510258],[-97.73806056,30.28516744],[-97.73803828,30.28526051],[-97.73796715,30.28557807],[-97.73793233,30.28581117],[-97.73797784,30.28603487],[-97.73804351,30.28618473],[-97.73812321,30.28631558],[-97.7382004,30.28639143],[-97.73827216,30.28646164],[-97.73839984,30.28654671],[-97.73851486,30.28657107],[-97.7393404,30.28665929],[-97.74019594,30.28675361],[-97.74026794,30.28678532]]},"properties":{"AADT_CUR":195,"RTE_NM":"1017159","RTE_PRFX":"CS","RTE_NBR":"1017159","SYSTEM":"Off"}},{"type":"Feature","geometry":{"type":"LineString","coordinates":[[-97.71538459,30.28704675],[-97.71509023,30.28750005],[-97.71406059,30.28912375]]},"properties":{"AADT_CUR":195,"RTE_NM":"1016905","RTE_PRFX":"CS","RTE_NBR":"1016905","SYSTEM":"Off"}},{"type":"Feature","geometry":{"type":"LineString","coordinates":[[-97.68970794,30.27070229],[-97.68964864,30.27074331],[-97.68940269,30.27091327],[-97.68861305,30.27215111]]},"properties":{"AADT_CUR":195,"RTE_NM":"1018054","RTE_PRFX":"CS","RTE_NBR":"1018054","SYSTEM":"Off"}},{"type":"Feature","geometry":{"type":"LineString","coordinates":[[-97.73116203,30.27065698],[-97.7300168,30.27023838],[-97.72984737,30.27017646],[-97.72897587,30.26986425],[-97.72851861,30.26970085],[-97.72765321,30.26938338],[-97.7275182,30.26933427],[-97.72708698,30.26922648]]},"properties":{"AADT_CUR":195,"RTE_NM":"1017325","RTE_PRFX":"CS","RTE_NBR":"1017325","SYSTEM":"Off"}},{"type":"Feature","geometry":{"type":"LineString","coordinates":[[-97.74758576,30.28222184],[-97.74874648,30.2825423]]},"properties":{"AADT_CUR":195,"RTE_NM":"1021198","RTE_PRFX":"CS","RTE_NBR":"1021198","SYSTEM":"Off"}},{"type":"Feature","geometry":{"type":"LineString","coordinates":[[-97.75741228,30.3052778],[-97.75646941,30.30500582],[-97.75551759,30.30471439],[-97.7547968,30.30455413],[-97.75456131,30.30449988],[-97.75377509,30.30418342],[-97.75373379,30.30416679]]},"properties":{"AADT_CUR":623,"RTE_NM":"1021220","RTE_PRFX":"CS","RTE_NBR":"1021220","SYSTEM":"Off"}},{"type":"Feature","geometry":{"type":"LineString","coordinates":[[-97.73255518,30.2340589200019],[-97.73193014,30.2338030700019],[-97.7318308135145,30.2337624382445]]},"properties":{"AADT_CUR":195,"RTE_NM":"1018051","RTE_PRFX":"CS","RTE_NBR":"1018051","SYSTEM":"Off"}},{"type":"Feature","geometry":{"type":"LineString","coordinates":[[-97.7831373625545,30.2916001504852],[-97.7831262,30.2915740800023],[-97.7831254290118,30.2915730549304]]},"properties":{"AADT_CUR":3079,"RTE_NM":"258569","RTE_PRFX":"CS","RTE_NBR":"258569","SYSTEM":"Off"}},{"type":"Feature","geometry":{"type":"LineString","coordinates":[[-97.71070679,30.26800937],[-97.71103105,30.2687586]]},"properties":{"AADT_CUR":195,"RTE_NM":"1016583","RTE_PRFX":"CS","RTE_NBR":"1016583","SYSTEM":"Off"}},{"type":"Feature","geometry":{"type":"LineString","coordinates":[[-97.72251958,30.27645769],[-97.72152256,30.27664912],[-97.72054882,30.27679983],[-97.71957686,30.27695124],[-97.71954962,30.27695547],[-97.71932678,30.27699218],[-97.7185672,30.2770757],[-97.71811867,30.27713802],[-97.71761037,30.2771854],[-97.71660763,30.27735474],[-97.71561472,30.27751048],[-97.71458981,30.27767656],[-97.71364399,30.27781804],[-97.7127265,30.27794101],[-97.71180963,30.27806803],[-97.71084728,30.27820511]]},"properties":{"AADT_CUR":195,"RTE_NM":"1015845","RTE_PRFX":"CS","RTE_NBR":"1015845","SYSTEM":"Off"}},{"type":"Feature","geometry":{"type":"LineString","coordinates":[[-97.712762948508,30.2630440727238],[-97.71275939,30.2630429700021],[-97.7126626378103,30.2631749805024]]},"properties":{"AADT_CUR":3989,"RTE_NM":"258705","RTE_PRFX":"CS","RTE_NBR":"258705","SYSTEM":"Off"}},{"type":"Feature","geometry":{"type":"LineString","coordinates":[[-97.7459508106951,30.2828724110069],[-97.74514998,30.28265611],[-97.74480248,30.28256002],[-97.74422664,30.28240081],[-97.7441916765265,30.2823911420764]]},"properties":{"AADT_CUR":8713,"RTE_NM":"258435","RTE_PRFX":"CS","RTE_NBR":"258435","SYSTEM":"Off"}},{"type":"Feature","geometry":{"type":"LineString","coordinates":[[-97.75565779,30.28546209],[-97.75565441,30.28549272],[-97.75555863,30.28635671],[-97.75549854,30.28650888],[-97.75548339,30.28654722],[-97.7553496,30.28688607],[-97.75536449,30.28694184],[-97.75538918,30.28703417],[-97.75545834,30.28729255]]},"properties":{"AADT_CUR":195,"RTE_NM":"1013446","RTE_PRFX":"CS","RTE_NBR":"1013446","SYSTEM":"Off"}},{"type":"Feature","geometry":{"type":"LineString","coordinates":[[-97.750369598559,30.2997134659214],[-97.75096899,30.2988230800023],[-97.75105086,30.2986947300023],[-97.7512204,30.2982223500023],[-97.7511926616745,30.2981529197495],[-97.75095898,30.2975680000023],[-97.75072239,30.2964603300023],[-97.75055218,30.2956840700023]]},"properties":{"AADT_CUR":784,"RTE_NM":"1264496","RTE_PRFX":"CS","RTE_NBR":"1264496","SYSTEM":"Off"}},{"type":"Feature","geometry":{"type":"LineString","coordinates":[[-97.76101569,30.29780871],[-97.76086178,30.2977864],[-97.76074338,30.29779777],[-97.76059592,30.29783056],[-97.76048056,30.29787775],[-97.76037631,30.29792517],[-97.76027524,30.29800018],[-97.76022268,30.2980706],[-97.76018151,30.29812753],[-97.76010719,30.29824156],[-97.7600739,30.2983014],[-97.76003628,30.29837487],[-97.7600067,30.29844303],[-97.7599937,30.29851434],[-97.75998953,30.298671],[-97.76001044,30.29874843],[-97.76002819,30.29882579],[-97.76023819,30.29915177],[-97.76064386,30.29939097]]},"properties":{"AADT_CUR":195,"RTE_NM":"1019933","RTE_PRFX":"CS","RTE_NBR":"1019933","SYSTEM":"Off"}},{"type":"Feature","geometry":{"type":"LineString","coordinates":[[-97.68851481,30.25584491],[-97.68812941,30.25574619],[-97.68753286,30.25583838],[-97.6871138,30.2556372],[-97.68562093,30.25491327]]},"properties":{"AADT_CUR":195,"RTE_NM":"1020891","RTE_PRFX":"CS","RTE_NBR":"1020891","SYSTEM":"Off"}},{"type":"Feature","geometry":{"type":"LineString","coordinates":[[-97.72432942,30.31349236],[-97.72481119,30.31370016]]},"properties":{"AADT_CUR":195,"RTE_NM":"1015886","RTE_PRFX":"CS","RTE_NBR":"1015886","SYSTEM":"Off"}},{"type":"Feature","geometry":{"type":"LineString","coordinates":[[-97.68693759,30.26252875],[-97.68714957,30.26092141],[-97.686578,30.26099761],[-97.68612025,30.26125491],[-97.68549988,30.26151993],[-97.6852674,30.26173788]]},"properties":{"AADT_CUR":195,"RTE_NM":"1020465","RTE_PRFX":"CS","RTE_NBR":"1020465","SYSTEM":"Off"}},{"type":"Feature","geometry":{"type":"LineString","coordinates":[[-97.79805653,30.29392549],[-97.79785014,30.29421517],[-97.79752485,30.2946748]]},"properties":{"AADT_CUR":195,"RTE_NM":"1252176","RTE_PRFX":"CS","RTE_NBR":"1252176","SYSTEM":"Off"}},{"type":"Feature","geometry":{"type":"LineString","coordinates":[[-97.71852813,30.31642156],[-97.71782613,30.31746613],[-97.71777217,30.31755059],[-97.71709947,30.3186037],[-97.71632648,30.31975133]]},"properties":{"AADT_CUR":195,"RTE_NM":"1015832","RTE_PRFX":"CS","RTE_NBR":"1015832","SYSTEM":"Off"}},{"type":"Feature","geometry":{"type":"LineString","coordinates":[[-97.76820934,30.30178409],[-97.76849056,30.30199599],[-97.76858076,30.30212159],[-97.7686421,30.30231809]]},"properties":{"AADT_CUR":195,"RTE_NM":"1019478","RTE_PRFX":"CS","RTE_NBR":"1019478","SYSTEM":"Off"}},{"type":"Feature","geometry":{"type":"LineString","coordinates":[[-97.7846569908867,30.241911346084],[-97.784789,30.2420785600019],[-97.78523875,30.2426484000019],[-97.78529592,30.2427208000019],[-97.78471852,30.2447032600019],[-97.78475841,30.244794160002],[-97.78501063,30.245369180002]]},"properties":{"AADT_CUR":195,"RTE_NM":"1021491","RTE_PRFX":"CS","RTE_NBR":"1021491","SYSTEM":"Off"}},{"type":"Feature","geometry":{"type":"LineString","coordinates":[[-97.77942725,30.246754160002],[-97.77868131,30.247888920002],[-97.7782244499991,30.2486334000034],[-97.777850839999,30.2492530100034],[-97.77746119,30.249822810002],[-97.77743477,30.249933860002],[-97.77725171,30.250704210002],[-97.777158219999,30.2508563900035],[-97.77667261,30.2516085300019],[-97.7751762600011,30.2538614000042],[-97.77523735,30.253986360002],[-97.77524685,30.254005880002],[-97.77521374,30.254120710002],[-97.77481566,30.254737080002]]},"properties":{"AADT_CUR":195,"RTE_NM":"1013653","RTE_PRFX":"CS","RTE_NBR":"1013653","SYSTEM":"Off"}},{"type":"Feature","geometry":{"type":"LineString","coordinates":[[-97.78324194,30.256684530002],[-97.78252492,30.256183460002],[-97.7819010030922,30.2559920464991]]},"properties":{"AADT_CUR":195,"RTE_NM":"1014406","RTE_PRFX":"CS","RTE_NBR":"1014406","SYSTEM":"Off"}},{"type":"Feature","geometry":{"type":"LineString","coordinates":[[-97.72621904,30.2336962800019],[-97.72590813,30.2335483300019],[-97.7244187808023,30.2328395236807]]},"properties":{"AADT_CUR":195,"RTE_NM":"1021603","RTE_PRFX":"CS","RTE_NBR":"1021603","SYSTEM":"Off"}},{"type":"Feature","geometry":{"type":"LineString","coordinates":[[-97.7369445881822,30.2408867841453],[-97.73694401,30.2408865200057],[-97.7369274369911,30.2408791498757],[-97.7368593957236,30.2408488914259],[-97.73649529,30.2406869700057],[-97.7364799169172,30.2406705989936],[-97.73636697,30.2405503200057],[-97.7363077339792,30.2404177744446],[-97.73626406,30.2403200500057],[-97.73617837,30.2400161900057],[-97.73610435,30.2398737900057],[-97.73603758,30.2397516600057],[-97.73576278,30.2395922600057],[-97.7352052054347,30.2392985796724],[-97.73503669,30.2392098200057],[-97.73399619,30.2387075800057],[-97.7335329607007,30.238454903411],[-97.73346142,30.2384158800057],[-97.7330343206475,30.2382331338098]]},"properties":{"AADT_CUR":3418,"RTE_NM":"258711","RTE_PRFX":"CS","RTE_NBR":"258711","SYSTEM":"Off"}},{"type":"Feature","geometry":{"type":"LineString","coordinates":[[-97.75282132,30.27630963],[-97.751835152,30.275962522]]},"properties":{"AADT_CUR":745,"RTE_NM":"1021191","RTE_PRFX":"CS","RTE_NBR":"1021191","SYSTEM":"Off"}},{"type":"Feature","geometry":{"type":"LineString","coordinates":[[-97.7573867,30.29305475],[-97.75718501,30.29313049],[-97.75694135,30.29311733]]},"properties":{"AADT_CUR":195,"RTE_NM":"1260366","RTE_PRFX":"CS","RTE_NBR":"1260366","SYSTEM":"Off"}},{"type":"Feature","geometry":{"type":"LineString","coordinates":[[-97.7782573194631,30.236994964004],[-97.7788811,30.2373426900019],[-97.77881285,30.2376466100019]]},"properties":{"AADT_CUR":195,"RTE_NM":"1015721","RTE_PRFX":"CS","RTE_NBR":"1015721","SYSTEM":"Off"}},{"type":"Feature","geometry":{"type":"LineString","coordinates":[[-97.7714766956827,30.2556481054239],[-97.77147373,30.255646660002],[-97.77109982,30.255477410002],[-97.77039296,30.255157490002],[-97.77017157,30.255023800002],[-97.76999502,30.254901970002],[-97.7697022,30.254521130002],[-97.76968586,30.254505130002],[-97.7694882,30.254242780002],[-97.76931581,30.253964300002],[-97.76890772,30.253554580002],[-97.76864777,30.253411860002],[-97.76790947,30.253065640002],[-97.7677798610667,30.2530049052061],[-97.76639886,30.252324450002],[-97.76614862,30.251964640002],[-97.76603349,30.251767060002],[-97.76517851,30.251237380002],[-97.7651594394605,30.2512255682985],[-97.76512967,30.251207130002]]},"properties":{"AADT_CUR":195,"RTE_NM":"1015203","RTE_PRFX":"CS","RTE_NBR":"1015203","SYSTEM":"Off"}},{"type":"Feature","geometry":{"type":"LineString","coordinates":[[-97.77815568,30.258054620002],[-97.777334019999,30.2583380100025],[-97.7765227399998,30.2587041200021],[-97.77594473,30.258755810002],[-97.7754518699987,30.2589440200033],[-97.77485645,30.259534450002]]},"properties":{"AADT_CUR":195,"RTE_NM":"1015137","RTE_PRFX":"CS","RTE_NBR":"1015137","SYSTEM":"Off"}},{"type":"Feature","geometry":{"type":"LineString","coordinates":[[-97.76765371,30.23517382],[-97.76751072,30.23542946],[-97.76743397,30.23566445],[-97.76720643,30.23689756]]},"properties":{"AADT_CUR":195,"RTE_NM":"1019739","RTE_PRFX":"CS","RTE_NBR":"1019739","SYSTEM":"Off"}},{"type":"Feature","geometry":{"type":"LineString","coordinates":[[-97.80832312,30.3010569100023],[-97.80775276,30.3016562700023],[-97.8074367,30.3022881100023],[-97.80686157,30.3029478600023],[-97.80645896,30.3040400200023],[-97.80630319,30.3042680000023],[-97.8059258,30.3043981000023],[-97.80566847,30.3044205000023],[-97.80512284,30.3043162300023],[-97.80491419,30.3043561200023],[-97.8047286,30.3044542200023],[-97.80439109,30.3049646200023],[-97.80437302,30.3051705300024],[-97.80396339,30.3054704900023],[-97.80361084,30.3055570400024],[-97.80291592,30.3051637600023],[-97.8026522899988,30.3050925700027],[-97.801832,30.3053404000023],[-97.80119346,30.3053937700023],[-97.80052565,30.3058096800024],[-97.80012344,30.3058264600023],[-97.80006775,30.3058000300023],[-97.79971786,30.3056337600023],[-97.79965224,30.3056026200024],[-97.79961327,30.3053075700023],[-97.79881536,30.3050937400023],[-97.79869881,30.3049744100023],[-97.79842104,30.3046899300023],[-97.79838343,30.3046278500024],[-97.79813531,30.3041292600023],[-97.79816842,30.3040248300023],[-97.79818179,30.3039975100023],[-97.7981995,30.3039748100023],[-97.7982155,30.3039592800023],[-97.79823777,30.3039430000023],[-97.79829301,30.3039167800024],[-97.79836365,30.3039015200024],[-97.79842445,30.3038941900023],[-97.79852031,30.3038877000023],[-97.79866953,30.3038879500023],[-97.7987156,30.3038837800023],[-97.79874671,30.3038759700023],[-97.79877919,30.3038632300023],[-97.79880551,30.3038468800023],[-97.79882141,30.3038340000023],[-97.79884337,30.3038125100023],[-97.79887332,30.3037776000023],[-97.79893502,30.3036804900023],[-97.79898467,30.3036206400023],[-97.79956654,30.3030624200023],[-97.7996143,30.3030120900023],[-97.79963339,30.3029851900023],[-97.79964356,30.3029659700023],[-97.79965309,30.3029409700023],[-97.79965962,30.3029117200023],[-97.79965969,30.3028836700023],[-97.79962762,30.3027992100023],[-97.79955935,30.3027458800023],[-97.79952493,30.3027301200023],[-97.79884146,30.3025818700023],[-97.79834319,30.3024951200024],[-97.79816593,30.3024547000023],[-97.79804756,30.3024201300023],[-97.79790979,30.3023689700023],[-97.79777765,30.3023076100023],[-97.79765215,30.3022365600023],[-97.79751965,30.3021453800023],[-97.79745987,30.3021022000023],[-97.79738095,30.3020404400023],[-97.79732843,30.3019864300023],[-97.79726758,30.3019062600023],[-97.79723977,30.3018587100023],[-97.79721628,30.3018094000023],[-97.79718338,30.3017066800023],[-97.79711465,30.3013297100023],[-97.79706372,30.3010920900023],[-97.79636836,30.3008956800023]]},"properties":{"AADT_CUR":195,"RTE_NM":"1252169","RTE_PRFX":"CS","RTE_NBR":"1252169","SYSTEM":"Off"}},{"type":"Feature","geometry":{"type":"LineString","coordinates":[[-97.73766768,30.21766608],[-97.73742943,30.21843138],[-97.73744368,30.21873772],[-97.73745349,30.21894893],[-97.73750516,30.21926626],[-97.7373637,30.21952193],[-97.73678318,30.22050031]]},"properties":{"AADT_CUR":195,"RTE_NM":"1019864","RTE_PRFX":"CS","RTE_NBR":"1019864","SYSTEM":"Off"}},{"type":"Feature","geometry":{"type":"LineString","coordinates":[[-97.6851718083347,30.2505767908578],[-97.68577469,30.25048016],[-97.68667512,30.25031897],[-97.68723928,30.2502217],[-97.68766726,30.25013555],[-97.68804522,30.25002994],[-97.68826477,30.24994101],[-97.68869276,30.24974091],[-97.68901235,30.24955471],[-97.6890172408581,30.2495513122336]]},"properties":{"AADT_CUR":61714,"RTE_NM":"TL0183-LG","RTE_PRFX":"TL","RTE_NBR":"183","SYSTEM":"Off"}},{"type":"Feature","geometry":{"type":"LineString","coordinates":[[-97.7227121516076,30.289570988507],[-97.72167771,30.2890701400022],[-97.72063857,30.2885869300022],[-97.71974093,30.2881478300023],[-97.71883684,30.2877247500022],[-97.7187207,30.2876704300022],[-97.71803443,30.2873236300022],[-97.71694633,30.2868114400022],[-97.716849586898,30.2867659138476],[-97.71683124,30.2867572800022],[-97.71598375,30.2863686800022],[-97.71455454,30.2862072200022],[-97.71443796,30.2861940800022]]},"properties":{"AADT_CUR":855,"RTE_NM":"1015866","RTE_PRFX":"CS","RTE_NBR":"1015866","SYSTEM":"Off"}},{"type":"Feature","geometry":{"type":"LineString","coordinates":[[-97.7225265431469,30.2617235708462],[-97.7225330426634,30.2617095109133],[-97.7229500338458,30.2608074547119]]},"properties":{"AADT_CUR":3353,"RTE_NM":"258510","RTE_PRFX":"CS","RTE_NBR":"258510","SYSTEM":"Off"}},{"type":"Feature","geometry":{"type":"LineString","coordinates":[[-97.747273630285,30.2791871624117],[-97.74697573,30.2801131700022],[-97.7466407017878,30.2809901788174],[-97.74633504,30.2817903000022],[-97.7463141039195,30.281847508304],[-97.7459400840429,30.2828695138664]]},"properties":{"AADT_CUR":1227,"RTE_NM":"267532","RTE_PRFX":"CS","RTE_NBR":"267532","SYSTEM":"Off"}},{"type":"Feature","geometry":{"type":"LineString","coordinates":[[-97.74143918,30.26137381],[-97.74134573,30.26163656],[-97.74109638,30.26233992],[-97.74105721,30.26245577]]},"properties":{"AADT_CUR":3942,"RTE_NM":"1020938","RTE_PRFX":"CS","RTE_NBR":"1020938","SYSTEM":"Off"}},{"type":"Feature","geometry":{"type":"LineString","coordinates":[[-97.75624575,30.27608149],[-97.75619697,30.2761615],[-97.75577518,30.27685312]]},"properties":{"AADT_CUR":195,"RTE_NM":"1020049","RTE_PRFX":"CS","RTE_NBR":"1020049","SYSTEM":"Off"}},{"type":"Feature","geometry":{"type":"LineString","coordinates":[[-97.76933545,30.2919686900022],[-97.7689013,30.2927411200022],[-97.76895334,30.2932289700023],[-97.76790141,30.2947673300023],[-97.76760681,30.2952728900023],[-97.7672837017145,30.2958274447544]]},"properties":{"AADT_CUR":195,"RTE_NM":"1020371","RTE_PRFX":"CS","RTE_NBR":"1020371","SYSTEM":"Off"}},{"type":"Feature","geometry":{"type":"LineString","coordinates":[[-97.69180859,30.24042554],[-97.69170657,30.24042069],[-97.69142423,30.24063761],[-97.69132521,30.24066858],[-97.6912285,30.24061435],[-97.69004897,30.23973188]]},"properties":{"AADT_CUR":195,"RTE_NM":"1020858","RTE_PRFX":"CS","RTE_NBR":"1020858","SYSTEM":"Off"}},{"type":"Feature","geometry":{"type":"LineString","coordinates":[[-97.68670998,30.3144346500024],[-97.68654156,30.3142771800024],[-97.68582299,30.3140148600024],[-97.6856527433717,30.3139526776698]]},"properties":{"AADT_CUR":195,"RTE_NM":"1015995","RTE_PRFX":"CS","RTE_NBR":"1015995","SYSTEM":"Off"}},{"type":"Feature","geometry":{"type":"LineString","coordinates":[[-97.70507298,30.27037744],[-97.70429127,30.27009765],[-97.70427083,30.27008615],[-97.70426165,30.27007211],[-97.7042515,30.27004888]]},"properties":{"AADT_CUR":195,"RTE_NM":"1018078","RTE_PRFX":"CS","RTE_NBR":"1018078","SYSTEM":"Off"}},{"type":"Feature","geometry":{"type":"LineString","coordinates":[[-97.702183412722,30.2660728554763],[-97.70218779,30.2660633700021],[-97.7022166741586,30.2660000988439],[-97.7026344047644,30.2650850440443],[-97.7030421944935,30.2641917470736],[-97.703817111721,30.262494177982],[-97.7043095615532,30.2614153636647]]},"properties":{"AADT_CUR":3041,"RTE_NM":"258693","RTE_PRFX":"CS","RTE_NBR":"258693","SYSTEM":"Off"}},{"type":"Feature","geometry":{"type":"LineString","coordinates":[[-97.705552462108,30.282292449773],[-97.7055532,30.2822964400022],[-97.7055583281538,30.2823210443212]]},"properties":{"AADT_CUR":195,"RTE_NM":"1016845","RTE_PRFX":"CS","RTE_NBR":"1016845","SYSTEM":"Off"}},{"type":"Feature","geometry":{"type":"LineString","coordinates":[[-97.7030416373315,30.2811504339272],[-97.70303647,30.28115293],[-97.70239105,30.28123045],[-97.70235893,30.28123573],[-97.70146409,30.28138265],[-97.70142337,30.28138935]]},"properties":{"AADT_CUR":195,"RTE_NM":"1015848","RTE_PRFX":"CS","RTE_NBR":"1015848","SYSTEM":"Off"}},{"type":"Feature","geometry":{"type":"LineString","coordinates":[[-97.78000053,30.21704571],[-97.77980653,30.21698683],[-97.7796146,30.21688124],[-97.77941392,30.21680571],[-97.77914975,30.21676471],[-97.77896261,30.2167472],[-97.77887491,30.21677023],[-97.77854765,30.21723126],[-97.7785239,30.21726714],[-97.77731132,30.21910155]]},"properties":{"AADT_CUR":195,"RTE_NM":"1016124","RTE_PRFX":"CS","RTE_NBR":"1016124","SYSTEM":"Off"}},{"type":"Feature","geometry":{"type":"LineString","coordinates":[[-97.6914303657188,30.2844907102369],[-97.6914326598348,30.2845050816152]]},"properties":{"AADT_CUR":195,"RTE_NM":"1013485","RTE_PRFX":"CS","RTE_NBR":"1013485","SYSTEM":"Off"}},{"type":"Feature","geometry":{"type":"LineString","coordinates":[[-97.7416953557341,30.2864901462418],[-97.7416787084476,30.2864890387318]]},"properties":{"AADT_CUR":195,"RTE_NM":"1021203","RTE_PRFX":"CS","RTE_NBR":"1021203","SYSTEM":"Off"}},{"type":"Feature","geometry":{"type":"LineString","coordinates":[[-97.75332196,30.2929977500023],[-97.7532644299991,30.2937282100043],[-97.75318337,30.2939044700023],[-97.7529414499987,30.2944285100031],[-97.7522096299991,30.2948896100037],[-97.7515914,30.2958452800023]]},"properties":{"AADT_CUR":195,"RTE_NM":"1018121","RTE_PRFX":"CS","RTE_NBR":"1018121","SYSTEM":"Off"}},{"type":"Feature","geometry":{"type":"LineString","coordinates":[[-97.7426533585571,30.3084505201532],[-97.7426534839041,30.3084455721752],[-97.74266281,30.3080774300024],[-97.7429937368672,30.3076468184198],[-97.7434884363221,30.3068124329606],[-97.74414773,30.3057201300023]]},"properties":{"AADT_CUR":2731,"RTE_NM":"258472","RTE_PRFX":"CS","RTE_NBR":"258472","SYSTEM":"Off"}},{"type":"Feature","geometry":{"type":"LineString","coordinates":[[-97.77472593,30.2436570000019],[-97.77406053,30.2447383300019],[-97.77422644,30.245261460002],[-97.77411,30.2455011600019],[-97.77348919,30.2464844000019],[-97.77282209,30.247517510002],[-97.7728168161772,30.2476444965464]]},"properties":{"AADT_CUR":195,"RTE_NM":"1017458","RTE_PRFX":"CS","RTE_NBR":"1017458","SYSTEM":"Off"}},{"type":"Feature","geometry":{"type":"LineString","coordinates":[[-97.7820736,30.2381049],[-97.78178929,30.23867405]]},"properties":{"AADT_CUR":195,"RTE_NM":"1017615","RTE_PRFX":"CS","RTE_NBR":"1017615","SYSTEM":"Off"}},{"type":"Feature","geometry":{"type":"LineString","coordinates":[[-97.74449183,30.252807740002],[-97.74444958,30.252856010002],[-97.7438663563452,30.2535521230731]]},"properties":{"AADT_CUR":195,"RTE_NM":"1018603","RTE_PRFX":"CS","RTE_NBR":"1018603","SYSTEM":"Off"}},{"type":"Feature","geometry":{"type":"LineString","coordinates":[[-97.7298251890223,30.3064667166076],[-97.7298104344262,30.3064598853328]]},"properties":{"AADT_CUR":1037,"RTE_NM":"1021235","RTE_PRFX":"CS","RTE_NBR":"1021235","SYSTEM":"Off"}},{"type":"Feature","geometry":{"type":"LineString","coordinates":[[-97.73851672,30.2755972200021],[-97.73848827,30.2756796000022],[-97.7381759316912,30.2765560440209]]},"properties":{"AADT_CUR":1694,"RTE_NM":"1014375","RTE_PRFX":"CS","RTE_NBR":"1014375","SYSTEM":"Off"}},{"type":"Feature","geometry":{"type":"LineString","coordinates":[[-97.7419262397648,30.2839189647922],[-97.7419362281735,30.2838177126052]]},"properties":{"AADT_CUR":11519,"RTE_NM":"258545","RTE_PRFX":"CS","RTE_NBR":"258545","SYSTEM":"Off"}},{"type":"Feature","geometry":{"type":"LineString","coordinates":[[-97.7469421112132,30.2640751522352],[-97.74658641,30.2649983000021],[-97.74624462,30.265929270002],[-97.74587071,30.2668760800021],[-97.7455479348345,30.2677881419278],[-97.7455478896765,30.267788263628]]},"properties":{"AADT_CUR":13043,"RTE_NM":"258583","RTE_PRFX":"CS","RTE_NBR":"258583","SYSTEM":"Off"}},{"type":"Feature","geometry":{"type":"LineString","coordinates":[[-97.742496738701,30.2649225609492],[-97.7425070281658,30.2648949367666]]},"properties":{"AADT_CUR":1078,"RTE_NM":"258491","RTE_PRFX":"CS","RTE_NBR":"258491","SYSTEM":"Off"}},{"type":"Feature","geometry":{"type":"LineString","coordinates":[[-97.76597311,30.22615757],[-97.76573886,30.22651044],[-97.76522231,30.22735541],[-97.76474663,30.22809399],[-97.76434596,30.22830323],[-97.76370484,30.22927498]]},"properties":{"AADT_CUR":195,"RTE_NM":"1021621","RTE_PRFX":"CS","RTE_NBR":"1021621","SYSTEM":"Off"}},{"type":"Feature","geometry":{"type":"LineString","coordinates":[[-97.70116993,30.28031148],[-97.70059677,30.2804125],[-97.70016156,30.28045031]]},"properties":{"AADT_CUR":119,"RTE_NM":"1015846","RTE_PRFX":"CS","RTE_NBR":"1015846","SYSTEM":"Off"}},{"type":"Feature","geometry":{"type":"LineString","coordinates":[[-97.7077842574839,30.2860632412225],[-97.7077879098485,30.2860773794211]]},"properties":{"AADT_CUR":195,"RTE_NM":"1019657","RTE_PRFX":"CS","RTE_NBR":"1019657","SYSTEM":"Off"}},{"type":"Feature","geometry":{"type":"LineString","coordinates":[[-97.78267784,30.3099718000024],[-97.7827099820787,30.3099799378603]]},"properties":{"AADT_CUR":195,"RTE_NM":"227AA2495","RTE_PRFX":"CR","RTE_NBR":"2495","SYSTEM":"Off"}},{"type":"Feature","geometry":{"type":"LineString","coordinates":[[-97.694131758,30.313932256],[-97.694077515,30.313880447],[-97.693579664,30.313631098],[-97.6930597493378,30.3133905869862]]},"properties":{"AADT_CUR":195,"RTE_NM":"1020566","RTE_PRFX":"CS","RTE_NBR":"1020566","SYSTEM":"Off"}},{"type":"Feature","geometry":{"type":"LineString","coordinates":[[-97.68381879,30.27642242],[-97.6846415,30.27681351],[-97.68479615,30.27688373],[-97.68554291,30.27722269]]},"properties":{"AADT_CUR":195,"RTE_NM":"1017890","RTE_PRFX":"CS","RTE_NBR":"1017890","SYSTEM":"Off"}},{"type":"Feature","geometry":{"type":"LineString","coordinates":[[-97.7452811925382,30.2380360958432],[-97.74511219,30.23789012],[-97.74304116,30.23600138],[-97.7428692,30.23583019]]},"properties":{"AADT_CUR":562,"RTE_NM":"258591","RTE_PRFX":"CS","RTE_NBR":"258591","SYSTEM":"Off"}},{"type":"Feature","geometry":{"type":"LineString","coordinates":[[-97.7425353966926,30.2354978786686],[-97.74250047,30.2355274400019],[-97.74205136,30.2359070900019],[-97.74204071,30.2359206200019],[-97.74199965,30.2360352800019],[-97.74199906,30.2360573300019],[-97.74251229,30.2364362300019],[-97.74253589,30.2364422300019],[-97.74261093,30.2364492200019],[-97.74301817,30.2360452100019],[-97.743045087801,30.2360049621835]]},"properties":{"AADT_CUR":195,"RTE_NM":"1019780","RTE_PRFX":"CS","RTE_NBR":"1019780","SYSTEM":"Off"}},{"type":"Feature","geometry":{"type":"LineString","coordinates":[[-97.757693736016,30.2552042827974],[-97.7565372,30.254632170002],[-97.75641671,30.254571850002]]},"properties":{"AADT_CUR":195,"RTE_NM":"1015232","RTE_PRFX":"CS","RTE_NBR":"1015232","SYSTEM":"Off"}},{"type":"Feature","geometry":{"type":"LineString","coordinates":[[-97.6988152311814,30.2323414378151],[-97.69881345,30.2323407200019],[-97.6987858925238,30.2323273606976]]},"properties":{"AADT_CUR":195,"RTE_NM":"1017613","RTE_PRFX":"CS","RTE_NBR":"1017613","SYSTEM":"Off"}},{"type":"Feature","geometry":{"type":"LineString","coordinates":[[-97.79065712,30.29010581],[-97.79078123,30.28971753],[-97.79080188,30.28941889],[-97.79075311,30.28914296],[-97.79047179,30.28879125],[-97.79008137,30.28838981],[-97.78981467,30.28800246],[-97.78936281,30.28727703],[-97.78915397,30.28677109],[-97.7890804,30.28637514],[-97.78898892,30.28556027],[-97.7889531,30.28532046],[-97.78868805,30.28486138],[-97.78834973,30.28459239],[-97.78773673,30.28428275],[-97.78729841,30.28416751],[-97.78719014,30.28408191],[-97.78712567,30.28388943],[-97.78696698,30.28359963],[-97.78650717,30.28322089],[-97.78604792,30.28281824],[-97.78546828,30.28225801],[-97.7848743,30.28231945],[-97.78470901,30.28231657],[-97.78449191,30.28216928],[-97.78399384,30.28165831],[-97.78321118,30.28093906],[-97.78248254,30.28026859],[-97.7821324,30.27991566],[-97.78206629,30.27979491],[-97.78204897,30.27935209],[-97.78205836,30.27894561],[-97.78184321,30.27871463],[-97.78068897,30.27797694],[-97.78007769,30.27759554],[-97.77987468,30.27743652],[-97.77977139,30.27713573],[-97.77974828,30.27694396],[-97.77969733,30.27676367],[-97.77953839,30.27648583],[-97.779269,30.27621802],[-97.77872523,30.27589759],[-97.77812996,30.27542077],[-97.77761817,30.27490953],[-97.77733474,30.27465343],[-97.77719893,30.27456734],[-97.77701932,30.27458812],[-97.77657634,30.27467607],[-97.77632482,30.27482717],[-97.77604657,30.27494191],[-97.77571516,30.27497201],[-97.7753466,30.27482206],[-97.77473814,30.27432107],[-97.7743459,30.27400326],[-97.77411729,30.27376007],[-97.77401209,30.27354296],[-97.77392926,30.27295547],[-97.77371609,30.27264079],[-97.77344588,30.27240884],[-97.77306838,30.27197647],[-97.77258463,30.27152071],[-97.77194894,30.27100727],[-97.77120223,30.27052778],[-97.77083979,30.2701148],[-97.77049585,30.26949883],[-97.77040888,30.26909067],[-97.77054116,30.26873419],[-97.77070349,30.26827059],[-97.77079778,30.26776993],[-97.77079317,30.26737517],[-97.77078143,30.26709883]]},"properties":{"AADT_CUR":1341,"RTE_NM":"1264479","RTE_PRFX":"CS","RTE_NBR":"1264479","SYSTEM":"Off"}},{"type":"Feature","geometry":{"type":"LineString","coordinates":[[-97.778747008846,30.2937265693427],[-97.77874321,30.29372473],[-97.7774260580459,30.2931575688298]]},"properties":{"AADT_CUR":5998,"RTE_NM":"258537","RTE_PRFX":"CS","RTE_NBR":"258537","SYSTEM":"Off"}},{"type":"Feature","geometry":{"type":"LineString","coordinates":[[-97.7180167168114,30.3073495574237],[-97.71798748,30.3073354800024]]},"properties":{"AADT_CUR":195,"RTE_NM":"1015882","RTE_PRFX":"CS","RTE_NBR":"1015882","SYSTEM":"Off"}},{"type":"Feature","geometry":{"type":"LineString","coordinates":[[-97.72530755,30.26572917],[-97.72450504,30.267476]]},"properties":{"AADT_CUR":815,"RTE_NM":"267038","RTE_PRFX":"CS","RTE_NBR":"267038","SYSTEM":"Off"}},{"type":"Feature","geometry":{"type":"LineString","coordinates":[[-97.7314156279696,30.2731084729208],[-97.73075148,30.2731608400021],[-97.73038893,30.2732234400021],[-97.7291024236136,30.2734283120816],[-97.72798718,30.2736002800021]]},"properties":{"AADT_CUR":195,"RTE_NM":"1264430","RTE_PRFX":"CS","RTE_NBR":"1264430","SYSTEM":"Off"}},{"type":"Feature","geometry":{"type":"LineString","coordinates":[[-97.76657296,30.29061523],[-97.7660889,30.29039522],[-97.76590832,30.29031317],[-97.76419214,30.28945687],[-97.76404183,30.2893819]]},"properties":{"AADT_CUR":195,"RTE_NM":"1021713","RTE_PRFX":"CS","RTE_NBR":"1021713","SYSTEM":"Off"}},{"type":"Feature","geometry":{"type":"LineString","coordinates":[[-97.76104104,30.2886808800022],[-97.7598133492475,30.2881034036573]]},"properties":{"AADT_CUR":195,"RTE_NM":"1019161","RTE_PRFX":"CS","RTE_NBR":"1019161","SYSTEM":"Off"}},{"type":"Feature","geometry":{"type":"LineString","coordinates":[[-97.7528242141497,30.2885494072138],[-97.75281532,30.2885469200022],[-97.75256747,30.2884857500022],[-97.75151,30.2884455700022],[-97.7514632374722,30.2884422358007],[-97.7514311183218,30.2884399456701]]},"properties":{"AADT_CUR":4901,"RTE_NM":"258439","RTE_PRFX":"CS","RTE_NBR":"258439","SYSTEM":"Off"}},{"type":"Feature","geometry":{"type":"LineString","coordinates":[[-97.72800994,30.22281664],[-97.72733476,30.22231062]]},"properties":{"AADT_CUR":195,"RTE_NM":"1016048","RTE_PRFX":"CS","RTE_NBR":"1016048","SYSTEM":"Off"}},{"type":"Feature","geometry":{"type":"LineString","coordinates":[[-97.69032275,30.30484163],[-97.69024461,30.30497479],[-97.69013476,30.30504951],[-97.68997979,30.30509581],[-97.68979673,30.30512507],[-97.68964475,30.30514666],[-97.68952207,30.30514141],[-97.6894013,30.30509491]]},"properties":{"AADT_CUR":195,"RTE_NM":"1017667","RTE_PRFX":"CS","RTE_NBR":"1017667","SYSTEM":"Off"}},{"type":"Feature","geometry":{"type":"LineString","coordinates":[[-97.7164800490034,30.3097849033914],[-97.7164364222054,30.3097633010944]]},"properties":{"AADT_CUR":195,"RTE_NM":"1015886","RTE_PRFX":"CS","RTE_NBR":"1015886","SYSTEM":"Off"}},{"type":"Feature","geometry":{"type":"LineString","coordinates":[[-97.7263240008782,30.3167319739045],[-97.7263163259901,30.3167448932722]]},"properties":{"AADT_CUR":195,"RTE_NM":"1017728","RTE_PRFX":"CS","RTE_NBR":"1017728","SYSTEM":"Off"}},{"type":"Feature","geometry":{"type":"LineString","coordinates":[[-97.7287310459103,30.2585625629111],[-97.7286535079801,30.2585354318893]]},"properties":{"AADT_CUR":12499,"RTE_NM":"258861","RTE_PRFX":"CS","RTE_NBR":"258861","SYSTEM":"Off"}},{"type":"Feature","geometry":{"type":"LineString","coordinates":[[-97.720731285772,30.2557715752315],[-97.72072652,30.255782040002],[-97.7202973613388,30.2566678097878]]},"properties":{"AADT_CUR":1537,"RTE_NM":"267040","RTE_PRFX":"CS","RTE_NBR":"267040","SYSTEM":"Off"}},{"type":"Feature","geometry":{"type":"LineString","coordinates":[[-97.71494925,30.251662780002],[-97.71453167,30.252575590002],[-97.71448171,30.252687490002],[-97.7141480907229,30.2534352536832]]},"properties":{"AADT_CUR":195,"RTE_NM":"1017811","RTE_PRFX":"CS","RTE_NBR":"1017811","SYSTEM":"Off"}},{"type":"Feature","geometry":{"type":"LineString","coordinates":[[-97.70903204,30.2653962200021],[-97.7088196,30.2652651400021],[-97.70855199,30.2650569900021],[-97.70843649,30.2648996400021],[-97.70834175,30.2647648500021],[-97.7082809,30.2646380600021],[-97.70823254,30.264522580002],[-97.70820512,30.2644222700021],[-97.70817982,30.2642332700021],[-97.70820135,30.2640451100021],[-97.7082013937484,30.2640447374724]]},"properties":{"AADT_CUR":8174,"RTE_NM":"258637","RTE_PRFX":"CS","RTE_NBR":"258637","SYSTEM":"Off"}},{"type":"Feature","geometry":{"type":"LineString","coordinates":[[-97.69913088,30.2936169800022],[-97.69904328,30.2936246800023],[-97.69900258,30.2936271800023],[-97.69876538,30.2936356800023],[-97.69837008,30.2936423800023],[-97.69796298,30.2936491800023],[-97.69767618,30.2936570800023],[-97.69765108,30.2936580800023],[-97.69754888,30.2936609800023],[-97.69745168,30.2936638800022],[-97.69741518,30.2936648800022],[-97.69688898,30.2936807800023],[-97.69668498,30.2936850800023],[-97.69660518,30.2936867800023],[-97.69631658,30.2936929800022],[-97.69603518,30.2937000800022],[-97.69592788,30.2937029800023],[-97.69574918,30.2937080800023],[-97.69521338,30.2937195800023],[-97.69518798,30.2937205800023],[-97.69509028,30.2937239800023],[-97.69501838,30.2937254800023],[-97.69495438,30.2937270800023],[-97.6934681886975,30.2937631852589],[-97.692673597802,30.2937824817842],[-97.69100118,30.2938230800023]]},"properties":{"AADT_CUR":195,"RTE_NM":"1306259","RTE_PRFX":"CS","RTE_NBR":"1306259","SYSTEM":"Off"}},{"type":"Feature","geometry":{"type":"LineString","coordinates":[[-97.7939063,30.22282006],[-97.79402291,30.22317166],[-97.79377189,30.22359572],[-97.79342623,30.22373189]]},"properties":{"AADT_CUR":195,"RTE_NM":"1018987","RTE_PRFX":"CS","RTE_NBR":"1018987","SYSTEM":"Off"}},{"type":"Feature","geometry":{"type":"LineString","coordinates":[[-97.74641534,30.29171991],[-97.7463956,30.29171883],[-97.74592798,30.29169357]]},"properties":{"AADT_CUR":195,"RTE_NM":"1020073","RTE_PRFX":"CS","RTE_NBR":"1020073","SYSTEM":"Off"}},{"type":"Feature","geometry":{"type":"LineString","coordinates":[[-97.75066395,30.3091850000024],[-97.75062453,30.3091593500024],[-97.75047725,30.3090693300024],[-97.75032531,30.3089853500024],[-97.75021801,30.3089310600024],[-97.75012714,30.3088989800024],[-97.75000588,30.3088494200024],[-97.74988842,30.3087934200023],[-97.7497836404327,30.3087358250226],[-97.74966663,30.3086629600024],[-97.74956319,30.3085890200024],[-97.74946524,30.3085096300023],[-97.74937317,30.3084251100023],[-97.74928733,30.3083358000024],[-97.74920806,30.3082420300024],[-97.74913565,30.3081441600023],[-97.7490704,30.3080425800024],[-97.74902022,30.3079525800024],[-97.7490033887481,30.3079189969509],[-97.74898632,30.3078849400023],[-97.74892465,30.3077764900023],[-97.74885561,30.3076714400023],[-97.74877946,30.3075701500023],[-97.74869646,30.3074730000024],[-97.74860692,30.3073803400024],[-97.7485325637046,30.307311518354]]},"properties":{"AADT_CUR":3705,"RTE_NM":"258446","RTE_PRFX":"CS","RTE_NBR":"258446","SYSTEM":"Off"}},{"type":"Feature","geometry":{"type":"LineString","coordinates":[[-97.74991437,30.30530292],[-97.74947134,30.30610534]]},"properties":{"AADT_CUR":195,"RTE_NM":"1018308","RTE_PRFX":"CS","RTE_NBR":"1018308","SYSTEM":"Off"}},{"type":"Feature","geometry":{"type":"LineString","coordinates":[[-97.7933299065353,30.2325712591121],[-97.79326266,30.23254597],[-97.79169885,30.23175628],[-97.78910236,30.2305273],[-97.78841559,30.23020062],[-97.7882442625829,30.2301187036516]]},"properties":{"AADT_CUR":168632,"RTE_NM":"US0290-LG","RTE_PRFX":"US","RTE_NBR":"290","SYSTEM":"On"}},{"type":"Feature","geometry":{"type":"LineString","coordinates":[[-97.77162624,30.22822627],[-97.7713193,30.2286922],[-97.77003508,30.23062847],[-97.76998363,30.23071328],[-97.76938586,30.2316991],[-97.76918051,30.23200855],[-97.768418,30.23320062],[-97.76838092,30.2332622],[-97.76814297,30.2336572]]},"properties":{"AADT_CUR":225,"RTE_NM":"1019737","RTE_PRFX":"CS","RTE_NBR":"1019737","SYSTEM":"Off"}},{"type":"Feature","geometry":{"type":"LineString","coordinates":[[-97.753572057373,30.2387913992616],[-97.75312556,30.23854544],[-97.75225717,30.2379878],[-97.75157711,30.23756849],[-97.75087248,30.23721538],[-97.7503713,30.23703632],[-97.75004454,30.23695423],[-97.7497211,30.23686857],[-97.7488943297825,30.2367675905856]]},"properties":{"AADT_CUR":11787,"RTE_NM":"258630","RTE_PRFX":"CS","RTE_NBR":"258630","SYSTEM":"Off"}},{"type":"Feature","geometry":{"type":"LineString","coordinates":[[-97.7256426968074,30.2686756160327],[-97.72567261,30.2688236600021],[-97.72591246,30.2700111600021],[-97.72593439,30.2701153200021],[-97.72619677,30.2713619000021],[-97.7264897006062,30.2727109716818],[-97.7264955,30.2727376800021],[-97.72653229,30.2729146700021],[-97.72668903,30.2736684600021],[-97.7266973336617,30.2737048848963],[-97.72672351,30.2738197100021],[-97.72681932,30.2742404000021],[-97.72685774,30.2744112100021],[-97.72693253,30.2747432700021]]},"properties":{"AADT_CUR":195,"RTE_NM":"1019824","RTE_PRFX":"CS","RTE_NBR":"1019824","SYSTEM":"Off"}},{"type":"Feature","geometry":{"type":"LineString","coordinates":[[-97.7135479335332,30.265282148213],[-97.7135330050445,30.2652886713779]]},"properties":{"AADT_CUR":1016,"RTE_NM":"1015903","RTE_PRFX":"CS","RTE_NBR":"1015903","SYSTEM":"Off"}},{"type":"Feature","geometry":{"type":"LineString","coordinates":[[-97.7420919152124,30.2699640369697],[-97.74209419,30.2699576],[-97.74245448,30.26901198],[-97.7428157976271,30.2681230928333]]},"properties":{"AADT_CUR":6308,"RTE_NM":"258521","RTE_PRFX":"CS","RTE_NBR":"258521","SYSTEM":"Off"}},{"type":"Feature","geometry":{"type":"LineString","coordinates":[[-97.7675778,30.2852419800022],[-97.76751167,30.2853308400022],[-97.76626846,30.2870021300022],[-97.76622577,30.2870594700022],[-97.7661935576258,30.2871027827754]]},"properties":{"AADT_CUR":195,"RTE_NM":"1018223","RTE_PRFX":"CS","RTE_NBR":"1018223","SYSTEM":"Off"}},{"type":"Feature","geometry":{"type":"LineString","coordinates":[[-97.747155860187,30.2987864810631],[-97.74715307,30.2987912700023],[-97.7471915289844,30.2988318490356]]},"properties":{"AADT_CUR":2212,"RTE_NM":"1019826","RTE_PRFX":"CS","RTE_NBR":"1019826","SYSTEM":"Off"}},{"type":"Feature","geometry":{"type":"LineString","coordinates":[[-97.7752123,30.25495127],[-97.77481566,30.25473708],[-97.77318184,30.2539261],[-97.77294407,30.25384159],[-97.77289316,30.2538428],[-97.77269129,30.25384754],[-97.7706905,30.25283942]]},"properties":{"AADT_CUR":195,"RTE_NM":"1016360","RTE_PRFX":"CS","RTE_NBR":"1016360","SYSTEM":"Off"}},{"type":"Feature","geometry":{"type":"LineString","coordinates":[[-97.6995805381284,30.2310616306004],[-97.6995675,30.2310553100019],[-97.69746272,30.2297248200018],[-97.69703242,30.2295619700018],[-97.6969923400156,30.2295642549248],[-97.69586269,30.2296286500018],[-97.69476807,30.2296693300018],[-97.69366429,30.2297263800018],[-97.6930707,30.2294253500018]]},"properties":{"AADT_CUR":195,"RTE_NM":"1019185","RTE_PRFX":"CS","RTE_NBR":"1019185","SYSTEM":"Off"}},{"type":"Feature","geometry":{"type":"LineString","coordinates":[[-97.7860920066868,30.2828568934683],[-97.7860800493537,30.2828671660433]]},"properties":{"AADT_CUR":195,"RTE_NM":"1015907","RTE_PRFX":"CS","RTE_NBR":"1015907","SYSTEM":"Off"}},{"type":"Feature","geometry":{"type":"LineString","coordinates":[[-97.78178034,30.27545937],[-97.78174648,30.27548999],[-97.78134934,30.27584958],[-97.78114724,30.27603255],[-97.78097912,30.27601787],[-97.78090305,30.27601121],[-97.78071218,30.27594968],[-97.78060761,30.2757688],[-97.78063443,30.27559331],[-97.781096,30.27493739],[-97.78111348,30.27491252]]},"properties":{"AADT_CUR":195,"RTE_NM":"1206128","RTE_PRFX":"CS","RTE_NBR":"1206128","SYSTEM":"Off"}},{"type":"Feature","geometry":{"type":"LineString","coordinates":[[-97.7075638655559,30.2915452470276],[-97.7075472365795,30.2915469818976]]},"properties":{"AADT_CUR":195,"RTE_NM":"1015875","RTE_PRFX":"CS","RTE_NBR":"1015875","SYSTEM":"Off"}},{"type":"Feature","geometry":{"type":"LineString","coordinates":[[-97.7461225496754,30.3175092330709],[-97.7460923999989,30.3174941000044],[-97.74515992,30.3171272600048],[-97.7451134605839,30.3171035979179],[-97.74423159,30.3166544500048],[-97.74335849,30.3162297700048],[-97.7424888772856,30.3158001828067],[-97.74243203,30.3157721000048],[-97.74180818,30.3154475000048],[-97.7416432644292,30.3153633972095]]},"properties":{"AADT_CUR":9844,"RTE_NM":"258452","RTE_PRFX":"CS","RTE_NBR":"258452","SYSTEM":"Off"}},{"type":"Feature","geometry":{"type":"LineString","coordinates":[[-97.71571949,30.31352583],[-97.71585892,30.3135975],[-97.71660584,30.31398129],[-97.71669648,30.3140277],[-97.7174672,30.3144224],[-97.71764492,30.31449253],[-97.7177832,30.31454712],[-97.71835368,30.31487505],[-97.71848335,30.31493872],[-97.71922493,30.31530259],[-97.72012674,30.31574456],[-97.72025227,30.31580708],[-97.72101355,30.31618617],[-97.72189923,30.31663879],[-97.72266862,30.31704788],[-97.72269534,30.31706206]]},"properties":{"AADT_CUR":195,"RTE_NM":"1015891","RTE_PRFX":"CS","RTE_NBR":"1015891","SYSTEM":"Off"}},{"type":"Feature","geometry":{"type":"LineString","coordinates":[[-97.7245165463123,30.2674797215544],[-97.724505036,30.2674759990021],[-97.723477543,30.2671038890021],[-97.723394374172,30.2670736672019],[-97.72272197,30.2668293270021],[-97.722381607,30.2667108370021],[-97.721423707,30.2663640640021],[-97.720619931,30.2660845420021],[-97.7205257512054,30.2660515354076],[-97.719435853,30.2656695590021],[-97.719301026266,30.2656218113205],[-97.718050552,30.2651789580021],[-97.717972767,30.2651847460021],[-97.717796616,30.2652694560021],[-97.716760742,30.265751057002],[-97.7167024451919,30.2657778960994],[-97.716061557,30.2660729500021]]},"properties":{"AADT_CUR":2080,"RTE_NM":"258419","RTE_PRFX":"CS","RTE_NBR":"258419","SYSTEM":"Off"}},{"type":"Feature","geometry":{"type":"LineString","coordinates":[[-97.739981571772,30.265326207805],[-97.7400121777993,30.265241931429],[-97.7403334434736,30.2643572887981]]},"properties":{"AADT_CUR":3437,"RTE_NM":"258696","RTE_PRFX":"CS","RTE_NBR":"258696","SYSTEM":"Off"}},{"type":"Feature","geometry":{"type":"LineString","coordinates":[[-97.77073379,30.23867336],[-97.77038025,30.23886708],[-97.76993659,30.23870182],[-97.76974037,30.23862875],[-97.76914193,30.23839111],[-97.76895987,30.23831884]]},"properties":{"AADT_CUR":195,"RTE_NM":"1021437","RTE_PRFX":"CS","RTE_NBR":"1021437","SYSTEM":"Off"}},{"type":"Feature","geometry":{"type":"LineString","coordinates":[[-97.75912443,30.24985446],[-97.7598736,30.25018302],[-97.76066395,30.25056175],[-97.76075387,30.25060517],[-97.76162044,30.25102345],[-97.76171495,30.25106688],[-97.76180953,30.25111399],[-97.7621443,30.25127313],[-97.76216805,30.25128767],[-97.76218901,30.25131773],[-97.76219027,30.2513407]]},"properties":{"AADT_CUR":195,"RTE_NM":"1021284","RTE_PRFX":"CS","RTE_NBR":"1021284","SYSTEM":"Off"}},{"type":"Feature","geometry":{"type":"LineString","coordinates":[[-97.78202897,30.2999504400046],[-97.78127408,30.3012005600046],[-97.78129552,30.3012680700046],[-97.78133116,30.3013804700046],[-97.78132715,30.3014026400046],[-97.78127925,30.3016654400046],[-97.78078101,30.3023319300046],[-97.78033466,30.3027885900046],[-97.78027974,30.3028447000046],[-97.78009053,30.3029564500046],[-97.77982736,30.3032894700046],[-97.77944554,30.3035541500046],[-97.7785845,30.3043813600048],[-97.77734998,30.3057236400048],[-97.77716382,30.3058409700046],[-97.777031,30.3057695600048],[-97.77678402,30.3055576200048],[-97.77662735,30.3054232200046],[-97.77645715,30.3056260700046],[-97.77614423,30.3058618900047],[-97.7758548,30.3060183800047],[-97.77572606,30.3061505500048],[-97.77556266,30.3065763400048],[-97.77556908,30.3069010100046],[-97.7756542,30.3070979800047],[-97.77554576,30.3073323800048],[-97.77483949,30.3078490900048],[-97.77442422,30.3082698600048],[-97.77395045,30.3084418900048],[-97.77325745,30.3087553700048],[-97.7723994,30.3094367900048],[-97.77175897,30.3096797700048],[-97.77124307,30.3101563200048],[-97.7707169199997,30.3101842900048],[-97.76969695,30.3100978600048],[-97.76892264,30.3101612200048],[-97.7688328299997,30.3101685500046],[-97.76838246,30.3101183400048],[-97.76800617,30.3099953000048],[-97.7678513829297,30.3099165707168]]},"properties":{"AADT_CUR":1437,"RTE_NM":"1019908","RTE_PRFX":"CS","RTE_NBR":"1019908","SYSTEM":"Off"}},{"type":"Feature","geometry":{"type":"LineString","coordinates":[[-97.7057296994356,30.2852404015087],[-97.70572338,30.2852428400022],[-97.7057001117754,30.2852540043393]]},"properties":{"AADT_CUR":195,"RTE_NM":"1018436","RTE_PRFX":"CS","RTE_NBR":"1018436","SYSTEM":"Off"}},{"type":"Feature","geometry":{"type":"LineString","coordinates":[[-97.6987209870818,30.2890487539237],[-97.69870658,30.28905618],[-97.698539,30.28913063]]},"properties":{"AADT_CUR":7629,"RTE_NM":"258601","RTE_PRFX":"CS","RTE_NBR":"258601","SYSTEM":"Off"}},{"type":"Feature","geometry":{"type":"LineString","coordinates":[[-97.710758172506,30.2994049670221],[-97.71064474,30.2995676600023],[-97.71047727,30.2997897900023],[-97.7102757,30.2998569000023],[-97.71002263,30.2999063100023],[-97.70991332,30.3000014400023],[-97.70978816,30.3002110700023],[-97.70935915,30.3009504200023]]},"properties":{"AADT_CUR":195,"RTE_NM":"1019662","RTE_PRFX":"CS","RTE_NBR":"1019662","SYSTEM":"Off"}},{"type":"Feature","geometry":{"type":"LineString","coordinates":[[-97.6935071162723,30.2688082463126],[-97.6934925287608,30.2688011009039]]},"properties":{"AADT_CUR":195,"RTE_NM":"1013543","RTE_PRFX":"CS","RTE_NBR":"1013543","SYSTEM":"Off"}},{"type":"Feature","geometry":{"type":"LineString","coordinates":[[-97.74162556,30.3153543700024],[-97.74176973,30.3150700300024],[-97.7418414582285,30.3147303097232],[-97.7420437621651,30.3137721417727],[-97.74258328,30.3112167400024],[-97.7425840931773,30.3111846422615],[-97.7426180316966,30.3098450016628],[-97.7426533585571,30.3084505201532]]},"properties":{"AADT_CUR":3568,"RTE_NM":"258472","RTE_PRFX":"CS","RTE_NBR":"258472","SYSTEM":"Off"}},{"type":"Feature","geometry":{"type":"LineString","coordinates":[[-97.693311535,30.315428008],[-97.693258447,30.315433125],[-97.693221174,30.315425264],[-97.693186584,30.315410457],[-97.692765918,30.315200724],[-97.692190126,30.314931761],[-97.6921185623506,30.3148978430087]]},"properties":{"AADT_CUR":195,"RTE_NM":"1014974","RTE_PRFX":"CS","RTE_NBR":"1014974","SYSTEM":"Off"}},{"type":"Feature","geometry":{"type":"LineString","coordinates":[[-97.7376442700025,30.3034933849096],[-97.73764309,30.3034928200023],[-97.73583578,30.3026008400023],[-97.7331235497264,30.3013093151107]]},"properties":{"AADT_CUR":195,"RTE_NM":"1021226","RTE_PRFX":"CS","RTE_NBR":"1021226","SYSTEM":"Off"}},{"type":"Feature","geometry":{"type":"LineString","coordinates":[[-97.7314474634469,30.2747166142097],[-97.73097282,30.27462311]]},"properties":{"AADT_CUR":14410,"RTE_NM":"258430","RTE_PRFX":"CS","RTE_NBR":"258430","SYSTEM":"Off"}},{"type":"Feature","geometry":{"type":"LineString","coordinates":[[-97.7332631419656,30.2813549865362],[-97.73325989,30.2813544100022],[-97.7318371462513,30.2810169670618]]},"properties":{"AADT_CUR":195,"RTE_NM":"1015849","RTE_PRFX":"CS","RTE_NBR":"1015849","SYSTEM":"Off"}},{"type":"Feature","geometry":{"type":"LineString","coordinates":[[-97.744588193377,30.2737084952309],[-97.74458176,30.2737066200021],[-97.7445634072855,30.2737017432729],[-97.74360414,30.2734468400021],[-97.7434604001159,30.2734099821774],[-97.7428459,30.2732367600021],[-97.7423395,30.2731337500021],[-97.7410681,30.2727736500021]]},"properties":{"AADT_CUR":8928,"RTE_NM":"258421","RTE_PRFX":"CS","RTE_NBR":"258421","SYSTEM":"Off"}},{"type":"Feature","geometry":{"type":"LineString","coordinates":[[-97.7423740145723,30.2877881134067],[-97.74222173,30.2891461000022],[-97.742214,30.2892580800022],[-97.74212851,30.2904946400023]]},"properties":{"AADT_CUR":195,"RTE_NM":"1019823","RTE_PRFX":"CS","RTE_NBR":"1019823","SYSTEM":"Off"}},{"type":"Feature","geometry":{"type":"LineString","coordinates":[[-97.77987773,30.23043725],[-97.77994905,30.23115378],[-97.77958674,30.23179832],[-97.77938515,30.23205564],[-97.77930088,30.23210536],[-97.77830247,30.23268884],[-97.77821001,30.23271904],[-97.77818277,30.232726],[-97.77815933,30.23273112],[-97.77810432,30.23274143],[-97.77751997,30.23281811],[-97.77589097,30.23302399],[-97.7758551,30.23302697],[-97.77581873,30.23302723],[-97.77575869,30.23302081],[-97.77572346,30.23301295],[-97.7756896,30.23300229],[-97.7756566,30.23298895],[-97.77562528,30.23297284],[-97.77557704,30.23294072],[-97.77555106,30.2329182],[-97.77552788,30.23289406],[-97.7755074,30.23286757],[-97.77549566,30.23284908],[-97.77547273,30.2328],[-97.7754637,30.23276906],[-97.77545972,30.23274825],[-97.77545707,30.23269531],[-97.77545889,30.23267425],[-97.7754648,30.23264276],[-97.77554438,30.23239699],[-97.77555483,30.23236951],[-97.7755694,30.23233943],[-97.7755985,30.23229562],[-97.77562781,30.23226271],[-97.77565721,30.23223513],[-97.77571264,30.23219319],[-97.77574289,30.23217507],[-97.77577467,30.23215904],[-97.77583052,30.23213719],[-97.77588121,30.23212346],[-97.77591315,30.23211736],[-97.77737018,30.23192455]]},"properties":{"AADT_CUR":195,"RTE_NM":"1020256","RTE_PRFX":"CS","RTE_NBR":"1020256","SYSTEM":"Off"}},{"type":"Feature","geometry":{"type":"LineString","coordinates":[[-97.74005291,30.24716503],[-97.73952816,30.2470939],[-97.73802733,30.24709651]]},"properties":{"AADT_CUR":195,"RTE_NM":"1018290","RTE_PRFX":"CS","RTE_NBR":"1018290","SYSTEM":"Off"}},{"type":"Feature","geometry":{"type":"LineString","coordinates":[[-97.7392722,30.26042509],[-97.73840315,30.26014987],[-97.7382889,30.26011367]]},"properties":{"AADT_CUR":195,"RTE_NM":"1015564","RTE_PRFX":"CS","RTE_NBR":"1015564","SYSTEM":"Off"}},{"type":"Feature","geometry":{"type":"LineString","coordinates":[[-97.79158129,30.2651672000021],[-97.79099128,30.2656973300021],[-97.79040737,30.2662220300021],[-97.79007707,30.2663419600021],[-97.78981196,30.2663614800021],[-97.78958784,30.2663295200021],[-97.78942143,30.2662511000021],[-97.78864978,30.2658873500021],[-97.78759643,30.2653686200021],[-97.78742246,30.265238640002],[-97.78733694,30.2651186800021],[-97.78726276,30.2649879400021],[-97.7871479072033,30.2647361925591]]},"properties":{"AADT_CUR":2105,"RTE_NM":"298588","RTE_PRFX":"CS","RTE_NBR":"298588","SYSTEM":"Off"}},{"type":"Feature","geometry":{"type":"LineString","coordinates":[[-97.7001581792294,30.316848668016],[-97.69860075,30.3160656400048],[-97.69844135,30.3159855200048],[-97.695800704708,30.3147078136215]]},"properties":{"AADT_CUR":195,"RTE_NM":"1021770","RTE_PRFX":"CS","RTE_NBR":"1021770","SYSTEM":"Off"}},{"type":"Feature","geometry":{"type":"LineString","coordinates":[[-97.6858392601111,30.2808820888405],[-97.6852931,30.2817420000022],[-97.6852915281597,30.2817446504071],[-97.68482808,30.2825261000022],[-97.6848229073691,30.2825338714149],[-97.6842882741075,30.283337101921],[-97.6837266199775,30.2841809116472],[-97.68371241,30.2842022600022],[-97.68269269,30.2858389400022],[-97.6826920332454,30.2858399528983]]},"properties":{"AADT_CUR":7824,"RTE_NM":"187788","RTE_PRFX":"CS","RTE_NBR":"187788","SYSTEM":"Off"}},{"type":"Feature","geometry":{"type":"LineString","coordinates":[[-97.7233640227495,30.2956809951981],[-97.72344643,30.29553495],[-97.72348285,30.2954822],[-97.72354086,30.29540848],[-97.72381388,30.29509145],[-97.72464371,30.29412987],[-97.7254375554223,30.2932232282921]]},"properties":{"AADT_CUR":5723,"RTE_NM":"258641","RTE_PRFX":"CS","RTE_NBR":"258641","SYSTEM":"Off"}},{"type":"Feature","geometry":{"type":"LineString","coordinates":[[-97.7368424003154,30.2674777274769],[-97.7368103531428,30.2674695624193]]},"properties":{"AADT_CUR":5982,"RTE_NM":"258404","RTE_PRFX":"CS","RTE_NBR":"258404","SYSTEM":"Off"}},{"type":"Feature","geometry":{"type":"LineString","coordinates":[[-97.7546282248368,30.2703013727425],[-97.7546203543093,30.2702983304912],[-97.7546129395245,30.2702954643992]]},"properties":{"AADT_CUR":15569,"RTE_NM":"258395","RTE_PRFX":"CS","RTE_NBR":"258395","SYSTEM":"Off"}},{"type":"Feature","geometry":{"type":"LineString","coordinates":[[-97.7563465142553,30.2920580371517],[-97.75604348,30.2920843800046],[-97.75558555,30.2920834800046],[-97.75539575,30.2920686300045],[-97.75523875,30.2920434700045],[-97.7551025199995,30.2920132300044],[-97.7547769299996,30.2919516400044],[-97.75411246,30.2917925000045],[-97.75321372,30.2918019200044],[-97.7527194,30.2920945300045],[-97.7523959499994,30.2925445700066],[-97.75229314,30.2928954500046],[-97.7521979,30.2932201700046],[-97.75213788,30.2934249600046],[-97.75200495,30.2937440700045],[-97.75184453,30.2939058600046],[-97.75165635,30.2940425000045],[-97.75157549,30.2941012400046],[-97.75143012,30.2941696700046],[-97.7512762609446,30.2942538572247],[-97.75124844,30.2942690800046],[-97.75111426,30.2943645000045],[-97.75106471,30.2944499000046],[-97.75098021,30.2946118200046],[-97.75082338,30.2949056900046],[-97.75066569,30.2952627800046],[-97.7505521828148,30.2956840828421]]},"properties":{"AADT_CUR":195,"RTE_NM":"1021727","RTE_PRFX":"CS","RTE_NBR":"1021727","SYSTEM":"Off"}},{"type":"Feature","geometry":{"type":"LineString","coordinates":[[-97.75433204,30.29042453],[-97.75420759,30.2905096],[-97.75378889,30.2907959],[-97.75318888,30.29160342],[-97.75321372,30.29180192]]},"properties":{"AADT_CUR":195,"RTE_NM":"1019038","RTE_PRFX":"CS","RTE_NBR":"1019038","SYSTEM":"Off"}},{"type":"Feature","geometry":{"type":"LineString","coordinates":[[-97.7865399,30.24587815],[-97.78702068,30.24611595],[-97.78725533,30.24631591],[-97.78745821,30.24685351],[-97.78803993,30.24725561],[-97.78833454,30.24761625]]},"properties":{"AADT_CUR":195,"RTE_NM":"1014244","RTE_PRFX":"CS","RTE_NBR":"1014244","SYSTEM":"Off"}},{"type":"Feature","geometry":{"type":"LineString","coordinates":[[-97.80198355,30.28636071],[-97.80011941,30.28545203],[-97.79898397,30.28485371],[-97.79819746,30.28450876]]},"properties":{"AADT_CUR":195,"RTE_NM":"1252152","RTE_PRFX":"CS","RTE_NBR":"1252152","SYSTEM":"Off"}},{"type":"Feature","geometry":{"type":"LineString","coordinates":[[-97.7771801873606,30.246920183385],[-97.7771865741326,30.2469336517011]]},"properties":{"AADT_CUR":195,"RTE_NM":"1014225","RTE_PRFX":"CS","RTE_NBR":"1014225","SYSTEM":"Off"}},{"type":"Feature","geometry":{"type":"LineString","coordinates":[[-97.7408450358367,30.2430179274259],[-97.7403353,30.2438153400019],[-97.74033635,30.243841070002],[-97.74035319,30.2442392500019],[-97.74040922,30.2444235600019],[-97.74053584,30.244839850002],[-97.74058655,30.2450064500019],[-97.74055954,30.2450296700019],[-97.73896598,30.2457046000019],[-97.73868067,30.2460068300019],[-97.73814566,30.2467000800019],[-97.73802733,30.247096510002],[-97.7379751,30.2474777500019],[-97.73769851,30.247719650002],[-97.7373351,30.2478938300019],[-97.73724293,30.2480113000019],[-97.73719487,30.248072510002],[-97.7366470026377,30.2484053347576]]},"properties":{"AADT_CUR":195,"RTE_NM":"1017398","RTE_PRFX":"CS","RTE_NBR":"1017398","SYSTEM":"Off"}},{"type":"Feature","geometry":{"type":"LineString","coordinates":[[-97.7843178469561,30.2734965892073],[-97.78283858,30.2742738100022],[-97.78279974,30.2742942400022],[-97.78236622,30.2746926600021],[-97.78197434,30.2753724400021],[-97.78178034,30.2754593700021]]},"properties":{"AADT_CUR":195,"RTE_NM":"1206112","RTE_PRFX":"CS","RTE_NBR":"1206112","SYSTEM":"Off"}},{"type":"Feature","geometry":{"type":"LineString","coordinates":[[-97.7811520858535,30.294891034976],[-97.78113599,30.2949160700023],[-97.7811357859953,30.2949163869286]]},"properties":{"AADT_CUR":195,"RTE_NM":"1019344","RTE_PRFX":"CS","RTE_NBR":"1019344","SYSTEM":"Off"}},{"type":"Feature","geometry":{"type":"LineString","coordinates":[[-97.70896218,30.31613254],[-97.7086056,30.31668629],[-97.70964045,30.31718607]]},"properties":{"AADT_CUR":195,"RTE_NM":"1015897","RTE_PRFX":"CS","RTE_NBR":"1015897","SYSTEM":"Off"}},{"type":"Feature","geometry":{"type":"LineString","coordinates":[[-97.69034427,30.31507899],[-97.6902905,30.31516124],[-97.68995055,30.31568145],[-97.68982849,30.31620148],[-97.68946578,30.31671107],[-97.68944155,30.31675084],[-97.68897357,30.31751767],[-97.688763,30.31786277],[-97.68846661,30.31812069],[-97.68817056,30.31851336]]},"properties":{"AADT_CUR":195,"RTE_NM":"1016935","RTE_PRFX":"CS","RTE_NBR":"1016935","SYSTEM":"Off"}},{"type":"Feature","geometry":{"type":"LineString","coordinates":[[-97.7245419463396,30.307025494178],[-97.724532595402,30.3070251563546],[-97.7244408,30.3070218400024],[-97.72434995,30.3070166300024],[-97.72426348,30.3070007300024],[-97.72417323,30.3069704200024],[-97.72408314,30.3069329300024],[-97.7236768606032,30.306743518958],[-97.7221253288249,30.3060201623823],[-97.720945224025,30.3054699705627],[-97.72056151,30.3052984500023],[-97.72025483,30.3051530400023],[-97.71988683,30.3049778200024],[-97.7196252147282,30.3048521087118]]},"properties":{"AADT_CUR":13186,"RTE_NM":"258451","RTE_PRFX":"CS","RTE_NBR":"258451","SYSTEM":"Off"}},{"type":"Feature","geometry":{"type":"LineString","coordinates":[[-97.7272290487981,30.2903460895853],[-97.7272124671221,30.290348210331]]},"properties":{"AADT_CUR":1450,"RTE_NM":"1018188","RTE_PRFX":"CS","RTE_NBR":"1018188","SYSTEM":"Off"}},{"type":"Feature","geometry":{"type":"LineString","coordinates":[[-97.739764801784,30.2692632195641],[-97.7397675569017,30.2692560594534],[-97.7400837912704,30.2683629504807],[-97.74041803,30.2674188500042],[-97.7404185420543,30.2674172927646],[-97.7407261385133,30.2664818330024]]},"properties":{"AADT_CUR":1176,"RTE_NM":"258676","RTE_PRFX":"CS","RTE_NBR":"258676","SYSTEM":"Off"}},{"type":"Feature","geometry":{"type":"LineString","coordinates":[[-97.75664912,30.26963457],[-97.75558145,30.26924724],[-97.75528113,30.26913833],[-97.75519864,30.2691045],[-97.75509846,30.26906142],[-97.7550024,30.26902409],[-97.75474079,30.26892512],[-97.75413455,30.26869737],[-97.75396847,30.26863501],[-97.75376598,30.26855893],[-97.75365814,30.26851553],[-97.75167878,30.26771844],[-97.75155366,30.26766809]]},"properties":{"AADT_CUR":400,"RTE_NM":"1021231","RTE_PRFX":"CS","RTE_NBR":"1021231","SYSTEM":"Off"}},{"type":"Feature","geometry":{"type":"LineString","coordinates":[[-97.7585165378716,30.2608721135214],[-97.75849803,30.26092407],[-97.75832294,30.26144615],[-97.75776089,30.26295375],[-97.7571569,30.26441271],[-97.75709739,30.26452532],[-97.75694908,30.26480381],[-97.75684611,30.26506153],[-97.75668618,30.26544579],[-97.75625866,30.26650807],[-97.75621312,30.26665874]]},"properties":{"AADT_CUR":38217,"RTE_NM":"SL0343-KG","RTE_PRFX":"SL","RTE_NBR":"343","SYSTEM":"On"}},{"type":"Feature","geometry":{"type":"LineString","coordinates":[[-97.76204538,30.28897191],[-97.76242988,30.28861622],[-97.76264735,30.28840319],[-97.76285817,30.28820513],[-97.76311795,30.28793155],[-97.76343966,30.28759023]]},"properties":{"AADT_CUR":7406,"RTE_NM":"1638921791","RTE_PRFX":"SL","RTE_NBR":"1","SYSTEM":"On"}},{"type":"Feature","geometry":{"type":"LineString","coordinates":[[-97.7126289735253,30.2119705427058],[-97.712428452,30.211945017],[-97.712002373,30.211908634],[-97.711651193,30.211893766],[-97.711232286,30.211904974],[-97.710823893,30.211915023],[-97.71061598,30.211928306],[-97.710281975,30.211952613],[-97.70955244,30.212034883],[-97.709159885,30.212105271],[-97.708827009,30.212182033],[-97.70837567,30.212300533],[-97.707937743,30.212431781],[-97.707820942,30.212471615],[-97.706917423,30.212764783],[-97.7065627,30.212878358],[-97.706057773,30.21303887],[-97.705572543,30.213195637],[-97.704873827,30.213440751],[-97.704301173,30.213623861],[-97.703270533,30.213954734],[-97.702411554,30.214229397],[-97.701483508,30.214533033],[-97.701117386,30.214648924],[-97.699964034,30.215018616],[-97.698864326,30.215370924],[-97.696486544,30.216133479],[-97.694378324,30.216814908],[-97.693266546,30.217177638],[-97.692734127,30.217350312],[-97.691411068,30.21775252],[-97.690777418,30.21795941],[-97.690269728,30.218153077],[-97.690095914,30.218229773],[-97.689919418,30.218319216],[-97.689567768,30.218508532],[-97.68917671,30.21871947],[-97.688331268,30.219222071],[-97.687182145,30.219862645],[-97.686660937,30.220151259],[-97.6866145328612,30.2201766219666]]},"properties":{"AADT_CUR":499,"RTE_NM":"SH0071-AG","RTE_PRFX":"SH","RTE_NBR":"71","SYSTEM":"On"}},{"type":"Feature","geometry":{"type":"LineString","coordinates":[[-97.7382611896773,30.2302112302067],[-97.7384027,30.2302883200018],[-97.73870188,30.2304513700018],[-97.73863688,30.2306590800018]]},"properties":{"AADT_CUR":195,"RTE_NM":"1014371","RTE_PRFX":"CS","RTE_NBR":"1014371","SYSTEM":"Off"}},{"type":"Feature","geometry":{"type":"LineString","coordinates":[[-97.74991825,30.23979819],[-97.74969555,30.23969444],[-97.74935663,30.23953659],[-97.74906403,30.23946258],[-97.7488957,30.23942003]]},"properties":{"AADT_CUR":195,"RTE_NM":"1017844","RTE_PRFX":"CS","RTE_NBR":"1017844","SYSTEM":"Off"}},{"type":"Feature","geometry":{"type":"LineString","coordinates":[[-97.76063927,30.252521],[-97.76059004,30.25259614],[-97.76056937,30.25262774],[-97.7597027,30.25395032],[-97.75964953,30.25403382],[-97.75876531,30.25542213]]},"properties":{"AADT_CUR":195,"RTE_NM":"1019740","RTE_PRFX":"CS","RTE_NBR":"1019740","SYSTEM":"Off"}},{"type":"Feature","geometry":{"type":"LineString","coordinates":[[-97.7783863566526,30.2677444881794],[-97.77872091,30.26753939],[-97.7792742,30.26721581],[-97.77991754,30.26685942],[-97.78031972,30.26665337],[-97.78090811,30.26636032],[-97.7816064,30.26604361],[-97.78230087,30.26574827],[-97.782496455009,30.2656717373759]]},"properties":{"AADT_CUR":135145,"RTE_NM":"SL0001-LG","RTE_PRFX":"SL","RTE_NBR":"1","SYSTEM":"On"}},{"type":"Feature","geometry":{"type":"LineString","coordinates":[[-97.70486365,30.27244426],[-97.704737128,30.272749777],[-97.704412465,30.273502984],[-97.70419187,30.27398716],[-97.70414633,30.27414578],[-97.70413529,30.274238663],[-97.704140344,30.274326913],[-97.70422289,30.274788284],[-97.704300462,30.275224117]]},"properties":{"AADT_CUR":1314,"RTE_NM":"1019510","RTE_PRFX":"CS","RTE_NBR":"1019510","SYSTEM":"Off"}},{"type":"Feature","geometry":{"type":"LineString","coordinates":[[-97.70408312,30.2176850700018],[-97.70377999,30.2181549000017],[-97.70307792,30.2192431600018],[-97.69973218,30.2233332900018],[-97.6997002021474,30.2233723506905]]},"properties":{"AADT_CUR":195,"RTE_NM":"1020774","RTE_PRFX":"CS","RTE_NBR":"1020774","SYSTEM":"Off"}},{"type":"Feature","geometry":{"type":"LineString","coordinates":[[-97.7628120822413,30.2930761010686],[-97.76259957,30.2946583700023],[-97.76252896,30.2947667500023],[-97.76211296,30.2954049300023],[-97.76165604,30.2961383500023],[-97.76162162,30.2961917100023],[-97.7611502,30.2969230800023],[-97.76101569,30.2978087100023]]},"properties":{"AADT_CUR":195,"RTE_NM":"1015727","RTE_PRFX":"CS","RTE_NBR":"1015727","SYSTEM":"Off"}},{"type":"Feature","geometry":{"type":"LineString","coordinates":[[-97.7515980633362,30.3078058753388],[-97.75160123,30.3078012],[-97.75223185,30.30684731],[-97.7524376775548,30.306497513564]]},"properties":{"AADT_CUR":1194,"RTE_NM":"258564","RTE_PRFX":"CS","RTE_NBR":"258564","SYSTEM":"Off"}},{"type":"Feature","geometry":{"type":"LineString","coordinates":[[-97.76325044,30.29898945],[-97.76322786,30.29902556],[-97.76291604,30.29952457],[-97.7625077,30.30009945],[-97.76246545,30.30016959],[-97.76213962,30.30071089],[-97.76192426,30.30082209]]},"properties":{"AADT_CUR":195,"RTE_NM":"1020348","RTE_PRFX":"CS","RTE_NBR":"1020348","SYSTEM":"Off"}},{"type":"Feature","geometry":{"type":"LineString","coordinates":[[-97.77989249,30.23742611],[-97.77928512,30.23847285]]},"properties":{"AADT_CUR":195,"RTE_NM":"1013533","RTE_PRFX":"CS","RTE_NBR":"1013533","SYSTEM":"Off"}},{"type":"Feature","geometry":{"type":"LineString","coordinates":[[-97.77843893,30.255373180002],[-97.77773647,30.255039250002],[-97.77757538,30.254962680002],[-97.77719305,30.254795040002],[-97.77704299,30.254729260002],[-97.77612815,30.254244490002],[-97.77601824,30.254186270002],[-97.77572543,30.254029130002],[-97.77548877,30.253933670002],[-97.77517626,30.253861400002],[-97.7732861077068,30.2529690389273]]},"properties":{"AADT_CUR":195,"RTE_NM":"1019689","RTE_PRFX":"CS","RTE_NBR":"1019689","SYSTEM":"Off"}},{"type":"Feature","geometry":{"type":"LineString","coordinates":[[-97.76018452,30.2332857900019],[-97.75862201,30.2325389800019],[-97.7584874624279,30.2324746427762]]},"properties":{"AADT_CUR":195,"RTE_NM":"1017532","RTE_PRFX":"CS","RTE_NBR":"1017532","SYSTEM":"Off"}},{"type":"Feature","geometry":{"type":"LineString","coordinates":[[-97.7167724015323,30.2999455494535],[-97.71670529,30.3006385300024],[-97.71663358,30.3015887000023],[-97.71653749,30.3024448400023],[-97.71644662,30.3035386800023],[-97.7164423900937,30.3036048985358]]},"properties":{"AADT_CUR":1079,"RTE_NM":"1015102","RTE_PRFX":"CS","RTE_NBR":"1015102","SYSTEM":"Off"}},{"type":"Feature","geometry":{"type":"LineString","coordinates":[[-97.73667558,30.2989241400023],[-97.73665289,30.2989616900023],[-97.73651487,30.2991898700023],[-97.7364953,30.2992222600023],[-97.73613492,30.2998180200023],[-97.7359499,30.3000975600023],[-97.73593848,30.3001169900023],[-97.73587841,30.3002194100023],[-97.73567086,30.3005732200023],[-97.73526583,30.3012838700023],[-97.7352413833494,30.3013373869028]]},"properties":{"AADT_CUR":195,"RTE_NM":"1017045","RTE_PRFX":"CS","RTE_NBR":"1017045","SYSTEM":"Off"}},{"type":"Feature","geometry":{"type":"LineString","coordinates":[[-97.73360095,30.29268218],[-97.73374659,30.29279265],[-97.73406797,30.29306529],[-97.73449501,30.29339021],[-97.73518703,30.29390759],[-97.73582332,30.29443755],[-97.73643489,30.294912],[-97.73647426,30.29494484],[-97.73661744,30.29506436],[-97.736866,30.29526879]]},"properties":{"AADT_CUR":195,"RTE_NM":"1015864","RTE_PRFX":"CS","RTE_NBR":"1015864","SYSTEM":"Off"}},{"type":"Feature","geometry":{"type":"LineString","coordinates":[[-97.7339654835861,30.2677175447445],[-97.73393975,30.26778785],[-97.73366309,30.26855221],[-97.73341295,30.26923788],[-97.73326517,30.26963386],[-97.73308184,30.27012607],[-97.73285925,30.27073586],[-97.73250391,30.27169533],[-97.73232299,30.2721764],[-97.73210341,30.27279463],[-97.73187683,30.27348165],[-97.73167862,30.27414868],[-97.73153799,30.2746044],[-97.73125057,30.27554924],[-97.73111263,30.27598172],[-97.73100171,30.27627032],[-97.73085997,30.27663661],[-97.73072812,30.27694812],[-97.73039208,30.27765814],[-97.73019268,30.27810282],[-97.73008642,30.27833366],[-97.7299921087962,30.2785081374269]]},"properties":{"AADT_CUR":161912,"RTE_NM":"IH0035-LG","RTE_PRFX":"IH","RTE_NBR":"35","SYSTEM":"On"}},{"type":"Feature","geometry":{"type":"LineString","coordinates":[[-97.76100396,30.29265475],[-97.76122273,30.29245335],[-97.76134447,30.29235824],[-97.76141611,30.29227306],[-97.76146373,30.29220419],[-97.76150384,30.29212648],[-97.76152409,30.29205149],[-97.76151903,30.29194134],[-97.76149106,30.29180327],[-97.76145138,30.29165945],[-97.76145005,30.29155766],[-97.76145965,30.29143687],[-97.76149272,30.29129449],[-97.76154682,30.29116906],[-97.76180727,30.29070126],[-97.76234997,30.28984029],[-97.76246546,30.28960882],[-97.7625283,30.28948082],[-97.7625766,30.28930299],[-97.76260139,30.28911646],[-97.76262577,30.28894371],[-97.76266051,30.28882889],[-97.76270024,30.28867567]]},"properties":{"AADT_CUR":195,"RTE_NM":"1021661","RTE_PRFX":"CS","RTE_NBR":"1021661","SYSTEM":"Off"}},{"type":"Feature","geometry":{"type":"LineString","coordinates":[[-97.75219277,30.28672076],[-97.75119056,30.28663924],[-97.75111444,30.28663303],[-97.74952802,30.28649652]]},"properties":{"AADT_CUR":195,"RTE_NM":"1021201","RTE_PRFX":"CS","RTE_NBR":"1021201","SYSTEM":"Off"}},{"type":"Feature","geometry":{"type":"LineString","coordinates":[[-97.7553990610214,30.3365486849511],[-97.75541112,30.33648995],[-97.75545744,30.33625196],[-97.75548102,30.33608433],[-97.75551048,30.33581477],[-97.75552391,30.33562592],[-97.75554193,30.33527038],[-97.75556412,30.33465668],[-97.75559169,30.33377675],[-97.75560884,30.33307503],[-97.75562404,30.33243507],[-97.75563614,30.33196329],[-97.75565,30.33140926],[-97.75566776,30.33068246],[-97.75567904,30.33013015],[-97.75568872,30.32960052],[-97.7557017,30.32914489],[-97.75571423,30.32865074],[-97.75572396,30.32816231],[-97.75573549,30.32765231],[-97.75574996,30.3270898],[-97.75576599,30.32650587],[-97.75578234,30.32587987],[-97.75579616,30.32527485],[-97.75580507,30.32476752],[-97.75581069,30.32446143],[-97.75581758,30.32420921],[-97.75583301,30.32360502],[-97.75584399,30.32310139],[-97.7558547,30.32268237],[-97.75586911,30.32217964],[-97.75588111,30.32158329],[-97.75589176,30.32105352],[-97.75590255,30.32068303],[-97.75592649,30.32021629],[-97.75596683,30.31974769],[-97.7560384,30.31910264],[-97.75613078,30.31833271],[-97.75623203,30.31752112],[-97.75631262,30.31685773],[-97.75638943,30.31622551],[-97.75645917,30.31566765],[-97.75654827,30.31495845],[-97.75664787,30.31418226],[-97.75671477,30.31360894],[-97.75678927,30.31299305],[-97.75687062,30.31237242],[-97.75695709,30.31165608],[-97.75702413,30.3111168],[-97.7571026,30.31054094],[-97.75721445,30.30986131],[-97.75733418,30.30924845],[-97.7573890902066,30.308978829429]]},"properties":{"AADT_CUR":156055,"RTE_NM":"SL0001-KG","RTE_PRFX":"SL","RTE_NBR":"1","SYSTEM":"On"}},{"type":"Feature","geometry":{"type":"LineString","coordinates":[[-97.7963214765913,30.2341498028388],[-97.796289282,30.234168678],[-97.795921457,30.234374034],[-97.795472496,30.234636744],[-97.795087579,30.234850491],[-97.794754965,30.235023683],[-97.794571678,30.235115061],[-97.79438705,30.235205279],[-97.794083508,30.235359067],[-97.793778114,30.235525873],[-97.793314471,30.235791166],[-97.792703749,30.236178685],[-97.792199209,30.236530073],[-97.791516302,30.237010069],[-97.79089346,30.237477633],[-97.790467653,30.23779123],[-97.790075233,30.23807906],[-97.78927697,30.23867138],[-97.78863151,30.23912951],[-97.787789678,30.239703398],[-97.786509806,30.240581242],[-97.785641677,30.241199297],[-97.78536088,30.24139917],[-97.784656991,30.241911346],[-97.784277672,30.242186235],[-97.783915788,30.242447221],[-97.782647707,30.243361078],[-97.78138499,30.24428883],[-97.78131122,30.24434227],[-97.77993023,30.24534274],[-97.778729,30.24620205],[-97.77819963,30.24650474],[-97.77786297,30.24667109],[-97.77754465,30.24680714],[-97.77726228,30.2469132],[-97.77662351,30.24708576],[-97.77631121,30.24714068],[-97.77603477,30.24719221],[-97.77464872,30.24736894],[-97.77412479,30.24743633],[-97.7734961,30.24751197],[-97.77286833,30.24763252],[-97.77244728,30.24773041],[-97.77208308,30.24783494],[-97.77048251,30.24829726],[-97.7700269524832,30.2484222343628]]},"properties":{"AADT_CUR":37215,"RTE_NM":"SL0343-KG","RTE_PRFX":"SL","RTE_NBR":"343","SYSTEM":"On"}},{"type":"Feature","geometry":{"type":"LineString","coordinates":[[-97.78836815,30.25319181],[-97.78823045,30.25360987]]},"properties":{"AADT_CUR":195,"RTE_NM":"1019905","RTE_PRFX":"CS","RTE_NBR":"1019905","SYSTEM":"Off"}},{"type":"Feature","geometry":{"type":"LineString","coordinates":[[-97.7263598359622,30.2297199704541],[-97.72636771,30.22970769],[-97.72662238,30.22929563],[-97.72670079,30.22916561],[-97.72683718,30.22895952],[-97.72714474,30.22848433],[-97.72744499,30.22800565],[-97.72754721,30.22783916],[-97.72762026,30.22772199],[-97.72772617,30.2275395],[-97.7277474838586,30.2275004981425]]},"properties":{"AADT_CUR":13203,"RTE_NM":"258784","RTE_PRFX":"CS","RTE_NBR":"258784","SYSTEM":"Off"}},{"type":"Feature","geometry":{"type":"LineString","coordinates":[[-97.7659315,30.24729354],[-97.76529801,30.24702177],[-97.76450473,30.2467143]]},"properties":{"AADT_CUR":195,"RTE_NM":"1021280","RTE_PRFX":"CS","RTE_NBR":"1021280","SYSTEM":"Off"}},{"type":"Feature","geometry":{"type":"LineString","coordinates":[[-97.70230183,30.2856677100022],[-97.70135133,30.2858097800022],[-97.70133125,30.2858128000022],[-97.70052085,30.2860134400022],[-97.7000836840857,30.2859036591083]]},"properties":{"AADT_CUR":195,"RTE_NM":"1015634","RTE_PRFX":"CS","RTE_NBR":"1015634","SYSTEM":"Off"}},{"type":"Feature","geometry":{"type":"LineString","coordinates":[[-97.69379842,30.30411564],[-97.69341424,30.30428375],[-97.69201085,30.30457389],[-97.69061657,30.30403792],[-97.69040798,30.30395776],[-97.68955258,30.30359357]]},"properties":{"AADT_CUR":195,"RTE_NM":"1020521","RTE_PRFX":"CS","RTE_NBR":"1020521","SYSTEM":"Off"}},{"type":"Feature","geometry":{"type":"LineString","coordinates":[[-97.7255200896533,30.2871198424669],[-97.72551994,30.2871214000022],[-97.72484821,30.2881518800022],[-97.72481571,30.2882017100022]]},"properties":{"AADT_CUR":195,"RTE_NM":"1015190","RTE_PRFX":"CS","RTE_NBR":"1015190","SYSTEM":"Off"}},{"type":"Feature","geometry":{"type":"LineString","coordinates":[[-97.7196199884802,30.2949093004062],[-97.7196130342141,30.2949060767758],[-97.7195907939814,30.29489511039]]},"properties":{"AADT_CUR":10476,"RTE_NM":"258449","RTE_PRFX":"CS","RTE_NBR":"258449","SYSTEM":"Off"}},{"type":"Feature","geometry":{"type":"LineString","coordinates":[[-97.7599786580463,30.2615066393699],[-97.75989455,30.261656470002],[-97.7592063,30.2627084000021],[-97.75917655,30.2627547700021],[-97.75876004,30.2634035100021]]},"properties":{"AADT_CUR":195,"RTE_NM":"1017266","RTE_PRFX":"CS","RTE_NBR":"1017266","SYSTEM":"Off"}},{"type":"Feature","geometry":{"type":"LineString","coordinates":[[-97.7594355700729,30.2797990871737],[-97.7594214623478,30.2797913312716]]},"properties":{"AADT_CUR":195,"RTE_NM":"1021190","RTE_PRFX":"CS","RTE_NBR":"1021190","SYSTEM":"Off"}},{"type":"Feature","geometry":{"type":"LineString","coordinates":[[-97.74574508,30.2935518600023],[-97.74517073,30.2934879800022],[-97.744172283349,30.2934624453105],[-97.74415331,30.2934619600022],[-97.74262832,30.2933623800023],[-97.74182157,30.2933072100023],[-97.7417851199308,30.2933047223141]]},"properties":{"AADT_CUR":195,"RTE_NM":"1021211","RTE_PRFX":"CS","RTE_NBR":"1021211","SYSTEM":"Off"}},{"type":"Feature","geometry":{"type":"LineString","coordinates":[[-97.7537320343313,30.3041705223162],[-97.75413872,30.30336727],[-97.7551211930191,30.301850115956]]},"properties":{"AADT_CUR":1343,"RTE_NM":"258564","RTE_PRFX":"CS","RTE_NBR":"258564","SYSTEM":"Off"}},{"type":"Feature","geometry":{"type":"LineString","coordinates":[[-97.6998618174622,30.2710053552948],[-97.69985205,30.2710019100021],[-97.69766227,30.2702005600021],[-97.69737175,30.2693227200021]]},"properties":{"AADT_CUR":195,"RTE_NM":"1014063","RTE_PRFX":"CS","RTE_NBR":"1014063","SYSTEM":"Off"}},{"type":"Feature","geometry":{"type":"LineString","coordinates":[[-97.70238544,30.27408213],[-97.702387306,30.274183155],[-97.702428473,30.274259727],[-97.702480368,30.274320084],[-97.702722922,30.274460509],[-97.70295743,30.27457777],[-97.70311421,30.27466642],[-97.703215682,30.274714465],[-97.70331179,30.27476946],[-97.703368122,30.274809952],[-97.703408089,30.274855342],[-97.703447466,30.274926421],[-97.703470657,30.27500823],[-97.70348962,30.2751232],[-97.703518878,30.275277563],[-97.703526981,30.275493523],[-97.703570015,30.275936448],[-97.7036200677058,30.2763381940711]]},"properties":{"AADT_CUR":195,"RTE_NM":"1018715","RTE_PRFX":"CS","RTE_NBR":"1018715","SYSTEM":"Off"}},{"type":"Feature","geometry":{"type":"LineString","coordinates":[[-97.7048508990397,30.286517375556],[-97.70485176,30.2865258700022],[-97.7048588369996,30.2865602984303]]},"properties":{"AADT_CUR":195,"RTE_NM":"1020745","RTE_PRFX":"CS","RTE_NBR":"1020745","SYSTEM":"Off"}},{"type":"Feature","geometry":{"type":"LineString","coordinates":[[-97.69348016,30.23133426],[-97.69222504,30.23067033],[-97.69209545,30.23079685],[-97.69153269,30.2313464]]},"properties":{"AADT_CUR":195,"RTE_NM":"1020473","RTE_PRFX":"CS","RTE_NBR":"1020473","SYSTEM":"Off"}},{"type":"Feature","geometry":{"type":"LineString","coordinates":[[-97.77159991,30.31316405],[-97.77238386,30.31396355],[-97.77258443,30.31431961],[-97.77304229,30.31484055],[-97.77334101,30.31519555],[-97.77378003,30.31538331],[-97.77402143,30.31550864],[-97.7745227,30.3157142],[-97.77453665,30.31586584],[-97.77421449,30.31696539],[-97.77404311,30.31758312],[-97.77392898,30.31798989],[-97.77357648,30.3188921],[-97.77337478,30.31931248],[-97.77298529,30.32030488],[-97.77278533,30.32064959],[-97.77272703,30.32090595],[-97.77275383,30.32125462],[-97.77286716,30.32163509],[-97.77316781,30.32221563],[-97.77328184,30.32256583],[-97.77336193,30.32362699],[-97.7733624919806,30.3236277974681]]},"properties":{"AADT_CUR":1825,"RTE_NM":"267547","RTE_PRFX":"CS","RTE_NBR":"267547","SYSTEM":"Off"}},{"type":"Feature","geometry":{"type":"LineString","coordinates":[[-97.79949258,30.21969359],[-97.80010646,30.21894946],[-97.80019579,30.21884113],[-97.79922445,30.21820313],[-97.79804713,30.21781403],[-97.79778962,30.21845526],[-97.79780838,30.21859966],[-97.79786403,30.21902877],[-97.79744156,30.21971075]]},"properties":{"AADT_CUR":195,"RTE_NM":"1016203","RTE_PRFX":"CS","RTE_NBR":"1016203","SYSTEM":"Off"}},{"type":"Feature","geometry":{"type":"LineString","coordinates":[[-97.7692737150182,30.22688960671],[-97.76923474,30.22687176],[-97.768230379,30.226373919],[-97.767738316,30.226147738],[-97.767265029,30.225877522],[-97.766459935,30.225343708],[-97.76572296,30.22484619],[-97.76522864,30.22450072],[-97.76454947,30.22404955],[-97.76434777,30.22390934],[-97.76420031,30.22380905],[-97.76399386,30.22367368],[-97.7636428669362,30.2234435455683]]},"properties":{"AADT_CUR":499,"RTE_NM":"US0290-XG","RTE_PRFX":"US","RTE_NBR":"290","SYSTEM":"On"}},{"type":"Feature","geometry":{"type":"LineString","coordinates":[[-97.79051568,30.25011009],[-97.78992765,30.24991415],[-97.78936857,30.24985076]]},"properties":{"AADT_CUR":195,"RTE_NM":"1017349","RTE_PRFX":"CS","RTE_NBR":"1017349","SYSTEM":"Off"}},{"type":"Feature","geometry":{"type":"LineString","coordinates":[[-97.76126817,30.2441823400019],[-97.75983846,30.2437465800019],[-97.7584945861331,30.2433158445104]]},"properties":{"AADT_CUR":195,"RTE_NM":"1016331","RTE_PRFX":"CS","RTE_NBR":"1016331","SYSTEM":"Off"}},{"type":"Feature","geometry":{"type":"LineString","coordinates":[[-97.73229724,30.24389991],[-97.73226278,30.24395603],[-97.73141922,30.24535706]]},"properties":{"AADT_CUR":195,"RTE_NM":"1021028","RTE_PRFX":"CS","RTE_NBR":"1021028","SYSTEM":"Off"}},{"type":"Feature","geometry":{"type":"LineString","coordinates":[[-97.74616637,30.25040477],[-97.74622936,30.2506255],[-97.74628945,30.25083628],[-97.74616274,30.25166433]]},"properties":{"AADT_CUR":195,"RTE_NM":"1019385","RTE_PRFX":"CS","RTE_NBR":"1019385","SYSTEM":"Off"}},{"type":"Feature","geometry":{"type":"LineString","coordinates":[[-97.7708537785427,30.2767051482531],[-97.770838667,30.276698877]]},"properties":{"AADT_CUR":195,"RTE_NM":"1016393","RTE_PRFX":"CS","RTE_NBR":"1016393","SYSTEM":"Off"}},{"type":"Feature","geometry":{"type":"LineString","coordinates":[[-97.7414419428167,30.3044299639271],[-97.74143117,30.3044248200023],[-97.74102094,30.3042144300023],[-97.74059344,30.3039951800023],[-97.7397841849029,30.3035801480899],[-97.73925762,30.3033302100023],[-97.7381922860813,30.3027537914126]]},"properties":{"AADT_CUR":6971,"RTE_NM":"258446","RTE_PRFX":"CS","RTE_NBR":"258446","SYSTEM":"Off"}},{"type":"Feature","geometry":{"type":"LineString","coordinates":[[-97.7506053140759,30.2794196941376],[-97.75051784,30.2794644600022],[-97.75049189,30.2794963600022],[-97.75046585,30.2795316700021],[-97.75044007,30.2795572800022],[-97.75040065,30.2795913700022],[-97.75036145,30.2796176900022],[-97.75031559,30.2796429000022],[-97.75026705,30.2796637000022],[-97.75011984,30.2797044100022]]},"properties":{"AADT_CUR":195,"RTE_NM":"1018526","RTE_PRFX":"CS","RTE_NBR":"1018526","SYSTEM":"Off"}},{"type":"Feature","geometry":{"type":"LineString","coordinates":[[-97.78809644,30.2254027700018],[-97.78806617,30.2254505800018],[-97.7870257566172,30.227092185427],[-97.7861617196174,30.2284778725213]]},"properties":{"AADT_CUR":195,"RTE_NM":"1019701","RTE_PRFX":"CS","RTE_NBR":"1019701","SYSTEM":"Off"}},{"type":"Feature","geometry":{"type":"LineString","coordinates":[[-97.76818682,30.2382361300019],[-97.76731735,30.2399798900019],[-97.7671619639551,30.2402826375608]]},"properties":{"AADT_CUR":195,"RTE_NM":"1015797","RTE_PRFX":"CS","RTE_NBR":"1015797","SYSTEM":"Off"}},{"type":"Feature","geometry":{"type":"LineString","coordinates":[[-97.7326716561135,30.2599371499636],[-97.7326251517804,30.2599208303207]]},"properties":{"AADT_CUR":12499,"RTE_NM":"258861","RTE_PRFX":"CS","RTE_NBR":"258861","SYSTEM":"Off"}},{"type":"Feature","geometry":{"type":"LineString","coordinates":[[-97.7305433834113,30.2591654902855],[-97.73053978,30.259173290002],[-97.7305308192773,30.2591923958036]]},"properties":{"AADT_CUR":444,"RTE_NM":"1018567","RTE_PRFX":"CS","RTE_NBR":"1018567","SYSTEM":"Off"}},{"type":"Feature","geometry":{"type":"LineString","coordinates":[[-97.70197754,30.28407684],[-97.70204768,30.2840708],[-97.70327042,30.28396586],[-97.70327878,30.28411596],[-97.70331513,30.28476713],[-97.70225365,30.28489464],[-97.70214189,30.28490805]]},"properties":{"AADT_CUR":195,"RTE_NM":"1016115","RTE_PRFX":"CS","RTE_NBR":"1016115","SYSTEM":"Off"}},{"type":"Feature","geometry":{"type":"LineString","coordinates":[[-97.79629332,30.22454227],[-97.79573009,30.22452286]]},"properties":{"AADT_CUR":195,"RTE_NM":"1015018","RTE_PRFX":"CS","RTE_NBR":"1015018","SYSTEM":"Off"}},{"type":"Feature","geometry":{"type":"LineString","coordinates":[[-97.69736175,30.23454236],[-97.69717106,30.23445285],[-97.69708326,30.23440046],[-97.69701488,30.23435273],[-97.69686253,30.2342203],[-97.69678984,30.23414723],[-97.6966487,30.23403359],[-97.6965871,30.23397264],[-97.69650443,30.23389607],[-97.6964277,30.23384219],[-97.69632441,30.233785],[-97.69622288,30.23373575],[-97.69614236,30.23371044],[-97.69606371,30.23366206],[-97.69598232,30.23359991],[-97.69591637,30.23352034],[-97.69584927,30.2334423],[-97.69579721,30.23339319],[-97.69573619,30.23334261],[-97.69566692,30.23329252],[-97.69562763,30.23324233],[-97.69562026,30.23320574],[-97.69562651,30.23316419],[-97.69566976,30.23311159],[-97.69572037,30.23306432],[-97.69578834,30.23304407],[-97.69585193,30.23304978],[-97.6959095,30.23308793],[-97.69597394,30.23315224],[-97.69604447,30.23321212],[-97.69612059,30.23325841],[-97.69619315,30.23329683],[-97.69629148,30.2333546],[-97.69637493,30.23340754],[-97.69646352,30.23346012],[-97.69653148,30.23352682],[-97.69659221,30.23359679],[-97.69666115,30.23367706],[-97.69673409,30.23375289],[-97.69687201,30.233857],[-97.69691445,30.23390349],[-97.69693297,30.23394446],[-97.69693054,30.23399127],[-97.6968001656087,30.2341357845214]]},"properties":{"AADT_CUR":195,"RTE_NM":"1015080","RTE_PRFX":"CS","RTE_NBR":"1015080","SYSTEM":"Off"}},{"type":"Feature","geometry":{"type":"LineString","coordinates":[[-97.69116436,30.3057363300023],[-97.69125923,30.3058849300023],[-97.69170694,30.3065863700024],[-97.6920363182827,30.3073495360236]]},"properties":{"AADT_CUR":195,"RTE_NM":"1014192","RTE_PRFX":"CS","RTE_NBR":"1014192","SYSTEM":"Off"}},{"type":"Feature","geometry":{"type":"LineString","coordinates":[[-97.8167222022031,30.2987351483434],[-97.81671566,30.2987365500046],[-97.81663939,30.2987604700046],[-97.81656642,30.2987911700046],[-97.81649754,30.2988283300046],[-97.81643352,30.2988715300046],[-97.81642528,30.2988778000046],[-97.8163242,30.2989331200046],[-97.81621862,30.2989822300046],[-97.81610931,30.2990247500046],[-97.81603193,30.2990501700046],[-97.81596255,30.2990722100046],[-97.81583614,30.2991062300046],[-97.81570747,30.2991331700046],[-97.81557709,30.2991528900046],[-97.81548417,30.2991624400046],[-97.81534134,30.2991776200046],[-97.81517723,30.2992018800046],[-97.81501473,30.2992332700046],[-97.81489779,30.2992605200046],[-97.81481339,30.2992958800046],[-97.81462223,30.2993817900046],[-97.81443507,30.2994741000046],[-97.81425221,30.2995726700046],[-97.81415337,30.2996296200046],[-97.81412139,30.2996453100046],[-97.81396906,30.2997250700046],[-97.8138212,30.2998109400046],[-97.81367815,30.2999027200046],[-97.8135507,30.2999924200046],[-97.81336552,30.3001317800046],[-97.81318591,30.3002765400046],[-97.81301212,30.3004265400046],[-97.8128665,30.3005604900046],[-97.8128428541002,30.3005784705402],[-97.81283023,30.3005880700046],[-97.81273194,30.3006560100046],[-97.8126286,30.3007180400046],[-97.81252067,30.3007738800046],[-97.81249923,30.3007839800046],[-97.81245802,30.3008010000046],[-97.81235505,30.3008379000046],[-97.81224917,30.3008680200046],[-97.81214101,30.3008911900046],[-97.81211503,30.3008956600046],[-97.81206413,30.3008994800046],[-97.81194653,30.3009029900046],[-97.8119404260293,30.3009027891198],[-97.81182894,30.3008991200046],[-97.81179956,30.3008970000046],[-97.81170246,30.3008852000046],[-97.81164707,30.3008812500046],[-97.81155183,30.3008687100046],[-97.81145821,30.3008490000046],[-97.81136694,30.3008222900046],[-97.81127868,30.3007887900046],[-97.81119412,30.3007487200046],[-97.81111392,30.3007024300046],[-97.81103867,30.3006502500046],[-97.81099784,30.3006144600046],[-97.81093366,30.3005485900046],[-97.81087615,30.3004782500046],[-97.81082572,30.3004039200046],[-97.81078273,30.3003261400046],[-97.81071525,30.3002039300046],[-97.81049925,30.2998252400046],[-97.8104924,30.2998134700046],[-97.81046084,30.2997289000046],[-97.81041784,30.2996360300046],[-97.81036714,30.2995461200046],[-97.8103134,30.2994657200046],[-97.8102197,30.2993172800046],[-97.81004666,30.2990549000046],[-97.80999278,30.2989865700046],[-97.80992803,30.2989175100046],[-97.80985695,30.2988533300046],[-97.80977999,30.2987944600046],[-97.80969769,30.2987413100046],[-97.80961062,30.2986942300046],[-97.80951936,30.2986535600046],[-97.80949487,30.2986440100046],[-97.80944247,30.2986304900046],[-97.80933179,30.2985964100046],[-97.8092242,30.2985555500046],[-97.80912024,30.2985081400046],[-97.8091072564364,30.2985011492631],[-97.80902045,30.2984544100046],[-97.80900099,30.2984429000046],[-97.80898742,30.2984278600046],[-97.80894297,30.2983864200046],[-97.80889277,30.2983502400046],[-97.8088528935305,30.298328323502],[-97.80883764,30.2983199400046],[-97.80877851,30.2982959900046],[-97.80874754,30.2982864800046],[-97.80869113,30.2982633100046],[-97.8085553,30.2982132200046],[-97.80841642,30.2981698600046],[-97.80827494,30.2981334000046],[-97.8081313,30.2981039500046],[-97.80803552,30.2980883800046],[-97.80788193,30.2980642400046],[-97.80772501,30.2980469500046],[-97.80756725,30.2980369300046],[-97.80743704,30.2980341600046],[-97.80740326,30.2980334700046],[-97.80734223,30.2980379800046],[-97.80728251,30.2980498100046],[-97.8072487310325,30.2980609889994],[-97.80722528,30.2980687500046],[-97.80716689,30.2980971000046],[-97.8071221,30.2981284000046],[-97.8070633,30.2981607700046],[-97.80700832,30.2981863400046],[-97.80694106,30.2982199000046],[-97.80687001,30.2982469600046],[-97.806796,30.2982671900046],[-97.80671991,30.2982803500046],[-97.80667583,30.2982846400046],[-97.80660017,30.2982825700046],[-97.80650469,30.2982749400046],[-97.80641069,30.2982724900046],[-97.80629157,30.2982759200046],[-97.80617303,30.2982866300046],[-97.80605566,30.2983045600046],[-97.80600924,30.2983137300046],[-97.80594813,30.2983366500046],[-97.80583136,30.2983743100046],[-97.80571901,30.2984033500046],[-97.80568896,30.2984088900046],[-97.80560797,30.2984185900046],[-97.80552626,30.2984209000046],[-97.80544471,30.2984157800046],[-97.80536422,30.2984033000046],[-97.80528568,30.2983835800046],[-97.80520995,30.2983568400046],[-97.80516366,30.2983363400046],[-97.80510045,30.2983164800046],[-97.80498817,30.2982873300046],[-97.80487376,30.2982652900046],[-97.80475783,30.2982504800046],[-97.80464095,30.2982429500046],[-97.80458947,30.2982419700046],[-97.80444714,30.2982433400046],[-97.8043084,30.2982373200046],[-97.80417033,30.2982240200046],[-97.8040451,30.2982055600046],[-97.80400147,30.2981941500046],[-97.80391166,30.2981763300046],[-97.80382036,30.2981656800046],[-97.80372832,30.2981622800046],[-97.80363631,30.2981661400046],[-97.80354508,30.2981772600046],[-97.80346905,30.2981922600046],[-97.80334768,30.2982150300046],[-97.80320653,30.2982483700046],[-97.80307356,30.2982868200046],[-97.80305685,30.2982902300046],[-97.80297758,30.2983017900046],[-97.80289734,30.2983059700046],[-97.80281706,30.2983027400046],[-97.80273761,30.2982921000046],[-97.80265992,30.2982742100046],[-97.80258487,30.2982492500046],[-97.80251329,30.2982175100046],[-97.80244602,30.2981793500046],[-97.80238379,30.2981351900046],[-97.80232733,30.2980855500046],[-97.80229997,30.2980572100046],[-97.8022688,30.2979939700046],[-97.80219511,30.2978578800046],[-97.80216173,30.2978013800046],[-97.80210069,30.2976895800046],[-97.80199608,30.2974848700046],[-97.80189917,30.2972773300046],[-97.8018693561867,30.2972070241102],[-97.80181005,30.2970671700046],[-97.80177187,30.2969701200046],[-97.80175351,30.2968586900046],[-97.80171614,30.2966730100046],[-97.80167056,30.2964887100045],[-97.80161682,30.2963060700045],[-97.80161217,30.2962915200046],[-97.80158327,30.2962373800046],[-97.80154774,30.2961560000046],[-97.80152028,30.2960723000046],[-97.80150111,30.2959868800046],[-97.80149215,30.2959211100046],[-97.80145625,30.2956168500046],[-97.80144358,30.2954911100046],[-97.80144933,30.2954108900044],[-97.80145827,30.2952040600046],[-97.8014588,30.2949970900046],[-97.80145159,30.2948018700046],[-97.80143867,30.2947370800046],[-97.80141207,30.2946384600045],[-97.80137742,30.2945417400046],[-97.8013349,30.2944474000045],[-97.80128474,30.2943559500046],[-97.80125268,30.2943050700045],[-97.80119378,30.2942531700046],[-97.80105124,30.2941349300044],[-97.80090304,30.2940220500046],[-97.80074945,30.2939147300046],[-97.80059075,30.2938131600045],[-97.80042724,30.2937175400046],[-97.80025919,30.2936280100046],[-97.80024037,30.2936185100045],[-97.80016537,30.2935926800046],[-97.80007122,30.2935674400046],[-97.79997492,30.2935493200046],[-97.79987718,30.2935384500046],[-97.79977871,30.2935349100046],[-97.79973993,30.2935355300045],[-97.79971922,30.2935391000045],[-97.79958002,30.2935673400045],[-97.79944297,30.2936026200046],[-97.79930854,30.2936448300046],[-97.7991772,30.2936938100044],[-97.7991205,30.2937174600046],[-97.7990709,30.2937383600044],[-97.79889356,30.2938078700046],[-97.79871291,30.2938706500046],[-97.7985293,30.2939265800044],[-97.79838961,30.2939643400045],[-97.7983339,30.2939759500046],[-97.79827683,30.2939804100045],[-97.79821963,30.2939776100046],[-97.7981635,30.2939676000045],[-97.79810966,30.2939506200046],[-97.7980565299991,30.2939254900035],[-97.79801284,30.2938761600044],[-97.79797045,30.2938169600046],[-97.79793542,30.2937542500046],[-97.79790815,30.2936887000045],[-97.7978889,30.2936210400046],[-97.79787813,30.2935540700046],[-97.7978756,30.2934892800046],[-97.79788133,30.2934231100046],[-97.79789541,30.2933578800046],[-97.79791768,30.2932943900045],[-97.79794787,30.2932334100046],[-97.7979856,30.2931756800045],[-97.79803042,30.2931219100044],[-97.79807994,30.2930743200044],[-97.7981286,30.2930311000045],[-97.79826684,30.2929052000045],[-97.79832683,30.2928518900045],[-97.79836817,30.2928032900045],[-97.79840233,30.2927506400046],[-97.79842877,30.2926947500046],[-97.79844708,30.2926364700045],[-97.79845701,30.2925766700046],[-97.79845518,30.2924902500046],[-97.79844402,30.2924200500045],[-97.7984303814727,30.2923715714498]]},"properties":{"AADT_CUR":1295,"RTE_NM":"258884","RTE_PRFX":"CS","RTE_NBR":"258884","SYSTEM":"Off"}},{"type":"Feature","geometry":{"type":"LineString","coordinates":[[-97.7315781932492,30.2996121976176],[-97.73156011,30.2996035],[-97.73090694,30.29928381],[-97.73067299,30.29916841],[-97.7303805,30.29902628],[-97.729788555668,30.2987126913615]]},"properties":{"AADT_CUR":13216,"RTE_NM":"258445","RTE_PRFX":"CS","RTE_NBR":"258445","SYSTEM":"Off"}},{"type":"Feature","geometry":{"type":"LineString","coordinates":[[-97.72100706,30.2650104400021],[-97.720363957,30.2648470650021],[-97.7197192479926,30.2647034208069],[-97.71850953,30.2644338800021],[-97.717934323,30.2642964880021],[-97.7178177521911,30.2642971349263],[-97.717791608,30.2642972800021],[-97.717325649999,30.2645087300025],[-97.7162253495128,30.265023009558],[-97.716085913,30.2650881810021],[-97.7150829106369,30.2655564495188],[-97.715043748,30.2655747330021],[-97.714127335,30.2659969980021],[-97.7140565003622,30.2660355642656]]},"properties":{"AADT_CUR":769,"RTE_NM":"1015838","RTE_PRFX":"CS","RTE_NBR":"1015838","SYSTEM":"Off"}},{"type":"Feature","geometry":{"type":"LineString","coordinates":[[-97.7261444132036,30.2640117468814],[-97.7261289917586,30.2640061884984]]},"properties":{"AADT_CUR":20089,"RTE_NM":"258404","RTE_PRFX":"CS","RTE_NBR":"258404","SYSTEM":"Off"}},{"type":"Feature","geometry":{"type":"LineString","coordinates":[[-97.724582815,30.2702572380042],[-97.7245704845799,30.270267050543]]},"properties":{"AADT_CUR":759,"RTE_NM":"267038","RTE_PRFX":"CS","RTE_NBR":"267038","SYSTEM":"Off"}},{"type":"Feature","geometry":{"type":"LineString","coordinates":[[-97.7295668489696,30.2777058554669],[-97.7295286441538,30.2777704249876]]},"properties":{"AADT_CUR":13316,"RTE_NM":"IH0035-AG","RTE_PRFX":"IH","RTE_NBR":"35","SYSTEM":"On"}},{"type":"Feature","geometry":{"type":"LineString","coordinates":[[-97.7444250113887,30.2906677135749],[-97.74428749,30.2923156500023],[-97.744172283349,30.2934624453105],[-97.74415357,30.2936487200022],[-97.7439810183478,30.2954228116084],[-97.7439286442618,30.2959612833737]]},"properties":{"AADT_CUR":1594,"RTE_NM":"258649","RTE_PRFX":"CS","RTE_NBR":"258649","SYSTEM":"Off"}},{"type":"Feature","geometry":{"type":"LineString","coordinates":[[-97.70423769,30.2320753500018],[-97.70370474,30.2318443800018],[-97.70330115,30.2318360900019],[-97.70245023,30.2318818800019],[-97.70206311,30.2318217000019],[-97.6997666010132,30.2308019723679]]},"properties":{"AADT_CUR":195,"RTE_NM":"1014779","RTE_PRFX":"CS","RTE_NBR":"1014779","SYSTEM":"Off"}},{"type":"Feature","geometry":{"type":"LineString","coordinates":[[-97.79248369,30.27220389],[-97.79245872,30.27267095]]},"properties":{"AADT_CUR":195,"RTE_NM":"1206122","RTE_PRFX":"CS","RTE_NBR":"1206122","SYSTEM":"Off"}},{"type":"Feature","geometry":{"type":"LineString","coordinates":[[-97.70533055,30.2698876600021],[-97.7047216071256,30.2710455861796]]},"properties":{"AADT_CUR":195,"RTE_NM":"1020165","RTE_PRFX":"CS","RTE_NBR":"1020165","SYSTEM":"Off"}},{"type":"Feature","geometry":{"type":"LineString","coordinates":[[-97.78122807,30.2202083000017],[-97.78137157,30.2202850100018],[-97.7815005,30.2203539700018],[-97.78161554,30.2204360300018],[-97.78169965,30.2205202100018],[-97.78180749,30.2206928800017],[-97.78186445,30.2209030100018],[-97.78186941,30.2209309400018],[-97.78188514,30.2210189300018],[-97.78186194,30.2211477400018],[-97.78184044,30.2212435700018],[-97.78174951,30.2214177700018],[-97.78166218,30.2215178200018],[-97.78122879,30.2222187400018],[-97.7811715,30.2223193900018],[-97.78114546,30.2224343800018],[-97.78114227,30.2225553300018],[-97.78112376,30.2226567000018],[-97.78107416,30.2227657500018],[-97.7810244449455,30.2228802475197],[-97.78097184,30.2229584900018],[-97.77965629,30.2249157100018],[-97.77898761,30.2260107700018]]},"properties":{"AADT_CUR":195,"RTE_NM":"1016791","RTE_PRFX":"CS","RTE_NBR":"1016791","SYSTEM":"Off"}},{"type":"Feature","geometry":{"type":"LineString","coordinates":[[-97.7679659098751,30.3139376246027],[-97.76795628,30.3139575100048],[-97.767943725779,30.3139767655894]]},"properties":{"AADT_CUR":195,"RTE_NM":"1020811","RTE_PRFX":"CS","RTE_NBR":"1020811","SYSTEM":"Off"}},{"type":"Feature","geometry":{"type":"LineString","coordinates":[[-97.7909267152918,30.2374900699356],[-97.79084696,30.237511879]]},"properties":{"AADT_CUR":37215,"RTE_NM":"SL0343-LG","RTE_PRFX":"SL","RTE_NBR":"343","SYSTEM":"On"}},{"type":"Feature","geometry":{"type":"LineString","coordinates":[[-97.7822039902502,30.2408446760504],[-97.7821873398574,30.2408458847086]]},"properties":{"AADT_CUR":195,"RTE_NM":"1016577","RTE_PRFX":"CS","RTE_NBR":"1016577","SYSTEM":"Off"}},{"type":"Feature","geometry":{"type":"LineString","coordinates":[[-97.77285836,30.257986010002],[-97.77341979,30.257834220002],[-97.77402691,30.257493700002],[-97.77448337,30.257189550002],[-97.77456886,30.257137390002],[-97.77472499,30.257081290002],[-97.774867383467,30.2570070489917],[-97.77530867,30.256878460002],[-97.77544123,30.256806030002],[-97.77565302,30.256567290002],[-97.77582117,30.256373160002],[-97.77637054,30.255598720002],[-97.77654404,30.255357400002],[-97.7770436730092,30.2547295594072],[-97.77777509,30.253810440002],[-97.77847008,30.252879260002],[-97.77905586,30.252052120002],[-97.77942318,30.251424760002],[-97.77961803,30.250867790002]]},"properties":{"AADT_CUR":195,"RTE_NM":"1264470","RTE_PRFX":"CS","RTE_NBR":"1264470","SYSTEM":"Off"}},{"type":"Feature","geometry":{"type":"LineString","coordinates":[[-97.78054907,30.25260994],[-97.78042593,30.25295403],[-97.7802387,30.25371489]]},"properties":{"AADT_CUR":195,"RTE_NM":"1013501","RTE_PRFX":"CS","RTE_NBR":"1013501","SYSTEM":"Off"}},{"type":"Feature","geometry":{"type":"LineString","coordinates":[[-97.74637581,30.2390088700019],[-97.74637047,30.2390252300019],[-97.74628944,30.2393208200019],[-97.7462645,30.2394109200019],[-97.74633603,30.2398743900019],[-97.74633316,30.2399815900019],[-97.74632142,30.2400639000019],[-97.74630514,30.2401405700019],[-97.74620282,30.2405015500019],[-97.74584985,30.2410252400019],[-97.74577977,30.2410980800019],[-97.7456962,30.2411431200019],[-97.7456073,30.2412100900019],[-97.74546957,30.2413861000019],[-97.74488882,30.2423699900019],[-97.74486342,30.2424101800019],[-97.74453737,30.2429267100019],[-97.74428715,30.243545970002],[-97.7439840389144,30.2444529329363],[-97.74358106,30.2455422000019],[-97.74355038,30.245643200002],[-97.743469,30.2459112300019],[-97.7432306,30.2462061600019],[-97.74309686,30.2463217300019],[-97.74301661,30.2464494000019],[-97.74299929,30.2465342800019],[-97.7430073,30.2466197000019],[-97.74301944,30.246757490002],[-97.74268919,30.247141370002],[-97.7420329,30.248164960002],[-97.74194122,30.248302120002],[-97.74192428,30.248372730002],[-97.74197877,30.2489862000019],[-97.74196684,30.249111040002],[-97.7419306,30.249179370002],[-97.74177509,30.249449660002],[-97.74175603,30.249470420002],[-97.74170574,30.249525270002],[-97.74155062,30.249698150002],[-97.74138031,30.249788160002],[-97.74119771,30.249914230002],[-97.74096231,30.250076790002],[-97.74071991,30.250422200002],[-97.7405134975473,30.250705674299]]},"properties":{"AADT_CUR":195,"RTE_NM":"1013508","RTE_PRFX":"CS","RTE_NBR":"1013508","SYSTEM":"Off"}},{"type":"Feature","geometry":{"type":"LineString","coordinates":[[-97.7220256781326,30.2561921370236],[-97.72202101,30.256202150002],[-97.7220130725965,30.2562190441297]]},"properties":{"AADT_CUR":195,"RTE_NM":"1013663","RTE_PRFX":"CS","RTE_NBR":"1013663","SYSTEM":"Off"}},{"type":"Feature","geometry":{"type":"LineString","coordinates":[[-97.73349573,30.2939530500023],[-97.7329766575127,30.2936952180377]]},"properties":{"AADT_CUR":195,"RTE_NM":"1016382","RTE_PRFX":"CS","RTE_NBR":"1016382","SYSTEM":"Off"}},{"type":"Feature","geometry":{"type":"LineString","coordinates":[[-97.71815706,30.29057709],[-97.71613119,30.29002689],[-97.71590127,30.28996446],[-97.71502778,30.28956982],[-97.71424085,30.28920692],[-97.71406059,30.28912375],[-97.71343124,30.28898712],[-97.7132069,30.2888572],[-97.71303729,30.28875901]]},"properties":{"AADT_CUR":195,"RTE_NM":"1015868","RTE_PRFX":"CS","RTE_NBR":"1015868","SYSTEM":"Off"}},{"type":"Feature","geometry":{"type":"LineString","coordinates":[[-97.7346210546402,30.2657768014028],[-97.73250612,30.26512775],[-97.73050594,30.26443426],[-97.72847901,30.26372849],[-97.72655186,30.2630844],[-97.7225685748418,30.2617216676327]]},"properties":{"AADT_CUR":6381,"RTE_NM":"258399","RTE_PRFX":"CS","RTE_NBR":"258399","SYSTEM":"Off"}},{"type":"Feature","geometry":{"type":"LineString","coordinates":[[-97.7428223989969,30.2681068524742],[-97.7441108562779,30.2684602749863],[-97.7451654397737,30.2687542122392]]},"properties":{"AADT_CUR":7068,"RTE_NM":"258400","RTE_PRFX":"CS","RTE_NBR":"258400","SYSTEM":"Off"}},{"type":"Feature","geometry":{"type":"LineString","coordinates":[[-97.75016654,30.268124420002],[-97.74920466,30.2678030300021],[-97.74913539,30.2677807900021],[-97.74821136,30.2675228400021],[-97.74806294,30.2674814000021],[-97.74711085,30.2672243600021],[-97.7469719750819,30.2671868809396],[-97.74602257,30.2669189400021],[-97.74587072,30.2668760500021],[-97.7448275083163,30.266573366384],[-97.74481115,30.2665686200021],[-97.743514470891,30.2662142317035]]},"properties":{"AADT_CUR":195,"RTE_NM":"1021242","RTE_PRFX":"CS","RTE_NBR":"1021242","SYSTEM":"Off"}},{"type":"Feature","geometry":{"type":"LineString","coordinates":[[-97.75695995,30.28042763],[-97.75650815,30.28120792],[-97.75604267,30.28202641],[-97.75601918,30.28207299],[-97.75539967,30.2833028],[-97.75535561,30.28338837]]},"properties":{"AADT_CUR":195,"RTE_NM":"1018070","RTE_PRFX":"CS","RTE_NBR":"1018070","SYSTEM":"Off"}},{"type":"Feature","geometry":{"type":"LineString","coordinates":[[-97.69247065,30.25311017],[-97.69252012,30.25302535],[-97.69254424,30.25294598],[-97.69254068,30.25278881],[-97.69250088,30.25209402],[-97.69248075,30.25184785],[-97.69245132,30.25174126],[-97.69238363,30.25150216],[-97.6923412,30.25134312],[-97.69218027,30.25098934],[-97.69202337,30.25068974],[-97.69134205,30.24955107],[-97.69124471,30.24929109],[-97.69117922,30.2490947],[-97.69112604,30.24875087],[-97.69112555,30.24847269],[-97.69114768,30.24805743],[-97.69119299,30.24761006],[-97.69123333,30.2472091],[-97.69131186,30.24654249]]},"properties":{"AADT_CUR":27494,"RTE_NM":"SL0111-RG","RTE_PRFX":"SL","RTE_NBR":"111","SYSTEM":"On"}},{"type":"Feature","geometry":{"type":"LineString","coordinates":[[-97.7517257033484,30.3107365303377],[-97.7517203830631,30.3107502559763]]},"properties":{"AADT_CUR":195,"RTE_NM":"1017665","RTE_PRFX":"CS","RTE_NBR":"1017665","SYSTEM":"Off"}},{"type":"Feature","geometry":{"type":"LineString","coordinates":[[-97.7327474955326,30.3111393390663],[-97.7327568011238,30.3111272738769]]},"properties":{"AADT_CUR":3559,"RTE_NM":"258545","RTE_PRFX":"CS","RTE_NBR":"258545","SYSTEM":"Off"}},{"type":"Feature","geometry":{"type":"LineString","coordinates":[[-97.743916187834,30.2852548185497],[-97.7439230494634,30.2851824778902]]},"properties":{"AADT_CUR":913,"RTE_NM":"258622","RTE_PRFX":"CS","RTE_NBR":"258622","SYSTEM":"Off"}},{"type":"Feature","geometry":{"type":"LineString","coordinates":[[-97.7966619,30.23368314],[-97.79533348,30.234447145],[-97.795027784,30.234621225],[-97.79422465,30.23506216],[-97.793523557,30.235468708],[-97.79290293,30.23586135],[-97.792607054,30.236069676],[-97.7924673543147,30.236158028951]]},"properties":{"AADT_CUR":499,"RTE_NM":"SL0343-AG","RTE_PRFX":"SL","RTE_NBR":"343","SYSTEM":"On"}},{"type":"Feature","geometry":{"type":"LineString","coordinates":[[-97.75688969,30.24575363],[-97.75440367,30.24504458],[-97.75164061,30.24425155]]},"properties":{"AADT_CUR":386,"RTE_NM":"1264460","RTE_PRFX":"CS","RTE_NBR":"1264460","SYSTEM":"Off"}},{"type":"Feature","geometry":{"type":"LineString","coordinates":[[-97.7484452764753,30.24006050909],[-97.74843799,30.2400708700019],[-97.7483918369063,30.2401506671445]]},"properties":{"AADT_CUR":195,"RTE_NM":"1019404","RTE_PRFX":"CS","RTE_NBR":"1019404","SYSTEM":"Off"}},{"type":"Feature","geometry":{"type":"LineString","coordinates":[[-97.70052085,30.28601344],[-97.70052445,30.28607652],[-97.70054119,30.28637137],[-97.70096897,30.28732763],[-97.70108765,30.28759284],[-97.70112608,30.28768295]]},"properties":{"AADT_CUR":195,"RTE_NM":"1018897","RTE_PRFX":"CS","RTE_NBR":"1018897","SYSTEM":"Off"}},{"type":"Feature","geometry":{"type":"LineString","coordinates":[[-97.7422769955958,30.2244991403468],[-97.74228984,30.2244678200018],[-97.74230541,30.2242326400018],[-97.7421612,30.2226778200018],[-97.74211491,30.2220840000018],[-97.74217534,30.2216490400018],[-97.74226834,30.2211100100017],[-97.74236482,30.2208501100018],[-97.7424906,30.2206256000018],[-97.74265735,30.2203669400018],[-97.74300456,30.2201201900018],[-97.7439417458927,30.2196709019708]]},"properties":{"AADT_CUR":3779,"RTE_NM":"258633","RTE_PRFX":"CS","RTE_NBR":"258633","SYSTEM":"Off"}},{"type":"Feature","geometry":{"type":"LineString","coordinates":[[-97.7281190340978,30.2978652165943],[-97.7281111553876,30.297878025384]]},"properties":{"AADT_CUR":195,"RTE_NM":"1018395","RTE_PRFX":"CS","RTE_NBR":"1018395","SYSTEM":"Off"}},{"type":"Feature","geometry":{"type":"LineString","coordinates":[[-97.73005829,30.29249435],[-97.73001252,30.29257568],[-97.72962386,30.29326662]]},"properties":{"AADT_CUR":195,"RTE_NM":"1016197","RTE_PRFX":"CS","RTE_NBR":"1016197","SYSTEM":"Off"}},{"type":"Feature","geometry":{"type":"LineString","coordinates":[[-97.73602462,30.29317564],[-97.73597337,30.29322169],[-97.73518703,30.29390759]]},"properties":{"AADT_CUR":525,"RTE_NM":"1020280","RTE_PRFX":"CS","RTE_NBR":"1020280","SYSTEM":"Off"}},{"type":"Feature","geometry":{"type":"LineString","coordinates":[[-97.7392027879831,30.2778757034002],[-97.73916873,30.2778657100066],[-97.7391552478443,30.2778616961401]]},"properties":{"AADT_CUR":427,"RTE_NM":"1021196","RTE_PRFX":"CS","RTE_NBR":"1021196","SYSTEM":"Off"}},{"type":"Feature","geometry":{"type":"LineString","coordinates":[[-97.7472964008416,30.2662990442975],[-97.7473166270815,30.266243691794]]},"properties":{"AADT_CUR":6226,"RTE_NM":"258545","RTE_PRFX":"CS","RTE_NBR":"258545","SYSTEM":"Off"}},{"type":"Feature","geometry":{"type":"LineString","coordinates":[[-97.7680322082865,30.2812685869956],[-97.76802264,30.2812629100022],[-97.7680034631681,30.2812538153232]]},"properties":{"AADT_CUR":195,"RTE_NM":"1016964","RTE_PRFX":"CS","RTE_NBR":"1016964","SYSTEM":"Off"}},{"type":"Feature","geometry":{"type":"LineString","coordinates":[[-97.7985193997505,30.2730894286664],[-97.79788539,30.27267879],[-97.79748844,30.27239253],[-97.79674977,30.27178594],[-97.79663023,30.27171698],[-97.79652105,30.27167687],[-97.7962744,30.2716296],[-97.79608741,30.27162158],[-97.7956353,30.27165199],[-97.79528301,30.27165068],[-97.7950191,30.27163655],[-97.79480007,30.27158498],[-97.79446943,30.27146599],[-97.79366981,30.2710496],[-97.79324949,30.27085919],[-97.79278973,30.27073204],[-97.79253112,30.27068403],[-97.79229003,30.27064607],[-97.79187542,30.27061528],[-97.7914739,30.2706159],[-97.79091787,30.27068535],[-97.79050077,30.27077577],[-97.78855963,30.27126818],[-97.78816106,30.2713409],[-97.78791892,30.2713367],[-97.78770496,30.27130432],[-97.78744765,30.27124251],[-97.78730568,30.27119227],[-97.78712618,30.27109836],[-97.78689836,30.27095106],[-97.78670896,30.27080919],[-97.78648324,30.27057113],[-97.78636646,30.27038275],[-97.78625642,30.27014192],[-97.78620523,30.2699738],[-97.78617317,30.26975805],[-97.78615814,30.26962893],[-97.78616002,30.26883098],[-97.78615386,30.26838171],[-97.78612108,30.26813266],[-97.78601775,30.26783939],[-97.7858902,30.26764126],[-97.7857512,30.26746205],[-97.78561111,30.2673306],[-97.78539421,30.26718826],[-97.7850328,30.26701888],[-97.78465695,30.26693174],[-97.78372019,30.26673388],[-97.78344661,30.26666222],[-97.78322332,30.266558],[-97.78309335,30.26646495],[-97.78287183,30.26628429],[-97.78271711,30.26607135],[-97.78254215,30.26577901],[-97.78247746,30.26565703],[-97.78232168,30.26535803]]},"properties":{"AADT_CUR":35694,"RTE_NM":"RM2244-KG","RTE_PRFX":"RM","RTE_NBR":"2244","SYSTEM":"On"}},{"type":"Feature","geometry":{"type":"LineString","coordinates":[[-97.7949513118156,30.2193067585847],[-97.7949849856122,30.2192526660452],[-97.79499739,30.2192327400018],[-97.7954315753767,30.2184928800215]]},"properties":{"AADT_CUR":8282,"RTE_NM":"258600","RTE_PRFX":"CS","RTE_NBR":"258600","SYSTEM":"Off"}},{"type":"Feature","geometry":{"type":"LineString","coordinates":[[-97.6946186063877,30.2982008196055],[-97.69461508,30.2981979800046],[-97.6947322729816,30.2982732346699]]},"properties":{"AADT_CUR":195,"RTE_NM":"1019089","RTE_PRFX":"CS","RTE_NBR":"1019089","SYSTEM":"Off"}},{"type":"Feature","geometry":{"type":"LineString","coordinates":[[-97.7035622650764,30.3141984059999],[-97.70281947,30.3135945700024],[-97.70153959,30.3128669800024],[-97.70072793,30.3125151200024],[-97.70061379,30.3124656700024],[-97.69909281,30.3118539200024],[-97.69872917,30.3116795900024],[-97.69795917,30.3112394600024],[-97.69682201,30.3106622300024],[-97.69616061,30.3103712600024],[-97.6950862622228,30.309964236469],[-97.69418146,30.3095531500024],[-97.69397615,30.3094382000024],[-97.69382,30.3092774200024],[-97.6935274916511,30.3087256194296],[-97.6935109,30.3086943200024],[-97.6931060738102,30.3079446890562],[-97.6927059747764,30.3072037988472]]},"properties":{"AADT_CUR":195,"RTE_NM":"1019504","RTE_PRFX":"CS","RTE_NBR":"1019504","SYSTEM":"Off"}},{"type":"Feature","geometry":{"type":"LineString","coordinates":[[-97.73466227,30.2370033],[-97.73415997,30.23730664],[-97.73379291,30.23814353],[-97.73354352,30.23843828],[-97.73349459,30.23851531],[-97.73313334,30.23908453],[-97.73336998,30.23938362],[-97.73593428,30.24070355]]},"properties":{"AADT_CUR":195,"RTE_NM":"1020585","RTE_PRFX":"CS","RTE_NBR":"1020585","SYSTEM":"Off"}},{"type":"Feature","geometry":{"type":"LineString","coordinates":[[-97.7592684495722,30.2474326793008],[-97.75924372,30.24742512],[-97.759205207205,30.2474133122365]]},"properties":{"AADT_CUR":1919,"RTE_NM":"258604","RTE_PRFX":"CS","RTE_NBR":"258604","SYSTEM":"Off"}},{"type":"Feature","geometry":{"type":"LineString","coordinates":[[-97.7643385029713,30.2439279659696],[-97.7643264793008,30.2439609148563],[-97.7642831,30.2442620900019],[-97.76427502,30.2446087800019],[-97.76418433,30.2449540300019],[-97.7640102,30.2453336900019],[-97.7634115077954,30.2462667793292],[-97.76339555,30.2462916500019],[-97.7625993046579,30.24752731138],[-97.7620917602981,30.2483149301378]]},"properties":{"AADT_CUR":2733,"RTE_NM":"267234","RTE_PRFX":"CS","RTE_NBR":"267234","SYSTEM":"Off"}},{"type":"Feature","geometry":{"type":"LineString","coordinates":[[-97.74033075,30.251298920002],[-97.73927384,30.2506944200019],[-97.73904533,30.250739320002],[-97.73881738,30.250597250002],[-97.73860426,30.250464490002],[-97.73857092,30.250443680002],[-97.7384735,30.250439260002],[-97.7383526,30.250433760002],[-97.73803667,30.250196330002],[-97.73771237,30.250063240002],[-97.73752845,30.249833050002],[-97.73725018,30.249574940002],[-97.73720237,30.249530350002],[-97.7371805,30.249461140002],[-97.73719902,30.249389980002],[-97.73723224,30.249332740002],[-97.73724469,30.249311200002],[-97.7373163162953,30.2492348226864]]},"properties":{"AADT_CUR":195,"RTE_NM":"1016016","RTE_PRFX":"CS","RTE_NBR":"1016016","SYSTEM":"Off"}},{"type":"Feature","geometry":{"type":"LineString","coordinates":[[-97.73847413,30.256610740002],[-97.7373961757873,30.2562412911906]]},"properties":{"AADT_CUR":195,"RTE_NM":"1017579","RTE_PRFX":"CS","RTE_NBR":"1017579","SYSTEM":"Off"}},{"type":"Feature","geometry":{"type":"LineString","coordinates":[[-97.7092491247643,30.2602081648089],[-97.70924855,30.2602095200061],[-97.70910577,30.2601336900062],[-97.7075161899983,30.2595715400054],[-97.70677294,30.2593199400061],[-97.70634746,30.259097120006],[-97.70563418,30.258877350006],[-97.70545243,30.258847550006],[-97.70424308,30.258405530006],[-97.7041129199992,30.2583579700057],[-97.7034295599984,30.2581184200055],[-97.70267929,30.257861540006],[-97.7025836199989,30.2578287600056],[-97.701614179998,30.2574788400052],[-97.70101554,30.257261530006],[-97.7009222715542,30.2572276550239],[-97.70048445,30.256820290006],[-97.69995016,30.256558260006],[-97.6990385399981,30.256111200005],[-97.6978392,30.255478730006],[-97.69751875,30.255147600006],[-97.6966927827812,30.2547408585371]]},"properties":{"AADT_CUR":195,"RTE_NM":"1016633","RTE_PRFX":"CS","RTE_NBR":"1016633","SYSTEM":"Off"}},{"type":"Feature","geometry":{"type":"LineString","coordinates":[[-97.7129436958418,30.3004704724494],[-97.71294346,30.3004764800023],[-97.7129302725237,30.3004963806875]]},"properties":{"AADT_CUR":195,"RTE_NM":"1018951","RTE_PRFX":"CS","RTE_NBR":"1018951","SYSTEM":"Off"}},{"type":"Feature","geometry":{"type":"LineString","coordinates":[[-97.7229752709318,30.2972830401636],[-97.72220615,30.2969497200023],[-97.72091692,30.2963376200023],[-97.72022561,30.2959989800023],[-97.71993423,30.2958586000023],[-97.71954315,30.2956701200023],[-97.7194113413066,30.2956066278107]]},"properties":{"AADT_CUR":195,"RTE_NM":"1015873","RTE_PRFX":"CS","RTE_NBR":"1015873","SYSTEM":"Off"}},{"type":"Feature","geometry":{"type":"LineString","coordinates":[[-97.73177821,30.30141016],[-97.73190591,30.30147395],[-97.7327481,30.30189181]]},"properties":{"AADT_CUR":195,"RTE_NM":"1015873","RTE_PRFX":"CS","RTE_NBR":"1015873","SYSTEM":"Off"}},{"type":"Feature","geometry":{"type":"LineString","coordinates":[[-97.7326157467338,30.3000947229821],[-97.7326070634909,30.3001070533751]]},"properties":{"AADT_CUR":195,"RTE_NM":"1016727","RTE_PRFX":"CS","RTE_NBR":"1016727","SYSTEM":"Off"}},{"type":"Feature","geometry":{"type":"LineString","coordinates":[[-97.72216155,30.2838077700022],[-97.72196884,30.2832169800022],[-97.7218771387512,30.2828030539677],[-97.7216634419889,30.2818384439895]]},"properties":{"AADT_CUR":1807,"RTE_NM":"258510","RTE_PRFX":"CS","RTE_NBR":"258510","SYSTEM":"Off"}},{"type":"Feature","geometry":{"type":"LineString","coordinates":[[-97.74144196,30.2718031800021],[-97.7400701661059,30.2714222034995],[-97.7390437310813,30.2711371289187],[-97.7379389506645,30.2708302841431],[-97.73689045,30.2705390600021],[-97.7357823368846,30.2702313843169]]},"properties":{"AADT_CUR":195,"RTE_NM":"1264449","RTE_PRFX":"CS","RTE_NBR":"1264449","SYSTEM":"Off"}},{"type":"Feature","geometry":{"type":"LineString","coordinates":[[-97.7003704414951,30.2973646519273],[-97.70119078,30.2973454300023],[-97.70197252,30.2973263700023],[-97.7027863062994,30.2973069550086],[-97.70280789,30.2973064400023],[-97.7028409822267,30.2973221147044],[-97.704820988376,30.2982599537629],[-97.7049680184712,30.2983295932934]]},"properties":{"AADT_CUR":195,"RTE_NM":"1018118","RTE_PRFX":"CS","RTE_NBR":"1018118","SYSTEM":"Off"}},{"type":"Feature","geometry":{"type":"LineString","coordinates":[[-97.80189808,30.2280828200018],[-97.80142502,30.2278837000018],[-97.80086879,30.2278397000018],[-97.80013012,30.2280781200018],[-97.79983982,30.2283088800018],[-97.79964914,30.2286956700018],[-97.7995569719221,30.2290899269114]]},"properties":{"AADT_CUR":195,"RTE_NM":"1019791","RTE_PRFX":"CS","RTE_NBR":"1019791","SYSTEM":"Off"}},{"type":"Feature","geometry":{"type":"LineString","coordinates":[[-97.75155366,30.2676680900021],[-97.75127566,30.2684060400021],[-97.7509288619447,30.2693037359699],[-97.75075868,30.2697442500021],[-97.7505629174678,30.2702881049758]]},"properties":{"AADT_CUR":1367,"RTE_NM":"267532","RTE_PRFX":"CS","RTE_NBR":"267532","SYSTEM":"Off"}},{"type":"Feature","geometry":{"type":"LineString","coordinates":[[-97.7654741,30.27345314],[-97.7656346,30.27369101],[-97.76578557,30.27386635],[-97.76595574,30.27407098],[-97.76617205,30.27435464],[-97.76631486,30.27456726],[-97.76647565,30.27482748],[-97.76664172,30.27511415],[-97.76675385,30.27532571],[-97.76688925,30.27557959],[-97.76700773,30.27583346],[-97.76716957,30.2762386],[-97.7672944,30.27651364],[-97.76742768,30.27679078],[-97.76753029,30.27696532],[-97.76767415,30.27715996],[-97.76784763,30.27734191],[-97.7680391,30.27747836],[-97.76824537,30.27758414],[-97.76850136,30.27765819],[-97.76875418,30.2776931],[-97.76905354,30.2776656],[-97.76929367,30.27761059],[-97.76953802,30.27750692],[-97.76978026,30.27734508],[-97.77003414,30.27712717],[-97.77024676,30.27685848],[-97.77037898,30.27665327],[-97.77051756,30.27637929],[-97.77068998,30.27606089],[-97.77086875,30.27572028],[-97.77104752,30.27538389],[-97.77123264,30.27502846],[-97.77142397,30.27467489],[-97.77181803,30.2739009]]},"properties":{"AADT_CUR":6600,"RTE_NM":"1638921751","RTE_PRFX":"SL","RTE_NBR":"1","SYSTEM":"On"}},{"type":"Feature","geometry":{"type":"LineString","coordinates":[[-97.77256664,30.23274457],[-97.77205333,30.23251431]]},"properties":{"AADT_CUR":195,"RTE_NM":"1013796","RTE_PRFX":"CS","RTE_NBR":"1013796","SYSTEM":"Off"}},{"type":"Feature","geometry":{"type":"LineString","coordinates":[[-97.74862966,30.24264355],[-97.7488384,30.24269619],[-97.74919838,30.24278701],[-97.74931768,30.242909],[-97.74959613,30.24319386]]},"properties":{"AADT_CUR":195,"RTE_NM":"1020705","RTE_PRFX":"CS","RTE_NBR":"1020705","SYSTEM":"Off"}},{"type":"Feature","geometry":{"type":"LineString","coordinates":[[-97.736440274202,30.2547977280443],[-97.73531311,30.254425970002],[-97.73516254,30.254376320002]]},"properties":{"AADT_CUR":195,"RTE_NM":"1015128","RTE_PRFX":"CS","RTE_NBR":"1015128","SYSTEM":"Off"}},{"type":"Feature","geometry":{"type":"LineString","coordinates":[[-97.7701651930729,30.303970163555],[-97.7702501,30.30387678],[-97.77042724,30.30370053],[-97.77070139,30.30327988],[-97.77094284,30.30302549],[-97.77126307,30.30289762],[-97.77177311,30.30266879],[-97.77210008,30.30245761],[-97.77235565,30.30221599],[-97.77256883,30.30193609],[-97.77271379,30.3016967],[-97.7728337,30.30129421],[-97.77329622,30.30062658],[-97.77389389,30.29972774],[-97.77429145,30.29895887],[-97.77478549,30.298175],[-97.77500791,30.29770339],[-97.77512048,30.29740921],[-97.77520396,30.29691848],[-97.77547097,30.29638926],[-97.77595568,30.29559271],[-97.77594377,30.29548406],[-97.7760669,30.29514835],[-97.77624019,30.29493031],[-97.7764985,30.29477631],[-97.77741568,30.2931531]]},"properties":{"AADT_CUR":1741,"RTE_NM":"258635","RTE_PRFX":"CS","RTE_NBR":"258635","SYSTEM":"Off"}},{"type":"Feature","geometry":{"type":"LineString","coordinates":[[-97.7267467124711,30.287213040888],[-97.726965,30.28647741],[-97.72711308,30.2859415],[-97.72737822,30.28506592],[-97.72764858,30.28419197],[-97.72785769,30.28352899],[-97.7279230839921,30.2833229975113]]},"properties":{"AADT_CUR":2967,"RTE_NM":"258641","RTE_PRFX":"CS","RTE_NBR":"258641","SYSTEM":"Off"}},{"type":"Feature","geometry":{"type":"LineString","coordinates":[[-97.737539631411,30.2655969759521],[-97.7375237959608,30.2655923253397]]},"properties":{"AADT_CUR":6738,"RTE_NM":"258394","RTE_PRFX":"CS","RTE_NBR":"258394","SYSTEM":"Off"}},{"type":"Feature","geometry":{"type":"LineString","coordinates":[[-97.7418991455672,30.277641851521],[-97.7408256602053,30.2773554559001]]},"properties":{"AADT_CUR":16810,"RTE_NM":"258431","RTE_PRFX":"CS","RTE_NBR":"258431","SYSTEM":"Off"}},{"type":"Feature","geometry":{"type":"LineString","coordinates":[[-97.7410180810151,30.2814869416912],[-97.74091527,30.2825656400022],[-97.74089942,30.2826994000022],[-97.74077604,30.2837381800022]]},"properties":{"AADT_CUR":195,"RTE_NM":"1021548","RTE_PRFX":"CS","RTE_NBR":"1021548","SYSTEM":"Off"}},{"type":"Feature","geometry":{"type":"LineString","coordinates":[[-97.75728003,30.2816167100044],[-97.75746433,30.2819019100044],[-97.757871984946,30.2825325045516]]},"properties":{"AADT_CUR":2331,"RTE_NM":"1259438","RTE_PRFX":"CS","RTE_NBR":"1259438","SYSTEM":"Off"}},{"type":"Feature","geometry":{"type":"LineString","coordinates":[[-97.7613070436679,30.2854757127154],[-97.7612928823878,30.2854680533113]]},"properties":{"AADT_CUR":195,"RTE_NM":"1020502","RTE_PRFX":"CS","RTE_NBR":"1020502","SYSTEM":"Off"}},{"type":"Feature","geometry":{"type":"LineString","coordinates":[[-97.6955133814995,30.2655797772007],[-97.69473769,30.26304289],[-97.69385847,30.26007189],[-97.69337602,30.25844158],[-97.69312956,30.25736896],[-97.69301247,30.25670252],[-97.69278612,30.25529362],[-97.69263795,30.25430213],[-97.69255692,30.25381437],[-97.69250876,30.25345343],[-97.69247065,30.25311017],[-97.69246007,30.25295354],[-97.69243918,30.25264058],[-97.69238425,30.25215366],[-97.692348,30.25193383],[-97.69229815,30.2517187],[-97.69223717,30.25150412],[-97.69213634,30.25122882],[-97.69199607,30.25089716],[-97.69188101,30.25064095],[-97.69160934,30.25014958],[-97.69136737,30.24973689],[-97.69122486,30.24952015],[-97.69107646,30.24922389],[-97.69098437,30.24896198],[-97.69094407,30.2487669],[-97.69089678,30.24847209],[-97.69088359,30.24723758]]},"properties":{"AADT_CUR":27494,"RTE_NM":"SL0111-KG","RTE_PRFX":"SL","RTE_NBR":"111","SYSTEM":"On"}},{"type":"Feature","geometry":{"type":"LineString","coordinates":[[-97.6964530892455,30.30775563513],[-97.6964612005795,30.307742937664]]},"properties":{"AADT_CUR":11307,"RTE_NM":"258486","RTE_PRFX":"CS","RTE_NBR":"258486","SYSTEM":"Off"}},{"type":"Feature","geometry":{"type":"LineString","coordinates":[[-97.7839712320518,30.2424449955831],[-97.78397579,30.2424497600019],[-97.78423689,30.2428785000019],[-97.78391125,30.2440546600019],[-97.78379657,30.2444098900019],[-97.78383581,30.2446334700019],[-97.78398299,30.2446451200019],[-97.78471852,30.2447032600019]]},"properties":{"AADT_CUR":195,"RTE_NM":"1021479","RTE_PRFX":"CS","RTE_NBR":"1021479","SYSTEM":"Off"}},{"type":"Feature","geometry":{"type":"LineString","coordinates":[[-97.77490761,30.23823425],[-97.77484283,30.23832892],[-97.77461434,30.23866291],[-97.77453535,30.23877619],[-97.77424553,30.23919189]]},"properties":{"AADT_CUR":195,"RTE_NM":"1019102","RTE_PRFX":"CS","RTE_NBR":"1019102","SYSTEM":"Off"}},{"type":"Feature","geometry":{"type":"LineString","coordinates":[[-97.7812366414953,30.2542508128645],[-97.781219992673,30.2542493867499]]},"properties":{"AADT_CUR":195,"RTE_NM":"1013953","RTE_PRFX":"CS","RTE_NBR":"1013953","SYSTEM":"Off"}},{"type":"Feature","geometry":{"type":"LineString","coordinates":[[-97.78433435,30.2880364700022],[-97.78384639,30.2881697100022],[-97.78328789,30.2882429000022],[-97.7829141880756,30.2882410101302],[-97.78257591,30.2882635100022],[-97.78221244,30.2882979000023],[-97.7818902,30.2885007400022],[-97.781141471287,30.2889211225428]]},"properties":{"AADT_CUR":195,"RTE_NM":"1017915","RTE_PRFX":"CS","RTE_NBR":"1017915","SYSTEM":"Off"}},{"type":"Feature","geometry":{"type":"LineString","coordinates":[[-97.70712819,30.2941658800023],[-97.70706822,30.2934266800022],[-97.7070167,30.2927401500023],[-97.70693024,30.2920460300023],[-97.70680876,30.2913504400022],[-97.70671199,30.2911843700023],[-97.70663373,30.2910275600023],[-97.70653384,30.2909061500022],[-97.70638554,30.2907956800022],[-97.70623108,30.2907267500022],[-97.70610447,30.2907008900022],[-97.70597747,30.2906895700023],[-97.70545787,30.2907021900022],[-97.70528407,30.2906869900022],[-97.70513775,30.2906507400022],[-97.70497454,30.2905817100023],[-97.70484654,30.2904835900022],[-97.70470561,30.2903553700022],[-97.70459466,30.2902296300022],[-97.70439199,30.2900709000022],[-97.70415226,30.2899233200022],[-97.70388969,30.2898231300023],[-97.70361741,30.2897733700022],[-97.70334226,30.2897591100022],[-97.70293679,30.2897647900022],[-97.70255936,30.2897872400022],[-97.70240848,30.2897927000022],[-97.70224555,30.2898145000022],[-97.7020535,30.2898407500022],[-97.70176561,30.2898967200023],[-97.70157015,30.2899214000022],[-97.70132569,30.2899566100022],[-97.70098358,30.2900014100022],[-97.70066919,30.2900502800022],[-97.70037259,30.2900844600022],[-97.70008779,30.2901007000022],[-97.69962931,30.2901295600022],[-97.69922909,30.2901364000022],[-97.69896516,30.2901262200022],[-97.698779775134,30.2901312925274],[-97.69859091,30.2901364600022],[-97.69782402,30.2901831500022],[-97.69743478,30.2902362800022],[-97.69731428,30.2902566800022],[-97.69716978,30.2902869800022],[-97.69693798,30.2903378800022],[-97.69664508,30.2904216800022],[-97.69635868,30.2905130800022],[-97.69613108,30.2905976800022],[-97.69591998,30.2906912800023],[-97.69560198,30.2908493800022],[-97.69548048,30.2908998800023],[-97.69537438,30.2909347800022],[-97.69528278,30.2909508800022],[-97.69518948,30.2909610800022],[-97.69512118,30.2909614800023],[-97.69509298,30.2909613800022],[-97.69499588,30.2909612800023],[-97.69492508,30.2909625800022],[-97.69486248,30.2909625800022],[-97.69483888,30.2909627800022],[-97.69458098,30.2909671800022],[-97.69345718,30.2909934800022],[-97.69337578,30.2909953800022],[-97.69328888,30.2909971800022],[-97.69267808,30.2910160800022],[-97.69257658,30.2910170800022],[-97.69250738,30.2910143800022],[-97.69240978,30.2910091800022],[-97.69228338,30.2909861800023],[-97.69212328,30.2909457800022],[-97.69196278,30.2908941800022],[-97.69185868,30.2908750800022],[-97.69165558,30.2908690800022],[-97.69145468,30.2908752800022],[-97.69134878,30.2908797800022],[-97.69126998,30.2908964800023],[-97.69118228,30.2909258800023],[-97.69110238,30.2909757800022],[-97.69104788,30.2910293800022],[-97.69100768,30.2910791800022],[-97.69096528,30.2911408800022],[-97.69093118,30.2912183800023],[-97.69091878,30.2912848800022],[-97.69093058,30.2916770800022],[-97.69093258,30.2917434800022],[-97.69093488,30.2918220800022],[-97.69095078,30.2923626800023],[-97.69095278,30.2924324800023],[-97.69095538,30.2925075800023],[-97.69097398,30.2930480800023],[-97.69097648,30.2931201800023],[-97.69097908,30.2931952800022],[-97.69099858,30.2937478800023],[-97.69100118,30.2938230800023],[-97.69100378,30.2938967800023],[-97.69101318,30.2941665800023],[-97.69101882,30.2943227400023],[-97.69102518,30.2944884800023]]},"properties":{"AADT_CUR":195,"RTE_NM":"1020841","RTE_PRFX":"CS","RTE_NBR":"1020841","SYSTEM":"Off"}},{"type":"Feature","geometry":{"type":"LineString","coordinates":[[-97.74039321,30.22589182],[-97.73996886,30.22569409],[-97.73991871,30.22567234],[-97.7398624,30.22565825],[-97.73979688,30.22565433],[-97.73962385,30.22565341],[-97.7395583,30.2256495],[-97.73952274,30.225641],[-97.73877379,30.22529271]]},"properties":{"AADT_CUR":195,"RTE_NM":"1020033","RTE_PRFX":"CS","RTE_NBR":"1020033","SYSTEM":"Off"}},{"type":"Feature","geometry":{"type":"LineString","coordinates":[[-97.7151926864752,30.3018354045966],[-97.71509003,30.30199685],[-97.71473617,30.30252232],[-97.71393582,30.30373448],[-97.71297247,30.3052442],[-97.71236945,30.30618241],[-97.71162521,30.30732634],[-97.71126119,30.3078833],[-97.71060477,30.30888738],[-97.7102617129975,30.3094388439135]]},"properties":{"AADT_CUR":150900,"RTE_NM":"IH0035-RG","RTE_PRFX":"IH","RTE_NBR":"35","SYSTEM":"On"}},{"type":"Feature","geometry":{"type":"LineString","coordinates":[[-97.753348929621,30.2775421941199],[-97.75329364,30.2776633500022],[-97.7524987165685,30.2794574634724]]},"properties":{"AADT_CUR":195,"RTE_NM":"1014817","RTE_PRFX":"CS","RTE_NBR":"1014817","SYSTEM":"Off"}},{"type":"Feature","geometry":{"type":"LineString","coordinates":[[-97.7448439468113,30.2861736924781],[-97.7448272507565,30.2861725799094]]},"properties":{"AADT_CUR":195,"RTE_NM":"1021201","RTE_PRFX":"CS","RTE_NBR":"1021201","SYSTEM":"Off"}},{"type":"Feature","geometry":{"type":"LineString","coordinates":[[-97.74603513,30.29077162],[-97.74598731,30.29137295],[-97.74592798,30.29169357],[-97.74574508,30.29355186],[-97.74570356,30.29422579],[-97.74558082,30.29553974]]},"properties":{"AADT_CUR":195,"RTE_NM":"1019832","RTE_PRFX":"CS","RTE_NBR":"1019832","SYSTEM":"Off"}},{"type":"Feature","geometry":{"type":"LineString","coordinates":[[-97.7921267996093,30.2239588398137],[-97.79248147,30.2242219300018],[-97.79284182,30.2250972600018],[-97.79285135,30.2251203600018],[-97.79339049,30.2261919300018],[-97.79351949,30.2264482900018],[-97.79366001,30.2267630400018],[-97.79390234,30.2273057200018],[-97.79429127,30.2281742800018],[-97.79436046,30.2283230700018],[-97.79463598,30.2289154400018],[-97.79523344,30.2300099700018],[-97.79530804,30.2301505300018],[-97.7953362834806,30.2302013604163],[-97.79539372,30.2303047300018],[-97.79556282,30.2306169900018],[-97.79561582,30.2307692800018],[-97.79564663,30.2309844200018],[-97.7955407,30.2311077600018],[-97.79514262,30.2315712500019],[-97.7944414079249,30.2324585768446]]},"properties":{"AADT_CUR":1967,"RTE_NM":"1016438","RTE_PRFX":"CS","RTE_NBR":"1016438","SYSTEM":"Off"}},{"type":"Feature","geometry":{"type":"LineString","coordinates":[[-97.79322892,30.25173707],[-97.79313484,30.25170072],[-97.79259152,30.25149068]]},"properties":{"AADT_CUR":195,"RTE_NM":"1020824","RTE_PRFX":"CS","RTE_NBR":"1020824","SYSTEM":"Off"}},{"type":"Feature","geometry":{"type":"LineString","coordinates":[[-97.7085057020788,30.2999820109441],[-97.70695299,30.2992478900023]]},"properties":{"AADT_CUR":195,"RTE_NM":"1019330","RTE_PRFX":"CS","RTE_NBR":"1019330","SYSTEM":"Off"}},{"type":"Feature","geometry":{"type":"LineString","coordinates":[[-97.79262146,30.21890014],[-97.7919391,30.21898559]]},"properties":{"AADT_CUR":195,"RTE_NM":"1018828","RTE_PRFX":"CS","RTE_NBR":"1018828","SYSTEM":"Off"}},{"type":"Feature","geometry":{"type":"LineString","coordinates":[[-97.706894907,30.3183466340798],[-97.70406538,30.3170526200024],[-97.70170917,30.3158977100024],[-97.70153536,30.3158125400024]]},"properties":{"AADT_CUR":3930,"RTE_NM":"1019443","RTE_PRFX":"CS","RTE_NBR":"1019443","SYSTEM":"Off"}},{"type":"Feature","geometry":{"type":"LineString","coordinates":[[-97.73968249,30.22761999],[-97.73949187,30.22789776],[-97.73941063,30.22793919],[-97.7387018,30.22762331],[-97.73864706,30.22752943],[-97.73892521,30.22709868]]},"properties":{"AADT_CUR":195,"RTE_NM":"1021679","RTE_PRFX":"CS","RTE_NBR":"1021679","SYSTEM":"Off"}},{"type":"Feature","geometry":{"type":"LineString","coordinates":[[-97.72426595,30.23074777],[-97.72539302,30.23124918]]},"properties":{"AADT_CUR":195,"RTE_NM":"1020058","RTE_PRFX":"CS","RTE_NBR":"1020058","SYSTEM":"Off"}},{"type":"Feature","geometry":{"type":"LineString","coordinates":[[-97.7493481853625,30.2597568540447],[-97.7493559700006,30.259743650003],[-97.7500873483103,30.2584222801039]]},"properties":{"AADT_CUR":21040,"RTE_NM":"258383","RTE_PRFX":"CS","RTE_NBR":"258383","SYSTEM":"Off"}},{"type":"Feature","geometry":{"type":"LineString","coordinates":[[-97.73487815,30.252258290002],[-97.73493022,30.252149360002],[-97.7350386,30.252036020002],[-97.73515275,30.251914600002],[-97.73529839,30.251829560002],[-97.73541796,30.251771460002],[-97.73557177,30.251736070002],[-97.73571538,30.2517252300019],[-97.7358233547529,30.2517503740495],[-97.73587442,30.251761460002],[-97.73607019,30.251814930002],[-97.7360880093574,30.2518204108803],[-97.73611808,30.251829660002],[-97.73615266,30.251839710002],[-97.7362346122356,30.2518635791013],[-97.73633733,30.251894610002],[-97.73640172,30.251915170002],[-97.7364734626301,30.2519408855854],[-97.73655625,30.251970560002],[-97.73658114,30.251987810002],[-97.73666534,30.252036030002],[-97.73675594,30.252084610002],[-97.7368472,30.252166230002],[-97.7370388,30.252439590002],[-97.7371383,30.252562670002],[-97.73725069,30.252683220002],[-97.73733777,30.252772990002],[-97.73744132,30.252838320002],[-97.73762869,30.252968630002],[-97.73776287,30.253062660002],[-97.73781062,30.253096110002],[-97.73804948,30.253342980002],[-97.73820761,30.253560710002],[-97.73824596,30.253634100002],[-97.73848779,30.254097200002],[-97.73855486,30.254194820002],[-97.73860522,30.254267380002],[-97.73868273,30.254359650002],[-97.73872371,30.254395580002],[-97.7387663,30.254432880002],[-97.73886526,30.254522900002],[-97.73892488,30.254573610002],[-97.73899151,30.254657440002],[-97.7390169,30.254715740002],[-97.73903197,30.254778480002],[-97.73903685,30.254798660002],[-97.73904383,30.254862060002],[-97.73903662,30.254925170002],[-97.73901561,30.255026510002],[-97.73889452,30.255466860002],[-97.73847413,30.256610740002],[-97.73845169,30.256673430002],[-97.7381264,30.257582820002],[-97.73808981,30.257679550002],[-97.73790254,30.258174930002],[-97.7377877543011,30.2582905163158]]},"properties":{"AADT_CUR":195,"RTE_NM":"1015970","RTE_PRFX":"CS","RTE_NBR":"1015970","SYSTEM":"Off"}},{"type":"Feature","geometry":{"type":"LineString","coordinates":[[-97.7091111792571,30.2611152022773],[-97.70723685,30.2604833600021],[-97.70708533,30.2604322000021],[-97.70522718,30.259816690002],[-97.7050856296658,30.259768435789]]},"properties":{"AADT_CUR":195,"RTE_NM":"1016504","RTE_PRFX":"CS","RTE_NBR":"1016504","SYSTEM":"Off"}},{"type":"Feature","geometry":{"type":"LineString","coordinates":[[-97.79395087,30.27728805],[-97.79381348,30.27723459],[-97.79353372,30.27712577],[-97.79351483,30.27712051]]},"properties":{"AADT_CUR":195,"RTE_NM":"1252106","RTE_PRFX":"CS","RTE_NBR":"1252106","SYSTEM":"Off"}},{"type":"Feature","geometry":{"type":"LineString","coordinates":[[-97.72365919,30.3035774200023],[-97.7230883060008,30.3044569429373],[-97.72306718,30.3044894900023],[-97.72303361,30.3045447500023],[-97.7226202047688,30.3052254821851],[-97.72260356,30.3052528900023],[-97.72259315,30.3052695700023],[-97.72214211,30.3059943400023],[-97.7221253288237,30.3060201623841],[-97.7216393599989,30.3067679500041],[-97.72158179,30.3068610100024],[-97.7211354699989,30.3075827700042],[-97.72111163,30.3076213300024],[-97.7205188399981,30.3085823600038],[-97.72043491,30.3086452800024],[-97.72012976,30.3088741900024],[-97.71980444,30.3093268900024],[-97.71958822,30.3097625400024],[-97.71934004,30.3099417300024],[-97.7193358,30.3100984200024]]},"properties":{"AADT_CUR":195,"RTE_NM":"1016039","RTE_PRFX":"CS","RTE_NBR":"1016039","SYSTEM":"Off"}},{"type":"Feature","geometry":{"type":"LineString","coordinates":[[-97.729788555668,30.2987126913615],[-97.72977819,30.2987072],[-97.72915285,30.29839685],[-97.7285687,30.29807838],[-97.728562447618,30.2980756469488]]},"properties":{"AADT_CUR":13152,"RTE_NM":"258445","RTE_PRFX":"CS","RTE_NBR":"258445","SYSTEM":"Off"}},{"type":"Feature","geometry":{"type":"LineString","coordinates":[[-97.73838317,30.28489619],[-97.73743677,30.28474968],[-97.73729993,30.28472849],[-97.73690833,30.28470452],[-97.73605645,30.28454709]]},"properties":{"AADT_CUR":195,"RTE_NM":"1015851","RTE_PRFX":"CS","RTE_NBR":"1015851","SYSTEM":"Off"}},{"type":"Feature","geometry":{"type":"LineString","coordinates":[[-97.7344703924085,30.2646723380292],[-97.73446253,30.2646704500021],[-97.73399429,30.2645261800021],[-97.73295809,30.2641778300021],[-97.73193762,30.2638353300021],[-97.73094194,30.2635125700021],[-97.73004837,30.2632195200021],[-97.72989608,30.2631695600021],[-97.72894567,30.2628146800021],[-97.72811152,30.2625194600021],[-97.72797277,30.262470390002],[-97.726964239861,30.2621497378325],[-97.72578814,30.261710850002],[-97.72529171,30.261524750002],[-97.7229811549297,30.2607401313076],[-97.72295671,30.2607318300021],[-97.7190554029805,30.2593910729855],[-97.7179438,30.2590013900021],[-97.71508801,30.257994180002],[-97.71385843,30.257581660002],[-97.71373486,30.257540220002],[-97.71161013,30.256798170002],[-97.71110783,30.256628360002],[-97.7110918616289,30.2566228575043],[-97.71010656,30.256283330002],[-97.7091497,30.255936440002],[-97.70723564,30.255299700002],[-97.707149670787,30.2552710867746],[-97.70575189,30.254781420002],[-97.70569038,30.254759890002],[-97.70382467,30.254080770002],[-97.703088302939,30.2538585460639],[-97.69991354,30.252718770002],[-97.69852074,30.252241360002],[-97.6982940442959,30.2521748444514],[-97.69813856,30.252127190002],[-97.69732714,30.251704030002],[-97.69687274,30.251479130002],[-97.69656564,30.251360080002],[-97.69623675,30.251230250002]]},"properties":{"AADT_CUR":531,"RTE_NM":"1015899","RTE_PRFX":"CS","RTE_NBR":"1015899","SYSTEM":"Off"}},{"type":"Feature","geometry":{"type":"LineString","coordinates":[[-97.7343633533445,30.2708498179481],[-97.73432032,30.2709639000021],[-97.73393209,30.2719587200021],[-97.733917475,30.2719963390021],[-97.73391075,30.2720136500021],[-97.73387761,30.2721075600021],[-97.73351446,30.2730507400021]]},"properties":{"AADT_CUR":195,"RTE_NM":"1019767","RTE_PRFX":"CS","RTE_NBR":"1019767","SYSTEM":"Off"}},{"type":"Feature","geometry":{"type":"LineString","coordinates":[[-97.72761494,30.2676282400021],[-97.7274023800288,30.2684941709376]]},"properties":{"AADT_CUR":195,"RTE_NM":"1021520","RTE_PRFX":"CS","RTE_NBR":"1021520","SYSTEM":"Off"}},{"type":"Feature","geometry":{"type":"LineString","coordinates":[[-97.7420271485006,30.244026756313],[-97.74186762,30.2440092700057],[-97.74158834,30.2439836800058],[-97.74143878,30.2439806600057],[-97.74035319,30.2442392500057],[-97.73874056,30.2446329000057],[-97.73783765,30.2447823800059],[-97.7370920099984,30.2447700200033],[-97.73688791,30.2444660700057],[-97.73693233,30.2442876200057],[-97.7369696299992,30.2441377100057],[-97.7365982,30.2440779000058],[-97.7359383,30.2441168100059],[-97.73572148,30.2440300900057],[-97.7355956490095,30.2439797940514]]},"properties":{"AADT_CUR":195,"RTE_NM":"1019396","RTE_PRFX":"CS","RTE_NBR":"1019396","SYSTEM":"Off"}},{"type":"Feature","geometry":{"type":"LineString","coordinates":[[-97.7971583,30.2213910500018],[-97.7967075687178,30.222076303423]]},"properties":{"AADT_CUR":195,"RTE_NM":"1021703","RTE_PRFX":"CS","RTE_NBR":"1021703","SYSTEM":"Off"}},{"type":"Feature","geometry":{"type":"LineString","coordinates":[[-97.68638087,30.2666429200021],[-97.68691306,30.2673826200021],[-97.68710337,30.2676643700021],[-97.68720172,30.2677779200021],[-97.68741093,30.2680196000021],[-97.68782594,30.2684989000021],[-97.68819385,30.2687366500021],[-97.68825245,30.2687744900021],[-97.68880782,30.2694020600021],[-97.68916466,30.2698052100021],[-97.68921445,30.2698614900021],[-97.68970794,30.2707022900021],[-97.69009278,30.2713570600021],[-97.69013177,30.2714233800021],[-97.69014991,30.2714331800021],[-97.69085931,30.2718179300021],[-97.69138728,30.2720227200021],[-97.6913956670355,30.2720264070062]]},"properties":{"AADT_CUR":195,"RTE_NM":"1019874","RTE_PRFX":"CS","RTE_NBR":"1019874","SYSTEM":"Off"}},{"type":"Feature","geometry":{"type":"LineString","coordinates":[[-97.7995569719221,30.2290899269114],[-97.79955634,30.2290926300018],[-97.7995703036703,30.2291316368167]]},"properties":{"AADT_CUR":195,"RTE_NM":"1019791","RTE_PRFX":"CS","RTE_NBR":"1019791","SYSTEM":"Off"}},{"type":"Feature","geometry":{"type":"LineString","coordinates":[[-97.6854554789476,30.2778090255848],[-97.6854546,30.2778149200022],[-97.6854866458085,30.2778588530757]]},"properties":{"AADT_CUR":195,"RTE_NM":"1015984","RTE_PRFX":"CS","RTE_NBR":"1015984","SYSTEM":"Off"}},{"type":"Feature","geometry":{"type":"LineString","coordinates":[[-97.78305335,30.249912250002],[-97.78308378,30.249629580002],[-97.78301871,30.249546710002],[-97.78290832,30.249406060002],[-97.78254968,30.249071630002],[-97.781310054161,30.2482860780565],[-97.78128159,30.248268040002],[-97.78050188,30.247564920002],[-97.77942725,30.2467541600019],[-97.7787343612268,30.2461982148623]]},"properties":{"AADT_CUR":195,"RTE_NM":"1017512","RTE_PRFX":"CS","RTE_NBR":"1017512","SYSTEM":"Off"}},{"type":"Feature","geometry":{"type":"LineString","coordinates":[[-97.77407356,30.256199180002],[-97.77258537,30.255512090002],[-97.77198302,30.255154000002],[-97.7718758180452,30.2550902963033]]},"properties":{"AADT_CUR":195,"RTE_NM":"1021735","RTE_PRFX":"CS","RTE_NBR":"1021735","SYSTEM":"Off"}},{"type":"Feature","geometry":{"type":"LineString","coordinates":[[-97.7827899613874,30.254077740463],[-97.782776335172,30.2540693584162]]},"properties":{"AADT_CUR":195,"RTE_NM":"1013920","RTE_PRFX":"CS","RTE_NBR":"1013920","SYSTEM":"Off"}},{"type":"Feature","geometry":{"type":"LineString","coordinates":[[-97.782448,30.25214702],[-97.78171188,30.25200329]]},"properties":{"AADT_CUR":195,"RTE_NM":"1019587","RTE_PRFX":"CS","RTE_NBR":"1019587","SYSTEM":"Off"}},{"type":"Feature","geometry":{"type":"LineString","coordinates":[[-97.75824034,30.2354909800019],[-97.7578261564375,30.2362232050244]]},"properties":{"AADT_CUR":195,"RTE_NM":"1016012","RTE_PRFX":"CS","RTE_NBR":"1016012","SYSTEM":"Off"}},{"type":"Feature","geometry":{"type":"LineString","coordinates":[[-97.76379807,30.24993726],[-97.763399,30.24981877],[-97.76282369,30.24964799],[-97.76268546,30.24960693],[-97.7624231,30.24952466],[-97.76146965,30.24922496],[-97.76059545,30.24898187],[-97.76022236,30.24883821],[-97.76005297,30.24877301],[-97.75978866,30.24870442],[-97.75859107,30.24835306],[-97.75734129,30.24792163],[-97.75720371,30.24787412],[-97.75596221,30.24749023],[-97.75582438,30.24744757],[-97.75502835,30.24720936],[-97.75500997,30.24720384],[-97.75471106,30.24711436],[-97.75321037,30.24666612],[-97.7521072,30.24642934],[-97.75096628,30.24609284]]},"properties":{"AADT_CUR":1085,"RTE_NM":"1021254","RTE_PRFX":"CS","RTE_NBR":"1021254","SYSTEM":"Off"}},{"type":"Feature","geometry":{"type":"LineString","coordinates":[[-97.7271183141888,30.2910665020551],[-97.72717799,30.29091025],[-97.72719712,30.29084499],[-97.727214,30.29072629],[-97.7272249,30.29056323],[-97.72722611,30.29043815],[-97.72719571,30.29023774],[-97.7271798,30.29016728],[-97.72715546,30.29008141],[-97.72706093,30.28976848],[-97.72681531,30.28897086],[-97.72666988,30.28846149],[-97.72662734,30.28831036],[-97.72660351,30.28822401],[-97.72658955,30.28814857],[-97.72657876,30.28803414],[-97.72657724,30.287956],[-97.72658249,30.287877],[-97.72658871,30.28780486],[-97.72660289,30.28772895],[-97.72662491,30.28762169],[-97.72668219,30.28743048],[-97.7267341951599,30.2872552239911]]},"properties":{"AADT_CUR":6374,"RTE_NM":"258641","RTE_PRFX":"CS","RTE_NBR":"258641","SYSTEM":"Off"}},{"type":"Feature","geometry":{"type":"LineString","coordinates":[[-97.71640252,30.28141283],[-97.71591938,30.28149785],[-97.71456842,30.28173566]]},"properties":{"AADT_CUR":195,"RTE_NM":"1016566","RTE_PRFX":"CS","RTE_NBR":"1016566","SYSTEM":"Off"}},{"type":"Feature","geometry":{"type":"LineString","coordinates":[[-97.7187395,30.2781436],[-97.71874496,30.27817094],[-97.71890058,30.27895272]]},"properties":{"AADT_CUR":195,"RTE_NM":"1017945","RTE_PRFX":"CS","RTE_NBR":"1017945","SYSTEM":"Off"}},{"type":"Feature","geometry":{"type":"LineString","coordinates":[[-97.7592063,30.262708400002],[-97.75851477,30.2623580300021],[-97.758378726498,30.2622939215139],[-97.7581363372063,30.2621796985746],[-97.7580624482704,30.2621448792828],[-97.7579765874692,30.2621091732309],[-97.75768783,30.2619890900021],[-97.75754465,30.261929660002]]},"properties":{"AADT_CUR":195,"RTE_NM":"1014608","RTE_PRFX":"CS","RTE_NBR":"1014608","SYSTEM":"Off"}},{"type":"Feature","geometry":{"type":"LineString","coordinates":[[-97.7600935536781,30.287226897604],[-97.7601535950144,30.2871395794652]]},"properties":{"AADT_CUR":828,"RTE_NM":"258561","RTE_PRFX":"CS","RTE_NBR":"258561","SYSTEM":"Off"}},{"type":"Feature","geometry":{"type":"LineString","coordinates":[[-97.751160549839,30.2163783386973],[-97.75102436,30.21659851],[-97.7506921,30.21715721],[-97.75030723,30.21780724],[-97.74965887,30.21889593],[-97.74894625,30.22013994],[-97.74837087,30.22122268],[-97.74812116,30.22169493],[-97.74756743,30.22263997],[-97.74745668,30.22281434],[-97.74732751,30.22304524],[-97.74716874,30.22331503],[-97.74694119,30.22366369],[-97.74664106,30.22415101],[-97.74640774,30.22454488],[-97.74622938,30.22484067],[-97.74553994,30.22602089],[-97.74513332,30.22675646],[-97.74498715,30.22701132],[-97.743986,30.22869899],[-97.74335558,30.22974967],[-97.74243956,30.23129759],[-97.74185223,30.23230593],[-97.7414064,30.23316538],[-97.7410782471948,30.2337460493269]]},"properties":{"AADT_CUR":183680,"RTE_NM":"IH0035-RG","RTE_PRFX":"IH","RTE_NBR":"35","SYSTEM":"On"}},{"type":"Feature","geometry":{"type":"LineString","coordinates":[[-97.7345446833474,30.2222230205639],[-97.734542557,30.222210673],[-97.73444642,30.22165241],[-97.73428199,30.22098965],[-97.73390683,30.22029196],[-97.73379744,30.21999485],[-97.73370709,30.21985428],[-97.73366816,30.21970118],[-97.733673424,30.219251803],[-97.73367603,30.21902935],[-97.73373513,30.21810213],[-97.73375735,30.21772382],[-97.7338204,30.21753097],[-97.733975535,30.217218105],[-97.734134694,30.21690524],[-97.734411438,30.216376852],[-97.734821809,30.21568713],[-97.7350613650471,30.2153628199688]]},"properties":{"AADT_CUR":8061,"RTE_NM":"258497","RTE_PRFX":"CS","RTE_NBR":"258497","SYSTEM":"Off"}},{"type":"Feature","geometry":{"type":"LineString","coordinates":[[-97.74967554,30.31070251],[-97.749806,30.31075995],[-97.75047443,30.31105418],[-97.750583,30.31110535],[-97.75127583,30.3114318],[-97.75140731,30.31149378],[-97.75228047,30.31191566]]},"properties":{"AADT_CUR":195,"RTE_NM":"1021230","RTE_PRFX":"CS","RTE_NBR":"1021230","SYSTEM":"Off"}},{"type":"Feature","geometry":{"type":"LineString","coordinates":[[-97.7365076901328,30.3149628468669],[-97.73672423,30.31474344],[-97.73695119,30.31447238],[-97.73725211,30.31398736],[-97.73762052,30.31348409]]},"properties":{"AADT_CUR":17143,"RTE_NM":"258580","RTE_PRFX":"CS","RTE_NBR":"258580","SYSTEM":"Off"}},{"type":"Feature","geometry":{"type":"LineString","coordinates":[[-97.69250154,30.3140948],[-97.69195764,30.31382422],[-97.6916761,30.31369401],[-97.69158018,30.31365524],[-97.69149576,30.31363303],[-97.69139579,30.3136097],[-97.6911698950634,30.31355896085]]},"properties":{"AADT_CUR":4223,"RTE_NM":"258495","RTE_PRFX":"CS","RTE_NBR":"258495","SYSTEM":"Off"}},{"type":"Feature","geometry":{"type":"LineString","coordinates":[[-97.7976829945565,30.2225202858549],[-97.79767634,30.2225289600018],[-97.7976576172563,30.2225578249172]]},"properties":{"AADT_CUR":195,"RTE_NM":"1019067","RTE_PRFX":"CS","RTE_NBR":"1019067","SYSTEM":"Off"}},{"type":"Feature","geometry":{"type":"LineString","coordinates":[[-97.68542398,30.2188876400036],[-97.6855798,30.2190101500036],[-97.68606874,30.2193960100036],[-97.68639189,30.2196227200036],[-97.68647305,30.2197297600036],[-97.68649355,30.2197568300036],[-97.68658001,30.2198134600036],[-97.68684228,30.2199923000036],[-97.6868708622488,30.2200181479702]]},"properties":{"AADT_CUR":195,"RTE_NM":"1019674","RTE_PRFX":"CS","RTE_NBR":"1019674","SYSTEM":"Off"}},{"type":"Feature","geometry":{"type":"LineString","coordinates":[[-97.72344816,30.2421746100019],[-97.72271026,30.2433037200019],[-97.72207372,30.2443179500019],[-97.7220735231502,30.2443183416122]]},"properties":{"AADT_CUR":195,"RTE_NM":"1017539","RTE_PRFX":"CS","RTE_NBR":"1017539","SYSTEM":"Off"}},{"type":"Feature","geometry":{"type":"LineString","coordinates":[[-97.780178932694,30.269456729435],[-97.7801733473642,30.2694704094868]]},"properties":{"AADT_CUR":195,"RTE_NM":"1021789","RTE_PRFX":"CS","RTE_NBR":"1021789","SYSTEM":"Off"}},{"type":"Feature","geometry":{"type":"LineString","coordinates":[[-97.7732777,30.2944018000023],[-97.77319713,30.2945402700023],[-97.77275548,30.2952989800023],[-97.77272646,30.2953439700022],[-97.77154243,30.2971779400023],[-97.77085208,30.2982850100023],[-97.7708207856369,30.2983351726895]]},"properties":{"AADT_CUR":195,"RTE_NM":"1018473","RTE_PRFX":"CS","RTE_NBR":"1018473","SYSTEM":"Off"}},{"type":"Feature","geometry":{"type":"LineString","coordinates":[[-97.7707345815608,30.2859230075003],[-97.77064851,30.2860258800022],[-97.77054303,30.2862484200022],[-97.77051861,30.2864722200022],[-97.77054421,30.2866813400022],[-97.77050069,30.2868118000022],[-97.7703685,30.2877070800022],[-97.77055745,30.2880794400022],[-97.77044009,30.2883218700022],[-97.7698339481996,30.2892478432611]]},"properties":{"AADT_CUR":195,"RTE_NM":"1019189","RTE_PRFX":"CS","RTE_NBR":"1019189","SYSTEM":"Off"}},{"type":"Feature","geometry":{"type":"LineString","coordinates":[[-97.69969663,30.26624886],[-97.69849266,30.26578127]]},"properties":{"AADT_CUR":195,"RTE_NM":"1020761","RTE_PRFX":"CS","RTE_NBR":"1020761","SYSTEM":"Off"}},{"type":"Feature","geometry":{"type":"LineString","coordinates":[[-97.7044773097189,30.2889814331836],[-97.70447401,30.2889934500023],[-97.7044489506252,30.2890337250269]]},"properties":{"AADT_CUR":195,"RTE_NM":"1018007","RTE_PRFX":"CS","RTE_NBR":"1018007","SYSTEM":"Off"}},{"type":"Feature","geometry":{"type":"LineString","coordinates":[[-97.7368243148465,30.2895086018455],[-97.73682142,30.2895084400022],[-97.73624243,30.2894635100022],[-97.7346587476773,30.2893360233956]]},"properties":{"AADT_CUR":14646,"RTE_NM":"258862","RTE_PRFX":"CS","RTE_NBR":"258862","SYSTEM":"Off"}},{"type":"Feature","geometry":{"type":"LineString","coordinates":[[-97.7342416759777,30.2667555954074],[-97.73423648,30.26676947],[-97.73390385,30.26765763],[-97.73354622,30.26865549],[-97.73325682,30.26944183],[-97.7330395,30.27003942],[-97.73274645,30.2708311],[-97.7324195,30.2717145],[-97.73214233,30.27246597],[-97.73206631,30.27268166],[-97.73195384,30.27301818],[-97.73189164,30.27320172],[-97.73181874,30.27344338],[-97.73155383,30.27430683],[-97.73132117,30.27506881],[-97.73114754,30.27564282],[-97.73103295,30.27597072],[-97.73089153,30.27634721],[-97.73073507,30.2767283],[-97.73041631,30.27742233],[-97.73000708,30.27831074],[-97.7299209421135,30.2784860046934]]},"properties":{"AADT_CUR":161912,"RTE_NM":"IH0035-KG","RTE_PRFX":"IH","RTE_NBR":"35","SYSTEM":"On"}},{"type":"Feature","geometry":{"type":"LineString","coordinates":[[-97.73578833,30.2671203800021],[-97.7356951560099,30.2671627326393],[-97.73556191,30.2672233000021],[-97.73534851,30.2678379200021],[-97.7353268105376,30.2680137184202]]},"properties":{"AADT_CUR":391,"RTE_NM":"1013673","RTE_PRFX":"CS","RTE_NBR":"1013673","SYSTEM":"Off"}},{"type":"Feature","geometry":{"type":"LineString","coordinates":[[-97.77048602,30.253143360002],[-97.77042802,30.253237530002],[-97.7700390799989,30.2538687600028],[-97.7694881999991,30.2542427800026],[-97.76915266,30.254469840002],[-97.76872913,30.255118690002],[-97.76865565,30.255237220002],[-97.767974469999,30.2563357300035],[-97.767435469999,30.2571857900035],[-97.76694972,30.257940620002],[-97.76648312,30.258687640002],[-97.7659973199991,30.2594425000035],[-97.76594121,30.259532960002],[-97.765540519999,30.2601786800036],[-97.76550789,30.260230150002],[-97.76490556,30.261180800002]]},"properties":{"AADT_CUR":195,"RTE_NM":"1016499","RTE_PRFX":"CS","RTE_NBR":"1016499","SYSTEM":"Off"}},{"type":"Feature","geometry":{"type":"LineString","coordinates":[[-97.76703305,30.25993081],[-97.76695121,30.26004209],[-97.76612828,30.2611613],[-97.76629951,30.26128332],[-97.76660479,30.26150092]]},"properties":{"AADT_CUR":195,"RTE_NM":"1020306","RTE_PRFX":"CS","RTE_NBR":"1020306","SYSTEM":"Off"}},{"type":"Feature","geometry":{"type":"LineString","coordinates":[[-97.75894341,30.27437828],[-97.75850459,30.27422916],[-97.75823203,30.27431995],[-97.75811799,30.27467523],[-97.75834349,30.27513082]]},"properties":{"AADT_CUR":195,"RTE_NM":"1014510","RTE_PRFX":"CS","RTE_NBR":"1014510","SYSTEM":"Off"}},{"type":"Feature","geometry":{"type":"LineString","coordinates":[[-97.76968591,30.22367693],[-97.76962173,30.22378032],[-97.76924756,30.22438323],[-97.76882486,30.2250651]]},"properties":{"AADT_CUR":195,"RTE_NM":"1019483","RTE_PRFX":"CS","RTE_NBR":"1019483","SYSTEM":"Off"}},{"type":"Feature","geometry":{"type":"LineString","coordinates":[[-97.7555890853588,30.3366560919908],[-97.75563599,30.33644867],[-97.7557186,30.33596772],[-97.75577172,30.33546463],[-97.75579827,30.33502794],[-97.75582188,30.33421503],[-97.75584289,30.33328764],[-97.75586649,30.33227073],[-97.75587404,30.33154653],[-97.7558901,30.33066086],[-97.75591842,30.32977803],[-97.75594203,30.32914352],[-97.75595336,30.32850807],[-97.75597035,30.32795759],[-97.75598168,30.32742223],[-97.7559949,30.32691708],[-97.75601284,30.3262042],[-97.75602512,30.3255272],[-97.75604306,30.32488137],[-97.75606194,30.32404574],[-97.75607516,30.32354626],[-97.75609121,30.32300334],[-97.75611104,30.3224963],[-97.75613559,30.32167956],[-97.75615259,30.32091475],[-97.7561592,30.3204672],[-97.75616958,30.32005647],[-97.75620924,30.31964479],[-97.75629611,30.31894608],[-97.75637731,30.31827286],[-97.75649628,30.31733526],[-97.75659448,30.3165374],[-97.75668606,30.3158047],[-97.75677293,30.3150871],[-97.75682958,30.31464521],[-97.75688624,30.31421182],[-97.7569731,30.31347345],[-97.75704203,30.31292487],[-97.7571289,30.31224881],[-97.75721104,30.31159542],[-97.75726109,30.31115731],[-97.75731679,30.31072109],[-97.75741688,30.31016967],[-97.75752169,30.30962675],[-97.757631828667,30.3090483109443]]},"properties":{"AADT_CUR":156055,"RTE_NM":"SL0001-RG","RTE_PRFX":"SL","RTE_NBR":"1","SYSTEM":"On"}},{"type":"Feature","geometry":{"type":"LineString","coordinates":[[-97.7567165876281,30.2993059669431],[-97.756672438,30.299285751]]},"properties":{"AADT_CUR":195,"RTE_NM":"258707","RTE_PRFX":"CS","RTE_NBR":"258707","SYSTEM":"Off"}},{"type":"Feature","geometry":{"type":"LineString","coordinates":[[-97.74618812,30.248617500002],[-97.74621686,30.249522910002],[-97.74623561,30.250095360002],[-97.74616637,30.250404770002],[-97.7454701,30.251235060002],[-97.7451321800001,30.251965300004],[-97.74515653,30.252337940002],[-97.74516643,30.252488580002],[-97.74512986,30.252577860002],[-97.74496218,30.252987770002],[-97.74478209,30.253325170002]]},"properties":{"AADT_CUR":195,"RTE_NM":"1017000","RTE_PRFX":"CS","RTE_NBR":"1017000","SYSTEM":"Off"}},{"type":"Feature","geometry":{"type":"LineString","coordinates":[[-97.70876301,30.2530874],[-97.70857432,30.25352909],[-97.70846355,30.25381835]]},"properties":{"AADT_CUR":195,"RTE_NM":"1020795","RTE_PRFX":"CS","RTE_NBR":"1020795","SYSTEM":"Off"}},{"type":"Feature","geometry":{"type":"LineString","coordinates":[[-97.77397413,30.30667456],[-97.77397281,30.3068148],[-97.77389527,30.30729668]]},"properties":{"AADT_CUR":195,"RTE_NM":"1018404","RTE_PRFX":"CS","RTE_NBR":"1018404","SYSTEM":"Off"}},{"type":"Feature","geometry":{"type":"LineString","coordinates":[[-97.710090231,30.27140924],[-97.7100930714202,30.2714527622232]]},"properties":{"AADT_CUR":2252,"RTE_NM":"1016809","RTE_PRFX":"CS","RTE_NBR":"1016809","SYSTEM":"Off"}},{"type":"Feature","geometry":{"type":"LineString","coordinates":[[-97.70641218,30.30747171],[-97.70634674,30.30759097],[-97.70576761,30.30864661],[-97.70549758,30.3090863]]},"properties":{"AADT_CUR":195,"RTE_NM":"1017586","RTE_PRFX":"CS","RTE_NBR":"1017586","SYSTEM":"Off"}},{"type":"Feature","geometry":{"type":"LineString","coordinates":[[-97.7172782449577,30.2804756147962],[-97.71727488,30.28046096],[-97.717015182,30.279268769],[-97.716803706,30.278297927],[-97.716598568,30.277356161],[-97.716383737,30.27636988],[-97.7162041844021,30.2754797050737]]},"properties":{"AADT_CUR":2785,"RTE_NM":"267530","RTE_PRFX":"CS","RTE_NBR":"267530","SYSTEM":"Off"}},{"type":"Feature","geometry":{"type":"LineString","coordinates":[[-97.7397569034546,30.2692530791974],[-97.7397675569017,30.2692560594513],[-97.7397728091773,30.2692575287506]]},"properties":{"AADT_CUR":2234,"RTE_NM":"258408","RTE_PRFX":"CS","RTE_NBR":"258408","SYSTEM":"Off"}},{"type":"Feature","geometry":{"type":"LineString","coordinates":[[-97.76461133,30.29263321],[-97.76395934,30.29242212]]},"properties":{"AADT_CUR":195,"RTE_NM":"1017065","RTE_PRFX":"CS","RTE_NBR":"1017065","SYSTEM":"Off"}},{"type":"Feature","geometry":{"type":"LineString","coordinates":[[-97.74916641,30.29002892],[-97.74764581,30.28994602]]},"properties":{"AADT_CUR":195,"RTE_NM":"1021206","RTE_PRFX":"CS","RTE_NBR":"1021206","SYSTEM":"Off"}},{"type":"Feature","geometry":{"type":"LineString","coordinates":[[-97.78042593,30.25295403],[-97.77920271,30.2521488],[-97.77905586,30.25205212]]},"properties":{"AADT_CUR":195,"RTE_NM":"1016390","RTE_PRFX":"CS","RTE_NBR":"1016390","SYSTEM":"Off"}},{"type":"Feature","geometry":{"type":"LineString","coordinates":[[-97.7535726652978,30.2387947328738],[-97.75434911,30.23791622],[-97.75511768,30.2370029],[-97.75573917,30.23629296],[-97.75637346,30.23554204],[-97.757082,30.23465853],[-97.7575486,30.23397675],[-97.75820145,30.23293779],[-97.75880542,30.23195976],[-97.75981571,30.23034006],[-97.7602020919959,30.2297362074175]]},"properties":{"AADT_CUR":14420,"RTE_NM":"258521","RTE_PRFX":"CS","RTE_NBR":"258521","SYSTEM":"Off"}},{"type":"Feature","geometry":{"type":"LineString","coordinates":[[-97.69504388,30.2923362800023],[-97.69497158,30.2923380800022],[-97.69490778,30.2923393800023],[-97.69488888,30.2923396800023],[-97.69462468,30.2923463800022],[-97.69371908,30.2923691800023],[-97.69350448,30.2923745800023],[-97.69341678,30.2923767800022],[-97.69333698,30.2923789800022],[-97.69270988,30.2923958800023],[-97.6926223476071,30.2923981985116],[-97.69254268,30.2923997800023],[-97.69233978,30.2924039800023],[-97.69134958,30.2924242800022],[-97.69105238,30.2924298800023],[-97.69095278,30.2924324800023]]},"properties":{"AADT_CUR":195,"RTE_NM":"1306295","RTE_PRFX":"CS","RTE_NBR":"1306295","SYSTEM":"Off"}},{"type":"Feature","geometry":{"type":"LineString","coordinates":[[-97.7329243013727,30.3109101003549],[-97.73297573,30.3108434200024],[-97.73313437,30.3106559700024],[-97.7343537204123,30.3087450805059]]},"properties":{"AADT_CUR":12775,"RTE_NM":"258545","RTE_PRFX":"CS","RTE_NBR":"258545","SYSTEM":"Off"}},{"type":"Feature","geometry":{"type":"LineString","coordinates":[[-97.68568689,30.28398884],[-97.6844428,30.28340912],[-97.68426632,30.28332687],[-97.68309739,30.28273337],[-97.68299972,30.28265797],[-97.68285219,30.28254403]]},"properties":{"AADT_CUR":195,"RTE_NM":"1017473","RTE_PRFX":"CS","RTE_NBR":"1017473","SYSTEM":"Off"}},{"type":"Feature","geometry":{"type":"LineString","coordinates":[[-97.6871443646783,30.3123402799806],[-97.6871395703315,30.3123399203782],[-97.6870943472694,30.3123365283901]]},"properties":{"AADT_CUR":4223,"RTE_NM":"1310849","RTE_PRFX":"CS","RTE_NBR":"1310849","SYSTEM":"Off"}},{"type":"Feature","geometry":{"type":"LineString","coordinates":[[-97.7941763065308,30.2965115788795],[-97.794095455139,30.2965304041384]]},"properties":{"AADT_CUR":195,"RTE_NM":"1252111","RTE_PRFX":"CS","RTE_NBR":"1252111","SYSTEM":"Off"}},{"type":"Feature","geometry":{"type":"LineString","coordinates":[[-97.7895529735387,30.3016292349639],[-97.78955359,30.3016307400023],[-97.78962672,30.3017169900023],[-97.79013947,30.3019897400023],[-97.79021447,30.3020412400023],[-97.79027647,30.3020968700023],[-97.79032497,30.3021571200023],[-97.7903611,30.3022228600023],[-97.79040197,30.3023739900023],[-97.79054672,30.3032531200023],[-97.79058347,30.3033634800023],[-97.79063384,30.3034608700023],[-97.7906976,30.3035449900023],[-97.79077247,30.3036156100023],[-97.79116384,30.3039203600024],[-97.79144497,30.3041593600023],[-97.79171985,30.3044134900023],[-97.79192834,30.3046341200023],[-97.79204234,30.3048047400024],[-97.79240622,30.3055041200023],[-97.79255159,30.3057485000023],[-97.79267259,30.3059307400023],[-97.79276784,30.3061509900023],[-97.79303147,30.3065861100023],[-97.79318797,30.3069241200023],[-97.79325622,30.3071046200023],[-97.79332747,30.3073719900023],[-97.79351147,30.3082021200024],[-97.79350797,30.3082816200024],[-97.7935321,30.3083418700023],[-97.79354246,30.3084273700024]]},"properties":{"AADT_CUR":101,"RTE_NM":"227AA0502","RTE_PRFX":"CR","RTE_NBR":"502","SYSTEM":"Off"}}]}