{"type":"FeatureCollection","properties":{"exceededTransferLimit":true},"features":[{"type":"Feature","geometry":{"type":"LineString","coordinates":[[-96.7596790627449,32.7506973802609],[-96.75965387,32.7506757200163],[-96.75928326,32.7503722500163],[-96.75885708,32.7499992700163]]},"properties":{"AADT_CUR":6008,"RTE_NM":"1064407","RTE_PRFX":"CS","RTE_NBR":"1064407","SYSTEM":"Off"}},{"type":"Feature","geometry":{"type":"LineString","coordinates":[[-96.82770801,32.81127867],[-96.82741208,32.81156472],[-96.82720593,32.81175027],[-96.82673082,32.81212875],[-96.82592895,32.81282997],[-96.8251157851399,32.8135482917119]]},"properties":{"AADT_CUR":292,"RTE_NM":"1061797","RTE_PRFX":"CS","RTE_NBR":"1061797","SYSTEM":"Off"}},{"type":"Feature","geometry":{"type":"LineString","coordinates":[[-96.7684576512537,32.7690701107584],[-96.76844723,32.7690613200329],[-96.7674969334513,32.7682596671905],[-96.76676204,32.7676397100328],[-96.7660027163679,32.7670070005443],[-96.7652259825246,32.7663597702423],[-96.7647727810618,32.7659821239118],[-96.7645940402418,32.7658314579573],[-96.7641778569899,32.765480453392],[-96.7639595244514,32.765296312417],[-96.763578270488,32.7649747613608],[-96.7634479940701,32.7648648849531],[-96.7628904971479,32.7643946821151],[-96.7623276608289,32.7639199685842],[-96.7620536935928,32.7636888934852],[-96.7616967159608,32.7633878014197],[-96.7610259994456,32.762822078889],[-96.7607267918208,32.7625697058522],[-96.76070714,32.7625531300328],[-96.7596971561408,32.7616993888944],[-96.7590885600182,32.761184930001],[-96.7582528566621,32.7604784785524],[-96.7570619109462,32.7594716991681],[-96.7565181404944,32.7590120056585],[-96.7562330571535,32.7587709986977],[-96.7556693806072,32.7582944658859],[-96.7553766025905,32.758046948076],[-96.754606951615,32.7573962669714],[-96.7543373426244,32.7571683298897],[-96.7538073301716,32.7567202334531],[-96.7536738268563,32.756607362692],[-96.7530520750571,32.7560816953603]]},"properties":{"AADT_CUR":9043,"RTE_NM":"263560","RTE_PRFX":"CS","RTE_NBR":"263560","SYSTEM":"Off"}},{"type":"Feature","geometry":{"type":"LineString","coordinates":[[-96.79750149,32.79284681],[-96.79698805,32.79243499],[-96.79490084,32.7906502],[-96.793888128,32.789787568]]},"properties":{"AADT_CUR":6573,"RTE_NM":"263644","RTE_PRFX":"CS","RTE_NBR":"263644","SYSTEM":"Off"}},{"type":"Feature","geometry":{"type":"LineString","coordinates":[[-96.7961908140808,32.7778483290314],[-96.7962388630588,32.7779841287702],[-96.7962399925031,32.77798735495]]},"properties":{"AADT_CUR":2200,"RTE_NM":"268100","RTE_PRFX":"CS","RTE_NBR":"268100","SYSTEM":"Off"}},{"type":"Feature","geometry":{"type":"LineString","coordinates":[[-96.8245300744461,32.743157955296],[-96.8245297889748,32.7431421229891],[-96.82452966,32.7431349700163],[-96.8245329395433,32.7422537656144],[-96.8245364870981,32.7413003415866]]},"properties":{"AADT_CUR":13865,"RTE_NM":"263847","RTE_PRFX":"CS","RTE_NBR":"263847","SYSTEM":"Off"}},{"type":"Feature","geometry":{"type":"LineString","coordinates":[[-96.7852046653122,32.7760417270392],[-96.785146303,32.776083316],[-96.784912514,32.776255961],[-96.784717542,32.77640902],[-96.784497737,32.776571886],[-96.78417613,32.776817104],[-96.784027526,32.776916863],[-96.783938809,32.776944976],[-96.783868867,32.776952793]]},"properties":{"AADT_CUR":1668,"RTE_NM":"12134","RTE_PRFX":"IH","RTE_NBR":"30","SYSTEM":"On"}},{"type":"Feature","geometry":{"type":"LineString","coordinates":[[-96.7612478008694,32.8068768431735],[-96.7612358072624,32.8068665257266]]},"properties":{"AADT_CUR":292,"RTE_NM":"1061487","RTE_PRFX":"CS","RTE_NBR":"1061487","SYSTEM":"Off"}},{"type":"Feature","geometry":{"type":"LineString","coordinates":[[-96.8172523093611,32.8158050022193],[-96.81722767,32.8161008000499],[-96.81721679,32.8161597500499],[-96.81720077,32.8161884100499],[-96.81716774,32.8162140700499],[-96.81651485,32.8167784300498],[-96.81598059,32.8171821800499],[-96.81563211,32.8174894800498],[-96.81476749,32.81820879005],[-96.81383516,32.81893590005],[-96.81378563,32.8189723400501],[-96.81371699,32.8190291500499],[-96.81280832,32.8197741900501],[-96.81192477,32.8205237000501],[-96.81096278,32.8212886300501],[-96.8106568,32.8215415100501],[-96.81055514,32.82162260005],[-96.81046072,32.8216653200499],[-96.81038807,32.8216766900501],[-96.81030829,32.8216769800501],[-96.80973434,32.8216829400501],[-96.80890502,32.8216771600501],[-96.80830189,32.8216772000501],[-96.80767607,32.82167145005],[-96.8069865069498,32.8216939503624],[-96.80696261,32.8216947300501],[-96.80668005,32.8217005100501],[-96.80618538,32.82168965005],[-96.80559621,32.8216830000501],[-96.80491329,32.8216833100501],[-96.80451191,32.8216888400501],[-96.80383798,32.8216879000501],[-96.80300216,32.8216820100501],[-96.8025086579101,32.8216752746679]]},"properties":{"AADT_CUR":292,"RTE_NM":"1063802","RTE_PRFX":"CS","RTE_NBR":"1063802","SYSTEM":"Off"}},{"type":"Feature","geometry":{"type":"LineString","coordinates":[[-96.7611926121697,32.7495547502215],[-96.7611926288498,32.749554739416],[-96.76122611,32.7495330500163],[-96.7612454994925,32.7495182934499],[-96.7614590602849,32.7493557603748],[-96.76170963,32.7491650600164],[-96.7622272353792,32.7487330805413],[-96.7638435526409,32.7473841061583]]},"properties":{"AADT_CUR":8740,"RTE_NM":"263298","RTE_PRFX":"CS","RTE_NBR":"263298","SYSTEM":"Off"}},{"type":"Feature","geometry":{"type":"LineString","coordinates":[[-96.8233514482377,32.8211053992387],[-96.82334537,32.8211166200167],[-96.8233383197138,32.8211322284915]]},"properties":{"AADT_CUR":292,"RTE_NM":"1062160","RTE_PRFX":"CS","RTE_NBR":"1062160","SYSTEM":"Off"}},{"type":"Feature","geometry":{"type":"LineString","coordinates":[[-96.7728233119058,32.7839305696792],[-96.7728151999987,32.7839269200292],[-96.77276199,32.783768380033],[-96.77267814,32.783642110033],[-96.7724278,32.783397460033],[-96.77212527,32.783131660033],[-96.7721188839389,32.783126065562],[-96.77186267,32.782901610033],[-96.77162307,32.782687040033],[-96.77143897,32.782568230033],[-96.7713073474105,32.7825098509707],[-96.77118988,32.782457750033],[-96.77090486,32.782366270033],[-96.77059615,32.782279160033],[-96.77023919,32.782193170033]]},"properties":{"AADT_CUR":6081,"RTE_NM":"263187","RTE_PRFX":"CS","RTE_NBR":"263187","SYSTEM":"Off"}},{"type":"Feature","geometry":{"type":"LineString","coordinates":[[-96.802553251624,32.8040938898314],[-96.80229357,32.8039723],[-96.80135998,32.8035372],[-96.80024804,32.80301528]]},"properties":{"AADT_CUR":4614,"RTE_NM":"263028","RTE_PRFX":"CS","RTE_NBR":"263028","SYSTEM":"Off"}},{"type":"Feature","geometry":{"type":"LineString","coordinates":[[-96.75133679,32.7668740700164],[-96.7513097132438,32.766851149042],[-96.7511951379241,32.7667541587268],[-96.7508756184555,32.7664836774381],[-96.75014514,32.7658653000164],[-96.74910434279,32.7649547679544],[-96.7485740996611,32.7644908793238],[-96.7477533837441,32.7637728540157],[-96.7470831634357,32.7631864815793],[-96.7457820328811,32.7620480974657]]},"properties":{"AADT_CUR":8584,"RTE_NM":"263677","RTE_PRFX":"CS","RTE_NBR":"263677","SYSTEM":"Off"}},{"type":"Feature","geometry":{"type":"LineString","coordinates":[[-96.8606913,32.8248719600167],[-96.8606829864738,32.826368276219]]},"properties":{"AADT_CUR":292,"RTE_NM":"1065239","RTE_PRFX":"CS","RTE_NBR":"1065239","SYSTEM":"Off"}},{"type":"Feature","geometry":{"type":"LineString","coordinates":[[-96.74079585,32.76392221],[-96.74051692,32.76367221],[-96.7402623,32.76346793],[-96.73974672,32.76300977]]},"properties":{"AADT_CUR":292,"RTE_NM":"1062656","RTE_PRFX":"CS","RTE_NBR":"1062656","SYSTEM":"Off"}},{"type":"Feature","geometry":{"type":"LineString","coordinates":[[-96.7409816655702,32.7751785442204],[-96.74037789,32.7746501100165],[-96.73969994,32.7740633300164],[-96.7395460243471,32.7739249450883],[-96.73945297,32.7738412800164],[-96.73936907,32.7737644900165],[-96.73925322,32.7736583800164],[-96.73910597,32.7735353300164],[-96.73893005,32.7733816400165],[-96.73875959,32.7732390200164],[-96.73862615,32.7731175400164],[-96.7384641,32.7730025200164],[-96.73832672,32.7728741300164],[-96.73805061,32.7726860300165],[-96.7379700536094,32.7726469127968]]},"properties":{"AADT_CUR":292,"RTE_NM":"1062369","RTE_PRFX":"CS","RTE_NBR":"1062369","SYSTEM":"Off"}},{"type":"Feature","geometry":{"type":"LineString","coordinates":[[-96.740783037,32.785058162],[-96.74077688,32.78548054],[-96.74076307,32.78584873],[-96.7407308,32.78640909],[-96.74069289,32.78733637],[-96.74062468,32.78835533],[-96.74061812,32.78938342]]},"properties":{"AADT_CUR":292,"RTE_NM":"1063434","RTE_PRFX":"CS","RTE_NBR":"1063434","SYSTEM":"Off"}},{"type":"Feature","geometry":{"type":"LineString","coordinates":[[-96.80125823,32.7427414000163],[-96.80141913,32.7430688400163],[-96.8017259349694,32.7436651837498]]},"properties":{"AADT_CUR":292,"RTE_NM":"1058896","RTE_PRFX":"CS","RTE_NBR":"1058896","SYSTEM":"Off"}},{"type":"Feature","geometry":{"type":"LineString","coordinates":[[-96.8109207310932,32.7530580402072],[-96.81083966,32.7530450100164],[-96.81070507,32.7530651600164],[-96.81062493,32.7530860500163],[-96.8105636,32.7531045000163],[-96.81043281,32.7531824400163],[-96.8098507762658,32.7537714988081]]},"properties":{"AADT_CUR":292,"RTE_NM":"1060572","RTE_PRFX":"CS","RTE_NBR":"1060572","SYSTEM":"Off"}},{"type":"Feature","geometry":{"type":"LineString","coordinates":[[-96.84153323,32.7531064],[-96.84152199,32.75240248],[-96.84113534,32.7523767],[-96.84028538,32.75237911],[-96.83958333,32.75238761],[-96.83894087,32.75238452],[-96.83753236,32.75237669],[-96.83738109,32.75237604],[-96.83685002,32.75237443],[-96.83590961,32.75238658],[-96.83541511,32.75238684],[-96.83504425,32.752386],[-96.83405068,32.75236994],[-96.83333079,32.7523754],[-96.8330513,32.75236066],[-96.83158071,32.75223647],[-96.83155215,32.75224158],[-96.83146302,32.75222389],[-96.83031621,32.75222636],[-96.82917671,32.75222892],[-96.82863733,32.75223679],[-96.82788427,32.75223353],[-96.82750683,32.7522367],[-96.82659592,32.75223681],[-96.82530604,32.75223456],[-96.82414299,32.75223539],[-96.82407303,32.75223582],[-96.82400628,32.75223904],[-96.82291048,32.75223687]]},"properties":{"AADT_CUR":292,"RTE_NM":"1065836","RTE_PRFX":"CS","RTE_NBR":"1065836","SYSTEM":"Off"}},{"type":"Feature","geometry":{"type":"LineString","coordinates":[[-96.7864092581329,32.7841048069929],[-96.7864132630686,32.7841188904415]]},"properties":{"AADT_CUR":292,"RTE_NM":"1062866","RTE_PRFX":"CS","RTE_NBR":"1062866","SYSTEM":"Off"}},{"type":"Feature","geometry":{"type":"LineString","coordinates":[[-96.74180019,32.77551434],[-96.74119463,32.77606247],[-96.74097594,32.77626006],[-96.74073401,32.77643946],[-96.74066903,32.77647565]]},"properties":{"AADT_CUR":292,"RTE_NM":"1061647","RTE_PRFX":"CS","RTE_NBR":"1061647","SYSTEM":"Off"}},{"type":"Feature","geometry":{"type":"LineString","coordinates":[[-96.75319421,32.80115781],[-96.75344574,32.80140189],[-96.75352362,32.80149645],[-96.75385069,32.80178971],[-96.75467269,32.80248852]]},"properties":{"AADT_CUR":292,"RTE_NM":"1064399","RTE_PRFX":"CS","RTE_NBR":"1064399","SYSTEM":"Off"}},{"type":"Feature","geometry":{"type":"LineString","coordinates":[[-96.764912795,32.75411045],[-96.763719416,32.755127492],[-96.763107884,32.755642678],[-96.76267078,32.75601821]]},"properties":{"AADT_CUR":215,"RTE_NM":"1063765","RTE_PRFX":"CS","RTE_NBR":"1063765","SYSTEM":"Off"}},{"type":"Feature","geometry":{"type":"LineString","coordinates":[[-96.8485850617258,32.8264677364693],[-96.84751876,32.825628616],[-96.84650987,32.82475852],[-96.84620376,32.82450016],[-96.84569081,32.82407135],[-96.84515138,32.82362296],[-96.84470473,32.82321841],[-96.8444186,32.82297955],[-96.84416299,32.8227631],[-96.84339476,32.82214533],[-96.84125423,32.82035191],[-96.84070076,32.81987306],[-96.83976186,32.81907018],[-96.8394339329487,32.8187810097691]]},"properties":{"AADT_CUR":5991,"RTE_NM":"1060640","RTE_PRFX":"CS","RTE_NBR":"1060640","SYSTEM":"Off"}},{"type":"Feature","geometry":{"type":"LineString","coordinates":[[-96.82155084,32.7354667],[-96.82048063,32.73547148]]},"properties":{"AADT_CUR":292,"RTE_NM":"1060102","RTE_PRFX":"CS","RTE_NBR":"1060102","SYSTEM":"Off"}},{"type":"Feature","geometry":{"type":"LineString","coordinates":[[-96.85881323,32.7451325],[-96.85881693,32.74559164],[-96.85882235,32.74609067],[-96.85882685,32.74650721],[-96.85883335,32.74694714],[-96.8588111,32.74735921],[-96.85879109,32.74773696],[-96.85878924,32.74779327]]},"properties":{"AADT_CUR":13752,"RTE_NM":"1063022","RTE_PRFX":"CS","RTE_NBR":"1063022","SYSTEM":"Off"}},{"type":"Feature","geometry":{"type":"LineString","coordinates":[[-96.7534051706784,32.7464212785248],[-96.75108221,32.7463918600326],[-96.7509912,32.7463892300326],[-96.7509141,32.7463812500326],[-96.7508388399901,32.7463623300289],[-96.75075973,32.7463323500326],[-96.7504961,32.7461733100326],[-96.75046011,32.7461425700326],[-96.75042997,32.7461036600326],[-96.74936924,32.7461162100326],[-96.74902794,32.7461430200326],[-96.74805991,32.7461554900326],[-96.74757506,32.7461624100326],[-96.74720028,32.7461557500326],[-96.7468948,32.7461404400326],[-96.74671963,32.7461558400326],[-96.74660721,32.7462064900326]]},"properties":{"AADT_CUR":292,"RTE_NM":"1058329","RTE_PRFX":"CS","RTE_NBR":"1058329","SYSTEM":"Off"}},{"type":"Feature","geometry":{"type":"LineString","coordinates":[[-96.80764764,32.75504317],[-96.80763394,32.75512471],[-96.80765112,32.75570537],[-96.80768436,32.75665951],[-96.80767679,32.75728777]]},"properties":{"AADT_CUR":292,"RTE_NM":"1062769","RTE_PRFX":"CS","RTE_NBR":"1062769","SYSTEM":"Off"}},{"type":"Feature","geometry":{"type":"LineString","coordinates":[[-96.76771904,32.8094172000166],[-96.7677288300001,32.8100413800332],[-96.76773362,32.8109211600166],[-96.7677447685962,32.8111369146423],[-96.76771536,32.8113566400166],[-96.7677341499956,32.8121486600332],[-96.76772264,32.8121924700166],[-96.76769497,32.8122759300166],[-96.76769537,32.8123804000166],[-96.76770431,32.8127155100166]]},"properties":{"AADT_CUR":292,"RTE_NM":"1062522","RTE_PRFX":"CS","RTE_NBR":"1062522","SYSTEM":"Off"}},{"type":"Feature","geometry":{"type":"LineString","coordinates":[[-96.800382198,32.7710278160164],[-96.800287527,32.7710574620164],[-96.8002529045809,32.7710743403691],[-96.800203584,32.7710983840164],[-96.800061714,32.7711735310164],[-96.799935414,32.7712254630164],[-96.799820179,32.7712638690164],[-96.799712587,32.7712720210164],[-96.799598594,32.7712564320164],[-96.799508737,32.7712161630164],[-96.799421125,32.7711461270164],[-96.79936993,32.7710560200165],[-96.799359188,32.7709568970164],[-96.799376649,32.7708849780164],[-96.799437442,32.7707737530164],[-96.7996050697375,32.7706088261836]]},"properties":{"AADT_CUR":3802,"RTE_NM":"31739","RTE_PRFX":"IH","RTE_NBR":"30","SYSTEM":"On"}},{"type":"Feature","geometry":{"type":"LineString","coordinates":[[-96.7701980807359,32.8160252060777],[-96.76916874,32.8160365900166],[-96.76800399,32.8160396200166],[-96.76586024,32.8160358700166],[-96.76415075,32.8160092900166],[-96.76370297,32.8160154100167],[-96.76333025,32.8160129500166],[-96.76294525,32.8160144500166],[-96.7626799,32.8160148600166],[-96.76247561,32.8160147600166],[-96.76228665,32.8160217500167],[-96.76210985,32.8160316500166],[-96.76199309,32.8160506400166],[-96.7615409490499,32.8161189592486],[-96.76135761,32.8161654600166],[-96.76124809,32.8161886700167],[-96.76111595,32.8162033200166],[-96.76098578,32.8162001300166],[-96.76066776,32.8161888100166],[-96.76008436,32.8161806500166],[-96.75889606,32.8161805200167],[-96.75871878,32.8161725400167],[-96.7575816,32.8161799800166],[-96.75596503,32.8161875700167],[-96.75517006,32.8161764200167],[-96.75376062,32.8161635200167],[-96.7529830452066,32.8161604206122],[-96.75294028,32.8161602500167],[-96.75213006,32.8161791100166],[-96.75145258,32.8161943300167]]},"properties":{"AADT_CUR":4945,"RTE_NM":"1064056","RTE_PRFX":"CS","RTE_NBR":"1064056","SYSTEM":"Off"}},{"type":"Feature","geometry":{"type":"LineString","coordinates":[[-96.80740452,32.7773223300164],[-96.8064676002963,32.7775230367436],[-96.8056302115652,32.7777024155439],[-96.8047057147382,32.7779004469097],[-96.8038612899475,32.7780813200293],[-96.8030214840894,32.7782866910757],[-96.8026305041464,32.7783823011097],[-96.80208522,32.7784841400165],[-96.8005171235488,32.7788641913846],[-96.7993067383068,32.7791208746501],[-96.7983585867116,32.7793219378763],[-96.7974632887824,32.7795117859351],[-96.79673106,32.7796670500165],[-96.7966982596349,32.779673727613],[-96.7959235991523,32.7798314326396],[-96.7952598594439,32.7799665523845],[-96.79383138,32.7802573400165],[-96.79304936,32.7803676300165],[-96.79216208,32.7806256800165],[-96.7920186,32.7807238600165],[-96.79082235,32.7814688800165]]},"properties":{"AADT_CUR":126,"RTE_NM":"269960","RTE_PRFX":"CS","RTE_NBR":"269960","SYSTEM":"Off"}},{"type":"Feature","geometry":{"type":"LineString","coordinates":[[-96.8566801899971,32.7601923901612],[-96.8545760019445,32.7602222390914],[-96.8512058,32.7602447600164],[-96.85062517,32.7602221800164],[-96.8504098763465,32.7602004012906],[-96.84997787,32.7600600900164],[-96.84959028,32.7597577500163],[-96.84926412,32.7594482600164],[-96.84901517,32.7592699000164],[-96.84864098,32.7591747200164],[-96.84840775,32.7591346300164],[-96.84807115,32.7591351500164],[-96.8476866919685,32.7591340097026]]},"properties":{"AADT_CUR":3985,"RTE_NM":"263076","RTE_PRFX":"CS","RTE_NBR":"263076","SYSTEM":"Off"}},{"type":"Feature","geometry":{"type":"LineString","coordinates":[[-96.8143321568903,32.8041852179389],[-96.81432969,32.80417866],[-96.81426161,32.80410016],[-96.81415124,32.803983],[-96.8140343,32.80387049],[-96.81391107,32.80376287],[-96.81378182,32.8036604],[-96.81371365,32.80361018],[-96.81278137,32.80280666],[-96.81179307,32.80194483],[-96.81081095,32.80107797],[-96.80983504,32.80020613],[-96.80886541,32.79932932],[-96.80807914,32.79861049],[-96.80673504,32.79748633],[-96.8053867834034,32.7963555256615]]},"properties":{"AADT_CUR":15914,"RTE_NM":"263458","RTE_PRFX":"CS","RTE_NBR":"263458","SYSTEM":"Off"}},{"type":"Feature","geometry":{"type":"LineString","coordinates":[[-96.8094156326237,32.7512290531727],[-96.80940705,32.7512291300163],[-96.8092068154309,32.7512303891611],[-96.8090658627986,32.7512312753367],[-96.8089086597426,32.7512322635003],[-96.8083316930545,32.7512358886409],[-96.8055145496308,32.7512535525181],[-96.80432227,32.7512610100164],[-96.80416871,32.7512472600163],[-96.80405152,32.7512093500163],[-96.8040065176295,32.7511815496035],[-96.8039587,32.7511520100163],[-96.80383747,32.7510589400163],[-96.80371556,32.7509858700163],[-96.8035698,32.7509172300163],[-96.80338904,32.7508327200164],[-96.80320201,32.7507580700163],[-96.80299131,32.7506828300163],[-96.8029470130594,32.7506682828168],[-96.80063623,32.7499093900164],[-96.80041945,32.7498390100163],[-96.80022652,32.7497642000163],[-96.80005185,32.7496748300163],[-96.79909344934,32.7492198884306]]},"properties":{"AADT_CUR":13982,"RTE_NM":"263149","RTE_PRFX":"CS","RTE_NBR":"263149","SYSTEM":"Off"}},{"type":"Feature","geometry":{"type":"LineString","coordinates":[[-96.75661936,32.76769834],[-96.75656636,32.76770446],[-96.75650231,32.76769394],[-96.75589827,32.76742706],[-96.75578216,32.76737457],[-96.75561385,32.76728836],[-96.75513692,32.76709335]]},"properties":{"AADT_CUR":292,"RTE_NM":"1064472","RTE_PRFX":"CS","RTE_NBR":"1064472","SYSTEM":"Off"}},{"type":"Feature","geometry":{"type":"LineString","coordinates":[[-96.8358092669939,32.7748457779935],[-96.83580165,32.7748465100164],[-96.83568666,32.7748614700165],[-96.83542086,32.7748936500165],[-96.83496118,32.7749823300165],[-96.8344761,32.7750803000164],[-96.8340099,32.7751702800165],[-96.83356079,32.7752591000165],[-96.83331558,32.7753204200164],[-96.83328089,32.7753488200165],[-96.833275,32.7754023400164]]},"properties":{"AADT_CUR":292,"RTE_NM":"1062954","RTE_PRFX":"CS","RTE_NBR":"1062954","SYSTEM":"Off"}},{"type":"Feature","geometry":{"type":"LineString","coordinates":[[-96.82957684,32.72245204],[-96.82962136,32.72276465],[-96.82964797,32.7232516],[-96.82962923,32.7235565]]},"properties":{"AADT_CUR":292,"RTE_NM":"1064998","RTE_PRFX":"CS","RTE_NBR":"1064998","SYSTEM":"Off"}},{"type":"Feature","geometry":{"type":"LineString","coordinates":[[-96.7974359,32.80258089],[-96.79706911,32.80290851],[-96.79622798,32.80365437],[-96.79615001,32.80373165]]},"properties":{"AADT_CUR":960,"RTE_NM":"1061452","RTE_PRFX":"CS","RTE_NBR":"1061452","SYSTEM":"Off"}},{"type":"Feature","geometry":{"type":"LineString","coordinates":[[-96.7918575846709,32.7948737271854],[-96.79214996,32.7951350800165],[-96.7922995122355,32.7953616429546]]},"properties":{"AADT_CUR":292,"RTE_NM":"1063560","RTE_PRFX":"CS","RTE_NBR":"1063560","SYSTEM":"Off"}},{"type":"Feature","geometry":{"type":"LineString","coordinates":[[-96.80630426,32.7709260500164],[-96.8066262346543,32.7710636717012],[-96.8076879325942,32.7715174648766],[-96.80866666,32.7720346400165],[-96.80869321,32.7720518700164],[-96.80875786,32.7721003200164],[-96.80881639,32.7721540300164],[-96.80884427,32.7721839600164],[-96.80886819,32.7722124900164],[-96.80891271,32.7722750600164],[-96.80894952,32.7723411200165],[-96.80897822,32.7724099800165],[-96.80899854,32.7724809500164],[-96.80901024,32.7725532800164],[-96.80901323,32.7726262500164],[-96.80900746,32.7726991000164],[-96.80900238,32.7727298300164],[-96.80894708,32.7733213100164],[-96.80893186,32.7736936200164],[-96.80895995,32.7739276600165],[-96.8090077,32.7741537400165],[-96.80902202,32.7742556500164],[-96.8090297795901,32.7744496150942]]},"properties":{"AADT_CUR":292,"RTE_NM":"1064933","RTE_PRFX":"CS","RTE_NBR":"1064933","SYSTEM":"Off"}},{"type":"Feature","geometry":{"type":"LineString","coordinates":[[-96.81414665,32.8208754800167],[-96.81401098,32.8209904700166],[-96.813729,32.8212230600166],[-96.81370163,32.8212501800167],[-96.813692,32.8212858000167],[-96.81369132,32.8213215200167],[-96.81370419,32.8213725500167],[-96.81372779,32.8214154900166],[-96.81377321,32.8214669600167],[-96.81383571,32.8215186700167],[-96.81392423,32.8215721000167],[-96.81404419,32.8216410700167],[-96.8141820802011,32.8216993263666]]},"properties":{"AADT_CUR":292,"RTE_NM":"1117275","RTE_PRFX":"CS","RTE_NBR":"1117275","SYSTEM":"Off"}},{"type":"Feature","geometry":{"type":"LineString","coordinates":[[-96.8178139929064,32.8074029317305],[-96.81781305,32.8074021],[-96.81748919,32.80712929],[-96.8165256,32.80631075],[-96.81556813,32.80548713],[-96.81469102,32.80472348],[-96.8146478,32.80468204],[-96.81457527,32.80460396],[-96.81450967,32.80452162],[-96.81445137,32.80443546],[-96.81440067,32.80434593],[-96.81435785,32.80425352],[-96.8143373596022,32.8041990487356]]},"properties":{"AADT_CUR":13442,"RTE_NM":"263458","RTE_PRFX":"CS","RTE_NBR":"263458","SYSTEM":"Off"}},{"type":"Feature","geometry":{"type":"LineString","coordinates":[[-96.74144665,32.76773757],[-96.73960999,32.76937068]]},"properties":{"AADT_CUR":292,"RTE_NM":"1066422","RTE_PRFX":"CS","RTE_NBR":"1066422","SYSTEM":"Off"}},{"type":"Feature","geometry":{"type":"LineString","coordinates":[[-96.84409667,32.72473155],[-96.84381521,32.72452162],[-96.84351086,32.724387379],[-96.843272364,32.724312852],[-96.84290639,32.724254173],[-96.842441093,32.724232984],[-96.841976249,32.724240118],[-96.841257369,32.724247099],[-96.840050819,32.724241847]]},"properties":{"AADT_CUR":292,"RTE_NM":"1058305","RTE_PRFX":"CS","RTE_NBR":"1058305","SYSTEM":"Off"}},{"type":"Feature","geometry":{"type":"LineString","coordinates":[[-96.8078860756809,32.7391496565418],[-96.80789402,32.7399343600163],[-96.80789888,32.7401062400163],[-96.80789082,32.7407425500163]]},"properties":{"AADT_CUR":292,"RTE_NM":"1064076","RTE_PRFX":"CS","RTE_NBR":"1064076","SYSTEM":"Off"}},{"type":"Feature","geometry":{"type":"LineString","coordinates":[[-96.8040410551271,32.7844093498079],[-96.80423305,32.7845476400165],[-96.80423027,32.7846080700165],[-96.8042467,32.7846852800165],[-96.80429175,32.7847546200165],[-96.8047042,32.7851006900165],[-96.8053931961306,32.7857197120143]]},"properties":{"AADT_CUR":292,"RTE_NM":"1062394","RTE_PRFX":"CS","RTE_NBR":"1062394","SYSTEM":"Off"}},{"type":"Feature","geometry":{"type":"LineString","coordinates":[[-96.7931815241891,32.8034898499949],[-96.79316827,32.8034855],[-96.79191248,32.80294748],[-96.79133798,32.80272923],[-96.79083273,32.80258074],[-96.79055618,32.80255128],[-96.7902607,32.8025516],[-96.78997312,32.80258236],[-96.78959505,32.80264115],[-96.78926016,32.80274636],[-96.78896843,32.80289801],[-96.78851021,32.80320436],[-96.78817672,32.8035289]]},"properties":{"AADT_CUR":23699,"RTE_NM":"263427","RTE_PRFX":"CS","RTE_NBR":"263427","SYSTEM":"Off"}},{"type":"Feature","geometry":{"type":"LineString","coordinates":[[-96.7972486,32.81573134],[-96.79726201,32.81579614],[-96.79728686,32.81585833],[-96.79775264,32.81665231]]},"properties":{"AADT_CUR":292,"RTE_NM":"1058002","RTE_PRFX":"CS","RTE_NBR":"1058002","SYSTEM":"Off"}},{"type":"Feature","geometry":{"type":"LineString","coordinates":[[-96.81008815,32.80477951],[-96.80898813,32.80382713],[-96.80896672,32.80379798],[-96.80896622,32.80378147]]},"properties":{"AADT_CUR":292,"RTE_NM":"1058697","RTE_PRFX":"CS","RTE_NBR":"1058697","SYSTEM":"Off"}},{"type":"Feature","geometry":{"type":"LineString","coordinates":[[-96.8109901,32.7963878100332],[-96.81095267,32.796429920033],[-96.8103193487488,32.7969378547977],[-96.81008774,32.7971535500332],[-96.81000487,32.7972747600332],[-96.80996397,32.7974144100331],[-96.80993834,32.7976064900331],[-96.80989589,32.7977846100331],[-96.80985509,32.7979187600332],[-96.80979302,32.7980155000331],[-96.80973034,32.7981026300331],[-96.80965765,32.7981593700332],[-96.80959262,32.7981983500332]]},"properties":{"AADT_CUR":292,"RTE_NM":"1061567","RTE_PRFX":"CS","RTE_NBR":"1061567","SYSTEM":"Off"}},{"type":"Feature","geometry":{"type":"LineString","coordinates":[[-96.82155084,32.7354667],[-96.82156682,32.73621329],[-96.82156174,32.73669706],[-96.82157484,32.73720857],[-96.82155888,32.73805232],[-96.82159504,32.73945012],[-96.82158478,32.73995101],[-96.82158919,32.74007069]]},"properties":{"AADT_CUR":292,"RTE_NM":"1064207","RTE_PRFX":"CS","RTE_NBR":"1064207","SYSTEM":"Off"}},{"type":"Feature","geometry":{"type":"LineString","coordinates":[[-96.79201104,32.7677638300164],[-96.79179982,32.7676533800164],[-96.79149435,32.7674547900164],[-96.79094401,32.7671639400164],[-96.7891050256043,32.7654529097208]]},"properties":{"AADT_CUR":292,"RTE_NM":"1065914","RTE_PRFX":"CS","RTE_NBR":"1065914","SYSTEM":"Off"}},{"type":"Feature","geometry":{"type":"LineString","coordinates":[[-96.75740329,32.7484050400163],[-96.75713613,32.7482184700163],[-96.75671808,32.7478469800163],[-96.7560852,32.7473157700163],[-96.7558664697115,32.7471253695259]]},"properties":{"AADT_CUR":292,"RTE_NM":"1064848","RTE_PRFX":"CS","RTE_NBR":"1064848","SYSTEM":"Off"}},{"type":"Feature","geometry":{"type":"LineString","coordinates":[[-96.7388768081703,32.7771147580694],[-96.73910397,32.7772851000165],[-96.73923409,32.7773694200164],[-96.7393943,32.7774541700165],[-96.73995511,32.7778511000165],[-96.74037527,32.7781195900165],[-96.74040491,32.7781433700165]]},"properties":{"AADT_CUR":292,"RTE_NM":"1065551","RTE_PRFX":"CS","RTE_NBR":"1065551","SYSTEM":"Off"}},{"type":"Feature","geometry":{"type":"LineString","coordinates":[[-96.81041155,32.73997786],[-96.80929012,32.73997511],[-96.80789402,32.73993436]]},"properties":{"AADT_CUR":292,"RTE_NM":"1059250","RTE_PRFX":"CS","RTE_NBR":"1059250","SYSTEM":"Off"}},{"type":"Feature","geometry":{"type":"LineString","coordinates":[[-96.74324886,32.80754001],[-96.74242161,32.80834068],[-96.74209538,32.80866322]]},"properties":{"AADT_CUR":292,"RTE_NM":"1062811","RTE_PRFX":"CS","RTE_NBR":"1062811","SYSTEM":"Off"}},{"type":"Feature","geometry":{"type":"LineString","coordinates":[[-96.769391152,32.783423317],[-96.769733299,32.783155843],[-96.769921054,32.782882987],[-96.770032365,32.782755579],[-96.770157088,32.782656358],[-96.770265718,32.782598855],[-96.770417263,32.782559392],[-96.770562102,32.782557137],[-96.770697555,32.782589834],[-96.770802161,32.78265523],[-96.770871898,32.782764599],[-96.770886651,32.782862692],[-96.770875922,32.782947255],[-96.770831665,32.783028435],[-96.770768633,32.783098341],[-96.770642569,32.783154715],[-96.770492365,32.783167118],[-96.770218021,32.783196115]]},"properties":{"AADT_CUR":4131,"RTE_NM":"1574886635","RTE_PRFX":"IH","RTE_NBR":"30","SYSTEM":"On"}},{"type":"Feature","geometry":{"type":"LineString","coordinates":[[-96.8032016049779,32.8244707696575],[-96.8031896863441,32.8244435377173]]},"properties":{"AADT_CUR":292,"RTE_NM":"1117237","RTE_PRFX":"CS","RTE_NBR":"1117237","SYSTEM":"Off"}},{"type":"Feature","geometry":{"type":"LineString","coordinates":[[-96.7841139211943,32.7777063439884],[-96.784346259,32.777487332],[-96.784619845,32.777236446],[-96.784951099,32.776974283],[-96.785466084,32.776586395],[-96.78595057,32.776275046],[-96.786613748,32.775911398],[-96.787105264,32.77569208],[-96.787557887,32.775527451],[-96.787989053,32.775401724],[-96.788911778,32.775182331],[-96.789618516,32.775009494],[-96.790056907,32.774841242]]},"properties":{"AADT_CUR":52181,"RTE_NM":"1599254867","RTE_PRFX":"IH","RTE_NBR":"30","SYSTEM":"On"}},{"type":"Feature","geometry":{"type":"LineString","coordinates":[[-96.8023970623596,32.8184154453281],[-96.80235003,32.8184154500167],[-96.80083027,32.8184235600167]]},"properties":{"AADT_CUR":292,"RTE_NM":"1063173","RTE_PRFX":"CS","RTE_NBR":"1063173","SYSTEM":"Off"}},{"type":"Feature","geometry":{"type":"LineString","coordinates":[[-96.7484614908539,32.7643505960348],[-96.748458,32.7643534100164],[-96.7484367695736,32.7643707335674]]},"properties":{"AADT_CUR":292,"RTE_NM":"1058923","RTE_PRFX":"CS","RTE_NBR":"1058923","SYSTEM":"Off"}},{"type":"Feature","geometry":{"type":"LineString","coordinates":[[-96.8502518258377,32.7462637250107],[-96.8502456605875,32.7462772682762]]},"properties":{"AADT_CUR":292,"RTE_NM":"1062991","RTE_PRFX":"CS","RTE_NBR":"1062991","SYSTEM":"Off"}},{"type":"Feature","geometry":{"type":"LineString","coordinates":[[-96.81049669,32.7872406800165],[-96.80942035,32.7873535200165],[-96.8093330848215,32.7873433056802],[-96.8086382116604,32.7872619704656]]},"properties":{"AADT_CUR":4200,"RTE_NM":"268097","RTE_PRFX":"CS","RTE_NBR":"268097","SYSTEM":"Off"}},{"type":"Feature","geometry":{"type":"LineString","coordinates":[[-96.8495987309614,32.8111113937577],[-96.84981384,32.81118547],[-96.85047124,32.81138055],[-96.85070845,32.81144324],[-96.85107388,32.81153422],[-96.85127403,32.81157667],[-96.85163188,32.81164794],[-96.85185174,32.81168736],[-96.85239761,32.81177228],[-96.85295,32.81182988],[-96.85337703,32.81186494],[-96.8539183,32.8118853],[-96.85466426,32.8119048],[-96.85547612,32.81192379],[-96.85717413,32.81195171],[-96.85747352,32.81195705],[-96.85765814,32.8119636],[-96.85873586,32.81199847],[-96.86040357,32.81203695],[-96.86075304,32.81206835],[-96.86099507,32.8120901],[-96.86141452,32.81214633],[-96.86148068,32.81215851],[-96.86159383,32.81217932],[-96.8622113,32.81229305],[-96.86256201,32.81238426],[-96.86293508,32.81249913],[-96.86333796,32.8126309],[-96.86368722,32.81275645],[-96.86428386,32.8130172],[-96.86472886,32.81324848],[-96.86518144,32.81350872],[-96.86529325,32.81358166],[-96.86544741,32.81369871],[-96.86589201,32.81403624],[-96.86612446,32.81427433],[-96.86634279,32.81448477],[-96.8670030073619,32.8152746638829]]},"properties":{"AADT_CUR":232686,"RTE_NM":"IH0035E-RG","RTE_PRFX":"IH","RTE_NBR":"35","SYSTEM":"On"}},{"type":"Feature","geometry":{"type":"LineString","coordinates":[[-96.81918006,32.8295929600167],[-96.8191629580677,32.8295915849086]]},"properties":{"AADT_CUR":292,"RTE_NM":"1117233","RTE_PRFX":"CS","RTE_NBR":"1117233","SYSTEM":"Off"}},{"type":"Feature","geometry":{"type":"LineString","coordinates":[[-96.8248628859899,32.7300227965304],[-96.824788576,32.730367858],[-96.824617785,32.731038973],[-96.8245572195539,32.7312583980832]]},"properties":{"AADT_CUR":200996,"RTE_NM":"IH0035E-RG","RTE_PRFX":"IH","RTE_NBR":"35","SYSTEM":"On"}},{"type":"Feature","geometry":{"type":"LineString","coordinates":[[-96.83970682,32.75152467],[-96.83901883,32.75152097],[-96.83847959,32.75152201],[-96.83799478,32.75152653],[-96.83747773,32.7515155],[-96.83650208,32.7515423],[-96.83593988,32.75155265],[-96.83573873,32.75152383],[-96.83533325,32.75128748],[-96.83523317,32.75124628],[-96.8349829,32.75123468],[-96.83440628,32.75123382],[-96.83364621,32.75121402]]},"properties":{"AADT_CUR":292,"RTE_NM":"1066263","RTE_PRFX":"CS","RTE_NBR":"1066263","SYSTEM":"Off"}},{"type":"Feature","geometry":{"type":"LineString","coordinates":[[-96.83215928,32.73503632],[-96.83215235,32.73531801],[-96.83215413,32.73626234],[-96.83214513,32.73726152],[-96.83214895,32.73762032],[-96.83215165,32.73821279],[-96.83215697,32.73857849],[-96.8321531,32.7392176],[-96.83215277,32.74014404],[-96.83215596,32.74118599],[-96.83215592,32.74123134],[-96.8321557,32.74128633],[-96.83214281,32.74227583],[-96.83212021,32.74308925],[-96.83212322,32.74314564],[-96.83212267,32.74321849],[-96.8321351,32.74394167],[-96.83213496,32.74416571]]},"properties":{"AADT_CUR":292,"RTE_NM":"1064421","RTE_PRFX":"CS","RTE_NBR":"1064421","SYSTEM":"Off"}},{"type":"Feature","geometry":{"type":"LineString","coordinates":[[-96.74648475,32.78060861],[-96.74642604,32.78049233],[-96.74632996,32.780414],[-96.74611796,32.78035466],[-96.74584031,32.78032463],[-96.74569933,32.78033637],[-96.74555182,32.78039065],[-96.74547517,32.78044043],[-96.74540861,32.78051508]]},"properties":{"AADT_CUR":292,"RTE_NM":"1063982","RTE_PRFX":"CS","RTE_NBR":"1063982","SYSTEM":"Off"}},{"type":"Feature","geometry":{"type":"LineString","coordinates":[[-96.76126895,32.7959830600165],[-96.76118014,32.7959886900166],[-96.76113518,32.7959990500165],[-96.76110392,32.7960164800166],[-96.7610605603411,32.7960574448878]]},"properties":{"AADT_CUR":292,"RTE_NM":"1064432","RTE_PRFX":"CS","RTE_NBR":"1064432","SYSTEM":"Off"}},{"type":"Feature","geometry":{"type":"LineString","coordinates":[[-96.79115604,32.7891850400165],[-96.7902017943001,32.7899646595576],[-96.78946884,32.7905634700165],[-96.78919187,32.7907876200165],[-96.7888058644241,32.7911113123188],[-96.78751874,32.7921906300165],[-96.78735711,32.7923318500165],[-96.78617066,32.7933184400166],[-96.78594816,32.7935050500165],[-96.78545695,32.7939134000166],[-96.78490862,32.7943704300165],[-96.7845121301908,32.7947007994032],[-96.78396415,32.7951573900165],[-96.7834205570929,32.7955750549021],[-96.78301384,32.7959511300166],[-96.78258305,32.7963039400166],[-96.78182223,32.7969339800166],[-96.7810523533762,32.7975387573644]]},"properties":{"AADT_CUR":1108,"RTE_NM":"1260597","RTE_PRFX":"CS","RTE_NBR":"1260597","SYSTEM":"Off"}},{"type":"Feature","geometry":{"type":"LineString","coordinates":[[-96.78422998,32.81305353],[-96.78328032,32.81401361],[-96.78239124,32.81491267],[-96.78196838,32.81535631],[-96.78168332,32.81566027],[-96.78146772,32.81586622],[-96.78131431,32.81601255],[-96.78063177,32.81666703]]},"properties":{"AADT_CUR":12156,"RTE_NM":"1062421","RTE_PRFX":"CS","RTE_NBR":"1062421","SYSTEM":"Off"}},{"type":"Feature","geometry":{"type":"LineString","coordinates":[[-96.7528947916128,32.8107349091087],[-96.75297613,32.8107862400166],[-96.75300706,32.8108265500166],[-96.75314569,32.8109783300166],[-96.75467307,32.8123138400166]]},"properties":{"AADT_CUR":2704,"RTE_NM":"1063557","RTE_PRFX":"CS","RTE_NBR":"1063557","SYSTEM":"Off"}},{"type":"Feature","geometry":{"type":"LineString","coordinates":[[-96.8358190439192,32.7846715224876],[-96.8358018466796,32.7846716978852]]},"properties":{"AADT_CUR":292,"RTE_NM":"1060743","RTE_PRFX":"CS","RTE_NBR":"1060743","SYSTEM":"Off"}},{"type":"Feature","geometry":{"type":"LineString","coordinates":[[-96.7571292736039,32.7594101402864],[-96.75706191,32.7594717000164],[-96.7570601702745,32.759474566904]]},"properties":{"AADT_CUR":3458,"RTE_NM":"268073","RTE_PRFX":"CS","RTE_NBR":"268073","SYSTEM":"Off"}},{"type":"Feature","geometry":{"type":"LineString","coordinates":[[-96.7550976005276,32.7675241431675],[-96.75504953,32.7675651700164],[-96.7550492497649,32.7675654691793]]},"properties":{"AADT_CUR":292,"RTE_NM":"1058506","RTE_PRFX":"CS","RTE_NBR":"1058506","SYSTEM":"Off"}},{"type":"Feature","geometry":{"type":"LineString","coordinates":[[-96.78596749,32.78193721],[-96.78591422,32.78152286],[-96.78591592,32.78122505],[-96.78591329,32.78098874],[-96.7858563,32.78076925],[-96.78573607,32.78051187],[-96.78545589,32.78021422],[-96.78532117,32.78006553],[-96.7833905561533,32.7777289172519]]},"properties":{"AADT_CUR":5553,"RTE_NM":"263235","RTE_PRFX":"CS","RTE_NBR":"263235","SYSTEM":"Off"}},{"type":"Feature","geometry":{"type":"LineString","coordinates":[[-96.8114718335372,32.7363582403969],[-96.81028606,32.7363669500163],[-96.80950019,32.7363851400162],[-96.80933369,32.7363746300163],[-96.80920825,32.7363426800163],[-96.80815713,32.7363270000163],[-96.80739822,32.7363386600163],[-96.80610136,32.7363306200162],[-96.80546127,32.7363370100163],[-96.80504676,32.7363258600163],[-96.80320495,32.7363254700163],[-96.80308933,32.7363335200163],[-96.80278973,32.7363514100163],[-96.80231813,32.7363490900163],[-96.80176199,32.7363456200163],[-96.80163966,32.7363219600163],[-96.80155039,32.7362698800163],[-96.80129412,32.7360643200162]]},"properties":{"AADT_CUR":292,"RTE_NM":"1060748","RTE_PRFX":"CS","RTE_NBR":"1060748","SYSTEM":"Off"}},{"type":"Feature","geometry":{"type":"LineString","coordinates":[[-96.75292308,32.75839567],[-96.75422362,32.75951496]]},"properties":{"AADT_CUR":292,"RTE_NM":"1064258","RTE_PRFX":"CS","RTE_NBR":"1064258","SYSTEM":"Off"}},{"type":"Feature","geometry":{"type":"LineString","coordinates":[[-96.8311781,32.8298471500167],[-96.83114795,32.8298494900167],[-96.83110185,32.8298763500167],[-96.83039495,32.8304991500167],[-96.82976824,32.8310130700167],[-96.82923222,32.8314649700167],[-96.82868327,32.8319125700167],[-96.82846986,32.8320925200167],[-96.82842172,32.8321413500167],[-96.8283960981377,32.8321661506269],[-96.8283587,32.8322023500167],[-96.82831161,32.8322388400167],[-96.82826389,32.8322656900167],[-96.82733687,32.8327315700167],[-96.82648322,32.8331901800167],[-96.82596531,32.8334581200167],[-96.8255872,32.8336509600167],[-96.82542138,32.8337243300167],[-96.825278,32.8337732500167],[-96.82508666,32.8338174100167],[-96.82493401,32.8338401000167],[-96.82479217,32.8338505600167],[-96.8247124,32.8338494900167],[-96.8245476406717,32.8338617464263]]},"properties":{"AADT_CUR":1614,"RTE_NM":"1058048","RTE_PRFX":"CS","RTE_NBR":"1058048","SYSTEM":"Off"}},{"type":"Feature","geometry":{"type":"LineString","coordinates":[[-96.82440221,32.82247652],[-96.82431729,32.82240529],[-96.82423183,32.82236152],[-96.82415373,32.82231648],[-96.82401236,32.8222596],[-96.82368809,32.82214664],[-96.82323876,32.82201963],[-96.82282026,32.82189715],[-96.82210376,32.82165107],[-96.8218677,32.82156542]]},"properties":{"AADT_CUR":292,"RTE_NM":"1065694","RTE_PRFX":"CS","RTE_NBR":"1065694","SYSTEM":"Off"}},{"type":"Feature","geometry":{"type":"LineString","coordinates":[[-96.8590658975881,32.7230010613174],[-96.859100715,32.7230331830162]]},"properties":{"AADT_CUR":292,"RTE_NM":"1064397","RTE_PRFX":"CS","RTE_NBR":"1064397","SYSTEM":"Off"}},{"type":"Feature","geometry":{"type":"LineString","coordinates":[[-96.7847421120332,32.8234747323586],[-96.78330036,32.8234488000167],[-96.78233872,32.8234671100167],[-96.77991575,32.8234556400166],[-96.77741819,32.8234705600166],[-96.77669195,32.8234797500167],[-96.7747211,32.8234909200167],[-96.77428729,32.8234890200167],[-96.77307695,32.8234873500167],[-96.77226936,32.8234940100167],[-96.77088985,32.8234844600167],[-96.7701715126193,32.8234852117393]]},"properties":{"AADT_CUR":292,"RTE_NM":"1060940","RTE_PRFX":"CS","RTE_NBR":"1060940","SYSTEM":"Off"}},{"type":"Feature","geometry":{"type":"LineString","coordinates":[[-96.80932362,32.82269039],[-96.80933272,32.82310974],[-96.80933387,32.82316066]]},"properties":{"AADT_CUR":292,"RTE_NM":"1062046","RTE_PRFX":"CS","RTE_NBR":"1062046","SYSTEM":"Off"}},{"type":"Feature","geometry":{"type":"LineString","coordinates":[[-96.77732824,32.71981022],[-96.77754023,32.71994648],[-96.77759292,32.7199967],[-96.77764201,32.72006473],[-96.77777724,32.72034427],[-96.77794299,32.72072732],[-96.77799763,32.72088615],[-96.77801213,32.72097707],[-96.7779642,32.72147812],[-96.77803685,32.72200834],[-96.77839524,32.72331637]]},"properties":{"AADT_CUR":292,"RTE_NM":"1064620","RTE_PRFX":"CS","RTE_NBR":"1064620","SYSTEM":"Off"}},{"type":"Feature","geometry":{"type":"LineString","coordinates":[[-96.80159499,32.74108005],[-96.80094828,32.74109045],[-96.80006589,32.7410935],[-96.7984945012106,32.7410933937934]]},"properties":{"AADT_CUR":292,"RTE_NM":"1063444","RTE_PRFX":"CS","RTE_NBR":"1063444","SYSTEM":"Off"}},{"type":"Feature","geometry":{"type":"LineString","coordinates":[[-96.822393954335,32.7933283715363],[-96.8231308,32.79238312]]},"properties":{"AADT_CUR":5122,"RTE_NM":"263553","RTE_PRFX":"CS","RTE_NBR":"263553","SYSTEM":"Off"}},{"type":"Feature","geometry":{"type":"LineString","coordinates":[[-96.7981467007581,32.7722155145709],[-96.798138251,32.7721650160165],[-96.798123633,32.7721262340164],[-96.798098286,32.7720863250164],[-96.7979653,32.7719756300164],[-96.79771894,32.7717564500164],[-96.79756886,32.7716073100165],[-96.797374564,32.7714166290164],[-96.797301835,32.7713580450164],[-96.797192896,32.7712848020164],[-96.797056428,32.7712278030164],[-96.796887968,32.7711862360164],[-96.796719898,32.7711573290164],[-96.796578651,32.7711442090165],[-96.79643596,32.7711447770164],[-96.796263644,32.7711617210164],[-96.796099567,32.7711865320164],[-96.7955347457293,32.7713117676032],[-96.79499621,32.7714153600164],[-96.79476182,32.7714630100164],[-96.79452403,32.7715188600164],[-96.79432526,32.7715752300164],[-96.79419905,32.7716243500164],[-96.79410364,32.7716780300164],[-96.7940091189698,32.7717480618428],[-96.79384861,32.7718683400164],[-96.79302982,32.7725237600164],[-96.7919935488465,32.7734323952079],[-96.79178499,32.7735945600164],[-96.79159568,32.7737217300164],[-96.79143204,32.7737887100164],[-96.7911399267363,32.7738948032988]]},"properties":{"AADT_CUR":292,"RTE_NM":"1061039","RTE_PRFX":"CS","RTE_NBR":"1061039","SYSTEM":"Off"}},{"type":"Feature","geometry":{"type":"LineString","coordinates":[[-96.76638982,32.7632453100164],[-96.76625087,32.7633629600164],[-96.76609224,32.7635298200164],[-96.76496979,32.7644832300164],[-96.7639595244514,32.7652963124006]]},"properties":{"AADT_CUR":292,"RTE_NM":"1065289","RTE_PRFX":"CS","RTE_NBR":"1065289","SYSTEM":"Off"}},{"type":"Feature","geometry":{"type":"LineString","coordinates":[[-96.765535852464,32.7549190462433],[-96.7655214274634,32.754926935601]]},"properties":{"AADT_CUR":292,"RTE_NM":"1060385","RTE_PRFX":"CS","RTE_NBR":"1060385","SYSTEM":"Off"}},{"type":"Feature","geometry":{"type":"LineString","coordinates":[[-96.76664701,32.7576145900164],[-96.76636614,32.7573783700163],[-96.76590577,32.7569623300163],[-96.76559035,32.7567036500163],[-96.76453414,32.7557707000163],[-96.7637522753638,32.7550994884943],[-96.76373661,32.7550860400164],[-96.7630395089735,32.7544376871461]]},"properties":{"AADT_CUR":292,"RTE_NM":"1059887","RTE_PRFX":"CS","RTE_NBR":"1059887","SYSTEM":"Off"}},{"type":"Feature","geometry":{"type":"LineString","coordinates":[[-96.79391306,32.8192050600167],[-96.79289738,32.8187948000166],[-96.7915367488794,32.8182856868028],[-96.7901486385478,32.8177650233722],[-96.7889230225986,32.8172830730641]]},"properties":{"AADT_CUR":292,"RTE_NM":"1062126","RTE_PRFX":"CS","RTE_NBR":"1062126","SYSTEM":"Off"}},{"type":"Feature","geometry":{"type":"LineString","coordinates":[[-96.8051623514426,32.7936820225463],[-96.80472726,32.7937280900165],[-96.80445272,32.7937875800165],[-96.80419993,32.7938583600165],[-96.80390482,32.7939725400165],[-96.80366284,32.7941163100165],[-96.8032247381252,32.7944564787059]]},"properties":{"AADT_CUR":292,"RTE_NM":"1059610","RTE_PRFX":"CS","RTE_NBR":"1059610","SYSTEM":"Off"}},{"type":"Feature","geometry":{"type":"LineString","coordinates":[[-96.7949224885443,32.8095360142069],[-96.79491355,32.8095283000166],[-96.7948968276127,32.8095166448736]]},"properties":{"AADT_CUR":292,"RTE_NM":"1063034","RTE_PRFX":"CS","RTE_NBR":"1063034","SYSTEM":"Off"}},{"type":"Feature","geometry":{"type":"LineString","coordinates":[[-96.82118419,32.79104753],[-96.82093604,32.79080992],[-96.82061594,32.7904579],[-96.82016573,32.78993698],[-96.81947433,32.78896396],[-96.81595503,32.78416101],[-96.8157100381894,32.7837854069173]]},"properties":{"AADT_CUR":18874,"RTE_NM":"263334","RTE_PRFX":"CS","RTE_NBR":"263334","SYSTEM":"Off"}},{"type":"Feature","geometry":{"type":"LineString","coordinates":[[-96.77492123,32.77139275],[-96.77592388,32.77225063]]},"properties":{"AADT_CUR":292,"RTE_NM":"1058042","RTE_PRFX":"CS","RTE_NBR":"1058042","SYSTEM":"Off"}},{"type":"Feature","geometry":{"type":"LineString","coordinates":[[-96.78662212,32.82234568],[-96.78594616,32.82355534],[-96.78559889,32.82421448]]},"properties":{"AADT_CUR":292,"RTE_NM":"1061534","RTE_PRFX":"CS","RTE_NBR":"1061534","SYSTEM":"Off"}},{"type":"Feature","geometry":{"type":"LineString","coordinates":[[-96.819564831,32.741224836],[-96.8192106,32.74122054],[-96.81869494,32.74122456]]},"properties":{"AADT_CUR":292,"RTE_NM":"1060664","RTE_PRFX":"CS","RTE_NBR":"1060664","SYSTEM":"Off"}},{"type":"Feature","geometry":{"type":"LineString","coordinates":[[-96.81918006,32.8304625758193],[-96.81918006,32.82959296],[-96.81918904,32.8294798],[-96.81918828,32.82937604],[-96.81917895,32.82927258],[-96.8191611,32.82916992],[-96.81913481,32.82906857],[-96.81910021,32.828969],[-96.81905747,32.82887172],[-96.8190068,32.82877719],[-96.81894843,32.82868589],[-96.81888267,32.82859823],[-96.81880983,32.82851467],[-96.81873025,32.8284356],[-96.81871785,32.82842423],[-96.81743498,32.8274042],[-96.81674893,32.82683692],[-96.8161976,32.82679355]]},"properties":{"AADT_CUR":1824,"RTE_NM":"289889","RTE_PRFX":"CS","RTE_NBR":"289889","SYSTEM":"Off"}},{"type":"Feature","geometry":{"type":"LineString","coordinates":[[-96.828628229209,32.7593452673867],[-96.82862122,32.7593553200164],[-96.8286214608294,32.7593726724285]]},"properties":{"AADT_CUR":292,"RTE_NM":"1066341","RTE_PRFX":"CS","RTE_NBR":"1066341","SYSTEM":"Off"}},{"type":"Feature","geometry":{"type":"LineString","coordinates":[[-96.78286628,32.7902474700165],[-96.78143005,32.7914715900165],[-96.78101173,32.7917695900165],[-96.78042632,32.7922508400165],[-96.78001073,32.7926175900165],[-96.77948203,32.7930693800165],[-96.77874795,32.7936626600165],[-96.77846978,32.7939089700165],[-96.77820671,32.7941307500165],[-96.777675302407,32.7946201473854]]},"properties":{"AADT_CUR":292,"RTE_NM":"1060595","RTE_PRFX":"CS","RTE_NBR":"1060595","SYSTEM":"Off"}},{"type":"Feature","geometry":{"type":"LineString","coordinates":[[-96.8009933452033,32.8018538540888],[-96.80098739,32.8018501000166],[-96.8009612426724,32.8018446964821]]},"properties":{"AADT_CUR":292,"RTE_NM":"1064859","RTE_PRFX":"CS","RTE_NBR":"1064859","SYSTEM":"Off"}},{"type":"Feature","geometry":{"type":"LineString","coordinates":[[-96.776262387,32.769405395],[-96.7762483024591,32.7694137061573]]},"properties":{"AADT_CUR":292,"RTE_NM":"1059238","RTE_PRFX":"CS","RTE_NBR":"1059238","SYSTEM":"Off"}},{"type":"Feature","geometry":{"type":"LineString","coordinates":[[-96.749515340657,32.7530974905708],[-96.74805822,32.7543428200164]]},"properties":{"AADT_CUR":292,"RTE_NM":"1063299","RTE_PRFX":"CS","RTE_NBR":"1063299","SYSTEM":"Off"}},{"type":"Feature","geometry":{"type":"LineString","coordinates":[[-96.8450364369579,32.8053047343235],[-96.84500216,32.8053204400166],[-96.84447276,32.8055566900166],[-96.84379678,32.8058473500166],[-96.84351103,32.8059823700166],[-96.84329681,32.8061224600166],[-96.84306763,32.8062816000166],[-96.84292223,32.8064404800166],[-96.84274078,32.8066566500166],[-96.8425822,32.8069115600166],[-96.8424492,32.8071063400166],[-96.8424076816511,32.8071697967011]]},"properties":{"AADT_CUR":292,"RTE_NM":"1059929","RTE_PRFX":"CS","RTE_NBR":"1059929","SYSTEM":"Off"}},{"type":"Feature","geometry":{"type":"LineString","coordinates":[[-96.8263400562389,32.8221083391877],[-96.82566482,32.8226406000167],[-96.82378435,32.8242028700167],[-96.82249697,32.8252617800167],[-96.82242678,32.8253144400167],[-96.82206564,32.8255157600167],[-96.82193466,32.8255978300167],[-96.82181329,32.8256882900167],[-96.8216993020405,32.8257815089066],[-96.82164628,32.8258248700167],[-96.82106975,32.8263105500167],[-96.82075771,32.8265826100167],[-96.82060385,32.8267125000167],[-96.82033926,32.8269302200167],[-96.81998868,32.8272168900167],[-96.8198466,32.8273263000167],[-96.8191839,32.8278905400167],[-96.81915082,32.8279175800167]]},"properties":{"AADT_CUR":292,"RTE_NM":"1059057","RTE_PRFX":"CS","RTE_NBR":"1059057","SYSTEM":"Off"}},{"type":"Feature","geometry":{"type":"LineString","coordinates":[[-96.75807183,32.73547293],[-96.7581429,32.73520863],[-96.758174,32.735073],[-96.75816312,32.73488176],[-96.75813171,32.73466003],[-96.75800878,32.73361266]]},"properties":{"AADT_CUR":99,"RTE_NM":"SH0310-AG","RTE_PRFX":"SH","RTE_NBR":"310","SYSTEM":"On"}},{"type":"Feature","geometry":{"type":"LineString","coordinates":[[-96.81921405,32.7833462400165],[-96.81765821,32.7841746700165],[-96.81652332,32.7847696100165],[-96.8164344334832,32.7848153094106]]},"properties":{"AADT_CUR":292,"RTE_NM":"1063516","RTE_PRFX":"CS","RTE_NBR":"1063516","SYSTEM":"Off"}},{"type":"Feature","geometry":{"type":"LineString","coordinates":[[-96.874270537483,32.7297598253243],[-96.87420231,32.7297639900162],[-96.87348916,32.7297670200162],[-96.87265984,32.7297644200162],[-96.87201005,32.7297710300162],[-96.87125439,32.7297872400162],[-96.87064699,32.7297875400162],[-96.87015222,32.7298099100162],[-96.86982505,32.7298262300162],[-96.86943339,32.7298568400162],[-96.86885773,32.7299001500162],[-96.86844878,32.7299415100163],[-96.86784915,32.7299624900162],[-96.86619204,32.7300506900162],[-96.86505416,32.7301140700162],[-96.86435501,32.7301516100162],[-96.86359798,32.7301526400163],[-96.86253533,32.7301482700162],[-96.86149433,32.7301606600162],[-96.86081621,32.7301599600162],[-96.86017292,32.7301665900162],[-96.85920533,32.7301661900162],[-96.85902884,32.7301679900162],[-96.8574362,32.7301551900162],[-96.85706361,32.7301653900162],[-96.8569799918745,32.7301635347766]]},"properties":{"AADT_CUR":292,"RTE_NM":"1064733","RTE_PRFX":"CS","RTE_NBR":"1064733","SYSTEM":"Off"}},{"type":"Feature","geometry":{"type":"LineString","coordinates":[[-96.87202075,32.7271925400162],[-96.87128532,32.7272145300162],[-96.87092333,32.7272235200162],[-96.87005495,32.7272245100162],[-96.86948088,32.7272266000162],[-96.86883123,32.7272263200162],[-96.86826168,32.7272037200162],[-96.86753235,32.7272037700162],[-96.86600794,32.7271974700162],[-96.86519235,32.7272005000162],[-96.86458303,32.7272185900162],[-96.863863,32.7272434800162],[-96.86354102,32.7272433600162],[-96.86258588,32.7272747800162],[-96.86152373,32.7272896300163],[-96.85923503,32.7273707700162],[-96.85905538,32.7273684000162],[-96.85833986,32.7273685800162],[-96.85776495,32.7273719800162],[-96.85710185,32.7273962000162],[-96.8570084829264,32.7273958813968]]},"properties":{"AADT_CUR":292,"RTE_NM":"1064653","RTE_PRFX":"CS","RTE_NBR":"1064653","SYSTEM":"Off"}},{"type":"Feature","geometry":{"type":"LineString","coordinates":[[-96.7889921882763,32.8155623897764],[-96.78898806,32.81556142],[-96.78841664,32.81542719],[-96.78778073,32.81530138],[-96.78703345,32.81517569],[-96.78682982,32.81514432]]},"properties":{"AADT_CUR":21639,"RTE_NM":"263193","RTE_PRFX":"CS","RTE_NBR":"263193","SYSTEM":"Off"}},{"type":"Feature","geometry":{"type":"LineString","coordinates":[[-96.7619898,32.77480437],[-96.76157285,32.77432708],[-96.76123502,32.7740062],[-96.76044691,32.77333265],[-96.75918327,32.77226755],[-96.75811033,32.77135081],[-96.75758408,32.77089121],[-96.75676225,32.77019791],[-96.75596463,32.76951455],[-96.75516449,32.7688353],[-96.75438584,32.76814121],[-96.75398616,32.76782359],[-96.75350715,32.76752821],[-96.75299535,32.76728734],[-96.75254599,32.7671162],[-96.75202352,32.76699176],[-96.75145922,32.76692168],[-96.7506732,32.76689157],[-96.74968823,32.76685766],[-96.74844701,32.76682406],[-96.74718242,32.76678804],[-96.74646504,32.76676191],[-96.74604194,32.76674348],[-96.74521085,32.76673296],[-96.74508414,32.76672697],[-96.74461481,32.76670999],[-96.74401195,32.76668048],[-96.74315837,32.76666976],[-96.74280065,32.76666844],[-96.74211782,32.7666308],[-96.74172413,32.76662682],[-96.74100874,32.76659921],[-96.7409916921958,32.7665979126382]]},"properties":{"AADT_CUR":18956,"RTE_NM":"SH0352-LG","RTE_PRFX":"SH","RTE_NBR":"352","SYSTEM":"On"}},{"type":"Feature","geometry":{"type":"LineString","coordinates":[[-96.74404801,32.77798045],[-96.74338087,32.77748855],[-96.74274371,32.77696134],[-96.74231138,32.77660884],[-96.7421606,32.77649949]]},"properties":{"AADT_CUR":292,"RTE_NM":"1062819","RTE_PRFX":"CS","RTE_NBR":"1062819","SYSTEM":"Off"}},{"type":"Feature","geometry":{"type":"LineString","coordinates":[[-96.8095428,32.79239984],[-96.80965892,32.79254025],[-96.81008509,32.79289243],[-96.81066738,32.79342129],[-96.81074827,32.79353235]]},"properties":{"AADT_CUR":292,"RTE_NM":"1062393","RTE_PRFX":"CS","RTE_NBR":"1062393","SYSTEM":"Off"}},{"type":"Feature","geometry":{"type":"LineString","coordinates":[[-96.800751094251,32.7795524951722],[-96.7939958001822,32.7809934235835]]},"properties":{"AADT_CUR":6997,"RTE_NM":"263082","RTE_PRFX":"CS","RTE_NBR":"263082","SYSTEM":"Off"}},{"type":"Feature","geometry":{"type":"LineString","coordinates":[[-96.74364025,32.77511148],[-96.74270986,32.77431621]]},"properties":{"AADT_CUR":292,"RTE_NM":"1062096","RTE_PRFX":"CS","RTE_NBR":"1062096","SYSTEM":"Off"}},{"type":"Feature","geometry":{"type":"LineString","coordinates":[[-96.827722319,32.778636817],[-96.8277051456959,32.7786372529611]]},"properties":{"AADT_CUR":37710,"RTE_NM":"SS0366-LG","RTE_PRFX":"SS","RTE_NBR":"366","SYSTEM":"On"}},{"type":"Feature","geometry":{"type":"LineString","coordinates":[[-96.7655079189569,32.7687582495102],[-96.7654954485108,32.768748268918]]},"properties":{"AADT_CUR":321,"RTE_NM":"1061611","RTE_PRFX":"CS","RTE_NBR":"1061611","SYSTEM":"Off"}},{"type":"Feature","geometry":{"type":"LineString","coordinates":[[-96.77589607,32.77648799],[-96.77634293,32.77681653],[-96.77653642,32.7769536],[-96.77661559,32.7770121],[-96.77668545,32.77707309],[-96.7767424,32.77713737]]},"properties":{"AADT_CUR":263,"RTE_NM":"1062696","RTE_PRFX":"CS","RTE_NBR":"1062696","SYSTEM":"Off"}},{"type":"Feature","geometry":{"type":"LineString","coordinates":[[-96.80533801,32.79949713],[-96.8053440437107,32.7994392389518]]},"properties":{"AADT_CUR":11495,"RTE_NM":"263023","RTE_PRFX":"CS","RTE_NBR":"263023","SYSTEM":"Off"}},{"type":"Feature","geometry":{"type":"LineString","coordinates":[[-96.79803626,32.7989012100166],[-96.79799409,32.7988937500166],[-96.79794326,32.7988710700165],[-96.79791122,32.7988445200166],[-96.79702518,32.7980750100166],[-96.79619239,32.7973722200166],[-96.79572377,32.7969864100166],[-96.79517068,32.7965073700165],[-96.7947416,32.7961399900165],[-96.7942315764855,32.7956948592102]]},"properties":{"AADT_CUR":292,"RTE_NM":"1059241","RTE_PRFX":"CS","RTE_NBR":"1059241","SYSTEM":"Off"}},{"type":"Feature","geometry":{"type":"LineString","coordinates":[[-96.7852473708033,32.7246371838436],[-96.7851739602245,32.7246749292966]]},"properties":{"AADT_CUR":292,"RTE_NM":"1065681","RTE_PRFX":"CS","RTE_NBR":"1065681","SYSTEM":"Off"}},{"type":"Feature","geometry":{"type":"LineString","coordinates":[[-96.78182223,32.79693398],[-96.78212931,32.79718907],[-96.78316071,32.7981167],[-96.78366605,32.79854961]]},"properties":{"AADT_CUR":292,"RTE_NM":"1057948","RTE_PRFX":"CS","RTE_NBR":"1057948","SYSTEM":"Off"}},{"type":"Feature","geometry":{"type":"LineString","coordinates":[[-96.8050589824019,32.7691300398363],[-96.8050688,32.76913774],[-96.80526307,32.76927278],[-96.80548104,32.7693865],[-96.80576535,32.76950023],[-96.8062771,32.76967792],[-96.80718451,32.7700025],[-96.80785974,32.77028444],[-96.80864868,32.77067299],[-96.80902539,32.77087674],[-96.80940371,32.77108157],[-96.8096011016411,32.7712543189976]]},"properties":{"AADT_CUR":125909,"RTE_NM":"IH0035E-RG","RTE_PRFX":"IH","RTE_NBR":"35","SYSTEM":"On"}},{"type":"Feature","geometry":{"type":"LineString","coordinates":[[-96.762211661481,32.7746273401983],[-96.76220259,32.77461491],[-96.76189338,32.77420234],[-96.76163438,32.77392657],[-96.76148643,32.77379666],[-96.76141288,32.77373103],[-96.76120602,32.77357694],[-96.76084514,32.77326948],[-96.76068991,32.77313673],[-96.75942759,32.77204691],[-96.75897879,32.77165989],[-96.75863401,32.77136227],[-96.75834845,32.77111498],[-96.75783491,32.77067068],[-96.75735015,32.77025152],[-96.75704085,32.76997089],[-96.75623749,32.76929022],[-96.75570939,32.76884294],[-96.75543812,32.76861371],[-96.75503083,32.76826987],[-96.75463977,32.76792759],[-96.75446301,32.76777393],[-96.75415724,32.76756344],[-96.75379209,32.76735076],[-96.75342354,32.76718889],[-96.75301309,32.76704704],[-96.75275906,32.76695559],[-96.7525083,32.76689044],[-96.75216749,32.76682729],[-96.75161441,32.76676846],[-96.75120137,32.76675428],[-96.7496953,32.76672496],[-96.74854492,32.76669142],[-96.74801803,32.76667604],[-96.74730887,32.76664811],[-96.74648744,32.76662695],[-96.74522775,32.76658888],[-96.74311179,32.76654129],[-96.74280724,32.76652764],[-96.7417284,32.76647922],[-96.7410380674989,32.7664410621063]]},"properties":{"AADT_CUR":18956,"RTE_NM":"SH0352-RG","RTE_PRFX":"SH","RTE_NBR":"352","SYSTEM":"On"}},{"type":"Feature","geometry":{"type":"LineString","coordinates":[[-96.82284414,32.74504551],[-96.82284884,32.74435212],[-96.8228398800013,32.7435302465695]]},"properties":{"AADT_CUR":5697,"RTE_NM":"262953","RTE_PRFX":"CS","RTE_NBR":"262953","SYSTEM":"Off"}},{"type":"Feature","geometry":{"type":"LineString","coordinates":[[-96.76231993,32.7700764],[-96.76126582,32.77102247]]},"properties":{"AADT_CUR":292,"RTE_NM":"1058370","RTE_PRFX":"CS","RTE_NBR":"1058370","SYSTEM":"Off"}},{"type":"Feature","geometry":{"type":"LineString","coordinates":[[-96.7813491908848,32.7634219909252],[-96.78135008,32.7634227700164],[-96.7813734529233,32.7634425749352]]},"properties":{"AADT_CUR":292,"RTE_NM":"1061411","RTE_PRFX":"CS","RTE_NBR":"1061411","SYSTEM":"Off"}},{"type":"Feature","geometry":{"type":"LineString","coordinates":[[-96.75803678,32.76647835],[-96.75739873,32.7670316],[-96.75672224,32.76763792],[-96.75667431,32.76767574],[-96.75661936,32.76769834]]},"properties":{"AADT_CUR":292,"RTE_NM":"1061153","RTE_PRFX":"CS","RTE_NBR":"1061153","SYSTEM":"Off"}},{"type":"Feature","geometry":{"type":"LineString","coordinates":[[-96.84736887,32.80146198],[-96.84735685,32.8042906]]},"properties":{"AADT_CUR":292,"RTE_NM":"1061500","RTE_PRFX":"CS","RTE_NBR":"1061500","SYSTEM":"Off"}},{"type":"Feature","geometry":{"type":"LineString","coordinates":[[-96.74440494,32.7864623900165],[-96.74477063,32.7864441700165],[-96.74484012,32.7864685300165],[-96.74500201,32.7865931500165],[-96.74564465,32.7871355400165],[-96.74679934,32.7881167700165],[-96.74735585,32.7885301000165],[-96.74891467,32.7898977500165],[-96.7494900900093,32.7903855800255],[-96.74984097,32.7907241780165],[-96.749906075,32.7907946810165]]},"properties":{"AADT_CUR":350,"RTE_NM":"1064408","RTE_PRFX":"CS","RTE_NBR":"1064408","SYSTEM":"Off"}},{"type":"Feature","geometry":{"type":"LineString","coordinates":[[-96.79681959174,32.7873704548018],[-96.7968087644162,32.7873615547565],[-96.79652556,32.787140520033],[-96.79565575,32.786420730033],[-96.79526614,32.786118490033],[-96.79511506,32.785978960033],[-96.79449783,32.785434650033],[-96.794324275,32.785332612033],[-96.79414155,32.785261411033],[-96.79388343,32.785192460033],[-96.79371956,32.785141875033],[-96.793552251,32.785096108033],[-96.793312336,32.784997564033],[-96.793130083,32.784906017033],[-96.793009727,32.784822179033],[-96.792889371,32.784711357033],[-96.792798818,32.784601500033],[-96.792735775,32.784464660033],[-96.792668146,32.7842247070329],[-96.792624589,32.784020410033],[-96.7925563,32.783648360033]]},"properties":{"AADT_CUR":11661,"RTE_NM":"263595","RTE_PRFX":"CS","RTE_NBR":"263595","SYSTEM":"Off"}},{"type":"Feature","geometry":{"type":"LineString","coordinates":[[-96.7609692677774,32.7964706232828],[-96.76097131,32.7964723600165],[-96.7610364661202,32.7964639092521]]},"properties":{"AADT_CUR":292,"RTE_NM":"1064401","RTE_PRFX":"CS","RTE_NBR":"1064401","SYSTEM":"Off"}},{"type":"Feature","geometry":{"type":"LineString","coordinates":[[-96.817930868262,32.8277984927411],[-96.81779519,32.8278044200167],[-96.81761299,32.8277978300167],[-96.81668259,32.8277110300167],[-96.816312,32.8276799000167]]},"properties":{"AADT_CUR":292,"RTE_NM":"1117230","RTE_PRFX":"CS","RTE_NBR":"1117230","SYSTEM":"Off"}},{"type":"Feature","geometry":{"type":"LineString","coordinates":[[-96.8069828290154,32.8227235251448],[-96.80698268,32.8227176900501],[-96.8069828191642,32.8226804629298],[-96.8069865069499,32.8216939503624],[-96.8069902691912,32.8206874981602],[-96.806993890006,32.819718860017],[-96.80702464,32.8195510500499],[-96.8070297,32.8185975000499],[-96.8070296100259,32.8185804840126],[-96.80702847,32.8183648800499],[-96.80711846,32.81814997005],[-96.8072582854908,32.8180634911013],[-96.80728731,32.8180455400501],[-96.80753405,32.81781120005],[-96.8077011883625,32.8176258955464]]},"properties":{"AADT_CUR":2378,"RTE_NM":"263131","RTE_PRFX":"CS","RTE_NBR":"263131","SYSTEM":"Off"}},{"type":"Feature","geometry":{"type":"LineString","coordinates":[[-96.7960493540597,32.8055872980132],[-96.79514706,32.8063456900166],[-96.79504041,32.8064218400166]]},"properties":{"AADT_CUR":292,"RTE_NM":"1063270","RTE_PRFX":"CS","RTE_NBR":"1063270","SYSTEM":"Off"}},{"type":"Feature","geometry":{"type":"LineString","coordinates":[[-96.7701609756583,32.8238535222882],[-96.77015415,32.8238536100167],[-96.76796335,32.8238313700167],[-96.76672691,32.8238320200167],[-96.76578014,32.8238380700167],[-96.76365981,32.8238332400167],[-96.76259423,32.8238376000167],[-96.76181674,32.8238446100167],[-96.7615573993559,32.8238370764098]]},"properties":{"AADT_CUR":292,"RTE_NM":"1060940","RTE_PRFX":"CS","RTE_NBR":"1060940","SYSTEM":"Off"}},{"type":"Feature","geometry":{"type":"LineString","coordinates":[[-96.7968134819832,32.8096449454518],[-96.79680884,32.8096410500166],[-96.79581831,32.8088039100166],[-96.7957948967353,32.8087834290422],[-96.79459516,32.8077339300166],[-96.79420691,32.8074973000166],[-96.79384204,32.8074046800166],[-96.7936372527205,32.8073697165116],[-96.7933087693748,32.8073136335479],[-96.7932450446351,32.8073027535254]]},"properties":{"AADT_CUR":18129,"RTE_NM":"262971","RTE_PRFX":"CS","RTE_NBR":"262971","SYSTEM":"Off"}},{"type":"Feature","geometry":{"type":"LineString","coordinates":[[-96.8162914,32.82413468],[-96.81575422,32.82408892],[-96.81478171,32.82399327],[-96.81434437,32.82396262],[-96.81290886,32.8238167],[-96.81248511,32.82379995],[-96.8116242,32.82378553],[-96.81074474,32.82376258],[-96.81025405,32.82375456],[-96.80971296,32.82374445],[-96.80934511,32.82374083],[-96.80732827,32.82373127],[-96.80697886,32.82374301],[-96.80562016,32.823752],[-96.805476,32.82375692],[-96.80535011,32.82378545],[-96.80526631,32.82382553],[-96.8051841,32.8238684],[-96.80509306,32.82394689],[-96.80497727,32.82412812]]},"properties":{"AADT_CUR":292,"RTE_NM":"1117309","RTE_PRFX":"CS","RTE_NBR":"1117309","SYSTEM":"Off"}},{"type":"Feature","geometry":{"type":"LineString","coordinates":[[-96.81802616,32.7276776000162],[-96.81747336,32.7276728500162],[-96.81683331,32.7276806900162],[-96.8156658,32.7276758600162],[-96.81446121,32.7276540400162],[-96.8144286816529,32.7276543101803]]},"properties":{"AADT_CUR":292,"RTE_NM":"1065721","RTE_PRFX":"CS","RTE_NBR":"1065721","SYSTEM":"Off"}},{"type":"Feature","geometry":{"type":"LineString","coordinates":[[-96.8056278871831,32.8119127479882],[-96.80672289,32.81101541],[-96.80779311,32.81016126],[-96.80810392,32.80995206],[-96.80835471,32.80973821],[-96.80853195,32.80952257],[-96.8086884310966,32.8090393928701]]},"properties":{"AADT_CUR":22658,"RTE_NM":"263553","RTE_PRFX":"CS","RTE_NBR":"263553","SYSTEM":"Off"}},{"type":"Feature","geometry":{"type":"LineString","coordinates":[[-96.76185724,32.81272326],[-96.7606846,32.81271556],[-96.75920874,32.81270794],[-96.75758133,32.81271336],[-96.75718264,32.81270244],[-96.7563761,32.81270748],[-96.75518329,32.81269075],[-96.7516515142843,32.8127167970276]]},"properties":{"AADT_CUR":8559,"RTE_NM":"268369","RTE_PRFX":"CS","RTE_NBR":"268369","SYSTEM":"Off"}},{"type":"Feature","geometry":{"type":"LineString","coordinates":[[-96.8256834003709,32.7743014472789],[-96.8256848,32.7743244500165],[-96.82567039,32.7752177000164]]},"properties":{"AADT_CUR":292,"RTE_NM":"1065910","RTE_PRFX":"CS","RTE_NBR":"1065910","SYSTEM":"Off"}},{"type":"Feature","geometry":{"type":"LineString","coordinates":[[-96.83970102,32.78544685],[-96.83948801,32.7854385],[-96.83929925,32.78543873],[-96.83922277,32.78543908],[-96.83912836,32.78544057],[-96.83847121,32.78547028],[-96.83750613,32.78543402],[-96.83639535,32.7854439]]},"properties":{"AADT_CUR":292,"RTE_NM":"1064740","RTE_PRFX":"CS","RTE_NBR":"1064740","SYSTEM":"Off"}},{"type":"Feature","geometry":{"type":"LineString","coordinates":[[-96.7781991826219,32.7714919963888],[-96.7781851792184,32.7715004093521]]},"properties":{"AADT_CUR":292,"RTE_NM":"1061678","RTE_PRFX":"CS","RTE_NBR":"1061678","SYSTEM":"Off"}},{"type":"Feature","geometry":{"type":"LineString","coordinates":[[-96.7851115625864,32.7616718607657],[-96.7844558,32.7621983400164],[-96.78362672,32.7628824100164],[-96.78313825,32.7632825400164],[-96.7828298,32.7635435700164],[-96.78198196,32.7642287600164],[-96.78112874,32.7649386100164],[-96.7810473587138,32.7649848855191],[-96.78102018,32.7650003400164],[-96.78090671,32.7650633600164],[-96.78052316,32.7653783300164],[-96.77965674,32.7661402200164],[-96.7794227,32.7663376600164],[-96.77930558,32.7664625000164],[-96.77921025,32.7665546500164],[-96.77889338,32.7667867000164]]},"properties":{"AADT_CUR":292,"RTE_NM":"1064573","RTE_PRFX":"CS","RTE_NBR":"1064573","SYSTEM":"Off"}},{"type":"Feature","geometry":{"type":"LineString","coordinates":[[-96.7761754848461,32.7547698848949],[-96.77571447,32.7551359200164],[-96.77477783,32.7559215400164],[-96.77379963,32.7567678600164]]},"properties":{"AADT_CUR":292,"RTE_NM":"1059466","RTE_PRFX":"CS","RTE_NBR":"1059466","SYSTEM":"Off"}},{"type":"Feature","geometry":{"type":"LineString","coordinates":[[-96.8376051758257,32.7432232190042],[-96.83760536,32.74320164],[-96.8376117138441,32.7414238504727]]},"properties":{"AADT_CUR":7646,"RTE_NM":"269965","RTE_PRFX":"CS","RTE_NBR":"269965","SYSTEM":"Off"}},{"type":"Feature","geometry":{"type":"LineString","coordinates":[[-96.7651458,32.78089864],[-96.76507584,32.78102618],[-96.76504951,32.78106305],[-96.76502149,32.78108595],[-96.76498814,32.78110301],[-96.76495112,32.78111338],[-96.76492123,32.78111645],[-96.76490132,32.78111772],[-96.76488099,32.78112201],[-96.76486184,32.78112923],[-96.76484448,32.78113914],[-96.76482941,32.78115146],[-96.76481711,32.78116579],[-96.76480794,32.78118171],[-96.7642423,32.78260063],[-96.76457392,32.7826885],[-96.76472324,32.78277205],[-96.76470082,32.78283344],[-96.76456095,32.78323159]]},"properties":{"AADT_CUR":292,"RTE_NM":"1060374","RTE_PRFX":"CS","RTE_NBR":"1060374","SYSTEM":"Off"}},{"type":"Feature","geometry":{"type":"LineString","coordinates":[[-96.77710922,32.7892697100165],[-96.77664668,32.7896962500165],[-96.77539476,32.7907708800165],[-96.7742897260736,32.7916818663488]]},"properties":{"AADT_CUR":292,"RTE_NM":"1064794","RTE_PRFX":"CS","RTE_NBR":"1064794","SYSTEM":"Off"}},{"type":"Feature","geometry":{"type":"LineString","coordinates":[[-96.78821036,32.8012171800166],[-96.78765524,32.8016878900166],[-96.78750709,32.8018164200166],[-96.78675767,32.8024452600166],[-96.78609571,32.8029694700166],[-96.7850792686505,32.8038090894885],[-96.7841663999898,32.8045593400245],[-96.78327821,32.8052494800166]]},"properties":{"AADT_CUR":292,"RTE_NM":"1061924","RTE_PRFX":"CS","RTE_NBR":"1061924","SYSTEM":"Off"}},{"type":"Feature","geometry":{"type":"LineString","coordinates":[[-96.79312952,32.792063570033],[-96.79329256,32.791838680033],[-96.7933663,32.791712090033],[-96.79340706,32.7915591300331],[-96.7934117823125,32.7914442510076],[-96.79339415,32.791285710033],[-96.79326663,32.791053700033],[-96.79321266,32.790893280033],[-96.79319122,32.790747610033],[-96.79319271,32.790608090033],[-96.79322051,32.790471990033],[-96.79330814,32.790317470033],[-96.79346589,32.790151350033],[-96.79385669,32.789813080033],[-96.7938881285858,32.7897875685155],[-96.794353383807,32.789410024588],[-96.79531134,32.788632650033],[-96.7953165588966,32.7886282200414],[-96.7958216408243,32.7881994848728],[-96.7967961559949,32.7873722577105]]},"properties":{"AADT_CUR":4889,"RTE_NM":"268088","RTE_PRFX":"CS","RTE_NBR":"268088","SYSTEM":"Off"}},{"type":"Feature","geometry":{"type":"LineString","coordinates":[[-96.7589259,32.78347757],[-96.75851175,32.78339617],[-96.75836639,32.78325804],[-96.75830899,32.78319814],[-96.75816272,32.78306414],[-96.75748599,32.78247459],[-96.75652099,32.78169132]]},"properties":{"AADT_CUR":292,"RTE_NM":"1060573","RTE_PRFX":"CS","RTE_NBR":"1060573","SYSTEM":"Off"}},{"type":"Feature","geometry":{"type":"LineString","coordinates":[[-96.75244217,32.81016983],[-96.75164037,32.80947541],[-96.75160191,32.80944462],[-96.75062273,32.8086666]]},"properties":{"AADT_CUR":2704,"RTE_NM":"1063557","RTE_PRFX":"CS","RTE_NBR":"1063557","SYSTEM":"Off"}},{"type":"Feature","geometry":{"type":"LineString","coordinates":[[-96.79009437,32.76169046],[-96.7898691,32.76189905],[-96.7897442,32.76200728],[-96.7896168,32.76211825],[-96.78944908,32.7622534],[-96.78899883,32.76261283]]},"properties":{"AADT_CUR":10,"RTE_NM":"1061250","RTE_PRFX":"CS","RTE_NBR":"1061250","SYSTEM":"Off"}},{"type":"Feature","geometry":{"type":"LineString","coordinates":[[-96.8429924,32.78333959],[-96.84297286,32.78447333],[-96.84296782,32.78530897],[-96.84297809,32.78589191]]},"properties":{"AADT_CUR":292,"RTE_NM":"1059168","RTE_PRFX":"CS","RTE_NBR":"1059168","SYSTEM":"Off"}},{"type":"Feature","geometry":{"type":"LineString","coordinates":[[-96.74420577,32.77461226],[-96.74364025,32.77511148],[-96.74279438,32.77592288],[-96.74255503,32.77613669],[-96.7421606,32.77649949],[-96.74106895,32.7775191],[-96.74092076,32.77764758],[-96.74040491,32.77814337]]},"properties":{"AADT_CUR":292,"RTE_NM":"1059397","RTE_PRFX":"CS","RTE_NBR":"1059397","SYSTEM":"Off"}},{"type":"Feature","geometry":{"type":"LineString","coordinates":[[-96.80521625,32.763823892],[-96.804981212,32.764168043],[-96.804779019,32.764468499],[-96.804606637,32.764746842],[-96.80448975,32.764958021],[-96.80433069,32.765272311],[-96.80417399,32.765613567],[-96.804089203,32.76581682],[-96.80403675,32.765953636],[-96.804001731,32.76606677],[-96.803941708,32.766291295],[-96.803805913,32.766755404],[-96.803668777,32.767169892],[-96.803517888,32.767665064],[-96.80345967,32.767906799],[-96.803366583,32.768304154],[-96.803325991,32.768422634],[-96.803265118,32.768563211],[-96.803142275,32.7687872],[-96.803016776,32.768949754],[-96.802929768,32.769051257],[-96.802792724,32.769178273],[-96.80264227,32.76929965],[-96.80244868,32.76945788],[-96.802000014,32.769844162],[-96.801813206,32.770059415]]},"properties":{"AADT_CUR":31062,"RTE_NM":"1599253394","RTE_PRFX":"IH","RTE_NBR":"30","SYSTEM":"On"}},{"type":"Feature","geometry":{"type":"LineString","coordinates":[[-96.85146325,32.77166415],[-96.85139994,32.77165644],[-96.85025227,32.77169071],[-96.84987791,32.77169949],[-96.84933629,32.77169093],[-96.84866229,32.77171359],[-96.84796101,32.77171664],[-96.84713669,32.77173043]]},"properties":{"AADT_CUR":292,"RTE_NM":"1063746","RTE_PRFX":"CS","RTE_NBR":"1063746","SYSTEM":"Off"}},{"type":"Feature","geometry":{"type":"LineString","coordinates":[[-96.84785781,32.79053946],[-96.84788857,32.786331],[-96.8480759,32.78605364],[-96.8481089,32.78573499],[-96.84812952,32.77930345],[-96.84798174,32.77881046],[-96.84788411,32.77855136],[-96.84792375,32.77266737],[-96.84794758,32.76535923]]},"properties":{"AADT_CUR":1370,"RTE_NM":"263790","RTE_PRFX":"CS","RTE_NBR":"263790","SYSTEM":"Off"}},{"type":"Feature","geometry":{"type":"LineString","coordinates":[[-96.83404471,32.8193373800167],[-96.83303734,32.8201898500167],[-96.83292582,32.8202763200167],[-96.83284672,32.8203274800166],[-96.83275503,32.8203565000167],[-96.8326920585269,32.8203925051413]]},"properties":{"AADT_CUR":680,"RTE_NM":"1058771","RTE_PRFX":"CS","RTE_NBR":"1058771","SYSTEM":"Off"}},{"type":"Feature","geometry":{"type":"LineString","coordinates":[[-96.7615321065345,32.8191492489394],[-96.76122234,32.81912160005],[-96.76063967,32.8191162100501],[-96.75931526,32.8191224300498],[-96.75868605,32.81912462005],[-96.7559643899999,32.8191181100499],[-96.7533818,32.8190750100501],[-96.7528981449095,32.8190747167699],[-96.75287066,32.8190747000501],[-96.75271634,32.81905741005],[-96.75194121,32.8190712600498],[-96.75170239,32.81908852005],[-96.75150682,32.81914076005],[-96.75136717,32.81916490005],[-96.7512316,32.8191877500501],[-96.7495412599866,32.8196313300532],[-96.74808068,32.81997914005],[-96.74701989,32.8201965000499],[-96.74646411,32.82031237005],[-96.7452273,32.8204983700501],[-96.74380594,32.8206322600499],[-96.74298073,32.8207484500501],[-96.74285561,32.8207782900501],[-96.74271101,32.8208463400501],[-96.74237227,32.8209350400501],[-96.74204389,32.8209936300501],[-96.74162599,32.8210523200501],[-96.7413918299954,32.8210394000486],[-96.74126564,32.8209991300501],[-96.74114213,32.8209478900501],[-96.7409296499898,32.8208266700422],[-96.74077971,32.8207118400501],[-96.74043777,32.8205516800501],[-96.74028065,32.8204711000501],[-96.74000085,32.8203791800501],[-96.73977466,32.82033337005],[-96.73954317,32.8203094800501],[-96.73931725,32.8203324000501],[-96.73879705,32.8204185000501],[-96.73790736,32.8205845900501],[-96.73648511,32.82080361005],[-96.73576724,32.8209240100501],[-96.73436319,32.8211680100501]]},"properties":{"AADT_CUR":292,"RTE_NM":"1061968","RTE_PRFX":"CS","RTE_NBR":"1061968","SYSTEM":"Off"}},{"type":"Feature","geometry":{"type":"LineString","coordinates":[[-96.7578327583169,32.7144844734554],[-96.75846836,32.71579752],[-96.7585987,32.71603302],[-96.75937746,32.71757245],[-96.75976982,32.71833533],[-96.76009455,32.71898179],[-96.76038648,32.71951783],[-96.76069323,32.72012831],[-96.76111916,32.72096313],[-96.76134551,32.72140478],[-96.76180237,32.7222799],[-96.76197998,32.72263427],[-96.76256167,32.72378055],[-96.76267576,32.72401581],[-96.762762129,32.724276576]]},"properties":{"AADT_CUR":1129,"RTE_NM":"IH0045-XG","RTE_PRFX":"IH","RTE_NBR":"45","SYSTEM":"On"}},{"type":"Feature","geometry":{"type":"LineString","coordinates":[[-96.853873900025,32.7470445099284],[-96.85382718,32.7472836900163],[-96.85380627,32.7484545200163],[-96.85380261,32.7490469000163],[-96.85381313,32.7494882700163],[-96.85381297,32.7495405000163],[-96.8538115084759,32.7495722344423]]},"properties":{"AADT_CUR":292,"RTE_NM":"1063060","RTE_PRFX":"CS","RTE_NBR":"1063060","SYSTEM":"Off"}},{"type":"Feature","geometry":{"type":"LineString","coordinates":[[-96.74502004,32.8080186200332],[-96.74487959,32.8078778100332],[-96.74480375,32.8078038800332],[-96.7447392,32.8077342500332],[-96.74469096,32.8076634600332],[-96.74467439,32.8075958800332],[-96.7446443300003,32.8075116000163],[-96.74464528,32.8074635100332],[-96.74461732,32.8073957500332],[-96.74456097,32.8073234900332],[-96.74449599,32.8072758300332],[-96.74357862,32.8064628900331],[-96.7429607899902,32.8059359600245],[-96.74197775,32.8050712100332],[-96.74152315,32.8046854100332],[-96.74103282,32.8042551100332],[-96.74093501,32.8041808900332],[-96.74073678,32.8040818600332],[-96.74027625,32.8039543800332],[-96.73980165,32.8038390800332]]},"properties":{"AADT_CUR":292,"RTE_NM":"1062852","RTE_PRFX":"CS","RTE_NBR":"1062852","SYSTEM":"Off"}},{"type":"Feature","geometry":{"type":"LineString","coordinates":[[-96.78332205,32.7719475000164],[-96.7824435679399,32.7724922978408]]},"properties":{"AADT_CUR":292,"RTE_NM":"1064668","RTE_PRFX":"CS","RTE_NBR":"1064668","SYSTEM":"Off"}},{"type":"Feature","geometry":{"type":"LineString","coordinates":[[-96.75413937,32.76445944],[-96.75456192,32.76485437],[-96.75526919,32.76553784],[-96.75542563,32.76564862],[-96.75606511,32.76622253]]},"properties":{"AADT_CUR":292,"RTE_NM":"1064154","RTE_PRFX":"CS","RTE_NBR":"1064154","SYSTEM":"Off"}},{"type":"Feature","geometry":{"type":"LineString","coordinates":[[-96.8566599134189,32.7611919600593],[-96.85409924,32.7612086200164],[-96.8532758,32.7612238200164],[-96.85279189,32.7612215400164],[-96.85108611,32.7612264200164],[-96.85090799,32.7612289200164]]},"properties":{"AADT_CUR":292,"RTE_NM":"1062524","RTE_PRFX":"CS","RTE_NBR":"1062524","SYSTEM":"Off"}},{"type":"Feature","geometry":{"type":"LineString","coordinates":[[-96.84411014,32.7451546800163],[-96.8440867,32.7464546700326],[-96.84408695,32.7470086200163],[-96.84406214,32.7478151500163],[-96.84405276,32.7481435400163],[-96.84405308,32.7489985000163],[-96.84404367,32.7495028300163],[-96.8440435653885,32.7495179579032],[-96.84403408,32.7508896200163],[-96.84402133,32.7515725900163],[-96.84401775,32.7522873100164],[-96.84399779,32.7523543900164],[-96.8439611,32.7524033900163],[-96.84353835,32.7528733500163],[-96.84320311,32.7532303800163],[-96.84316402,32.7532765900163],[-96.84277005,32.7537290600163],[-96.84275128,32.7539075000164],[-96.84273119,32.7543732000163],[-96.84272209,32.7553833700164],[-96.84271062,32.7573048300164],[-96.84271564,32.7578629500164],[-96.84268974,32.7585540100163],[-96.8426922915517,32.7594628558831],[-96.84269537,32.7599506200164],[-96.84275202,32.7600970700164],[-96.84293438,32.7603496700164],[-96.84316439,32.7606207600164],[-96.84337853,32.7608706900164],[-96.84347185,32.7610103900164],[-96.84352172,32.7611224900164],[-96.84355122,32.7612545900164],[-96.84358003,32.7614238300164],[-96.84357383,32.7615419300164],[-96.8435814,32.7616805900164],[-96.84351756,32.7624008400164]]},"properties":{"AADT_CUR":967,"RTE_NM":"1063015","RTE_PRFX":"CS","RTE_NBR":"1063015","SYSTEM":"Off"}},{"type":"Feature","geometry":{"type":"LineString","coordinates":[[-96.81391661,32.74031999],[-96.81356573,32.74068664],[-96.8133277,32.74098763],[-96.81296768,32.74152627],[-96.81272779,32.74176459],[-96.81220159,32.74228361],[-96.81144217,32.74296263],[-96.81100361,32.7434018],[-96.81075837,32.74358816],[-96.81050135,32.7437567],[-96.81016047,32.74393659],[-96.80984264,32.74406802],[-96.80940459,32.74419703],[-96.80904838,32.74427203],[-96.80864649,32.74444155],[-96.80829574,32.7446298],[-96.80758938,32.74515698],[-96.80709902,32.74543193],[-96.8063715,32.74572527],[-96.80614998,32.74582054],[-96.805986,32.74593331],[-96.80571637,32.74615136],[-96.80557342,32.74636537],[-96.80543305,32.74663475],[-96.8053828,32.74683887],[-96.80522463,32.7472956],[-96.80506752,32.74753054],[-96.80491417,32.74769895],[-96.8047679,32.74782581],[-96.804391,32.74809158],[-96.80399113,32.74820136],[-96.80257314,32.74829823],[-96.7993527590106,32.7486117115962]]},"properties":{"AADT_CUR":5258,"RTE_NM":"263054","RTE_PRFX":"CS","RTE_NBR":"263054","SYSTEM":"Off"}},{"type":"Feature","geometry":{"type":"LineString","coordinates":[[-96.76302389,32.7727625],[-96.76298814,32.77280186],[-96.76207491,32.77365644]]},"properties":{"AADT_CUR":292,"RTE_NM":"1063564","RTE_PRFX":"CS","RTE_NBR":"1063564","SYSTEM":"Off"}},{"type":"Feature","geometry":{"type":"LineString","coordinates":[[-96.7989558908147,32.7439969883716],[-96.79894328,32.7439990700163],[-96.79862813,32.7440208600163],[-96.79834784,32.7440912500163],[-96.79805131,32.7442452700163],[-96.79759767,32.7444493700163],[-96.79731081,32.7446076300163],[-96.79690731,32.7447835400163]]},"properties":{"AADT_CUR":292,"RTE_NM":"1064798","RTE_PRFX":"CS","RTE_NBR":"1064798","SYSTEM":"Off"}},{"type":"Feature","geometry":{"type":"LineString","coordinates":[[-96.78858003,32.81099254],[-96.7874951,32.81044704],[-96.78724617,32.81031577],[-96.78715539,32.81025404],[-96.78709,32.81018442],[-96.7870399,32.81012325],[-96.78695824,32.81005339],[-96.78691711,32.80994974],[-96.78686032,32.80977163]]},"properties":{"AADT_CUR":292,"RTE_NM":"1058817","RTE_PRFX":"CS","RTE_NBR":"1058817","SYSTEM":"Off"}},{"type":"Feature","geometry":{"type":"LineString","coordinates":[[-96.7659183891854,32.8030044470045],[-96.7645416434788,32.8041459619218],[-96.7637464036155,32.804805307406],[-96.7632404073326,32.8052248291264],[-96.7629182660089,32.8054919135857],[-96.7621126430858,32.8061598379119],[-96.7612478008596,32.8068768431982],[-96.7604172263975,32.8075654224334],[-96.7595408779726,32.8082919330527],[-96.7587381374216,32.8089574058889],[-96.7579156199434,32.8096392585839],[-96.7571153055835,32.8103026904773],[-96.75702699,32.8103759000332],[-96.7562959735073,32.8109830064609],[-96.755490902458,32.8116516007882],[-96.7546830678032,32.8123224753445],[-96.7542311344378,32.8126977815283],[-96.75419247,32.8127298900332],[-96.7529534571226,32.8137627562158],[-96.7528608508637,32.8138399532493],[-96.7521306843326,32.8144486183635]]},"properties":{"AADT_CUR":11958,"RTE_NM":"263225","RTE_PRFX":"CS","RTE_NBR":"263225","SYSTEM":"Off"}},{"type":"Feature","geometry":{"type":"LineString","coordinates":[[-96.8041611,32.7276299800163],[-96.8040326,32.7284746300162],[-96.80401858,32.7285298600162],[-96.80400628,32.7285605500162],[-96.8039914,32.7285824700162],[-96.8039733,32.7285927100162],[-96.80395598,32.7285977000162],[-96.80356056,32.7286088600162],[-96.80200844,32.7286402200162],[-96.80191357,32.7286545900162],[-96.8017548,32.7287109300162],[-96.80163449,32.7287678000162],[-96.80154488,32.7288113700162],[-96.8014572,32.7288784300162],[-96.80139282,32.7289358000162],[-96.8013313,32.7289975800162],[-96.80128906,32.7290523100162],[-96.8012144,32.7291537300162],[-96.8010570099966,32.7293326500229],[-96.80098774,32.7294677900162],[-96.8009466,32.7295785500162],[-96.80093704,32.7296526600162],[-96.80085829,32.7301986500162],[-96.80085068,32.7303415000162],[-96.80085794,32.7304721800162],[-96.80090269,32.7305978800162],[-96.80100936,32.7307175500162],[-96.80116567,32.7308351500162]]},"properties":{"AADT_CUR":108,"RTE_NM":"1060845","RTE_PRFX":"CS","RTE_NBR":"1060845","SYSTEM":"Off"}},{"type":"Feature","geometry":{"type":"LineString","coordinates":[[-96.83309721,32.82285038],[-96.83225565,32.82358272],[-96.83037474,32.82514002]]},"properties":{"AADT_CUR":292,"RTE_NM":"1059156","RTE_PRFX":"CS","RTE_NBR":"1059156","SYSTEM":"Off"}},{"type":"Feature","geometry":{"type":"LineString","coordinates":[[-96.7912536217749,32.7798391487455],[-96.79123919,32.7798225300165],[-96.7899012799144,32.7782816394808]]},"properties":{"AADT_CUR":689,"RTE_NM":"263593","RTE_PRFX":"CS","RTE_NBR":"263593","SYSTEM":"Off"}},{"type":"Feature","geometry":{"type":"LineString","coordinates":[[-96.8057719776837,32.7823773061217],[-96.80567873,32.7824656700165],[-96.80523816,32.7828280400165],[-96.80469927,32.7832688000165],[-96.80412012,32.7837762900165],[-96.804061406485,32.783824604362]]},"properties":{"AADT_CUR":292,"RTE_NM":"1061435","RTE_PRFX":"CS","RTE_NBR":"1061435","SYSTEM":"Off"}},{"type":"Feature","geometry":{"type":"LineString","coordinates":[[-96.8076344351325,32.7780995687933],[-96.80763737,32.7781094900165],[-96.8078578856664,32.7788191842808],[-96.80808022,32.7795347200165],[-96.8083253387457,32.7803838082642],[-96.80832777,32.7803922300165],[-96.808515385,32.7810400010165],[-96.80874919,32.7818472400165],[-96.80879836,32.7820169900165],[-96.8088859210192,32.7828387681966],[-96.808905165,32.7830193760165],[-96.808913583,32.7830983770165],[-96.80892388,32.7831950200165],[-96.8089262320184,32.7832436823967],[-96.8089299910106,32.7833214302351],[-96.808934994,32.7834249190165],[-96.80896189,32.7839812900165],[-96.8089434155143,32.7843869471444]]},"properties":{"AADT_CUR":3990,"RTE_NM":"263318","RTE_PRFX":"CS","RTE_NBR":"263318","SYSTEM":"Off"}},{"type":"Feature","geometry":{"type":"LineString","coordinates":[[-96.7988272127484,32.8079872792052],[-96.7988403771548,32.8079762791926],[-96.7998422807407,32.8071390894928],[-96.8006,32.8065692400498],[-96.8006284346295,32.8065431652512],[-96.80131256,32.8059158100498],[-96.8013289722036,32.8058962677772],[-96.80147547,32.8057218300498],[-96.8025400914253,32.8040877279068],[-96.8031324906499,32.8031928315011]]},"properties":{"AADT_CUR":7148,"RTE_NM":"263073","RTE_PRFX":"CS","RTE_NBR":"263073","SYSTEM":"Off"}},{"type":"Feature","geometry":{"type":"LineString","coordinates":[[-96.8118230374115,32.7822455052063],[-96.8118060832861,32.7822478288987]]},"properties":{"AADT_CUR":37710,"RTE_NM":"SS0366-KG","RTE_PRFX":"SS","RTE_NBR":"366","SYSTEM":"On"}},{"type":"Feature","geometry":{"type":"LineString","coordinates":[[-96.7788059992813,32.7984247699381],[-96.77715832,32.7997216400166],[-96.77707512,32.7998153300166]]},"properties":{"AADT_CUR":292,"RTE_NM":"1061429","RTE_PRFX":"CS","RTE_NBR":"1061429","SYSTEM":"Off"}},{"type":"Feature","geometry":{"type":"LineString","coordinates":[[-96.75818877,32.7690124100164],[-96.7575107,32.7695733500164],[-96.7570650909423,32.7699928840778]]},"properties":{"AADT_CUR":292,"RTE_NM":"1061114","RTE_PRFX":"CS","RTE_NBR":"1061114","SYSTEM":"Off"}},{"type":"Feature","geometry":{"type":"LineString","coordinates":[[-96.84288684,32.7650746900164],[-96.84278338,32.7650716900164],[-96.84264643,32.7650698700164],[-96.8425579,32.7650780100164],[-96.84244927,32.7650971000164],[-96.84235156,32.7651238000164],[-96.84226687,32.7651637400164],[-96.84120443,32.7657376000164],[-96.84116839,32.7657744600164],[-96.84115641,32.7658247000164],[-96.84115431,32.7659043900164],[-96.84119865,32.7667456200164],[-96.8412117607687,32.766796833997]]},"properties":{"AADT_CUR":292,"RTE_NM":"1063003","RTE_PRFX":"CS","RTE_NBR":"1063003","SYSTEM":"Off"}},{"type":"Feature","geometry":{"type":"LineString","coordinates":[[-96.8375947119499,32.7325225443521],[-96.83758613,32.7325248800163],[-96.8375361331305,32.7325523501025]]},"properties":{"AADT_CUR":292,"RTE_NM":"1064473","RTE_PRFX":"CS","RTE_NBR":"1064473","SYSTEM":"Off"}},{"type":"Feature","geometry":{"type":"LineString","coordinates":[[-96.74791493,32.80933364],[-96.74775936,32.8094634],[-96.74731238,32.80984336]]},"properties":{"AADT_CUR":292,"RTE_NM":"1060074","RTE_PRFX":"CS","RTE_NBR":"1060074","SYSTEM":"Off"}},{"type":"Feature","geometry":{"type":"LineString","coordinates":[[-96.76078829,32.78575927],[-96.76037696,32.78611365]]},"properties":{"AADT_CUR":292,"RTE_NM":"1058742","RTE_PRFX":"CS","RTE_NBR":"1058742","SYSTEM":"Off"}},{"type":"Feature","geometry":{"type":"LineString","coordinates":[[-96.8133580233153,32.76271586688],[-96.81294598,32.7628240500164],[-96.81282909,32.7628581900164],[-96.81271576,32.7628990000164],[-96.81260606,32.7629463900164],[-96.81250054,32.7630001200164],[-96.81239972,32.7630599500164],[-96.81230408,32.7631255700164],[-96.81221409,32.7631966700164],[-96.81213019,32.7632729000164],[-96.81210149,32.7633015900164],[-96.811844478091,32.7636103090339]]},"properties":{"AADT_CUR":292,"RTE_NM":"1260025","RTE_PRFX":"CS","RTE_NBR":"1260025","SYSTEM":"Off"}},{"type":"Feature","geometry":{"type":"LineString","coordinates":[[-96.76188324,32.81172687],[-96.76262147,32.81118028],[-96.7653066014875,32.8089051020026]]},"properties":{"AADT_CUR":13895,"RTE_NM":"263435","RTE_PRFX":"CS","RTE_NBR":"263435","SYSTEM":"Off"}},{"type":"Feature","geometry":{"type":"LineString","coordinates":[[-96.7773574648661,32.783445568432],[-96.7773616437985,32.7834595643049]]},"properties":{"AADT_CUR":292,"RTE_NM":"1062961","RTE_PRFX":"CS","RTE_NBR":"1062961","SYSTEM":"Off"}},{"type":"Feature","geometry":{"type":"LineString","coordinates":[[-96.8035971721896,32.7662978055167],[-96.8035838731017,32.7662858865194],[-96.8035655,32.7662694200492],[-96.80337293,32.7660881100492],[-96.80322708,32.7659294300492],[-96.80306077,32.7656935000492],[-96.80294522,32.7654403700492],[-96.80271626,32.7650784900492],[-96.80271017114,32.765070315374],[-96.80256318,32.7648729700492],[-96.80237316,32.7646861800492],[-96.80209182,32.7644679000492],[-96.80178709,32.7642823100492],[-96.80150561,32.7641135100492],[-96.80067213,32.7636320300492],[-96.8001782,32.7633434900492],[-96.7998275,32.7631380300492],[-96.7990327,32.7627189100492],[-96.79854517,32.7624373100492],[-96.79800856,32.7621275900492],[-96.79747113,32.7618178100492],[-96.79691604,32.7614968100492],[-96.79626689,32.7611181800492],[-96.7955761,32.7607485600492],[-96.79477908,32.7602771700492],[-96.79421933,32.7599450800492],[-96.7940191100915,32.7598191156511]]},"properties":{"AADT_CUR":11560,"RTE_NM":"263337","RTE_PRFX":"CS","RTE_NBR":"263337","SYSTEM":"Off"}},{"type":"Feature","geometry":{"type":"LineString","coordinates":[[-96.78493407,32.73967877],[-96.78552873,32.74055157],[-96.78601591,32.74126481],[-96.78703208,32.74275784]]},"properties":{"AADT_CUR":292,"RTE_NM":"1260643","RTE_PRFX":"CS","RTE_NBR":"1260643","SYSTEM":"Off"}},{"type":"Feature","geometry":{"type":"LineString","coordinates":[[-96.7944613,32.79882612],[-96.79398357,32.79842467],[-96.79395095,32.79840758]]},"properties":{"AADT_CUR":292,"RTE_NM":"1061464","RTE_PRFX":"CS","RTE_NBR":"1061464","SYSTEM":"Off"}},{"type":"Feature","geometry":{"type":"LineString","coordinates":[[-96.79225787,32.76398134],[-96.7906778,32.76526957]]},"properties":{"AADT_CUR":292,"RTE_NM":"1058726","RTE_PRFX":"CS","RTE_NBR":"1058726","SYSTEM":"Off"}},{"type":"Feature","geometry":{"type":"LineString","coordinates":[[-96.74860601,32.7666932],[-96.74845641,32.76682341],[-96.74690028,32.76826545],[-96.7460828,32.76896181],[-96.74554089,32.76946275],[-96.74497272,32.77001556]]},"properties":{"AADT_CUR":292,"RTE_NM":"1059468","RTE_PRFX":"CS","RTE_NBR":"1059468","SYSTEM":"Off"}},{"type":"Feature","geometry":{"type":"LineString","coordinates":[[-96.75345206,32.79767195],[-96.7481533,32.79304901]]},"properties":{"AADT_CUR":6476,"RTE_NM":"263245","RTE_PRFX":"CS","RTE_NBR":"263245","SYSTEM":"Off"}},{"type":"Feature","geometry":{"type":"LineString","coordinates":[[-96.84520194,32.75538061],[-96.84463685,32.75537452],[-96.84394725,32.75536946],[-96.84312671,32.75536265],[-96.84272209,32.75538337],[-96.84148515,32.75537512],[-96.84025732,32.75535873],[-96.83905102,32.75536461]]},"properties":{"AADT_CUR":292,"RTE_NM":"1065071","RTE_PRFX":"CS","RTE_NBR":"1065071","SYSTEM":"Off"}},{"type":"Feature","geometry":{"type":"LineString","coordinates":[[-96.80371739,32.7135053000162],[-96.80064868,32.7134936000162],[-96.8003884,32.7135010300162],[-96.80016339,32.7135337100162],[-96.79990178,32.7136098500161],[-96.79952482,32.7137668900161],[-96.7991856399924,32.7139450500202],[-96.79892697,32.7140803400162],[-96.79875896,32.7141935100162],[-96.79865904,32.7142746100162],[-96.79852319,32.7144060800161],[-96.7983983599923,32.7145143500202],[-96.79814377,32.7146483100161],[-96.79786965,32.7147833800162],[-96.79763503,32.7148928800162],[-96.79677669,32.7153086100162],[-96.79591094,32.7157283500162],[-96.79508132,32.7161293300162],[-96.7942583799916,32.7165207800203],[-96.79350506,32.7168843200162],[-96.79256975,32.7173264500162],[-96.79205199,32.7175736300162],[-96.79141137,32.7178685900162],[-96.79110696,32.7180128600162],[-96.79101808,32.7180693700162],[-96.7909708,32.7181182000162],[-96.7908892799934,32.7182559100296],[-96.7904846999927,32.7190847000295],[-96.79043162,32.7191815600162],[-96.7904060239994,32.7192190050541],[-96.7903739,32.7192660000162],[-96.79032726,32.7193657000162],[-96.7903068204182,32.7194001583254],[-96.7900903,32.7197651800162],[-96.79004365,32.7198236300162],[-96.78998908,32.7198710000162],[-96.7892991899916,32.7201474000197],[-96.78637306,32.7213716800162],[-96.7861149099749,32.7214780900272],[-96.78555814,32.7217219500162],[-96.78540717,32.7217927200162],[-96.7853454,32.7218344800162],[-96.78530508,32.7219012700162],[-96.7852697,32.7220066200162],[-96.78523387,32.7223882600162],[-96.785248,32.7225410400162],[-96.78529187,32.7227533200162],[-96.78558361,32.7240246800162],[-96.78559295,32.7240880400162],[-96.7856113,32.7241061700162],[-96.7856604,32.7241315900162],[-96.78572617,32.7241366200162],[-96.78604974,32.7240957100162]]},"properties":{"AADT_CUR":292,"RTE_NM":"1065216","RTE_PRFX":"CS","RTE_NBR":"1065216","SYSTEM":"Off"}},{"type":"Feature","geometry":{"type":"LineString","coordinates":[[-96.83880318,32.82332256],[-96.83691585,32.82491518],[-96.83626431,32.82554149]]},"properties":{"AADT_CUR":292,"RTE_NM":"1061780","RTE_PRFX":"CS","RTE_NBR":"1061780","SYSTEM":"Off"}},{"type":"Feature","geometry":{"type":"LineString","coordinates":[[-96.79161277,32.7309378700162],[-96.79210281,32.7317555900162],[-96.79218584,32.7318776900163],[-96.79219609,32.7318943300162],[-96.79226372,32.7320134600162],[-96.79240875,32.7323371100162],[-96.79255132,32.7324916500162],[-96.79267505,32.7325689400162],[-96.79296387,32.7326883700163],[-96.79335071,32.7328682500163],[-96.79340465,32.7328964800162],[-96.7934338079055,32.7329101444004]]},"properties":{"AADT_CUR":292,"RTE_NM":"1059790","RTE_PRFX":"CS","RTE_NBR":"1059790","SYSTEM":"Off"}},{"type":"Feature","geometry":{"type":"LineString","coordinates":[[-96.84491322,32.7809886],[-96.84382475,32.78098373],[-96.84273519,32.78094998]]},"properties":{"AADT_CUR":531,"RTE_NM":"1063195","RTE_PRFX":"CS","RTE_NBR":"1063195","SYSTEM":"Off"}},{"type":"Feature","geometry":{"type":"LineString","coordinates":[[-96.7619522056983,32.7460051687056],[-96.76114881,32.7466856800163],[-96.76046817,32.7472631000163]]},"properties":{"AADT_CUR":292,"RTE_NM":"1060332","RTE_PRFX":"CS","RTE_NBR":"1060332","SYSTEM":"Off"}},{"type":"Feature","geometry":{"type":"LineString","coordinates":[[-96.7993987833593,32.770460593464],[-96.80010984,32.7697589500164],[-96.8001217,32.7697343700164],[-96.80012382,32.7697082800164],[-96.80011706,32.7696793300164],[-96.80008195,32.7696431100164],[-96.80002912,32.7695983900164],[-96.79654114,32.7670874600164],[-96.79649014,32.7670317900164]]},"properties":{"AADT_CUR":292,"RTE_NM":"1064355","RTE_PRFX":"CS","RTE_NBR":"1064355","SYSTEM":"Off"}},{"type":"Feature","geometry":{"type":"LineString","coordinates":[[-96.8005489185299,32.7712870435032],[-96.80054869,32.77128688],[-96.8004833825304,32.7712399528749]]},"properties":{"AADT_CUR":5387,"RTE_NM":"263410","RTE_PRFX":"CS","RTE_NBR":"263410","SYSTEM":"Off"}},{"type":"Feature","geometry":{"type":"LineString","coordinates":[[-96.83578691,32.74019137],[-96.83578799,32.74078382],[-96.83578381,32.74122361],[-96.83578369,32.7412731],[-96.83578769,32.74131988],[-96.83576765,32.74230241],[-96.83576496,32.74309686],[-96.83576804,32.74314914],[-96.83576523,32.74321233],[-96.83576697,32.74416079],[-96.83576834,32.74508588]]},"properties":{"AADT_CUR":292,"RTE_NM":"1064475","RTE_PRFX":"CS","RTE_NBR":"1064475","SYSTEM":"Off"}},{"type":"Feature","geometry":{"type":"LineString","coordinates":[[-96.8025194877204,32.8206788588366],[-96.8025023,32.8206789600333]]},"properties":{"AADT_CUR":893,"RTE_NM":"1061263","RTE_PRFX":"CS","RTE_NBR":"1061263","SYSTEM":"Off"}},{"type":"Feature","geometry":{"type":"LineString","coordinates":[[-96.8085998133062,32.7702812405517],[-96.8085621954611,32.7703287486667],[-96.8085216452243,32.7703799600749],[-96.8083903554964,32.7705457670541],[-96.8082829347016,32.7706814291944],[-96.8082188641232,32.7707623439423],[-96.8081373468908,32.7708652918196],[-96.808035814,32.7709935170164],[-96.8076415013771,32.7714976194391],[-96.80731604,32.7719136950164],[-96.806704825,32.7726953790164],[-96.8066631009246,32.7727472363482],[-96.806287499,32.7732140550165],[-96.80622271,32.7733131990164],[-96.806219967,32.7733753560164],[-96.806212799,32.7734310060165],[-96.806234381,32.7735597880164],[-96.806259001,32.7736613790165],[-96.8069593728522,32.7758186782356]]},"properties":{"AADT_CUR":8216,"RTE_NM":"263318","RTE_PRFX":"CS","RTE_NBR":"263318","SYSTEM":"Off"}},{"type":"Feature","geometry":{"type":"LineString","coordinates":[[-96.7585099389498,32.7458432268781],[-96.7582669,32.74531047],[-96.75794035,32.7447189],[-96.75781056,32.74441959],[-96.75769543,32.74407627],[-96.75761379,32.74376463],[-96.75757193,32.74327165],[-96.75754681,32.74290719],[-96.757551,32.74212897],[-96.75758543,32.74119056],[-96.75759236,32.74083206],[-96.75761592,32.74023988],[-96.75764421,32.73938795],[-96.75767485,32.73835756],[-96.75770314,32.73753932],[-96.75773143,32.73659814],[-96.75775029,32.73596958],[-96.75777622,32.73493188],[-96.75780922,32.73396027],[-96.75784143,32.73311952],[-96.75786029,32.73262247],[-96.7578734646908,32.7323768551975]]},"properties":{"AADT_CUR":12762,"RTE_NM":"SH0310-KG","RTE_PRFX":"SH","RTE_NBR":"310","SYSTEM":"On"}},{"type":"Feature","geometry":{"type":"LineString","coordinates":[[-96.7629182660187,32.8054919135609],[-96.7628941298753,32.8054711508482]]},"properties":{"AADT_CUR":292,"RTE_NM":"1063521","RTE_PRFX":"CS","RTE_NBR":"1063521","SYSTEM":"Off"}},{"type":"Feature","geometry":{"type":"LineString","coordinates":[[-96.8359764937546,32.7697362172553],[-96.83596833,32.7697245500164],[-96.83583625,32.7694464000164],[-96.83581444,32.7692546100164],[-96.835708081,32.7677342280164],[-96.8356906169895,32.7674845788657],[-96.8356886183098,32.7674560076951]]},"properties":{"AADT_CUR":16921,"RTE_NM":"263726","RTE_PRFX":"CS","RTE_NBR":"263726","SYSTEM":"Off"}},{"type":"Feature","geometry":{"type":"LineString","coordinates":[[-96.812201335,32.778905926],[-96.812175166,32.778751883],[-96.812190595,32.778430852],[-96.812273073,32.777651139],[-96.812324706,32.777232244],[-96.812351528,32.776892842],[-96.812348845,32.776598543],[-96.812301907,32.776228693],[-96.81225765,32.775902819],[-96.81217316,32.775439377],[-96.812112811,32.775053736],[-96.812060508,32.774626372],[-96.812017592,32.774261026],[-96.811971324,32.773402906],[-96.811957913,32.773088298],[-96.811959925,32.772871792],[-96.811992111,32.772638371],[-96.81205045,32.772490651],[-96.812101411,32.772375632],[-96.812209371,32.772205922],[-96.812334764,32.772063275],[-96.812484297,32.771923447],[-96.812641351,32.771820176],[-96.812895037,32.771634245]]},"properties":{"AADT_CUR":8096,"RTE_NM":"1599253409","RTE_PRFX":"IH","RTE_NBR":"35","SYSTEM":"On"}},{"type":"Feature","geometry":{"type":"LineString","coordinates":[[-96.77512421,32.77762202],[-96.77548402,32.77784392],[-96.77608126,32.77828548],[-96.77685239,32.77881324],[-96.77708833,32.77898008],[-96.77718026,32.77906383],[-96.77723399,32.77910444],[-96.77819677,32.77975832]]},"properties":{"AADT_CUR":321,"RTE_NM":"1061611","RTE_PRFX":"CS","RTE_NBR":"1061611","SYSTEM":"Off"}},{"type":"Feature","geometry":{"type":"LineString","coordinates":[[-96.8548714,32.78261074],[-96.85339723,32.78260772],[-96.85029029,32.78259953],[-96.84813025,32.78259697],[-96.84637206,32.78259835]]},"properties":{"AADT_CUR":438,"RTE_NM":"1062568","RTE_PRFX":"CS","RTE_NBR":"1062568","SYSTEM":"Off"}},{"type":"Feature","geometry":{"type":"LineString","coordinates":[[-96.81575997,32.8285012700167],[-96.81524536,32.8284668100167],[-96.81437502,32.8284316500167],[-96.81410781,32.8284431600167],[-96.81360976,32.8284364000167],[-96.81279825,32.8285188800167],[-96.81231086,32.8285933500167],[-96.81179023,32.8287045000167],[-96.8117693194506,32.8287094231523],[-96.81043778,32.8290229100167],[-96.80999292,32.8290869700167],[-96.809681061939,32.8291050345178],[-96.8069765004347,32.829109810128],[-96.80647019,32.8291105400167],[-96.80603615,32.8290771500167],[-96.80565287,32.8290279400167],[-96.80531306,32.8289614500167],[-96.80501997,32.8288791100167],[-96.80475708,32.8287916800167],[-96.8042569544789,32.8285949001035]]},"properties":{"AADT_CUR":292,"RTE_NM":"1117276","RTE_PRFX":"CS","RTE_NBR":"1117276","SYSTEM":"Off"}},{"type":"Feature","geometry":{"type":"LineString","coordinates":[[-96.7838944137821,32.8254751596854],[-96.78374481,32.8254672400167],[-96.78232615,32.8254614100167],[-96.77989802,32.8254608500167],[-96.77742123,32.8254513200167],[-96.77607285,32.8254725000167],[-96.77472129,32.8254895000167],[-96.77359637,32.8254890300167],[-96.77314716,32.8254827900167],[-96.77225571,32.8254896600167],[-96.77177878,32.8254857800167],[-96.77091865,32.8254724600167],[-96.770175014614,32.8254809531607]]},"properties":{"AADT_CUR":292,"RTE_NM":"1064081","RTE_PRFX":"CS","RTE_NBR":"1064081","SYSTEM":"Off"}},{"type":"Feature","geometry":{"type":"LineString","coordinates":[[-96.8624117053315,32.7458793304612],[-96.86227214,32.7458926300163],[-96.86166955,32.7459546200163],[-96.86119565,32.7459716600163],[-96.86071991,32.7459617400163],[-96.86022509,32.7459838000163],[-96.85965048,32.7460323400163],[-96.85882235,32.7460906700163],[-96.8583149,32.7460894600163],[-96.85797764,32.7460767700163],[-96.85769321,32.7460647600163],[-96.85754189,32.7460682500163],[-96.85688166,32.7460609000163],[-96.8568033054301,32.7460645549199]]},"properties":{"AADT_CUR":292,"RTE_NM":"1062517","RTE_PRFX":"CS","RTE_NBR":"1062517","SYSTEM":"Off"}},{"type":"Feature","geometry":{"type":"LineString","coordinates":[[-96.77537138,32.7737646000164],[-96.77560772,32.7739520600164],[-96.7756628,32.7740064400164],[-96.77567685,32.7740368800165],[-96.77566626,32.7740793400164],[-96.77560482,32.7741430900164],[-96.7749936908777,32.7746585673166]]},"properties":{"AADT_CUR":292,"RTE_NM":"1059577","RTE_PRFX":"CS","RTE_NBR":"1059577","SYSTEM":"Off"}},{"type":"Feature","geometry":{"type":"LineString","coordinates":[[-96.85090799,32.76122892],[-96.85078141,32.76118993],[-96.85050295,32.76118624],[-96.85042712,32.76119088],[-96.85035969,32.76122199],[-96.85032876,32.7612741],[-96.85030716,32.76134255],[-96.85031096,32.76140031],[-96.8503288,32.7614473],[-96.85036105,32.76150817],[-96.85040916,32.76155776],[-96.85045767,32.76158476],[-96.85051527,32.76160247],[-96.85058652,32.7616053],[-96.85091624,32.76160779],[-96.85106878,32.76164599]]},"properties":{"AADT_CUR":292,"RTE_NM":"1062739","RTE_PRFX":"CS","RTE_NBR":"1062739","SYSTEM":"Off"}},{"type":"Feature","geometry":{"type":"LineString","coordinates":[[-96.8376300284078,32.7813922706285],[-96.8376427,32.7820531100165],[-96.83764806,32.7832435200165],[-96.83764138,32.7838606000165]]},"properties":{"AADT_CUR":292,"RTE_NM":"1059442","RTE_PRFX":"CS","RTE_NBR":"1059442","SYSTEM":"Off"}},{"type":"Feature","geometry":{"type":"LineString","coordinates":[[-96.7830395609034,32.7733417736862],[-96.783019423,32.7733184730164],[-96.782372749567,32.7725342399951],[-96.7818709372948,32.7719256712889]]},"properties":{"AADT_CUR":10305,"RTE_NM":"263030","RTE_PRFX":"CS","RTE_NBR":"263030","SYSTEM":"Off"}},{"type":"Feature","geometry":{"type":"LineString","coordinates":[[-96.783301520118,32.7671739023127],[-96.7831987823413,32.7672512168283]]},"properties":{"AADT_CUR":292,"RTE_NM":"1061696","RTE_PRFX":"CS","RTE_NBR":"1061696","SYSTEM":"Off"}},{"type":"Feature","geometry":{"type":"LineString","coordinates":[[-96.74444466,32.7846609],[-96.7424824,32.78465105]]},"properties":{"AADT_CUR":292,"RTE_NM":"1057843","RTE_PRFX":"CS","RTE_NBR":"1057843","SYSTEM":"Off"}},{"type":"Feature","geometry":{"type":"LineString","coordinates":[[-96.76048179,32.78063585],[-96.76063503,32.7808902],[-96.76067699,32.78094163],[-96.76070446,32.78100252],[-96.76072609,32.78106816],[-96.76071918,32.78112858],[-96.76069756,32.78120816],[-96.76055728,32.78156364],[-96.76032426,32.78220368]]},"properties":{"AADT_CUR":292,"RTE_NM":"1061690","RTE_PRFX":"CS","RTE_NBR":"1061690","SYSTEM":"Off"}},{"type":"Feature","geometry":{"type":"LineString","coordinates":[[-96.75981098,32.74828898],[-96.75938306,32.74860046],[-96.75820935,32.7496438]]},"properties":{"AADT_CUR":292,"RTE_NM":"1060756","RTE_PRFX":"CS","RTE_NBR":"1060756","SYSTEM":"Off"}},{"type":"Feature","geometry":{"type":"LineString","coordinates":[[-96.80600297,32.74361851],[-96.80524336,32.74362052],[-96.80407938,32.74363351],[-96.8033323,32.74366043]]},"properties":{"AADT_CUR":292,"RTE_NM":"1065673","RTE_PRFX":"CS","RTE_NBR":"1065673","SYSTEM":"Off"}},{"type":"Feature","geometry":{"type":"LineString","coordinates":[[-96.7722195024999,32.7837362544434],[-96.77191757,32.7844949600165],[-96.77178378,32.7848670300165]]},"properties":{"AADT_CUR":292,"RTE_NM":"1058286","RTE_PRFX":"CS","RTE_NBR":"1058286","SYSTEM":"Off"}},{"type":"Feature","geometry":{"type":"LineString","coordinates":[[-96.81893441,32.74706194],[-96.81746889,32.74781816],[-96.81661209,32.74828047],[-96.81561903,32.74827144],[-96.81410432,32.74829216],[-96.81370964,32.74830466],[-96.81267709,32.74828791],[-96.8123408,32.74826684],[-96.81207212,32.74828243],[-96.81174485,32.74842782],[-96.81168476,32.74846549],[-96.811468,32.74857389],[-96.81137161,32.74859456],[-96.8105732,32.7486529],[-96.81036906,32.74864931]]},"properties":{"AADT_CUR":3621,"RTE_NM":"1060076","RTE_PRFX":"CS","RTE_NBR":"1060076","SYSTEM":"Off"}},{"type":"Feature","geometry":{"type":"LineString","coordinates":[[-96.76103469,32.74515696],[-96.75954835,32.74570943],[-96.7575632,32.74650401],[-96.75705678,32.74670947],[-96.75653231,32.74691242],[-96.75586528,32.74712575],[-96.75523987,32.74729154],[-96.75494911,32.7473548],[-96.75488701,32.74736905],[-96.75428721,32.74747334],[-96.75339098,32.74761251]]},"properties":{"AADT_CUR":824,"RTE_NM":"US0175-XG","RTE_PRFX":"US","RTE_NBR":"175","SYSTEM":"On"}},{"type":"Feature","geometry":{"type":"LineString","coordinates":[[-96.80036058,32.82484038],[-96.79988182,32.82484758],[-96.79840207,32.82484385]]},"properties":{"AADT_CUR":292,"RTE_NM":"1117271","RTE_PRFX":"CS","RTE_NBR":"1117271","SYSTEM":"Off"}},{"type":"Feature","geometry":{"type":"LineString","coordinates":[[-96.7325574906965,32.8271805039358],[-96.73266109,32.8271382800167],[-96.73275688,32.8270695400167],[-96.7328352,32.8270198000167],[-96.73313331,32.8267656100167],[-96.73323505,32.8266433500167],[-96.73322962,32.8265484200167],[-96.7331692,32.8263125100167],[-96.73295007,32.8257486000167],[-96.7328128,32.8255707000167],[-96.73263502,32.8253826100167],[-96.73221198,32.8249216200167],[-96.73210925,32.8248074400167],[-96.73206805,32.8247505000167],[-96.73202562,32.8246330600167],[-96.73195169,32.8244629500167],[-96.73180194,32.8237268000167],[-96.7317542,32.8235089400167],[-96.73167165,32.8231173900167],[-96.7314669,32.8222004000167],[-96.73123272,32.8210864300167],[-96.73118365,32.8208534300167],[-96.73110515,32.8205444100166],[-96.73108527,32.8204396700166],[-96.73108532,32.8203145800166]]},"properties":{"AADT_CUR":4628,"RTE_NM":"297006","RTE_PRFX":"CS","RTE_NBR":"297006","SYSTEM":"Off"}},{"type":"Feature","geometry":{"type":"LineString","coordinates":[[-96.8604561,32.7913605500165],[-96.85941136,32.7913605200165],[-96.85897704,32.7913506700165],[-96.85796569,32.7913483100165],[-96.85729607,32.7913463500165],[-96.8564778,32.7913314100165],[-96.8564472402419,32.7913307522887],[-96.85531879,32.7913064600165],[-96.85434982,32.7913005200165],[-96.85340373,32.7912893700165],[-96.85238763,32.7912800400165],[-96.85135035,32.7912717900165],[-96.85030004,32.7912647300165],[-96.84979229,32.7912662500166],[-96.84968763,32.7912937200165],[-96.849556634164,32.7913682640455]]},"properties":{"AADT_CUR":292,"RTE_NM":"1058819","RTE_PRFX":"CS","RTE_NBR":"1058819","SYSTEM":"Off"}},{"type":"Feature","geometry":{"type":"LineString","coordinates":[[-96.8478829288874,32.789452726545],[-96.8478657548236,32.7894525184813]]},"properties":{"AADT_CUR":292,"RTE_NM":"1062115","RTE_PRFX":"CS","RTE_NBR":"1062115","SYSTEM":"Off"}},{"type":"Feature","geometry":{"type":"LineString","coordinates":[[-96.83394904,32.7450889900163],[-96.83393978,32.7464056900163],[-96.83394211,32.7472345600163],[-96.83393019,32.7480866200163],[-96.83392129,32.7489510900163],[-96.833927119377,32.7494567290128]]},"properties":{"AADT_CUR":292,"RTE_NM":"1063100","RTE_PRFX":"CS","RTE_NBR":"1063100","SYSTEM":"Off"}},{"type":"Feature","geometry":{"type":"LineString","coordinates":[[-96.7984869374993,32.745817453062],[-96.79838396,32.7458079500163]]},"properties":{"AADT_CUR":292,"RTE_NM":"1058071","RTE_PRFX":"CS","RTE_NBR":"1058071","SYSTEM":"Off"}},{"type":"Feature","geometry":{"type":"LineString","coordinates":[[-96.82658707,32.76258563],[-96.82648068,32.76270654],[-96.82641577,32.76282662],[-96.82641321,32.76296267],[-96.82648627,32.76309972],[-96.82670039,32.76334865],[-96.82687629,32.76351046],[-96.82693592,32.76362673],[-96.82693996,32.76375737],[-96.82693185,32.76384248],[-96.82689969,32.7639094],[-96.82683773,32.76395943]]},"properties":{"AADT_CUR":292,"RTE_NM":"1061093","RTE_PRFX":"CS","RTE_NBR":"1061093","SYSTEM":"Off"}},{"type":"Feature","geometry":{"type":"LineString","coordinates":[[-96.80721072,32.776667200033],[-96.80759257,32.7767783300329],[-96.80791489,32.776924440033],[-96.80820618,32.7771075000329],[-96.8083735,32.777218410033],[-96.80863084,32.7773063800329],[-96.80898761,32.7773150800329],[-96.80940641,32.777249880033],[-96.80943291,32.777238110033],[-96.8095146470182,32.7771971845551],[-96.80952616,32.7771914200328],[-96.80961466,32.777138540033],[-96.80969783,32.7770798200329],[-96.80977515,32.7770156300329],[-96.8098461,32.7769463900329],[-96.80991022,32.776872560033],[-96.80996711,32.7767946100329],[-96.81001638,32.776713050033],[-96.81005772,32.7766283900328],[-96.81009088,32.7765412000329],[-96.81011561,32.7764520500328],[-96.81013177,32.7763615000329],[-96.81013852,32.7762873700329],[-96.81016656,32.776178950033],[-96.81018304,32.7760790000329],[-96.81019084,32.775978290033],[-96.81018993,32.7758773800328],[-96.81018029,32.7757767900329],[-96.81016199,32.7756770600328],[-96.81013512,32.7755787300328],[-96.81009982,32.7754823200329],[-96.81005628,32.7753883300329],[-96.81000476,32.775297290033],[-96.80998022,32.7752591900329],[-96.80996334,32.7752294700328],[-96.80990087,32.7751303800329],[-96.80983093,32.7750349100329],[-96.80975384,32.7749434600329],[-96.80966989,32.7748564200328],[-96.80957945,32.7747741600329],[-96.8094829,32.7746970100329],[-96.80938064,32.7746253000328],[-96.8092731,32.774559340033],[-96.80916073,32.7744993900328],[-96.80912656,32.774486420033],[-96.80903035966,32.7744641149798],[-96.80900321,32.7744578200328],[-96.80887784,32.7744364000328],[-96.80875103,32.774422250033],[-96.80862338,32.7744154400328],[-96.80849547,32.7744160200328],[-96.80836791,32.7744239700328],[-96.808324721458,32.7744286891879],[-96.80829012,32.774432470033],[-96.80827091,32.7744373800329],[-96.80817825,32.7744657200329],[-96.8080889,32.7745008600329],[-96.80800359,32.7745425300329],[-96.80792297,32.7745904200328],[-96.80784768,32.7746441200329],[-96.80777829,32.7747032500328],[-96.80771537,32.7747673300328],[-96.80765939,32.7748358500328],[-96.80761977,32.7748937200329],[-96.80754774,32.775022290033],[-96.80743281,32.7752132200329],[-96.80731029,32.7754007600328],[-96.8071803,32.775584680033],[-96.80713278,32.7756485200328],[-96.80710761,32.7756818000328],[-96.80704755,32.775751190033],[-96.8069891839287,32.7758076978194]]},"properties":{"AADT_CUR":1298,"RTE_NM":"268605","RTE_PRFX":"CS","RTE_NBR":"268605","SYSTEM":"Off"}},{"type":"Feature","geometry":{"type":"LineString","coordinates":[[-96.76356333,32.78814167],[-96.76217517,32.78930851]]},"properties":{"AADT_CUR":547,"RTE_NM":"1058012","RTE_PRFX":"CS","RTE_NBR":"1058012","SYSTEM":"Off"}},{"type":"Feature","geometry":{"type":"LineString","coordinates":[[-96.7924962422201,32.7925660774273],[-96.7925644551674,32.7925119507076],[-96.7927541247104,32.7923614481052],[-96.7928934505039,32.792250892727],[-96.7930461016224,32.7921297631893],[-96.79312952,32.7920635700165],[-96.7937579908536,32.7915229534915],[-96.79480489,32.7906223800165],[-96.7948367167498,32.7905955803027],[-96.7952813164957,32.7902212026346],[-96.7957470524443,32.7898290221773],[-96.7962441545471,32.7894104237755],[-96.79777831,32.7881185100165],[-96.7983273556432,32.7876787052272],[-96.7992250458633,32.7869168382108],[-96.8001790225638,32.7861038807007],[-96.80090963,32.7854812500165],[-96.8025410931973,32.7841511873407],[-96.80392871,32.7829899000165],[-96.8041820420266,32.7827818859925],[-96.8047112140582,32.7823473717096],[-96.80525505,32.7819008100165]]},"properties":{"AADT_CUR":21404,"RTE_NM":"263640","RTE_PRFX":"CS","RTE_NBR":"263640","SYSTEM":"Off"}},{"type":"Feature","geometry":{"type":"LineString","coordinates":[[-96.83546077,32.75407264],[-96.8354512,32.75436529],[-96.835463,32.75473383],[-96.83547371,32.75507348],[-96.83547564,32.75518759],[-96.83548084,32.75543095],[-96.83548684,32.7560647],[-96.83548514,32.75706672],[-96.83553697,32.75824951],[-96.83553721,32.75862751],[-96.835508616,32.758803922],[-96.835513311,32.759169951],[-96.8355436063195,32.7592207539236]]},"properties":{"AADT_CUR":292,"RTE_NM":"1065241","RTE_PRFX":"CS","RTE_NBR":"1065241","SYSTEM":"Off"}},{"type":"Feature","geometry":{"type":"LineString","coordinates":[[-96.785176821,32.792147582],[-96.7851527480779,32.7921268967283]]},"properties":{"AADT_CUR":7183,"RTE_NM":"1063030","RTE_PRFX":"CS","RTE_NBR":"1063030","SYSTEM":"Off"}},{"type":"Feature","geometry":{"type":"LineString","coordinates":[[-96.82042501,32.78461894],[-96.81751162,32.78615655],[-96.81738362,32.78622549],[-96.81683396,32.78649339],[-96.81629762,32.78675964],[-96.81561604,32.78713254]]},"properties":{"AADT_CUR":726,"RTE_NM":"1063563","RTE_PRFX":"CS","RTE_NBR":"1063563","SYSTEM":"Off"}},{"type":"Feature","geometry":{"type":"LineString","coordinates":[[-96.79017476,32.80007859],[-96.79060092,32.80042945],[-96.7907947,32.80059361]]},"properties":{"AADT_CUR":292,"RTE_NM":"1058947","RTE_PRFX":"CS","RTE_NBR":"1058947","SYSTEM":"Off"}},{"type":"Feature","geometry":{"type":"LineString","coordinates":[[-96.75153898,32.7528903400163],[-96.75097599,32.7533525200163],[-96.7503910870459,32.7538364456565]]},"properties":{"AADT_CUR":292,"RTE_NM":"1061476","RTE_PRFX":"CS","RTE_NBR":"1061476","SYSTEM":"Off"}},{"type":"Feature","geometry":{"type":"LineString","coordinates":[[-96.796644847039,32.8101407679026],[-96.796609040524,32.8101723425165]]},"properties":{"AADT_CUR":292,"RTE_NM":"1061181","RTE_PRFX":"CS","RTE_NBR":"1061181","SYSTEM":"Off"}},{"type":"Feature","geometry":{"type":"LineString","coordinates":[[-96.8002395204667,32.8029975656723],[-96.80023225,32.8029944000166],[-96.80009293,32.8029182700166],[-96.79988031,32.8028026400166],[-96.79958507,32.8026240400166],[-96.79932213,32.8024596300166]]},"properties":{"AADT_CUR":292,"RTE_NM":"1058519","RTE_PRFX":"CS","RTE_NBR":"1058519","SYSTEM":"Off"}},{"type":"Feature","geometry":{"type":"LineString","coordinates":[[-96.8057963051607,32.7928681116126],[-96.8057787323538,32.7928486029805],[-96.80505768,32.792048110033]]},"properties":{"AADT_CUR":9423,"RTE_NM":"263486","RTE_PRFX":"CS","RTE_NBR":"263486","SYSTEM":"Off"}},{"type":"Feature","geometry":{"type":"LineString","coordinates":[[-96.7976978049032,32.7485887542681],[-96.79769468,32.7485935900163],[-96.7961804,32.7493109800163],[-96.79595697,32.7494261200163],[-96.79581784,32.7495135600163],[-96.79568686,32.7496011200163],[-96.79555515,32.7496831500164],[-96.7954646,32.7497822500163],[-96.79540214,32.7498583700163],[-96.79537131,32.7499390500163]]},"properties":{"AADT_CUR":292,"RTE_NM":"1064581","RTE_PRFX":"CS","RTE_NBR":"1064581","SYSTEM":"Off"}},{"type":"Feature","geometry":{"type":"LineString","coordinates":[[-96.7851512851873,32.8227961491935],[-96.78514931,32.8227951700167],[-96.78510684,32.8227752600167],[-96.78509097,32.8227581500167],[-96.78507904,32.8227338500167],[-96.785071,32.8227063700167],[-96.78506803,32.8224166600167],[-96.78505719,32.8223851300167],[-96.78503376,32.8223654900167],[-96.78499486,32.8223561100166],[-96.78231607,32.8223671700167],[-96.77990916,32.8223682800166],[-96.77740594,32.8223831300167],[-96.77659686,32.8223829200167],[-96.77603835,32.8223903000167],[-96.77535631,32.8223863400166],[-96.77471405,32.8223884200167],[-96.7722721,32.8223916600167],[-96.7716209,32.8223936100167],[-96.7701543784761,32.8224019897707]]},"properties":{"AADT_CUR":292,"RTE_NM":"1065735","RTE_PRFX":"CS","RTE_NBR":"1065735","SYSTEM":"Off"}},{"type":"Feature","geometry":{"type":"LineString","coordinates":[[-96.74953579,32.74501067],[-96.74946972,32.74502073],[-96.74938776,32.74501133],[-96.7493018,32.74499912],[-96.74923267,32.74499952],[-96.749164,32.7450178],[-96.74909177,32.74505114],[-96.74903705,32.74506275],[-96.74897559,32.74504538],[-96.74889526,32.745036],[-96.748804,32.74504434],[-96.74872319,32.74505969],[-96.7486421,32.74508879],[-96.74853511,32.74511204],[-96.74842023,32.74512278],[-96.74832925,32.74511738],[-96.74824163,32.74510653],[-96.74812087,32.74508557],[-96.74796017,32.74506957],[-96.74784631,32.74506933]]},"properties":{"AADT_CUR":292,"RTE_NM":"1065591","RTE_PRFX":"CS","RTE_NBR":"1065591","SYSTEM":"Off"}},{"type":"Feature","geometry":{"type":"LineString","coordinates":[[-96.83971385,32.78624012],[-96.83931174,32.7861193],[-96.83908992,32.78601598],[-96.83866666,32.78580828],[-96.83853323,32.78572128],[-96.83849239,32.78564239],[-96.83847121,32.78547028]]},"properties":{"AADT_CUR":292,"RTE_NM":"1060254","RTE_PRFX":"CS","RTE_NBR":"1060254","SYSTEM":"Off"}},{"type":"Feature","geometry":{"type":"LineString","coordinates":[[-96.74820355,32.78318113],[-96.74839309,32.78094582],[-96.7484819,32.78017851],[-96.74860479,32.77962192],[-96.74884813,32.77917326],[-96.74989754,32.77816747],[-96.75051259,32.77774551],[-96.75120733,32.77741298],[-96.75181871,32.77709586],[-96.75226706,32.77670474],[-96.75824409,32.77122972]]},"properties":{"AADT_CUR":8912,"RTE_NM":"263194","RTE_PRFX":"CS","RTE_NBR":"263194","SYSTEM":"Off"}},{"type":"Feature","geometry":{"type":"LineString","coordinates":[[-96.8140668,32.81188765],[-96.81551185,32.81306458],[-96.8157069,32.81320743],[-96.81698637,32.81423366]]},"properties":{"AADT_CUR":292,"RTE_NM":"1059893","RTE_PRFX":"CS","RTE_NBR":"1059893","SYSTEM":"Off"}},{"type":"Feature","geometry":{"type":"LineString","coordinates":[[-96.7924017666107,32.8166270292338],[-96.7924085814678,32.8166138959641],[-96.79270754,32.8160183800498],[-96.79301,32.8154424800499],[-96.79318192,32.8151355700499],[-96.79350573,32.8145503300499],[-96.7935156203814,32.814531015933],[-96.7937315,32.8141094400498],[-96.79408535,32.8134435300498],[-96.79427345,32.8130997100498],[-96.7946322939202,32.8124273530312],[-96.79505466,32.8116231800498],[-96.79526242,32.8112301500498],[-96.79550744,32.8107620500498],[-96.79564118,32.8105992400498],[-96.7958863700414,32.8103678567978],[-96.79591431,32.8103414900498],[-96.79648627,32.8098847500498],[-96.7967984920109,32.809632304616],[-96.7978230293109,32.8088039053682],[-96.79784202,32.8087885500498],[-96.7988149294689,32.8079974354902]]},"properties":{"AADT_CUR":5338,"RTE_NM":"263073","RTE_PRFX":"CS","RTE_NBR":"263073","SYSTEM":"Off"}},{"type":"Feature","geometry":{"type":"LineString","coordinates":[[-96.8067909064831,32.8075210982346],[-96.8067789083972,32.8075314725606]]},"properties":{"AADT_CUR":292,"RTE_NM":"1061427","RTE_PRFX":"CS","RTE_NBR":"1061427","SYSTEM":"Off"}},{"type":"Feature","geometry":{"type":"LineString","coordinates":[[-96.82019402,32.75135048],[-96.81907118,32.75133256]]},"properties":{"AADT_CUR":292,"RTE_NM":"1065055","RTE_PRFX":"CS","RTE_NBR":"1065055","SYSTEM":"Off"}},{"type":"Feature","geometry":{"type":"LineString","coordinates":[[-96.81199894,32.7391459600163],[-96.8103803341614,32.7391477292793],[-96.8092520713028,32.739148950721],[-96.80835026,32.7391499200163],[-96.8078860756809,32.7391496565418],[-96.8073901690269,32.7391493732428],[-96.8055235,32.7391482900163],[-96.80543058,32.7391489900163],[-96.80389337,32.7391566500163],[-96.8029730572876,32.7391569036332],[-96.80235615,32.7391570700163],[-96.8023178586426,32.7391569001016],[-96.80081895,32.7391502400163],[-96.8000478862683,32.7391433345326],[-96.79941242,32.7391376400163],[-96.79937589,32.7391370800163],[-96.79925606,32.7391305200163],[-96.79913709,32.7391167600163],[-96.7990575062785,32.7391033591891]]},"properties":{"AADT_CUR":3862,"RTE_NM":"263532","RTE_PRFX":"CS","RTE_NBR":"263532","SYSTEM":"Off"}},{"type":"Feature","geometry":{"type":"LineString","coordinates":[[-96.766931191241,32.7759078700852],[-96.76692276,32.7759013900165],[-96.76596676,32.7750317100165],[-96.76555039,32.7746905200164],[-96.76524265,32.7744525500164]]},"properties":{"AADT_CUR":292,"RTE_NM":"1064472","RTE_PRFX":"CS","RTE_NBR":"1064472","SYSTEM":"Off"}},{"type":"Feature","geometry":{"type":"LineString","coordinates":[[-96.73734365,32.76461832],[-96.73670801,32.76410348],[-96.73596938,32.76353217],[-96.73519087,32.76283934],[-96.73405792,32.76193253],[-96.73355005,32.76153907]]},"properties":{"AADT_CUR":292,"RTE_NM":"1058052","RTE_PRFX":"CS","RTE_NBR":"1058052","SYSTEM":"Off"}},{"type":"Feature","geometry":{"type":"LineString","coordinates":[[-96.76864508,32.7234063700162],[-96.76844974,32.7234418000162],[-96.76840741,32.7234457300162],[-96.76834785,32.7234574000162],[-96.76829079,32.7234759700162],[-96.76823735,32.7235010700162],[-96.76819299,32.7235289900162],[-96.76813253,32.7235774200162],[-96.76804398,32.7236397200162],[-96.76795016,32.7236962500162],[-96.76786945,32.7237336500162],[-96.76779426,32.7237592500162],[-96.76771628,32.7237779500162],[-96.7676619769778,32.7237864427786]]},"properties":{"AADT_CUR":292,"RTE_NM":"1060125","RTE_PRFX":"CS","RTE_NBR":"1060125","SYSTEM":"Off"}},{"type":"Feature","geometry":{"type":"LineString","coordinates":[[-96.78533149,32.8268735300334],[-96.7865390039782,32.8245917331591],[-96.7875524018972,32.8226711517498],[-96.78842186,32.8210232700334],[-96.7884243057656,32.8210186553167],[-96.7892783620839,32.8194071742303],[-96.7901486385478,32.8177650233888],[-96.791009816345,32.8161399770646]]},"properties":{"AADT_CUR":3016,"RTE_NM":"263481","RTE_PRFX":"CS","RTE_NBR":"263481","SYSTEM":"Off"}},{"type":"Feature","geometry":{"type":"LineString","coordinates":[[-96.83908084,32.8324463000334],[-96.8365029223095,32.8303118865909],[-96.8311962945543,32.8258237923831]]},"properties":{"AADT_CUR":11063,"RTE_NM":"263025","RTE_PRFX":"CS","RTE_NBR":"263025","SYSTEM":"Off"}},{"type":"Feature","geometry":{"type":"LineString","coordinates":[[-96.85549791,32.74845354],[-96.85380627,32.74845452]]},"properties":{"AADT_CUR":292,"RTE_NM":"1058916","RTE_PRFX":"CS","RTE_NBR":"1058916","SYSTEM":"Off"}},{"type":"Feature","geometry":{"type":"LineString","coordinates":[[-96.78767202,32.72834169],[-96.78820697,32.72926461],[-96.78872331,32.73037029]]},"properties":{"AADT_CUR":292,"RTE_NM":"1058495","RTE_PRFX":"CS","RTE_NBR":"1058495","SYSTEM":"Off"}},{"type":"Feature","geometry":{"type":"LineString","coordinates":[[-96.84125423,32.82035191],[-96.84024707,32.82128278],[-96.83985204,32.82164451],[-96.83911437,32.82226558],[-96.83834174,32.8229274]]},"properties":{"AADT_CUR":292,"RTE_NM":"1065142","RTE_PRFX":"CS","RTE_NBR":"1065142","SYSTEM":"Off"}},{"type":"Feature","geometry":{"type":"LineString","coordinates":[[-96.78396258,32.787972080033],[-96.7839690917567,32.7877690010308],[-96.7839703,32.787731320033],[-96.78393846,32.787472360033],[-96.78385366,32.787272340033],[-96.78311032,32.786668880033],[-96.78303249,32.786587510033],[-96.78299231,32.786545500033],[-96.78291649,32.786380120033],[-96.7827092244693,32.7856553601172],[-96.7826786801858,32.7855485527716],[-96.7826041320715,32.7852878716092],[-96.7824982321437,32.784917556224]]},"properties":{"AADT_CUR":6075,"RTE_NM":"263560","RTE_PRFX":"CS","RTE_NBR":"263560","SYSTEM":"Off"}},{"type":"Feature","geometry":{"type":"LineString","coordinates":[[-96.79093098,32.79292759],[-96.79017882,32.79353443],[-96.78970607,32.79391417]]},"properties":{"AADT_CUR":292,"RTE_NM":"1065699","RTE_PRFX":"CS","RTE_NBR":"1065699","SYSTEM":"Off"}},{"type":"Feature","geometry":{"type":"LineString","coordinates":[[-96.7762483024591,32.7694137061573],[-96.77539901,32.76991486],[-96.774934894,32.770207295]]},"properties":{"AADT_CUR":292,"RTE_NM":"1059238","RTE_PRFX":"CS","RTE_NBR":"1059238","SYSTEM":"Off"}},{"type":"Feature","geometry":{"type":"LineString","coordinates":[[-96.77969833,32.80839446],[-96.7792949,32.80876001],[-96.77819335,32.80962036],[-96.77720013,32.81043409]]},"properties":{"AADT_CUR":292,"RTE_NM":"1059093","RTE_PRFX":"CS","RTE_NBR":"1059093","SYSTEM":"Off"}},{"type":"Feature","geometry":{"type":"LineString","coordinates":[[-96.7769895369793,32.8055698419862],[-96.7770012056253,32.8055804770398]]},"properties":{"AADT_CUR":292,"RTE_NM":"1063077","RTE_PRFX":"CS","RTE_NBR":"1063077","SYSTEM":"Off"}},{"type":"Feature","geometry":{"type":"LineString","coordinates":[[-96.82699876,32.76911163],[-96.82674023,32.76910604],[-96.82594116,32.76910233],[-96.82537166,32.76917484],[-96.82425555,32.76937945]]},"properties":{"AADT_CUR":292,"RTE_NM":"1058082","RTE_PRFX":"CS","RTE_NBR":"1058082","SYSTEM":"Off"}},{"type":"Feature","geometry":{"type":"LineString","coordinates":[[-96.80398338,32.75036062],[-96.80343024,32.75036544]]},"properties":{"AADT_CUR":292,"RTE_NM":"1059209","RTE_PRFX":"CS","RTE_NBR":"1059209","SYSTEM":"Off"}},{"type":"Feature","geometry":{"type":"LineString","coordinates":[[-96.8228503901028,32.7691975715816],[-96.8228499808767,32.7691710790026],[-96.8228499419181,32.7691685568904]]},"properties":{"AADT_CUR":22191,"RTE_NM":"262949","RTE_PRFX":"CS","RTE_NBR":"262949","SYSTEM":"Off"}},{"type":"Feature","geometry":{"type":"LineString","coordinates":[[-96.7696561247765,32.7490337895074],[-96.769825932,32.749587529],[-96.7703709,32.75146734],[-96.77061461,32.75225069],[-96.77070403,32.7525381],[-96.77114086,32.75387671],[-96.77156277,32.75517827],[-96.77207365,32.75636246],[-96.77255203,32.75725892],[-96.77305661,32.75821582],[-96.77355203,32.75902901],[-96.77410846,32.76004854],[-96.77453218,32.76096597],[-96.77488419,32.7618354],[-96.77615971,32.76546526],[-96.7764367638711,32.7662422889796]]},"properties":{"AADT_CUR":155093,"RTE_NM":"IH0045-KG","RTE_PRFX":"IH","RTE_NBR":"45","SYSTEM":"On"}},{"type":"Feature","geometry":{"type":"LineString","coordinates":[[-96.76610833,32.75804281],[-96.76577722,32.75775504],[-96.76507996,32.75714051]]},"properties":{"AADT_CUR":292,"RTE_NM":"1063323","RTE_PRFX":"CS","RTE_NBR":"1063323","SYSTEM":"Off"}},{"type":"Feature","geometry":{"type":"LineString","coordinates":[[-96.76409418,32.7753561000164],[-96.7634406211043,32.7758758291599]]},"properties":{"AADT_CUR":292,"RTE_NM":"1065537","RTE_PRFX":"CS","RTE_NBR":"1065537","SYSTEM":"Off"}},{"type":"Feature","geometry":{"type":"LineString","coordinates":[[-96.83153225,32.75377667],[-96.83031087,32.75376441],[-96.82918189,32.75376848],[-96.82788104,32.75378672],[-96.82722001,32.75377508],[-96.82658068,32.75377885],[-96.82531773,32.75377008],[-96.82492006,32.75376747],[-96.82416446,32.75377789],[-96.8240691,32.7537794],[-96.82403833,32.75378034],[-96.82358362,32.75377421],[-96.82291031,32.75378777]]},"properties":{"AADT_CUR":956,"RTE_NM":"1065824","RTE_PRFX":"CS","RTE_NBR":"1065824","SYSTEM":"Off"}},{"type":"Feature","geometry":{"type":"LineString","coordinates":[[-96.842911733,32.743878569],[-96.84287185,32.74513955]]},"properties":{"AADT_CUR":292,"RTE_NM":"1064378","RTE_PRFX":"CS","RTE_NBR":"1064378","SYSTEM":"Off"}},{"type":"Feature","geometry":{"type":"LineString","coordinates":[[-96.7558989036349,32.8032517889073],[-96.75589704,32.8032534500166],[-96.7558129680339,32.8032455411111]]},"properties":{"AADT_CUR":292,"RTE_NM":"1057734","RTE_PRFX":"CS","RTE_NBR":"1057734","SYSTEM":"Off"}},{"type":"Feature","geometry":{"type":"LineString","coordinates":[[-96.78573674,32.79665673],[-96.78477423,32.79585034],[-96.78409384,32.79526777],[-96.78396415,32.79515739]]},"properties":{"AADT_CUR":292,"RTE_NM":"1063595","RTE_PRFX":"CS","RTE_NBR":"1063595","SYSTEM":"Off"}},{"type":"Feature","geometry":{"type":"LineString","coordinates":[[-96.78599495,32.7884295000165],[-96.7853842,32.7878245200165],[-96.7848954400465,32.7873661523419]]},"properties":{"AADT_CUR":292,"RTE_NM":"1062176","RTE_PRFX":"CS","RTE_NBR":"1062176","SYSTEM":"Off"}},{"type":"Feature","geometry":{"type":"LineString","coordinates":[[-96.83423277,32.74986108],[-96.83354188,32.74983946],[-96.83285777,32.74984677],[-96.83241204,32.74984904],[-96.83156539,32.74985005]]},"properties":{"AADT_CUR":292,"RTE_NM":"1060670","RTE_PRFX":"CS","RTE_NBR":"1060670","SYSTEM":"Off"}},{"type":"Feature","geometry":{"type":"LineString","coordinates":[[-96.83999067,32.74421865],[-96.83942121,32.74418492],[-96.83873828,32.74417442],[-96.83759478,32.74417975],[-96.83576697,32.74416079],[-96.83438138,32.74415185],[-96.83395361,32.74415161]]},"properties":{"AADT_CUR":292,"RTE_NM":"1065203","RTE_PRFX":"CS","RTE_NBR":"1065203","SYSTEM":"Off"}},{"type":"Feature","geometry":{"type":"LineString","coordinates":[[-96.79028571,32.7754468300165],[-96.79066996,32.7757710200164],[-96.79147,32.7764294300165],[-96.79222268,32.7770555700165],[-96.7928787079257,32.7776420166641],[-96.7929757971231,32.7777372529645]]},"properties":{"AADT_CUR":292,"RTE_NM":"1063488","RTE_PRFX":"CS","RTE_NBR":"1063488","SYSTEM":"Off"}},{"type":"Feature","geometry":{"type":"LineString","coordinates":[[-96.75620964,32.75021371],[-96.75590137,32.75046368],[-96.75512376,32.75113042]]},"properties":{"AADT_CUR":292,"RTE_NM":"1061626","RTE_PRFX":"CS","RTE_NBR":"1061626","SYSTEM":"Off"}},{"type":"Feature","geometry":{"type":"LineString","coordinates":[[-96.7631395598186,32.7468699855532],[-96.76197699,32.7478353900163],[-96.7615564094515,32.7481812777802],[-96.76091557,32.7487083000163]]},"properties":{"AADT_CUR":292,"RTE_NM":"1061253","RTE_PRFX":"CS","RTE_NBR":"1061253","SYSTEM":"Off"}},{"type":"Feature","geometry":{"type":"LineString","coordinates":[[-96.8132579275683,32.805074413102],[-96.81382134,32.8055765500166],[-96.81413586,32.8058557200166],[-96.81496704,32.8065693800166],[-96.81585073,32.8073043500166],[-96.8168463,32.8080614500166],[-96.81752921,32.8086562500166],[-96.81766191,32.8087831300166],[-96.8177089,32.8088373700166],[-96.81773807,32.8088872500166]]},"properties":{"AADT_CUR":2604,"RTE_NM":"1060425","RTE_PRFX":"CS","RTE_NBR":"1060425","SYSTEM":"Off"}},{"type":"Feature","geometry":{"type":"LineString","coordinates":[[-96.8089548081799,32.7538168040471],[-96.80894706,32.7538163800163],[-96.8083152956325,32.7538368798336]]},"properties":{"AADT_CUR":558,"RTE_NM":"1060080","RTE_PRFX":"CS","RTE_NBR":"1060080","SYSTEM":"Off"}},{"type":"Feature","geometry":{"type":"LineString","coordinates":[[-96.80455093,32.75168793],[-96.80454166,32.75242868]]},"properties":{"AADT_CUR":292,"RTE_NM":"1064917","RTE_PRFX":"CS","RTE_NBR":"1064917","SYSTEM":"Off"}},{"type":"Feature","geometry":{"type":"LineString","coordinates":[[-96.7967028410802,32.7685232759959],[-96.79563663,32.7695836300164],[-96.79552736,32.7697250800164],[-96.7954501,32.7698504800164],[-96.79535777,32.7699564300164],[-96.79512201,32.7701181500164],[-96.7948278,32.7703161700164],[-96.79474037,32.7703781900164],[-96.79428971,32.7706744200164],[-96.7934762060555,32.7712279568585]]},"properties":{"AADT_CUR":292,"RTE_NM":"1063785","RTE_PRFX":"CS","RTE_NBR":"1063785","SYSTEM":"Off"}},{"type":"Feature","geometry":{"type":"LineString","coordinates":[[-96.7552038455928,32.761221544252],[-96.7551789845397,32.7612014358402]]},"properties":{"AADT_CUR":383,"RTE_NM":"1062723","RTE_PRFX":"CS","RTE_NBR":"1062723","SYSTEM":"Off"}},{"type":"Feature","geometry":{"type":"LineString","coordinates":[[-96.79492563,32.7659010800164],[-96.7941508549911,32.7667150843148]]},"properties":{"AADT_CUR":292,"RTE_NM":"1057997","RTE_PRFX":"CS","RTE_NBR":"1057997","SYSTEM":"Off"}},{"type":"Feature","geometry":{"type":"LineString","coordinates":[[-96.8053746409841,32.7963452579397],[-96.80503185,32.79604378],[-96.80446503,32.79555367],[-96.8038921,32.79506864],[-96.80331316,32.79458875],[-96.80273827,32.79412209],[-96.8027066,32.79409605],[-96.80262129,32.79403305],[-96.80253052,32.79397574],[-96.8025104527046,32.7939644326675]]},"properties":{"AADT_CUR":14799,"RTE_NM":"263458","RTE_PRFX":"CS","RTE_NBR":"263458","SYSTEM":"Off"}},{"type":"Feature","geometry":{"type":"LineString","coordinates":[[-96.79937605,32.7798458300165],[-96.7995840099036,32.7805556005094],[-96.7998074205904,32.7813180921958],[-96.8000021041482,32.7820367163677],[-96.8001984336979,32.7827614044709],[-96.8002519246222,32.7829588471508],[-96.80027944,32.7830604100165],[-96.8004600461609,32.7836406603545],[-96.8007944004887,32.7847148537375],[-96.8008286,32.7849752700165],[-96.8009159953496,32.7854695020693]]},"properties":{"AADT_CUR":7112,"RTE_NM":"270066","RTE_PRFX":"CS","RTE_NBR":"270066","SYSTEM":"Off"}},{"type":"Feature","geometry":{"type":"LineString","coordinates":[[-96.7615137195193,32.79700441918],[-96.76151261,32.7970036300165],[-96.761452708027,32.7969542291166]]},"properties":{"AADT_CUR":292,"RTE_NM":"1063025","RTE_PRFX":"CS","RTE_NBR":"1063025","SYSTEM":"Off"}},{"type":"Feature","geometry":{"type":"LineString","coordinates":[[-96.85839265,32.77548358],[-96.85836299,32.77616358],[-96.85834609,32.77685749]]},"properties":{"AADT_CUR":292,"RTE_NM":"1060925","RTE_PRFX":"CS","RTE_NBR":"1060925","SYSTEM":"Off"}},{"type":"Feature","geometry":{"type":"LineString","coordinates":[[-96.7573650423803,32.7720349951079],[-96.7572640538123,32.7719563099991]]},"properties":{"AADT_CUR":292,"RTE_NM":"1064347","RTE_PRFX":"CS","RTE_NBR":"1064347","SYSTEM":"Off"}},{"type":"Feature","geometry":{"type":"LineString","coordinates":[[-96.74802781,32.75181961],[-96.74784797,32.75199027],[-96.74720835,32.75250221],[-96.74672532,32.75290915],[-96.74631115,32.75328955],[-96.74628002,32.75334135],[-96.74629512,32.75340067],[-96.7463252,32.75344232]]},"properties":{"AADT_CUR":292,"RTE_NM":"1063573","RTE_PRFX":"CS","RTE_NBR":"1063573","SYSTEM":"Off"}},{"type":"Feature","geometry":{"type":"LineString","coordinates":[[-96.8108376112715,32.7951410244264],[-96.81082727,32.7951467100331],[-96.8107968207383,32.795168969074]]},"properties":{"AADT_CUR":292,"RTE_NM":"1058084","RTE_PRFX":"CS","RTE_NBR":"1058084","SYSTEM":"Off"}},{"type":"Feature","geometry":{"type":"LineString","coordinates":[[-96.84339068,32.72688155],[-96.843305,32.72698487],[-96.84305035,32.72708044],[-96.84281293,32.72712401],[-96.84200205,32.72713657],[-96.840057462,32.727134942]]},"properties":{"AADT_CUR":292,"RTE_NM":"1058704","RTE_PRFX":"CS","RTE_NBR":"1058704","SYSTEM":"Off"}},{"type":"Feature","geometry":{"type":"LineString","coordinates":[[-96.8187552843903,32.7984639335533],[-96.81875724,32.79846506],[-96.82147987,32.80004835],[-96.82219974,32.80045378],[-96.82258505,32.80063955],[-96.82325886,32.80090974],[-96.82387682,32.8011338],[-96.82442629,32.80127698],[-96.82488278,32.80138058],[-96.82529516,32.80146227],[-96.82587016,32.80154209],[-96.82719492,32.80171287],[-96.82995078,32.80209043],[-96.83091447,32.80230204],[-96.83129254,32.80240693],[-96.83204927,32.80265286],[-96.83268126,32.80288333],[-96.83341506,32.80321776],[-96.83533685,32.80415455],[-96.84037146,32.80661709],[-96.84115313,32.80699224],[-96.84858756,32.81059393],[-96.84922856,32.81085201],[-96.8496489708587,32.8110068355524]]},"properties":{"AADT_CUR":215726,"RTE_NM":"IH0035E-KG","RTE_PRFX":"IH","RTE_NBR":"35","SYSTEM":"On"}},{"type":"Feature","geometry":{"type":"LineString","coordinates":[[-96.85032509,32.77941519],[-96.84934726,32.77941047],[-96.84811716,32.77941062],[-96.84715466,32.77941433],[-96.84636925,32.77943138]]},"properties":{"AADT_CUR":233,"RTE_NM":"1065454","RTE_PRFX":"CS","RTE_NBR":"1065454","SYSTEM":"Off"}},{"type":"Feature","geometry":{"type":"LineString","coordinates":[[-96.84758977,32.7269058400162],[-96.84651173,32.7265506100162],[-96.8462032,32.7263966700162],[-96.84588485,32.7262893500162],[-96.84546974,32.7261821100162],[-96.84515234,32.7261545200162],[-96.8446087,32.7261816400162],[-96.84405697,32.7261632900162],[-96.8435366,32.7261632400162],[-96.84200132,32.7261743700162],[-96.8400552644418,32.7261782833684],[-96.84003198,32.7261783300162],[-96.83897082,32.7261833900162],[-96.83791304,32.7261816100162],[-96.8367875132982,32.7261816699877]]},"properties":{"AADT_CUR":292,"RTE_NM":"1060495","RTE_PRFX":"CS","RTE_NBR":"1060495","SYSTEM":"Off"}},{"type":"Feature","geometry":{"type":"LineString","coordinates":[[-96.74026603,32.7785414000165],[-96.73856093,32.7782478400164],[-96.73794625,32.7781470400164],[-96.7378530799556,32.7781361888909]]},"properties":{"AADT_CUR":9237,"RTE_NM":"1063441","RTE_PRFX":"CS","RTE_NBR":"1063441","SYSTEM":"Off"}},{"type":"Feature","geometry":{"type":"LineString","coordinates":[[-96.78233539,32.72133655],[-96.78235099,32.72174914],[-96.782387,32.72228297],[-96.78241079,32.72244],[-96.7826337,32.72318946],[-96.78300303,32.72431482],[-96.78300718,32.7243946],[-96.78299486,32.72448516],[-96.78293521,32.72466852],[-96.78276386,32.72507852]]},"properties":{"AADT_CUR":292,"RTE_NM":"1066293","RTE_PRFX":"CS","RTE_NBR":"1066293","SYSTEM":"Off"}},{"type":"Feature","geometry":{"type":"LineString","coordinates":[[-96.8111533848551,32.7459064972974],[-96.8111648,32.7459155100163],[-96.8111781124974,32.7459266161144]]},"properties":{"AADT_CUR":292,"RTE_NM":"1065638","RTE_PRFX":"CS","RTE_NBR":"1065638","SYSTEM":"Off"}},{"type":"Feature","geometry":{"type":"LineString","coordinates":[[-96.75001492,32.7614654000164],[-96.74934301,32.7608896200164],[-96.74896865,32.7605695700164],[-96.74830169,32.7599911100164],[-96.7482573019754,32.759951808668]]},"properties":{"AADT_CUR":292,"RTE_NM":"1064154","RTE_PRFX":"CS","RTE_NBR":"1064154","SYSTEM":"Off"}},{"type":"Feature","geometry":{"type":"LineString","coordinates":[[-96.7468840483764,32.7629496858319],[-96.74687414,32.7629579100164],[-96.7468471151044,32.7629799614394]]},"properties":{"AADT_CUR":292,"RTE_NM":"1066422","RTE_PRFX":"CS","RTE_NBR":"1066422","SYSTEM":"Off"}},{"type":"Feature","geometry":{"type":"LineString","coordinates":[[-96.7777323980422,32.8049502746125],[-96.77773224,32.8049501400166],[-96.7774648,32.8047251200166],[-96.77735778,32.8046205500166],[-96.77725524,32.8045366500166],[-96.77664887,32.8039963100166],[-96.77583377,32.8033101100166],[-96.77500436,32.8025646100166],[-96.77427732,32.8019126000166],[-96.77385069953,32.8015334532531],[-96.77328211,32.8010328200166],[-96.7730082,32.8007651100166],[-96.77221766,32.8000324900166],[-96.77194178,32.7997826000166],[-96.77148564,32.7993872700166],[-96.7708964489857,32.7988566678538]]},"properties":{"AADT_CUR":292,"RTE_NM":"1061042","RTE_PRFX":"CS","RTE_NBR":"1061042","SYSTEM":"Off"}},{"type":"Feature","geometry":{"type":"LineString","coordinates":[[-96.780659523,32.780141719],[-96.780967294,32.780119134],[-96.781229481,32.780092073],[-96.781468198,32.780079106],[-96.78172569,32.780089254],[-96.781966419,32.780133228],[-96.782187702,32.780200317],[-96.782392891,32.780293339],[-96.782664465,32.780451758],[-96.783084232,32.780709964],[-96.783362021,32.780841703]]},"properties":{"AADT_CUR":34681,"RTE_NM":"1599255553","RTE_PRFX":"IH","RTE_NBR":"30","SYSTEM":"On"}},{"type":"Feature","geometry":{"type":"LineString","coordinates":[[-96.77382875,32.7745280600165],[-96.77338583,32.7748806600164],[-96.7730057899899,32.7752217800243],[-96.77282819,32.7753595100165],[-96.77217096999,32.7759386900243],[-96.7718281,32.7762088500165]]},"properties":{"AADT_CUR":547,"RTE_NM":"1058012","RTE_PRFX":"CS","RTE_NBR":"1058012","SYSTEM":"Off"}},{"type":"Feature","geometry":{"type":"LineString","coordinates":[[-96.79644563,32.8289352000167],[-96.7964576,32.8294137000167],[-96.79638699,32.8308862400167],[-96.79644194,32.8323481400167],[-96.79640416,32.8338912300167],[-96.79641094,32.8352328800167],[-96.79643522,32.8365541400167],[-96.7964352189974,32.8365546218763]]},"properties":{"AADT_CUR":292,"RTE_NM":"1117250","RTE_PRFX":"CS","RTE_NBR":"1117250","SYSTEM":"Off"}},{"type":"Feature","geometry":{"type":"LineString","coordinates":[[-96.7958092576213,32.7881893568598],[-96.79534531,32.7878099],[-96.79463064,32.78722856],[-96.7941800085767,32.7868478855754]]},"properties":{"AADT_CUR":292,"RTE_NM":"1059645","RTE_PRFX":"CS","RTE_NBR":"1059645","SYSTEM":"Off"}},{"type":"Feature","geometry":{"type":"LineString","coordinates":[[-96.85434982,32.7913005200165],[-96.85433886,32.7918914200165],[-96.8543526699264,32.7926819558007]]},"properties":{"AADT_CUR":292,"RTE_NM":"1058703","RTE_PRFX":"CS","RTE_NBR":"1058703","SYSTEM":"Off"}},{"type":"Feature","geometry":{"type":"LineString","coordinates":[[-96.8533915029019,32.792583073519],[-96.8533913658648,32.7925975726835]]},"properties":{"AADT_CUR":292,"RTE_NM":"1063865","RTE_PRFX":"CS","RTE_NBR":"1063865","SYSTEM":"Off"}},{"type":"Feature","geometry":{"type":"LineString","coordinates":[[-96.7976480283615,32.8069798348841],[-96.7976559199066,32.8069669422051]]},"properties":{"AADT_CUR":6789,"RTE_NM":"263481","RTE_PRFX":"CS","RTE_NBR":"263481","SYSTEM":"Off"}},{"type":"Feature","geometry":{"type":"LineString","coordinates":[[-96.7563761,32.81270748],[-96.75636324,32.81381655]]},"properties":{"AADT_CUR":1416,"RTE_NM":"1065236","RTE_PRFX":"CS","RTE_NBR":"1065236","SYSTEM":"Off"}},{"type":"Feature","geometry":{"type":"LineString","coordinates":[[-96.7724344460215,32.7625785774329],[-96.7724380687838,32.7625744201467],[-96.77244694,32.7625642400164],[-96.7724918083465,32.7625189210842],[-96.7726391906645,32.762370058268],[-96.77285996,32.7621470700164],[-96.7731998877213,32.761856064442],[-96.7742648996898,32.7609443104141],[-96.7743773105739,32.7608480741689],[-96.7744437804157,32.7607911684348]]},"properties":{"AADT_CUR":8686,"RTE_NM":"263601","RTE_PRFX":"CS","RTE_NBR":"263601","SYSTEM":"Off"}},{"type":"Feature","geometry":{"type":"LineString","coordinates":[[-96.85144282,32.74771394],[-96.85110137,32.74770804],[-96.85023237,32.74773087],[-96.84913803,32.74771359],[-96.84899729,32.74771584],[-96.84893791,32.74771644],[-96.84857692,32.74771164],[-96.84779512,32.74772462]]},"properties":{"AADT_CUR":752,"RTE_NM":"1065826","RTE_PRFX":"CS","RTE_NBR":"1065826","SYSTEM":"Off"}},{"type":"Feature","geometry":{"type":"LineString","coordinates":[[-96.82917391,32.75069214],[-96.82838582,32.75069253],[-96.82789029,32.75070511],[-96.826603,32.75069604],[-96.82569224,32.75068928],[-96.82527013,32.75068909],[-96.82456487,32.75069609],[-96.82414684,32.75069595],[-96.8240728,32.7506977],[-96.82399468,32.75069939],[-96.82287994,32.75068436]]},"properties":{"AADT_CUR":292,"RTE_NM":"1065869","RTE_PRFX":"CS","RTE_NBR":"1065869","SYSTEM":"Off"}},{"type":"Feature","geometry":{"type":"LineString","coordinates":[[-96.8049881386427,32.7920320561038],[-96.8050544313374,32.792047360058]]},"properties":{"AADT_CUR":11903,"RTE_NM":"268084","RTE_PRFX":"CS","RTE_NBR":"268084","SYSTEM":"Off"}},{"type":"Feature","geometry":{"type":"LineString","coordinates":[[-96.7817129268822,32.7825309721313],[-96.78170834,32.782513630033],[-96.7815713238967,32.7820376758505],[-96.781430131018,32.7815472073876],[-96.78121389,32.780796030033],[-96.78115756,32.780656960033],[-96.7811455175406,32.7806350428196],[-96.78109045,32.780534820033],[-96.78101405,32.780386640033],[-96.7809706330066,32.7803167540787]]},"properties":{"AADT_CUR":6355,"RTE_NM":"263560","RTE_PRFX":"CS","RTE_NBR":"263560","SYSTEM":"Off"}},{"type":"Feature","geometry":{"type":"LineString","coordinates":[[-96.82287994,32.75068436],[-96.82177683,32.75069834],[-96.82020986,32.75068542]]},"properties":{"AADT_CUR":292,"RTE_NM":"1060118","RTE_PRFX":"CS","RTE_NBR":"1060118","SYSTEM":"Off"}},{"type":"Feature","geometry":{"type":"LineString","coordinates":[[-96.81167201,32.7504185500163],[-96.8099083269872,32.750443736524]]},"properties":{"AADT_CUR":292,"RTE_NM":"1059209","RTE_PRFX":"CS","RTE_NBR":"1059209","SYSTEM":"Off"}},{"type":"Feature","geometry":{"type":"LineString","coordinates":[[-96.8382772844784,32.7512199916087],[-96.8382898,32.7512775500163],[-96.83830672,32.7513286300163],[-96.83833338,32.7513826000163],[-96.83836426,32.7514270000163],[-96.83839527,32.7514645200163],[-96.83842891,32.7514924700164],[-96.83847959,32.7515220100163]]},"properties":{"AADT_CUR":292,"RTE_NM":"1260649","RTE_PRFX":"CS","RTE_NBR":"1260649","SYSTEM":"Off"}},{"type":"Feature","geometry":{"type":"LineString","coordinates":[[-96.7729728066201,32.7652226880288],[-96.77396983,32.7660614000164],[-96.77443686,32.7664733800164],[-96.77507767,32.7669853500165],[-96.77535767,32.7672284200164],[-96.77543099,32.7673064100164],[-96.77544984,32.7673410200164],[-96.7755184449929,32.7674076110556]]},"properties":{"AADT_CUR":12915,"RTE_NM":"1060217","RTE_PRFX":"CS","RTE_NBR":"1060217","SYSTEM":"Off"}},{"type":"Feature","geometry":{"type":"LineString","coordinates":[[-96.752308910919,32.7966329743088],[-96.75230099,32.7966394800166],[-96.7522842635065,32.7966531567541]]},"properties":{"AADT_CUR":292,"RTE_NM":"1060769","RTE_PRFX":"CS","RTE_NBR":"1060769","SYSTEM":"Off"}},{"type":"Feature","geometry":{"type":"LineString","coordinates":[[-96.8050544313374,32.792047360058],[-96.8050576800093,32.7920481100269],[-96.80541741,32.791810410033],[-96.8056277095761,32.7916369024751],[-96.8062299,32.791140060033],[-96.8062680333063,32.7911094630135],[-96.8066578799437,32.7907966599619],[-96.8073180553848,32.7902741554433],[-96.80743127,32.790184570033],[-96.8077222364148,32.7899770010764],[-96.80777444,32.789939760033],[-96.8079598802822,32.7897950611195],[-96.80809242,32.789691640033],[-96.8087932400022,32.7891634600319],[-96.80899009,32.789068080033],[-96.8094688440652,32.7889864454207],[-96.80954617,32.788973260033],[-96.80991722,32.788944250033],[-96.81054078,32.788877940033],[-96.81094505,32.788861640033]]},"properties":{"AADT_CUR":3218,"RTE_NM":"268084","RTE_PRFX":"CS","RTE_NBR":"268084","SYSTEM":"Off"}},{"type":"Feature","geometry":{"type":"LineString","coordinates":[[-96.8137832741653,32.8130462895942],[-96.8137616254246,32.8130296008063],[-96.81325424,32.8126384600333],[-96.8131762411269,32.8125764258353],[-96.8124294893797,32.8119825113031],[-96.8122258116101,32.8118205180461],[-96.81117637,32.8109858400332],[-96.8111449769206,32.8109604593547],[-96.8104009365042,32.8103589111568],[-96.810060112655,32.8100833548821],[-96.80923272,32.8094895900332],[-96.8086902099957,32.8090339000299],[-96.8078072056962,32.8083460675187],[-96.80779355,32.8083354300332],[-96.8067789083972,32.8075314725772],[-96.80648976,32.8073023600332],[-96.8064868756573,32.8073000408197],[-96.8057863569043,32.8067367693012],[-96.80555305,32.8065491700332],[-96.80466889,32.8058914900332],[-96.8042071,32.8055268300332]]},"properties":{"AADT_CUR":14739,"RTE_NM":"263025","RTE_PRFX":"CS","RTE_NBR":"263025","SYSTEM":"Off"}},{"type":"Feature","geometry":{"type":"LineString","coordinates":[[-96.8555439637177,32.7265978026472],[-96.85555762,32.7266596400162],[-96.85557806,32.7267849900162],[-96.85557166,32.7291944800162],[-96.85552737,32.7316295800162],[-96.85549906,32.7333336300162],[-96.85548812,32.7346269400162],[-96.8554868753961,32.7346748873129],[-96.85544835,32.7361590200163],[-96.85543778,32.7366853300163],[-96.85543831,32.7371403000163],[-96.85541289,32.7383371800163],[-96.85540788,32.7390024000162],[-96.85540469,32.7393061400163],[-96.85537987,32.7399435800163],[-96.85536996,32.7401276500163],[-96.8553852,32.7402268100163],[-96.85538527,32.7403106600163],[-96.85538483,32.7412563500163],[-96.8553839786863,32.7413023160451],[-96.85534986,32.7431444900163],[-96.85531791,32.7452636200163]]},"properties":{"AADT_CUR":292,"RTE_NM":"1061410","RTE_PRFX":"CS","RTE_NBR":"1061410","SYSTEM":"Off"}},{"type":"Feature","geometry":{"type":"LineString","coordinates":[[-96.7542879853017,32.7993978216438],[-96.75427683,32.7994053400166],[-96.75266373,32.8007393700166],[-96.75133638,32.8019000800166],[-96.75101137,32.8022047900165]]},"properties":{"AADT_CUR":292,"RTE_NM":"1260653","RTE_PRFX":"CS","RTE_NBR":"1260653","SYSTEM":"Off"}},{"type":"Feature","geometry":{"type":"LineString","coordinates":[[-96.78596662,32.78993836],[-96.78473584,32.79097567]]},"properties":{"AADT_CUR":292,"RTE_NM":"1061026","RTE_PRFX":"CS","RTE_NBR":"1061026","SYSTEM":"Off"}},{"type":"Feature","geometry":{"type":"LineString","coordinates":[[-96.86419826,32.75843202],[-96.86414358,32.75837682],[-96.86368829,32.75792348],[-96.86336022,32.75760362],[-96.86329893,32.75754025],[-96.86321834,32.75744712],[-96.86314482,32.7573499],[-96.86307869,32.75724897],[-96.86302017,32.75714473],[-96.86296952,32.75703759],[-96.86292693,32.75692797],[-96.86289257,32.75681631],[-96.86289045,32.75675757],[-96.86290067,32.75658123],[-96.86291943,32.75640538],[-96.86294673,32.75623033],[-96.86295065,32.75620904],[-96.86295614,32.75617942],[-96.86296285,32.75610936],[-96.86296085,32.7560391],[-96.86295017,32.75596939],[-96.86293093,32.75590101],[-96.86290334,32.75583471],[-96.86286769,32.75577121],[-96.86282438,32.7557112],[-96.86277389,32.75565534],[-96.86275211,32.75563459],[-96.86268028,32.75558481],[-96.86260057,32.75553898],[-96.86251626,32.75549946],[-96.86242804,32.75546658],[-96.86233665,32.75544062],[-96.86224285,32.75542179],[-96.8621474,32.75541025],[-96.86205111,32.75540608],[-96.86195477,32.75540934],[-96.86185919,32.75541997],[-96.86167857,32.75543328],[-96.86116143,32.75546598],[-96.86064373,32.75549147],[-96.86027752,32.75550513],[-96.86022955,32.75549687],[-96.86013191,32.75547447],[-96.86003691,32.75544507],[-96.85994525,32.75540886],[-96.85985762,32.75536614],[-96.85977466,32.75531721],[-96.85969699,32.75526244],[-96.85966423,32.75523626],[-96.85962353,32.75518739],[-96.85957191,32.75511443],[-96.85952802,32.75503795],[-96.85949217,32.75495852],[-96.85946467,32.75487677],[-96.85944568,32.75479329],[-96.85944145,32.7547664],[-96.85941578,32.75470551],[-96.85938017,32.75464208],[-96.85933692,32.75458214],[-96.85928649,32.75452634],[-96.85922942,32.75447531],[-96.85916636,32.7544296],[-96.859098,32.7543897],[-96.85902507,32.75435607],[-96.85894837,32.75432905],[-96.85889653,32.7543151],[-96.85841532,32.75412826]]},"properties":{"AADT_CUR":5404,"RTE_NM":"262938","RTE_PRFX":"CS","RTE_NBR":"262938","SYSTEM":"Off"}},{"type":"Feature","geometry":{"type":"LineString","coordinates":[[-96.751865479814,32.789675163948],[-96.7518533329063,32.7896648749621]]},"properties":{"AADT_CUR":381,"RTE_NM":"1064464","RTE_PRFX":"CS","RTE_NBR":"1064464","SYSTEM":"Off"}},{"type":"Feature","geometry":{"type":"LineString","coordinates":[[-96.7410185307783,32.7665178737518],[-96.73966603,32.76642922],[-96.73877899,32.76639575],[-96.73794329,32.76636585],[-96.73735506,32.76640106],[-96.7369276,32.76644232],[-96.73655949,32.76645709],[-96.73411233,32.76642084],[-96.73378841,32.76641335],[-96.73292154,32.76638874],[-96.72701646,32.76622137],[-96.72221258,32.76605864],[-96.72077191,32.76593652],[-96.7194426027214,32.765822571005]]},"properties":{"AADT_CUR":16891,"RTE_NM":"SH0352-KG","RTE_PRFX":"SH","RTE_NBR":"352","SYSTEM":"On"}},{"type":"Feature","geometry":{"type":"LineString","coordinates":[[-96.7963491917806,32.7301854592758],[-96.79634428,32.7301781000486],[-96.79615824,32.7298731400486],[-96.79595824,32.7295748700487],[-96.7958070399879,32.7293185000451],[-96.7954779899941,32.7292205200471],[-96.7940870099938,32.728868790047],[-96.79351522,32.7287097400487],[-96.79323493,32.7286550400486],[-96.79309865,32.7286380400486],[-96.79289996,32.7286957900486],[-96.79248315,32.7288907500486],[-96.79216818,32.7290335000486],[-96.79206359,32.7291021700486]]},"properties":{"AADT_CUR":292,"RTE_NM":"1061116","RTE_PRFX":"CS","RTE_NBR":"1061116","SYSTEM":"Off"}},{"type":"Feature","geometry":{"type":"LineString","coordinates":[[-96.8050255563572,32.7893890336753],[-96.8050324417835,32.7893950586296],[-96.80504738,32.7894081300165],[-96.80544727,32.7897378200165],[-96.80553979,32.7898877500165]]},"properties":{"AADT_CUR":14927,"RTE_NM":"270066","RTE_PRFX":"CS","RTE_NBR":"270066","SYSTEM":"Off"}},{"type":"Feature","geometry":{"type":"LineString","coordinates":[[-96.7965702231379,32.7939204363052],[-96.7965587335304,32.7939096950684]]},"properties":{"AADT_CUR":292,"RTE_NM":"1058479","RTE_PRFX":"CS","RTE_NBR":"1058479","SYSTEM":"Off"}},{"type":"Feature","geometry":{"type":"LineString","coordinates":[[-96.7652991087019,32.7840184220546],[-96.76528705,32.78400802],[-96.76509389,32.78386925],[-96.76493376,32.78379357],[-96.76475118,32.78375319],[-96.76454595,32.7837541],[-96.76285142,32.78384969],[-96.75945572,32.7840287],[-96.75912259,32.78404436],[-96.7589278831258,32.7840477563185]]},"properties":{"AADT_CUR":8182,"RTE_NM":"263296","RTE_PRFX":"CS","RTE_NBR":"263296","SYSTEM":"Off"}},{"type":"Feature","geometry":{"type":"LineString","coordinates":[[-96.837522702585,32.7524201030563],[-96.8375262092755,32.7523766636067]]},"properties":{"AADT_CUR":18405,"RTE_NM":"263726","RTE_PRFX":"CS","RTE_NBR":"263726","SYSTEM":"Off"}},{"type":"Feature","geometry":{"type":"LineString","coordinates":[[-96.83215697,32.7385784900163],[-96.8312957,32.7385408100163],[-96.83019022,32.7385163500163],[-96.82905661,32.7384749900163],[-96.82859037,32.7384467300163],[-96.8282677,32.7384382700163],[-96.82644228,32.7383422200163],[-96.82464173,32.7382753600163],[-96.8245374890366,32.7382761495291]]},"properties":{"AADT_CUR":292,"RTE_NM":"1065876","RTE_PRFX":"CS","RTE_NBR":"1065876","SYSTEM":"Off"}},{"type":"Feature","geometry":{"type":"LineString","coordinates":[[-96.79310628,32.76465827],[-96.79229111,32.76538245],[-96.79208804,32.76553636],[-96.79176406,32.7658027],[-96.79145361,32.76608297]]},"properties":{"AADT_CUR":292,"RTE_NM":"1057810","RTE_PRFX":"CS","RTE_NBR":"1057810","SYSTEM":"Off"}},{"type":"Feature","geometry":{"type":"LineString","coordinates":[[-96.7885621432714,32.8163807285179],[-96.78840637,32.8163233900166],[-96.78802875,32.8161944800166],[-96.78747698,32.8160233200166],[-96.78718426,32.8159244400166]]},"properties":{"AADT_CUR":292,"RTE_NM":"1063205","RTE_PRFX":"CS","RTE_NBR":"1063205","SYSTEM":"Off"}},{"type":"Feature","geometry":{"type":"LineString","coordinates":[[-96.79884863,32.8037685900166],[-96.7974125843722,32.805024440754]]},"properties":{"AADT_CUR":292,"RTE_NM":"1063189","RTE_PRFX":"CS","RTE_NBR":"1063189","SYSTEM":"Off"}},{"type":"Feature","geometry":{"type":"LineString","coordinates":[[-96.791687839,32.7867829470165],[-96.791602318,32.7876219630165],[-96.791589248,32.7880474600165],[-96.7915664537769,32.7882816211605],[-96.791558649,32.7883617980165],[-96.7915192171723,32.7884730101099],[-96.791493663,32.7885450820165],[-96.79142234,32.7886583560165],[-96.79113942,32.7889749600165],[-96.790937259,32.7891658650165],[-96.790760215,32.7893267750165],[-96.79064601,32.7893668200165],[-96.79052132,32.7893772300165],[-96.79040714,32.7893668200165],[-96.7902507140752,32.7893375615567]]},"properties":{"AADT_CUR":9600,"RTE_NM":"17638","RTE_PRFX":"IH","RTE_NBR":"345","SYSTEM":"On"}},{"type":"Feature","geometry":{"type":"LineString","coordinates":[[-96.78328575,32.8158775800166],[-96.78404097,32.8165546500166],[-96.78480478,32.8172098500167],[-96.78566133,32.8179515300167],[-96.78628097,32.8185291300166],[-96.787096337516,32.8191598262809]]},"properties":{"AADT_CUR":292,"RTE_NM":"1063025","RTE_PRFX":"CS","RTE_NBR":"1063025","SYSTEM":"Off"}},{"type":"Feature","geometry":{"type":"LineString","coordinates":[[-96.7971679834808,32.7886735594263],[-96.79716979,32.7886750900165],[-96.7981148570135,32.7894782883859]]},"properties":{"AADT_CUR":292,"RTE_NM":"1059645","RTE_PRFX":"CS","RTE_NBR":"1059645","SYSTEM":"Off"}},{"type":"Feature","geometry":{"type":"LineString","coordinates":[[-96.77060054,32.78183297],[-96.76899271,32.7814282],[-96.7685586,32.78130325],[-96.76819642,32.78116547],[-96.76780247,32.78091335],[-96.76762263,32.78065561],[-96.76752502,32.78034038],[-96.76742075,32.77986262],[-96.76732721,32.77920112],[-96.76725073,32.77895772],[-96.76707576,32.77870985],[-96.76667927,32.77835204],[-96.76607004,32.77795065],[-96.76529732,32.77763097],[-96.76498529,32.77740512],[-96.76464022,32.77715536],[-96.76294835,32.77566402],[-96.762407,32.77513732],[-96.7620982676884,32.774740684671]]},"properties":{"AADT_CUR":29107,"RTE_NM":"SH0352-KG","RTE_PRFX":"SH","RTE_NBR":"352","SYSTEM":"On"}},{"type":"Feature","geometry":{"type":"LineString","coordinates":[[-96.78088705,32.80471336],[-96.78190068,32.80561533],[-96.78252001,32.80620257]]},"properties":{"AADT_CUR":292,"RTE_NM":"1058807","RTE_PRFX":"CS","RTE_NBR":"1058807","SYSTEM":"Off"}},{"type":"Feature","geometry":{"type":"LineString","coordinates":[[-96.7621289,32.76786757],[-96.76141078,32.76727746],[-96.75994776,32.76605426],[-96.75953631,32.76571448],[-96.7592106,32.7654405],[-96.75900094,32.76526438],[-96.7585899,32.76490398]]},"properties":{"AADT_CUR":383,"RTE_NM":"1062723","RTE_PRFX":"CS","RTE_NBR":"1062723","SYSTEM":"Off"}},{"type":"Feature","geometry":{"type":"LineString","coordinates":[[-96.8742759256803,32.7344733062931],[-96.87411068,32.73436887],[-96.87158241,32.73437976],[-96.86881341,32.73443627],[-96.86653801,32.73467094],[-96.86470312,32.73491347],[-96.8635351,32.73493246],[-96.86142997,32.73492534],[-96.86027692,32.73492525],[-96.85914563,32.73493642],[-96.85800776,32.73495165],[-96.85754664,32.73495518],[-96.8571073,32.73492463],[-96.8568465629345,32.7348575295683]]},"properties":{"AADT_CUR":8037,"RTE_NM":"263051","RTE_PRFX":"CS","RTE_NBR":"263051","SYSTEM":"Off"}},{"type":"Feature","geometry":{"type":"LineString","coordinates":[[-96.80554812,32.7256936800162],[-96.80499364,32.7256916100162],[-96.80475873,32.7256884100162],[-96.80348005,32.7256737100162],[-96.80081599,32.7256964200162],[-96.8004941,32.7256920100162],[-96.80035135,32.7256735600162],[-96.80026031,32.7256297100162],[-96.8001729308299,32.7255591406864]]},"properties":{"AADT_CUR":292,"RTE_NM":"1061545","RTE_PRFX":"CS","RTE_NBR":"1061545","SYSTEM":"Off"}},{"type":"Feature","geometry":{"type":"LineString","coordinates":[[-96.8442975026989,32.735012596753],[-96.84428573,32.73501262],[-96.84303575,32.73522579],[-96.84180006,32.73547046],[-96.84004248,32.73544564],[-96.837634119214,32.7353627918923]]},"properties":{"AADT_CUR":7284,"RTE_NM":"263051","RTE_PRFX":"CS","RTE_NBR":"263051","SYSTEM":"Off"}},{"type":"Feature","geometry":{"type":"LineString","coordinates":[[-96.83074118439,32.8165952743496],[-96.83073377,32.8166014700167],[-96.82974836,32.8174262400167]]},"properties":{"AADT_CUR":292,"RTE_NM":"1060570","RTE_PRFX":"CS","RTE_NBR":"1060570","SYSTEM":"Off"}},{"type":"Feature","geometry":{"type":"LineString","coordinates":[[-96.74722428,32.7771909],[-96.74520986,32.77904562],[-96.74507795,32.77917435]]},"properties":{"AADT_CUR":2818,"RTE_NM":"1062719","RTE_PRFX":"CS","RTE_NBR":"1062719","SYSTEM":"Off"}},{"type":"Feature","geometry":{"type":"LineString","coordinates":[[-96.83488168,32.7362521900163],[-96.8343118757617,32.7362678500298],[-96.83348026,32.7362705000163],[-96.83265238,32.7362745300163],[-96.83215413,32.7362623400163],[-96.83140925,32.7362633500163]]},"properties":{"AADT_CUR":292,"RTE_NM":"1058688","RTE_PRFX":"CS","RTE_NBR":"1058688","SYSTEM":"Off"}},{"type":"Feature","geometry":{"type":"LineString","coordinates":[[-96.78882213,32.76760139],[-96.78806202,32.76829332],[-96.78773926,32.76857891],[-96.78734993,32.76889932],[-96.78691887,32.76923289],[-96.78671228,32.76944173],[-96.78660595,32.76959834],[-96.78595439,32.77026975],[-96.78542181,32.7708466],[-96.78457992,32.7717683],[-96.78382765,32.77255653]]},"properties":{"AADT_CUR":1952,"RTE_NM":"1061276","RTE_PRFX":"CS","RTE_NBR":"1061276","SYSTEM":"Off"}},{"type":"Feature","geometry":{"type":"LineString","coordinates":[[-96.80910106,32.74914168],[-96.80873152,32.74912979],[-96.80798431,32.74910658],[-96.806914,32.7491085],[-96.80620884,32.74913225],[-96.80561822,32.74916232]]},"properties":{"AADT_CUR":292,"RTE_NM":"1063186","RTE_PRFX":"CS","RTE_NBR":"1063186","SYSTEM":"Off"}},{"type":"Feature","geometry":{"type":"LineString","coordinates":[[-96.8042254205208,32.7430963450865],[-96.80422483,32.7431108]]},"properties":{"AADT_CUR":292,"RTE_NM":"1060902","RTE_PRFX":"CS","RTE_NBR":"1060902","SYSTEM":"Off"}},{"type":"Feature","geometry":{"type":"LineString","coordinates":[[-96.7659092554092,32.7873238903062],[-96.76367329,32.78536808]]},"properties":{"AADT_CUR":7255,"RTE_NM":"263591","RTE_PRFX":"CS","RTE_NBR":"263591","SYSTEM":"Off"}},{"type":"Feature","geometry":{"type":"LineString","coordinates":[[-96.806181125115,32.7487122654048],[-96.80617903,32.7487122400164],[-96.80593227,32.7487294900163],[-96.805677,32.7487246400163]]},"properties":{"AADT_CUR":292,"RTE_NM":"1058510","RTE_PRFX":"CS","RTE_NBR":"1058510","SYSTEM":"Off"}},{"type":"Feature","geometry":{"type":"LineString","coordinates":[[-96.7564083091556,32.801137266717],[-96.7563974518563,32.8011260191295]]},"properties":{"AADT_CUR":5503,"RTE_NM":"262943","RTE_PRFX":"CS","RTE_NBR":"262943","SYSTEM":"Off"}},{"type":"Feature","geometry":{"type":"LineString","coordinates":[[-96.843062020645,32.7785250785998],[-96.8430618883571,32.7785395474636]]},"properties":{"AADT_CUR":292,"RTE_NM":"1059168","RTE_PRFX":"CS","RTE_NBR":"1059168","SYSTEM":"Off"}},{"type":"Feature","geometry":{"type":"LineString","coordinates":[[-96.811040022,32.778286447],[-96.811192077,32.778303324],[-96.81132938,32.77833486],[-96.81152922,32.77844432],[-96.81169462,32.77860527],[-96.81177089,32.7787803],[-96.81177491,32.7790108],[-96.81176191,32.77960913],[-96.81174344,32.7803682],[-96.811639508,32.780559209]]},"properties":{"AADT_CUR":10381,"RTE_NM":"32026","RTE_PRFX":"IH","RTE_NBR":"35","SYSTEM":"On"}},{"type":"Feature","geometry":{"type":"LineString","coordinates":[[-96.7722561327732,32.7859479585608],[-96.77096273,32.7870104200165],[-96.77034732,32.7875269400165],[-96.77024477,32.7876121100165],[-96.77012195,32.7877354800165],[-96.77005391,32.7878032700165],[-96.77000214,32.7878712700165],[-96.7699432423533,32.7879618704201],[-96.76825418,32.7893424600165],[-96.76721038,32.7901691400165],[-96.7665680699901,32.7907278800246],[-96.76518139,32.7918604200165],[-96.76449601,32.7924556600165],[-96.76347608,32.7933060200165],[-96.7624658799993,32.7941578700324],[-96.76246271,32.7942361800165],[-96.7624503,32.7944133300165],[-96.76238824,32.7945485400165],[-96.76231613,32.7946575000165],[-96.76222871,32.7947593600165],[-96.76154062,32.7953655600166],[-96.76128036,32.7955667200165],[-96.76123905,32.7955991400165],[-96.76099084,32.7957661100165],[-96.7609103205474,32.7958141032263],[-96.76086241,32.7958426600165],[-96.76067873,32.7959555600166],[-96.7604766599885,32.7960517000224],[-96.76031969,32.7961306000165],[-96.75972438,32.7966116100165],[-96.75946685,32.7968389400165],[-96.75858083,32.7975784100165]]},"properties":{"AADT_CUR":292,"RTE_NM":"1060136","RTE_PRFX":"CS","RTE_NBR":"1060136","SYSTEM":"Off"}},{"type":"Feature","geometry":{"type":"LineString","coordinates":[[-96.8739817,32.7597705700492],[-96.8730868,32.7597582400491],[-96.8730410771173,32.7597602364225],[-96.87298992,32.7597624700492],[-96.87284764,32.7597592300492],[-96.87185078,32.7597406900492],[-96.87135881,32.7597342400492],[-96.86922039,32.7597364500491],[-96.86882659,32.7597436500492],[-96.8679091,32.7597439800492],[-96.8671217399997,32.7597446500492],[-96.86650615,32.7597365600491],[-96.86584323,32.7597374600491],[-96.86532837,32.7597375700492],[-96.86488501,32.7597413600492],[-96.86455636,32.7597439100492],[-96.86411534,32.7597972100492],[-96.86371603,32.7599266600492],[-96.8632466,32.7601527800492],[-96.86308499,32.7602276200491],[-96.86287819,32.7603266100492],[-96.86257536,32.7604724400492],[-96.86223565,32.7606329200492],[-96.86196312,32.7607681600492],[-96.86172416,32.7608901000492],[-96.86025762,32.7616391200492],[-96.85982114,32.7618423000492],[-96.85969667,32.7618873900492],[-96.8596189,32.7619138500492],[-96.85950896,32.7619206500492],[-96.85941636,32.7619139300492],[-96.8593304,32.7619004300492],[-96.85924371,32.7618814100492],[-96.85912733,32.7618413900492],[-96.85910379,32.7617503600492],[-96.85872212,32.7612326100492],[-96.8586879306355,32.7611780915669],[-96.8586439,32.7611078800492],[-96.858543299983,32.7609622300247],[-96.85825413,32.7605446700492],[-96.85811259,32.7604135800492],[-96.8580043599836,32.7603283200415],[-96.85789226,32.7602759800492],[-96.85782604,32.7602503700492],[-96.85774023,32.7602286200491],[-96.85766,32.7602124300492],[-96.8567489597883,32.7601826990049]]},"properties":{"AADT_CUR":5438,"RTE_NM":"1065839","RTE_PRFX":"CS","RTE_NBR":"1065839","SYSTEM":"Off"}},{"type":"Feature","geometry":{"type":"LineString","coordinates":[[-96.8124505138228,32.7821974801432],[-96.81250928,32.78255231],[-96.81255252,32.78276892],[-96.81260658,32.78310734],[-96.81261882,32.78343044],[-96.81263526,32.78371633],[-96.81264457,32.78392806],[-96.81267217,32.78442718],[-96.81268035,32.7848065],[-96.81267919,32.7852536],[-96.81268438,32.78569317],[-96.81270132,32.78597691],[-96.81280566,32.78660068],[-96.81291724,32.78697927],[-96.81304499,32.78733193],[-96.81326146,32.78785662],[-96.8134605,32.78830054],[-96.81366393,32.78885154],[-96.81389061,32.78958605],[-96.81400921,32.79029453],[-96.81415692,32.79102871],[-96.81425165,32.79141264],[-96.81442694,32.79203591],[-96.8146742,32.79272984],[-96.81479025,32.79299542],[-96.81490227,32.79322721],[-96.8151792,32.79376979],[-96.8152626,32.79396333],[-96.81528777,32.79405165],[-96.81529913,32.79418239],[-96.81529372,32.79429784],[-96.81521357,32.79456582],[-96.81519773,32.79473253],[-96.81523157,32.79493045],[-96.81532346,32.79521118],[-96.81541811,32.79541058],[-96.81554333,32.79560643],[-96.8157014,32.7958802],[-96.81585586,32.79611104],[-96.81612574,32.79637896],[-96.81637666,32.79660786],[-96.81664351,32.79681573],[-96.81697105,32.79702935],[-96.81751441,32.79731228],[-96.81763414,32.79737407],[-96.81826548,32.79772349],[-96.81878157,32.79801364],[-96.8189825215441,32.7981317814638]]},"properties":{"AADT_CUR":3791,"RTE_NM":"IH0035E-XG","RTE_PRFX":"IH","RTE_NBR":"35","SYSTEM":"On"}},{"type":"Feature","geometry":{"type":"LineString","coordinates":[[-96.7540391,32.76529789],[-96.75360802,32.76492344]]},"properties":{"AADT_CUR":292,"RTE_NM":"1059459","RTE_PRFX":"CS","RTE_NBR":"1059459","SYSTEM":"Off"}},{"type":"Feature","geometry":{"type":"LineString","coordinates":[[-96.75969837,32.80026069],[-96.75909994,32.79973823],[-96.75859759,32.79927638]]},"properties":{"AADT_CUR":292,"RTE_NM":"1063069","RTE_PRFX":"CS","RTE_NBR":"1063069","SYSTEM":"Off"}},{"type":"Feature","geometry":{"type":"LineString","coordinates":[[-96.8099235155221,32.7512256390071],[-96.80994201,32.75189172],[-96.80992001,32.75286625],[-96.80989093,32.7534114],[-96.80985151,32.75374211],[-96.80983655,32.75434131],[-96.80988016,32.754949],[-96.81031305,32.75729483],[-96.81039491,32.75782238],[-96.81041186,32.75804391],[-96.81037371,32.75838152],[-96.81035698,32.75851303],[-96.81026476,32.75893541],[-96.81011277,32.75929637],[-96.80956985,32.76028934],[-96.809069013,32.761033118],[-96.80848389,32.762110746],[-96.80740854,32.76422084],[-96.80670639,32.7656062]]},"properties":{"AADT_CUR":5734,"RTE_NM":"IH0035E-XG","RTE_PRFX":"IH","RTE_NBR":"35","SYSTEM":"On"}},{"type":"Feature","geometry":{"type":"LineString","coordinates":[[-96.75615166,32.8029271400166],[-96.75610991,32.8031464800166],[-96.7561147500081,32.8031905300296],[-96.75613369,32.8032210300166],[-96.7568581300102,32.8038332400252],[-96.75771782,32.8045628000166],[-96.75821019,32.8049765700166],[-96.75855092,32.8052796200166],[-96.75935886,32.8059933200166]]},"properties":{"AADT_CUR":292,"RTE_NM":"1063023","RTE_PRFX":"CS","RTE_NBR":"1063023","SYSTEM":"Off"}},{"type":"Feature","geometry":{"type":"LineString","coordinates":[[-96.8240732878129,32.7605370654946],[-96.8240049051899,32.7605367811013]]},"properties":{"AADT_CUR":292,"RTE_NM":"1065872","RTE_PRFX":"CS","RTE_NBR":"1065872","SYSTEM":"Off"}},{"type":"Feature","geometry":{"type":"LineString","coordinates":[[-96.84283406,32.7625860800164],[-96.84285122,32.7629299400164],[-96.84285698,32.7631884300164],[-96.84286244,32.7639869100164],[-96.84287177,32.7642631700164],[-96.8428728301257,32.7643337795014],[-96.8428743241338,32.7644332874647],[-96.8428758229027,32.7645331123],[-96.8428762954198,32.7645645840455],[-96.8428779745614,32.7646764221814],[-96.84288029,32.7648306400164],[-96.84288684,32.7650746900164],[-96.84288573,32.7655695200164],[-96.84290766,32.7661375000164],[-96.8429270134426,32.7661876567713]]},"properties":{"AADT_CUR":967,"RTE_NM":"1063015","RTE_PRFX":"CS","RTE_NBR":"1063015","SYSTEM":"Off"}},{"type":"Feature","geometry":{"type":"LineString","coordinates":[[-96.7521306843326,32.8144486183635],[-96.7521188974004,32.8144584438195],[-96.75173779,32.8150135300332],[-96.75140592,32.8157358800332],[-96.75108766,32.8160667100333],[-96.75078164,32.8162716500332],[-96.75032724,32.8164463500332],[-96.74974964,32.8165449200334],[-96.74926148,32.8165593700332],[-96.7489207351327,32.8165384078398],[-96.7465724157642,32.8163939178369],[-96.744419365479,32.8162614051751],[-96.7438534282995,32.8162265677981],[-96.7434070905624,32.816199090857],[-96.7431082,32.8161806900333],[-96.7419913467396,32.8159958737978],[-96.74192733,32.8159852800333],[-96.7400284843153,32.8155991216169],[-96.7375340261105,32.8150917897407],[-96.73749912,32.8150846900333],[-96.73635274,32.8148037500332],[-96.7348811552191,32.8142904297215],[-96.73383078,32.8138243300332],[-96.73268031,32.8132111600332],[-96.7323760211082,32.8130134173367],[-96.73173441,32.8125964600332],[-96.7311241856278,32.8121460327585],[-96.730355892,32.8115789240332],[-96.7301239567223,32.8114012219044]]},"properties":{"AADT_CUR":15371,"RTE_NM":"263225","RTE_PRFX":"CS","RTE_NBR":"263225","SYSTEM":"Off"}},{"type":"Feature","geometry":{"type":"LineString","coordinates":[[-96.83350482,32.77200207],[-96.83351263,32.77298149]]},"properties":{"AADT_CUR":292,"RTE_NM":"1058224","RTE_PRFX":"CS","RTE_NBR":"1058224","SYSTEM":"Off"}},{"type":"Feature","geometry":{"type":"LineString","coordinates":[[-96.8301183,32.77147966],[-96.83009984,32.77312802]]},"properties":{"AADT_CUR":292,"RTE_NM":"1060447","RTE_PRFX":"CS","RTE_NBR":"1060447","SYSTEM":"Off"}},{"type":"Feature","geometry":{"type":"LineString","coordinates":[[-96.77616514,32.7892723100165],[-96.77487998,32.7903390000165],[-96.7737949753546,32.7912285049729]]},"properties":{"AADT_CUR":292,"RTE_NM":"1059680","RTE_PRFX":"CS","RTE_NBR":"1059680","SYSTEM":"Off"}},{"type":"Feature","geometry":{"type":"LineString","coordinates":[[-96.84381713,32.77938641],[-96.84345365,32.77937745],[-96.84272784,32.7793829]]},"properties":{"AADT_CUR":233,"RTE_NM":"1065454","RTE_PRFX":"CS","RTE_NBR":"1065454","SYSTEM":"Off"}},{"type":"Feature","geometry":{"type":"LineString","coordinates":[[-96.83155008,32.77963393],[-96.83124467,32.77962932],[-96.83020418,32.77962635],[-96.8294533,32.77962451],[-96.82898272,32.77959894]]},"properties":{"AADT_CUR":233,"RTE_NM":"1065454","RTE_PRFX":"CS","RTE_NBR":"1065454","SYSTEM":"Off"}},{"type":"Feature","geometry":{"type":"LineString","coordinates":[[-96.84490304,32.77957132],[-96.84490898,32.78012534],[-96.8449099,32.78025042],[-96.84491322,32.7809886],[-96.84491336,32.7817226],[-96.84491412,32.78251023],[-96.84490725,32.78327163],[-96.84489968,32.783721],[-96.84490511,32.78552309],[-96.8449043,32.78582822]]},"properties":{"AADT_CUR":292,"RTE_NM":"1064336","RTE_PRFX":"CS","RTE_NBR":"1064336","SYSTEM":"Off"}},{"type":"Feature","geometry":{"type":"LineString","coordinates":[[-96.812673777,32.784501713],[-96.81273174,32.78459805],[-96.81305824,32.78506456],[-96.81350416,32.7857033],[-96.81533079,32.78822398],[-96.81623391,32.78941704],[-96.81692897,32.79034401],[-96.81734893,32.79101031],[-96.81760229,32.79141859],[-96.81827487,32.79276123],[-96.81840216,32.79294775],[-96.81880732,32.79380417],[-96.81876937,32.79393729],[-96.81864533,32.79414592],[-96.81777637,32.79538056]]},"properties":{"AADT_CUR":2401,"RTE_NM":"267892","RTE_PRFX":"CS","RTE_NBR":"267892","SYSTEM":"Off"}},{"type":"Feature","geometry":{"type":"LineString","coordinates":[[-96.78812813,32.80640901],[-96.7887911,32.8069694],[-96.78935739,32.8074404],[-96.78973769,32.80776591],[-96.790096,32.80804986]]},"properties":{"AADT_CUR":292,"RTE_NM":"1063072","RTE_PRFX":"CS","RTE_NBR":"1063072","SYSTEM":"Off"}},{"type":"Feature","geometry":{"type":"LineString","coordinates":[[-96.7670641563182,32.7758061541693],[-96.76717838,32.7758513600164],[-96.76732996,32.7759620500164],[-96.76800693,32.7765405500165],[-96.7688076,32.7772004800165],[-96.76895702,32.7773400400165],[-96.76980413,32.7780762500165],[-96.77081566,32.7789425000165]]},"properties":{"AADT_CUR":292,"RTE_NM":"1064472","RTE_PRFX":"CS","RTE_NBR":"1064472","SYSTEM":"Off"}},{"type":"Feature","geometry":{"type":"LineString","coordinates":[[-96.7764367638711,32.7662422889796],[-96.77660602,32.76671698],[-96.77681768,32.76731057],[-96.77780023,32.7699269],[-96.77810627,32.77097659],[-96.7782159,32.77170434],[-96.77826493,32.77291012],[-96.77825492,32.77320058],[-96.77830132,32.77360144],[-96.77832968,32.77377656],[-96.77836466,32.77400998],[-96.77845754,32.77431024],[-96.77856836,32.77458914],[-96.77864879,32.774751],[-96.77876112,32.77498633],[-96.77889113,32.77520755],[-96.77915947,32.77555574],[-96.77934572,32.77577018],[-96.7795371,32.77598878],[-96.77990636,32.77641345],[-96.78014582,32.77669122],[-96.780602,32.77723501],[-96.78065694,32.77730489],[-96.78204681,32.77887214]]},"properties":{"AADT_CUR":155093,"RTE_NM":"IH0045-KG","RTE_PRFX":"IH","RTE_NBR":"45","SYSTEM":"On"}},{"type":"Feature","geometry":{"type":"LineString","coordinates":[[-96.73945499,32.7790288900165],[-96.73945512,32.7793093000165],[-96.73944838,32.7798549000165],[-96.73946209,32.7805575000165],[-96.73947027,32.7814579500165],[-96.73946166,32.7822193300165],[-96.73944373,32.7828775000165],[-96.73944188,32.7829297100165],[-96.7394412293292,32.7829475853951]]},"properties":{"AADT_CUR":292,"RTE_NM":"1064811","RTE_PRFX":"CS","RTE_NBR":"1064811","SYSTEM":"Off"}},{"type":"Feature","geometry":{"type":"LineString","coordinates":[[-96.7905907954038,32.7896468477856],[-96.7905538,32.7896138700165],[-96.79040363,32.7894688700165],[-96.79022628,32.7893165800165],[-96.79004976,32.7891698400165],[-96.78991775,32.7890525500165],[-96.78953532,32.7887160300165],[-96.7894116258254,32.7886108378608],[-96.78937761,32.7885819100165],[-96.78922314,32.7884492000165],[-96.78885397,32.7881417200165],[-96.78870102,32.7880145300165],[-96.78839278,32.7877546200165],[-96.78777101,32.7872141100165],[-96.78742469,32.7869042000165],[-96.78706734,32.7866174900165],[-96.7866674300522,32.7862773923821]]},"properties":{"AADT_CUR":292,"RTE_NM":"1058862","RTE_PRFX":"CS","RTE_NBR":"1058862","SYSTEM":"Off"}},{"type":"Feature","geometry":{"type":"LineString","coordinates":[[-96.8146364842278,32.7626236911144],[-96.81502298584,32.7623818679205]]},"properties":{"AADT_CUR":6482,"RTE_NM":"263847","RTE_PRFX":"CS","RTE_NBR":"263847","SYSTEM":"Off"}},{"type":"Feature","geometry":{"type":"LineString","coordinates":[[-96.83240995,32.7709578600164],[-96.83240781,32.7722828800164],[-96.83241609,32.7725785300164],[-96.8324226587827,32.7726521446766],[-96.83242886,32.7727216400165],[-96.8324365337624,32.7729269887924]]},"properties":{"AADT_CUR":292,"RTE_NM":"1060179","RTE_PRFX":"CS","RTE_NBR":"1060179","SYSTEM":"Off"}},{"type":"Feature","geometry":{"type":"LineString","coordinates":[[-96.7609774667188,32.7628631562588],[-96.76097582,32.7628645500164],[-96.75944518,32.7641805700164],[-96.75917958,32.7644091500164],[-96.7585899,32.7649039800164],[-96.75799818,32.7654194000164],[-96.75759577,32.7657381600164],[-96.75739514,32.7659305300164]]},"properties":{"AADT_CUR":292,"RTE_NM":"1062582","RTE_PRFX":"CS","RTE_NBR":"1062582","SYSTEM":"Off"}},{"type":"Feature","geometry":{"type":"LineString","coordinates":[[-96.7444673027505,32.7728863431623],[-96.74405993,32.7725263600164],[-96.74360083,32.7721295000164],[-96.74320183,32.7717788600164],[-96.74273557,32.7713736400164]]},"properties":{"AADT_CUR":292,"RTE_NM":"1060791","RTE_PRFX":"CS","RTE_NBR":"1060791","SYSTEM":"Off"}},{"type":"Feature","geometry":{"type":"LineString","coordinates":[[-96.8235104,32.81976795],[-96.82335426,32.81982569],[-96.82330406,32.81990357],[-96.82304982,32.82022932],[-96.82300279,32.82026097],[-96.82265451,32.82028384],[-96.82238179,32.8206789]]},"properties":{"AADT_CUR":292,"RTE_NM":"1062397","RTE_PRFX":"CS","RTE_NBR":"1062397","SYSTEM":"Off"}},{"type":"Feature","geometry":{"type":"LineString","coordinates":[[-96.7513616818582,32.7546554129734],[-96.75054306,32.7553862900164],[-96.75009815,32.7557992600163]]},"properties":{"AADT_CUR":292,"RTE_NM":"1064855","RTE_PRFX":"CS","RTE_NBR":"1064855","SYSTEM":"Off"}},{"type":"Feature","geometry":{"type":"LineString","coordinates":[[-96.74746468,32.7688493500164],[-96.74754229,32.7689150400164],[-96.74760134,32.7689736100164],[-96.7481703280634,32.7694874971188]]},"properties":{"AADT_CUR":292,"RTE_NM":"1065217","RTE_PRFX":"CS","RTE_NBR":"1065217","SYSTEM":"Off"}},{"type":"Feature","geometry":{"type":"LineString","coordinates":[[-96.80040293,32.78367887],[-96.79971584,32.78314852],[-96.79907642,32.78259816]]},"properties":{"AADT_CUR":292,"RTE_NM":"1058730","RTE_PRFX":"CS","RTE_NBR":"1058730","SYSTEM":"Off"}},{"type":"Feature","geometry":{"type":"LineString","coordinates":[[-96.7915891729337,32.7781272975668],[-96.7904390954414,32.7789010574053]]},"properties":{"AADT_CUR":371,"RTE_NM":"268081","RTE_PRFX":"CS","RTE_NBR":"268081","SYSTEM":"Off"}},{"type":"Feature","geometry":{"type":"LineString","coordinates":[[-96.8397465447792,32.7785459245421],[-96.83973989,32.7794997400164],[-96.83973734,32.7799835400164],[-96.83973372,32.7804384700165],[-96.83973426,32.7804962100165],[-96.8397283,32.7813799400165],[-96.83972273,32.7820699000165],[-96.83972229,32.7823104300165],[-96.83971514,32.7832574000165],[-96.83971408,32.7833577200165],[-96.83970608,32.7846551700165],[-96.83970102,32.7854468500165],[-96.83969986,32.7855086900165],[-96.83970103,32.7857946100165],[-96.83970133,32.7859526800165],[-96.83971385,32.7862401200165],[-96.83972029,32.7868958700165],[-96.83971411,32.7871390800165],[-96.83968704,32.7872376800165],[-96.8396533,32.7873018300165],[-96.83957608,32.7874286300165],[-96.83948723,32.7875676500165],[-96.8394242621124,32.7876191876784]]},"properties":{"AADT_CUR":767,"RTE_NM":"1063109","RTE_PRFX":"CS","RTE_NBR":"1063109","SYSTEM":"Off"}},{"type":"Feature","geometry":{"type":"LineString","coordinates":[[-96.81317106,32.79363719],[-96.81283398,32.79384369],[-96.81247185,32.79406588]]},"properties":{"AADT_CUR":25400,"RTE_NM":"250790","RTE_PRFX":"CS","RTE_NBR":"250790","SYSTEM":"Off"}},{"type":"Feature","geometry":{"type":"LineString","coordinates":[[-96.8128526644194,32.8053723977448],[-96.81285434,32.8053737600166],[-96.8128768101539,32.8053929354278]]},"properties":{"AADT_CUR":292,"RTE_NM":"1064272","RTE_PRFX":"CS","RTE_NBR":"1064272","SYSTEM":"Off"}},{"type":"Feature","geometry":{"type":"LineString","coordinates":[[-96.77071602,32.78857705],[-96.7700598,32.78803709],[-96.76983829,32.78789414],[-96.76847115,32.78670677],[-96.7675185622527,32.7859316919408]]},"properties":{"AADT_CUR":6716,"RTE_NM":"263296","RTE_PRFX":"CS","RTE_NBR":"263296","SYSTEM":"Off"}},{"type":"Feature","geometry":{"type":"LineString","coordinates":[[-96.77467499,32.77891226],[-96.77439526,32.77919841],[-96.77436109,32.77928178],[-96.77427474,32.77991562],[-96.77430818,32.77999443],[-96.77457866,32.78020245]]},"properties":{"AADT_CUR":292,"RTE_NM":"1064581","RTE_PRFX":"CS","RTE_NBR":"1064581","SYSTEM":"Off"}},{"type":"Feature","geometry":{"type":"LineString","coordinates":[[-96.7887916,32.8254226700334],[-96.787776046822,32.8250532739621],[-96.7865390039782,32.8245917331591],[-96.7855988899932,32.8242144800311],[-96.7852810345536,32.824107254696]]},"properties":{"AADT_CUR":292,"RTE_NM":"1061264","RTE_PRFX":"CS","RTE_NBR":"1061264","SYSTEM":"Off"}},{"type":"Feature","geometry":{"type":"LineString","coordinates":[[-96.80959262,32.7981983500165],[-96.80831701,32.7971143600166],[-96.80743627,32.7963614900166],[-96.80634332,32.7954724100165],[-96.80617879,32.7953533400165],[-96.80615326,32.7953268600166],[-96.80613709,32.7952785400165],[-96.8061373,32.7951823200166],[-96.8052848621665,32.795205355296]]},"properties":{"AADT_CUR":292,"RTE_NM":"1058499","RTE_PRFX":"CS","RTE_NBR":"1058499","SYSTEM":"Off"}},{"type":"Feature","geometry":{"type":"LineString","coordinates":[[-96.7588950498857,32.8127089863172],[-96.75888932,32.8138285700166]]},"properties":{"AADT_CUR":951,"RTE_NM":"1058709","RTE_PRFX":"CS","RTE_NBR":"1058709","SYSTEM":"Off"}},{"type":"Feature","geometry":{"type":"LineString","coordinates":[[-96.78221688,32.81807446],[-96.78069428,32.81806168],[-96.77989837,32.81805617],[-96.77889399,32.81805603],[-96.77823576,32.81804417],[-96.77762135,32.81803841],[-96.77741619,32.81804107]]},"properties":{"AADT_CUR":292,"RTE_NM":"1058490","RTE_PRFX":"CS","RTE_NBR":"1058490","SYSTEM":"Off"}},{"type":"Feature","geometry":{"type":"LineString","coordinates":[[-96.80240933,32.7969019000165],[-96.8021467199955,32.7978261400321],[-96.80183737,32.7988954400166]]},"properties":{"AADT_CUR":292,"RTE_NM":"1061453","RTE_PRFX":"CS","RTE_NBR":"1061453","SYSTEM":"Off"}},{"type":"Feature","geometry":{"type":"LineString","coordinates":[[-96.79063082,32.80166559],[-96.79010074,32.80210364],[-96.78986892,32.80230939],[-96.78969419,32.80246643]]},"properties":{"AADT_CUR":292,"RTE_NM":"1065365","RTE_PRFX":"CS","RTE_NBR":"1065365","SYSTEM":"Off"}},{"type":"Feature","geometry":{"type":"LineString","coordinates":[[-96.78436777,32.76931604],[-96.78365797,32.76883741],[-96.78344184,32.76869834],[-96.78299013,32.76837459],[-96.78247025,32.76804163]]},"properties":{"AADT_CUR":292,"RTE_NM":"1064465","RTE_PRFX":"CS","RTE_NBR":"1064465","SYSTEM":"Off"}},{"type":"Feature","geometry":{"type":"LineString","coordinates":[[-96.7792518628174,32.7597296057848],[-96.77924907,32.7597277900164],[-96.77835606,32.7589676600164],[-96.7778437,32.7585454500163],[-96.7774742631749,32.758227453289],[-96.77744769,32.7582045800164],[-96.77666733,32.7575092400164],[-96.7762123419414,32.7571224180639],[-96.77615124,32.7570704700164],[-96.77579101,32.7567726900164],[-96.77477783,32.7559215400164],[-96.77460341,32.7557734100163],[-96.77419904,32.7554035400163],[-96.77384867,32.7550591600164],[-96.7732516673171,32.7544437829752]]},"properties":{"AADT_CUR":292,"RTE_NM":"1059292","RTE_PRFX":"CS","RTE_NBR":"1059292","SYSTEM":"Off"}},{"type":"Feature","geometry":{"type":"LineString","coordinates":[[-96.83894087,32.75238452],[-96.83894167,32.75321062],[-96.83895408,32.75389531],[-96.83902225,32.75459861],[-96.83904107,32.75507033],[-96.83905102,32.75536461],[-96.83906131,32.75607539],[-96.83907087,32.75708582],[-96.83905301,32.75934394],[-96.83908482,32.76016497],[-96.83912335,32.76110566],[-96.83914971,32.7616091],[-96.83915382,32.76204214],[-96.83914492,32.76295196]]},"properties":{"AADT_CUR":292,"RTE_NM":"1065581","RTE_PRFX":"CS","RTE_NBR":"1065581","SYSTEM":"Off"}},{"type":"Feature","geometry":{"type":"LineString","coordinates":[[-96.7878085425221,32.7642713318415],[-96.7878077,32.7642720200164],[-96.78709514,32.7649058400164]]},"properties":{"AADT_CUR":292,"RTE_NM":"1063513","RTE_PRFX":"CS","RTE_NBR":"1063513","SYSTEM":"Off"}},{"type":"Feature","geometry":{"type":"LineString","coordinates":[[-96.76342708,32.76250982],[-96.76303573,32.76222394],[-96.76269226,32.76198546],[-96.76242425,32.76179753],[-96.76199059,32.7614712]]},"properties":{"AADT_CUR":292,"RTE_NM":"1061066","RTE_PRFX":"CS","RTE_NBR":"1061066","SYSTEM":"Off"}},{"type":"Feature","geometry":{"type":"LineString","coordinates":[[-96.83906131,32.75607539],[-96.8375657,32.75606777],[-96.83741438,32.75606988],[-96.83684102,32.7560677],[-96.83548684,32.7560647]]},"properties":{"AADT_CUR":292,"RTE_NM":"1065369","RTE_PRFX":"CS","RTE_NBR":"1065369","SYSTEM":"Off"}},{"type":"Feature","geometry":{"type":"LineString","coordinates":[[-96.7474001976635,32.7937527972569],[-96.74739449,32.7937477800331],[-96.7473778639095,32.7937338661332],[-96.7464604335127,32.7929660849724]]},"properties":{"AADT_CUR":5105,"RTE_NM":"262944","RTE_PRFX":"CS","RTE_NBR":"262944","SYSTEM":"Off"}},{"type":"Feature","geometry":{"type":"LineString","coordinates":[[-96.750661767637,32.7952168279214],[-96.7506500139984,32.7952273709299]]},"properties":{"AADT_CUR":292,"RTE_NM":"1063536","RTE_PRFX":"CS","RTE_NBR":"1063536","SYSTEM":"Off"}},{"type":"Feature","geometry":{"type":"LineString","coordinates":[[-96.81187435,32.81247313],[-96.81059852,32.81140635]]},"properties":{"AADT_CUR":292,"RTE_NM":"1064264","RTE_PRFX":"CS","RTE_NBR":"1064264","SYSTEM":"Off"}},{"type":"Feature","geometry":{"type":"LineString","coordinates":[[-96.8343928,32.77756848],[-96.83312919,32.77757765],[-96.83217882,32.77758554],[-96.83126012,32.77759658]]},"properties":{"AADT_CUR":292,"RTE_NM":"1058235","RTE_PRFX":"CS","RTE_NBR":"1058235","SYSTEM":"Off"}},{"type":"Feature","geometry":{"type":"LineString","coordinates":[[-96.7527300730997,32.811586531545],[-96.7527367122927,32.8115999236759]]},"properties":{"AADT_CUR":292,"RTE_NM":"1057732","RTE_PRFX":"CS","RTE_NBR":"1057732","SYSTEM":"Off"}},{"type":"Feature","geometry":{"type":"LineString","coordinates":[[-96.7570951572806,32.7849184330998],[-96.75755691,32.7853264100165],[-96.75820127,32.7859086400165],[-96.75832279,32.7860175500165],[-96.75859477,32.7862550300165],[-96.75906814,32.7866369100165],[-96.75913883,32.7867244900165],[-96.75969188,32.7871927100165],[-96.75997175,32.7874426800165],[-96.76032628,32.7877445400165],[-96.76081284,32.7881595800165],[-96.76138176,32.7886486400165],[-96.76164233,32.7888873300165],[-96.76217517,32.7893085100165]]},"properties":{"AADT_CUR":292,"RTE_NM":"1058128","RTE_PRFX":"CS","RTE_NBR":"1058128","SYSTEM":"Off"}},{"type":"Feature","geometry":{"type":"LineString","coordinates":[[-96.86147489,32.72209323],[-96.861469583,32.722487657],[-96.861461611,32.722579261],[-96.861433666,32.722664693],[-96.861388527,32.722729458],[-96.861294174,32.722789178],[-96.86105975,32.72286849],[-96.860806017,32.722960066],[-96.860529808,32.723051387],[-96.86032518,32.723104273],[-96.860173764,32.723126202],[-96.859663127,32.723135367],[-96.859408071,32.723140988],[-96.859245223,32.72311698],[-96.859166092,32.72309051],[-96.859100715,32.723033183]]},"properties":{"AADT_CUR":292,"RTE_NM":"1062672","RTE_PRFX":"CS","RTE_NBR":"1062672","SYSTEM":"Off"}},{"type":"Feature","geometry":{"type":"LineString","coordinates":[[-96.78179741,32.76657669],[-96.781359219,32.766958178],[-96.781056778,32.76721406],[-96.780787762,32.767415529],[-96.78058569,32.76756748],[-96.78046871,32.76768545],[-96.78028907,32.76780393],[-96.77998158,32.768014262],[-96.779196989,32.768500627],[-96.779051323,32.768578881]]},"properties":{"AADT_CUR":292,"RTE_NM":"1059464","RTE_PRFX":"CS","RTE_NBR":"1059464","SYSTEM":"Off"}},{"type":"Feature","geometry":{"type":"LineString","coordinates":[[-96.7883241339091,32.741828717173],[-96.78831301,32.7418256600163],[-96.78783178,32.7418149200163],[-96.78760606,32.7417966800163],[-96.78749268,32.7418143600163],[-96.78739112,32.7420205300163],[-96.78725888,32.7426784900163]]},"properties":{"AADT_CUR":292,"RTE_NM":"1064930","RTE_PRFX":"CS","RTE_NBR":"1064930","SYSTEM":"Off"}},{"type":"Feature","geometry":{"type":"LineString","coordinates":[[-96.79999177,32.75086691],[-96.80001066,32.75183348]]},"properties":{"AADT_CUR":292,"RTE_NM":"1057793","RTE_PRFX":"CS","RTE_NBR":"1057793","SYSTEM":"Off"}},{"type":"Feature","geometry":{"type":"LineString","coordinates":[[-96.79042039,32.7369104],[-96.79007388,32.73708433],[-96.78999914,32.73712179],[-96.78849863,32.7378915],[-96.78834599,32.73796362],[-96.78796976,32.7381605],[-96.78550091,32.73938144],[-96.78493407,32.73967877],[-96.78393962,32.74022036],[-96.78311929,32.74058841],[-96.7829092,32.74068723]]},"properties":{"AADT_CUR":292,"RTE_NM":"1058368","RTE_PRFX":"CS","RTE_NBR":"1058368","SYSTEM":"Off"}},{"type":"Feature","geometry":{"type":"LineString","coordinates":[[-96.82110223,32.73098099],[-96.82118186,32.73102742],[-96.82123129,32.73107895],[-96.82126029,32.73117967],[-96.8212288,32.73211395]]},"properties":{"AADT_CUR":292,"RTE_NM":"1064670","RTE_PRFX":"CS","RTE_NBR":"1064670","SYSTEM":"Off"}},{"type":"Feature","geometry":{"type":"LineString","coordinates":[[-96.84521584,32.7292041],[-96.84500133,32.72923973],[-96.84445708,32.72925584],[-96.84413339,32.72923452],[-96.84312839,32.72921615]]},"properties":{"AADT_CUR":292,"RTE_NM":"1060307","RTE_PRFX":"CS","RTE_NBR":"1060307","SYSTEM":"Off"}},{"type":"Feature","geometry":{"type":"LineString","coordinates":[[-96.80677018,32.80921953],[-96.807799497,32.810156961],[-96.8078197,32.81017536],[-96.80886072,32.81106649],[-96.80949094,32.81160561],[-96.80990669,32.8119549],[-96.81020528,32.81221601],[-96.81074326,32.81268516],[-96.81115789,32.81305091],[-96.81160623,32.81344049],[-96.812188382,32.813956511],[-96.8127743,32.81445975],[-96.81314717,32.81475346],[-96.8132167,32.81482039],[-96.81328566,32.81491754],[-96.81332507,32.81498543],[-96.813376905,32.815105776],[-96.81337807,32.81510848],[-96.81340499,32.81519131],[-96.81347731,32.81532563],[-96.81371095,32.81566555],[-96.81383525,32.81584867],[-96.81396981,32.81600583],[-96.81421504,32.8162497],[-96.81439175,32.81641566],[-96.81489081,32.81683754],[-96.81563211,32.81748948],[-96.816018,32.81782735],[-96.81657431,32.81827748]]},"properties":{"AADT_CUR":7183,"RTE_NM":"1063030","RTE_PRFX":"CS","RTE_NBR":"1063030","SYSTEM":"Off"}},{"type":"Feature","geometry":{"type":"LineString","coordinates":[[-96.8569969095136,32.725761630888],[-96.85699558,32.72557389],[-96.85702487,32.72234674],[-96.8569908430422,32.7203178519408]]},"properties":{"AADT_CUR":23502,"RTE_NM":"263277","RTE_PRFX":"CS","RTE_NBR":"263277","SYSTEM":"Off"}},{"type":"Feature","geometry":{"type":"LineString","coordinates":[[-96.86968782,32.7412413300163],[-96.86892194,32.7412326600163],[-96.86852712,32.7412549700163],[-96.86792465,32.7412484400163],[-96.86732331,32.7412694100163],[-96.86666134,32.7412703300163],[-96.86609617,32.7412697700163],[-96.8655033,32.7412716100163],[-96.86494309,32.7412669700163],[-96.86350308,32.7412576500163],[-96.86312981,32.7412568600163],[-96.8619049,32.7412695900163],[-96.86121585,32.7412838800163],[-96.86037092,32.7412837300163],[-96.85982038,32.7412833400163],[-96.85909825,32.7412834200163],[-96.85797798,32.7412658800163],[-96.85783977,32.7412640600163],[-96.85757221,32.7412646500163],[-96.8568816899296,32.7412596223042]]},"properties":{"AADT_CUR":292,"RTE_NM":"1065822","RTE_PRFX":"CS","RTE_NBR":"1065822","SYSTEM":"Off"}},{"type":"Feature","geometry":{"type":"LineString","coordinates":[[-96.85735081,32.7486594900163],[-96.85733873,32.7489163600164],[-96.85732184,32.7489944900163],[-96.8573052291746,32.7494541956143]]},"properties":{"AADT_CUR":292,"RTE_NM":"1063202","RTE_PRFX":"CS","RTE_NBR":"1063202","SYSTEM":"Off"}},{"type":"Feature","geometry":{"type":"LineString","coordinates":[[-96.84994036,32.82600541],[-96.85056387,32.82653187],[-96.85092577,32.82694353],[-96.85115415,32.8271816],[-96.85130761,32.82737745],[-96.85197792,32.82840761]]},"properties":{"AADT_CUR":5991,"RTE_NM":"1060640","RTE_PRFX":"CS","RTE_NBR":"1060640","SYSTEM":"Off"}},{"type":"Feature","geometry":{"type":"LineString","coordinates":[[-96.80665788,32.79079666],[-96.80587986,32.79004214]]},"properties":{"AADT_CUR":292,"RTE_NM":"1062974","RTE_PRFX":"CS","RTE_NBR":"1062974","SYSTEM":"Off"}},{"type":"Feature","geometry":{"type":"LineString","coordinates":[[-96.7949864783407,32.7782474526784],[-96.79498773,32.7782508800165],[-96.7949990280872,32.7782896130067]]},"properties":{"AADT_CUR":292,"RTE_NM":"1060394","RTE_PRFX":"CS","RTE_NBR":"1060394","SYSTEM":"Off"}},{"type":"Feature","geometry":{"type":"LineString","coordinates":[[-96.8206999158477,32.8301292811888],[-96.8207004,32.8301253900167],[-96.82045912,32.8302719700167],[-96.82018922,32.8304250200167],[-96.82002909,32.8304984600167],[-96.81990702,32.8305394200167],[-96.81980416,32.8305545300167],[-96.81969984,32.8305613600167],[-96.8195697,32.8305554800167],[-96.81948778,32.8305406200167],[-96.8194036,32.8305147500167],[-96.81927819,32.8304745700167],[-96.81922233,32.8304598600167]]},"properties":{"AADT_CUR":292,"RTE_NM":"1064476","RTE_PRFX":"CS","RTE_NBR":"1064476","SYSTEM":"Off"}},{"type":"Feature","geometry":{"type":"LineString","coordinates":[[-96.80929538,32.75664525],[-96.80904748,32.75665449],[-96.80839209,32.75665614],[-96.8076506,32.75662906],[-96.80691538,32.75662592]]},"properties":{"AADT_CUR":292,"RTE_NM":"1059922","RTE_PRFX":"CS","RTE_NBR":"1059922","SYSTEM":"Off"}},{"type":"Feature","geometry":{"type":"LineString","coordinates":[[-96.81300511,32.79586123],[-96.81259364,32.79610444]]},"properties":{"AADT_CUR":292,"RTE_NM":"1062435","RTE_PRFX":"CS","RTE_NBR":"1062435","SYSTEM":"Off"}},{"type":"Feature","geometry":{"type":"LineString","coordinates":[[-96.84997861,32.7771783500165],[-96.84997693,32.7776621700164],[-96.8499600141172,32.7785661779512]]},"properties":{"AADT_CUR":292,"RTE_NM":"1061165","RTE_PRFX":"CS","RTE_NBR":"1061165","SYSTEM":"Off"}},{"type":"Feature","geometry":{"type":"LineString","coordinates":[[-96.8441876,32.73930153],[-96.8433053,32.73930077],[-96.84296707,32.73929764],[-96.84216819,32.73927186],[-96.84174695,32.73927174],[-96.84139388,32.7392794],[-96.84050501,32.73928266],[-96.83994931,32.73925461],[-96.83942817,32.73924765],[-96.83878813,32.73925147]]},"properties":{"AADT_CUR":402,"RTE_NM":"1065833","RTE_PRFX":"CS","RTE_NBR":"1065833","SYSTEM":"Off"}},{"type":"Feature","geometry":{"type":"LineString","coordinates":[[-96.82650167,32.76564834],[-96.82618324,32.765409]]},"properties":{"AADT_CUR":292,"RTE_NM":"1063906","RTE_PRFX":"CS","RTE_NBR":"1063906","SYSTEM":"Off"}},{"type":"Feature","geometry":{"type":"LineString","coordinates":[[-96.7831109261722,32.7866693721256],[-96.78303033,32.7867295700165],[-96.78288402,32.7868455500165],[-96.78228249,32.7872905500165],[-96.7822650264406,32.7873047276379],[-96.78171549,32.7877508600165]]},"properties":{"AADT_CUR":1890,"RTE_NM":"1061675","RTE_PRFX":"CS","RTE_NBR":"1061675","SYSTEM":"Off"}},{"type":"Feature","geometry":{"type":"LineString","coordinates":[[-96.7940314539356,32.7838068899708],[-96.7940944507709,32.7838306599154]]},"properties":{"AADT_CUR":292,"RTE_NM":"1063367","RTE_PRFX":"CS","RTE_NBR":"1063367","SYSTEM":"Off"}},{"type":"Feature","geometry":{"type":"LineString","coordinates":[[-96.80017062,32.8107555900166],[-96.79985188,32.8104859600166],[-96.7996073,32.8102956800166],[-96.79946793,32.8101783100166],[-96.79930528,32.8100455000166],[-96.79916591,32.8099281300166],[-96.79881734,32.8096443400166],[-96.7978230293009,32.8088039053431]]},"properties":{"AADT_CUR":292,"RTE_NM":"1063168","RTE_PRFX":"CS","RTE_NBR":"1063168","SYSTEM":"Off"}},{"type":"Feature","geometry":{"type":"LineString","coordinates":[[-96.85894989,32.75872435],[-96.85925825,32.75920263],[-96.85977207,32.75992567],[-96.86008075,32.76037102],[-96.86013571,32.76044729]]},"properties":{"AADT_CUR":292,"RTE_NM":"1063325","RTE_PRFX":"CS","RTE_NBR":"1063325","SYSTEM":"Off"}},{"type":"Feature","geometry":{"type":"LineString","coordinates":[[-96.7909518406127,32.7672022774801],[-96.79094713,32.7672086400164],[-96.79039077,32.7676284700164],[-96.7901636289484,32.7678329062266],[-96.79014407,32.7678505100164],[-96.78958729,32.7683349300164],[-96.78908071,32.7687458300164],[-96.78886599,32.7689545500164],[-96.78865019,32.7691357700164],[-96.78833584,32.7694063600164],[-96.7879709,32.7696858700164],[-96.78780483,32.7698182800164],[-96.7874812743426,32.7701763244525],[-96.78616519,32.7715702400164],[-96.78588218,32.7718604900164],[-96.78546001,32.7723646200164]]},"properties":{"AADT_CUR":847,"RTE_NM":"1058215","RTE_PRFX":"CS","RTE_NBR":"1058215","SYSTEM":"Off"}},{"type":"Feature","geometry":{"type":"LineString","coordinates":[[-96.860452214249,32.7926175025511],[-96.8604521695854,32.7926319500229]]},"properties":{"AADT_CUR":292,"RTE_NM":"1060543","RTE_PRFX":"CS","RTE_NBR":"1060543","SYSTEM":"Off"}},{"type":"Feature","geometry":{"type":"LineString","coordinates":[[-96.810288,32.7277197],[-96.81026984,32.72846033],[-96.81026906,32.72952698],[-96.81028067,32.73045495],[-96.81027198,32.73133866],[-96.8102758,32.73314624],[-96.81026287,32.73356943],[-96.81028968,32.73493748]]},"properties":{"AADT_CUR":292,"RTE_NM":"1061151","RTE_PRFX":"CS","RTE_NBR":"1061151","SYSTEM":"Off"}},{"type":"Feature","geometry":{"type":"LineString","coordinates":[[-96.79873882,32.81938081],[-96.79846685,32.81920493],[-96.79801365,32.81897584],[-96.79765071,32.81880346],[-96.79713249,32.81858835],[-96.797017697008,32.8185346020934]]},"properties":{"AADT_CUR":11861,"RTE_NM":"263193","RTE_PRFX":"CS","RTE_NBR":"263193","SYSTEM":"Off"}},{"type":"Feature","geometry":{"type":"LineString","coordinates":[[-96.81677328,32.7560244],[-96.81563361,32.75603234],[-96.81414038,32.75602859],[-96.81269713,32.75604749],[-96.81106184,32.75602941],[-96.81092604,32.75602756]]},"properties":{"AADT_CUR":292,"RTE_NM":"1064485","RTE_PRFX":"CS","RTE_NBR":"1064485","SYSTEM":"Off"}},{"type":"Feature","geometry":{"type":"LineString","coordinates":[[-96.82974836,32.81742624],[-96.82933871,32.81708326]]},"properties":{"AADT_CUR":292,"RTE_NM":"1060568","RTE_PRFX":"CS","RTE_NBR":"1060568","SYSTEM":"Off"}},{"type":"Feature","geometry":{"type":"LineString","coordinates":[[-96.80551566,32.72679837],[-96.80488517,32.72677466],[-96.80481375,32.7267668],[-96.80474049,32.72675701]]},"properties":{"AADT_CUR":292,"RTE_NM":"1065721","RTE_PRFX":"CS","RTE_NBR":"1065721","SYSTEM":"Off"}},{"type":"Feature","geometry":{"type":"LineString","coordinates":[[-96.80359263,32.7084603600161],[-96.8040260800075,32.7091755500288],[-96.80498314,32.7107817100162],[-96.8057017600062,32.7119750000296],[-96.8058001,32.7121894000162],[-96.80583387,32.7123369300161],[-96.80586415,32.7125394100161],[-96.80585616,32.7128307100162],[-96.80586032,32.7128678700161],[-96.80585974,32.7129833200161],[-96.80584478,32.7131714400161],[-96.8058444968018,32.7131905065943],[-96.8058190599998,32.7149030300486],[-96.8058087499997,32.7166787900323],[-96.80580204,32.7170305900161],[-96.8058023048778,32.7177695600585],[-96.80580099,32.7180230000162],[-96.80579741,32.7190219800162],[-96.80577922,32.7201261700162],[-96.8057582083409,32.7202273105892],[-96.805742,32.7203053300162],[-96.80573094,32.7206295800162],[-96.80570364,32.7209522200162],[-96.80568684,32.7212791400162],[-96.80564239,32.7226709500162],[-96.8056137,32.7234925400162],[-96.80560314,32.7238332900162],[-96.80558526,32.7249574200162],[-96.80554812,32.7256936800324],[-96.80554765,32.7259740800162],[-96.80551566,32.7267983700162],[-96.80551037,32.7270333500162],[-96.80549534,32.7276077000162],[-96.80549181,32.7277506200325],[-96.805493,32.7285967000162],[-96.80547904,32.7295689600162],[-96.80548363,32.7313738100163],[-96.80548394,32.7315703900163],[-96.80548419,32.7318136800163],[-96.80551652,32.7327911800162],[-96.80552821,32.7330566200162],[-96.80550676,32.7345480600163],[-96.80545936,32.7354146600326],[-96.8054612700002,32.7363370100326],[-96.8054699699998,32.7372869400326],[-96.80545671,32.7381953400163],[-96.80542288,32.7391158200163],[-96.8054235516537,32.73914902508],[-96.80544296,32.7401085200163],[-96.80546168,32.7410874600163],[-96.80549367,32.7417545500163],[-96.80551032,32.7422454900163]]},"properties":{"AADT_CUR":3348,"RTE_NM":"1064386","RTE_PRFX":"CS","RTE_NBR":"1064386","SYSTEM":"Off"}},{"type":"Feature","geometry":{"type":"LineString","coordinates":[[-96.78868169,32.72781609],[-96.78928288,32.72883114],[-96.7898695,32.72995409]]},"properties":{"AADT_CUR":292,"RTE_NM":"1062520","RTE_PRFX":"CS","RTE_NBR":"1062520","SYSTEM":"Off"}},{"type":"Feature","geometry":{"type":"LineString","coordinates":[[-96.7878829,32.785335040033],[-96.78729549,32.785695960033],[-96.7866313158645,32.7862463779368],[-96.78631428,32.786509110033],[-96.7858692428866,32.7868258951892],[-96.78579239,32.786880600033],[-96.7848954400377,32.7873661523632],[-96.78429673,32.787690250033],[-96.7840221364322,32.7879218486283]]},"properties":{"AADT_CUR":12525,"RTE_NM":"263225","RTE_PRFX":"CS","RTE_NBR":"263225","SYSTEM":"Off"}},{"type":"Feature","geometry":{"type":"LineString","coordinates":[[-96.8064206758171,32.7972022065817],[-96.8064083956526,32.7972123720475]]},"properties":{"AADT_CUR":292,"RTE_NM":"1063938","RTE_PRFX":"CS","RTE_NBR":"1063938","SYSTEM":"Off"}},{"type":"Feature","geometry":{"type":"LineString","coordinates":[[-96.7551569166377,32.7688285491811],[-96.75434508,32.7694684700164]]},"properties":{"AADT_CUR":292,"RTE_NM":"1061153","RTE_PRFX":"CS","RTE_NBR":"1061153","SYSTEM":"Off"}},{"type":"Feature","geometry":{"type":"LineString","coordinates":[[-96.7924768627754,32.7973093653185],[-96.7923928274737,32.797324799002]]},"properties":{"AADT_CUR":7138,"RTE_NM":"1059362","RTE_PRFX":"CS","RTE_NBR":"1059362","SYSTEM":"Off"}},{"type":"Feature","geometry":{"type":"LineString","coordinates":[[-96.81676741,32.7548193100164],[-96.81677328,32.7560244000164],[-96.81676718,32.7572462900163],[-96.8167668900241,32.7587622942027]]},"properties":{"AADT_CUR":292,"RTE_NM":"1058412","RTE_PRFX":"CS","RTE_NBR":"1058412","SYSTEM":"Off"}},{"type":"Feature","geometry":{"type":"LineString","coordinates":[[-96.7521503,32.75224466],[-96.75189095,32.75223962],[-96.75181102,32.75220964],[-96.75094159,32.75146615]]},"properties":{"AADT_CUR":292,"RTE_NM":"1062199","RTE_PRFX":"CS","RTE_NBR":"1062199","SYSTEM":"Off"}},{"type":"Feature","geometry":{"type":"LineString","coordinates":[[-96.85484563,32.7854928],[-96.85338382,32.78547895],[-96.85029281,32.78548335],[-96.84812493,32.78546144],[-96.84637566,32.78546156]]},"properties":{"AADT_CUR":292,"RTE_NM":"1064740","RTE_PRFX":"CS","RTE_NBR":"1064740","SYSTEM":"Off"}},{"type":"Feature","geometry":{"type":"LineString","coordinates":[[-96.7505681,32.7598525800164],[-96.74994712,32.7603661700164],[-96.74934301,32.7608896200164],[-96.7487152,32.7614182200164],[-96.74816021,32.7618846300164],[-96.74750596,32.7624334800164],[-96.7468840483764,32.7629496858319]]},"properties":{"AADT_CUR":292,"RTE_NM":"1066422","RTE_PRFX":"CS","RTE_NBR":"1066422","SYSTEM":"Off"}},{"type":"Feature","geometry":{"type":"LineString","coordinates":[[-96.74768369,32.7882060300165],[-96.74735585,32.7885301000165],[-96.74670016,32.7890596900165],[-96.74659307,32.7891667700165],[-96.74653898,32.7892278700165],[-96.74650577,32.7893029900165],[-96.74649833,32.7893496300165],[-96.74647264,32.7900324200165],[-96.746474681996,32.7910025902736],[-96.7464704413578,32.7912758446986],[-96.746468451,32.7914040970165]]},"properties":{"AADT_CUR":11229,"RTE_NM":"1066260","RTE_PRFX":"CS","RTE_NBR":"1066260","SYSTEM":"Off"}},{"type":"Feature","geometry":{"type":"LineString","coordinates":[[-96.80028313,32.74428046],[-96.80031245,32.74491914],[-96.8002823809645,32.746106808173]]},"properties":{"AADT_CUR":292,"RTE_NM":"1060689","RTE_PRFX":"CS","RTE_NBR":"1060689","SYSTEM":"Off"}},{"type":"Feature","geometry":{"type":"LineString","coordinates":[[-96.7857699952428,32.7689989077037],[-96.78530761,32.7694732300164],[-96.78465159,32.7701651900164],[-96.78399566,32.7708516700164],[-96.78372299,32.7711544300164]]},"properties":{"AADT_CUR":292,"RTE_NM":"1062113","RTE_PRFX":"CS","RTE_NBR":"1062113","SYSTEM":"Off"}},{"type":"Feature","geometry":{"type":"LineString","coordinates":[[-96.8402456324214,32.7413094270917],[-96.8402335,32.7413084],[-96.83989014,32.74128133],[-96.83753636,32.74126201],[-96.82870842,32.74122672],[-96.82657594,32.74123134],[-96.82595294,32.74126316],[-96.82554076,32.74130009],[-96.8245424651692,32.7412890555115]]},"properties":{"AADT_CUR":18896,"RTE_NM":"263745","RTE_PRFX":"CS","RTE_NBR":"263745","SYSTEM":"Off"}},{"type":"Feature","geometry":{"type":"LineString","coordinates":[[-96.7685075256025,32.7835568965242],[-96.7685020144882,32.7835705633026]]},"properties":{"AADT_CUR":547,"RTE_NM":"1058012","RTE_PRFX":"CS","RTE_NBR":"1058012","SYSTEM":"Off"}},{"type":"Feature","geometry":{"type":"LineString","coordinates":[[-96.7975610399904,32.7717962500237],[-96.7978785900137,32.7720844400411]]},"properties":{"AADT_CUR":8795,"RTE_NM":"1064405","RTE_PRFX":"CS","RTE_NBR":"1064405","SYSTEM":"Off"}},{"type":"Feature","geometry":{"type":"LineString","coordinates":[[-96.8069891839287,32.7758076978194],[-96.80698065,32.7758159600328],[-96.8069599866647,32.7758205688587]]},"properties":{"AADT_CUR":1298,"RTE_NM":"268605","RTE_PRFX":"CS","RTE_NBR":"268605","SYSTEM":"Off"}},{"type":"Feature","geometry":{"type":"LineString","coordinates":[[-96.77013706,32.80672159],[-96.76994174,32.80644147],[-96.76894952,32.80561745],[-96.768939973574,32.8056091298172]]},"properties":{"AADT_CUR":8610,"RTE_NM":"263539","RTE_PRFX":"CS","RTE_NBR":"263539","SYSTEM":"Off"}},{"type":"Feature","geometry":{"type":"LineString","coordinates":[[-96.7728152,32.7839269200165],[-96.77204303,32.7836797700165],[-96.7713518,32.7834956000165],[-96.77076412,32.7833434900165],[-96.7697858418002,32.7830794850918],[-96.7696190270216,32.7830344664187],[-96.769507459179,32.7830043572148]]},"properties":{"AADT_CUR":8477,"RTE_NM":"263170","RTE_PRFX":"CS","RTE_NBR":"263170","SYSTEM":"Off"}},{"type":"Feature","geometry":{"type":"LineString","coordinates":[[-96.7347912,32.8084965400166],[-96.7341250964601,32.8091933971299],[-96.73409636,32.8092234600166],[-96.73367736,32.8095845100166],[-96.73333175,32.8099383700166],[-96.7325664,32.8106903700166],[-96.73228035,32.8109955700166],[-96.73205202,32.8112218800166],[-96.73166523,32.8115998900167],[-96.7311241837048,32.812146034683]]},"properties":{"AADT_CUR":292,"RTE_NM":"1065560","RTE_PRFX":"CS","RTE_NBR":"1065560","SYSTEM":"Off"}},{"type":"Feature","geometry":{"type":"LineString","coordinates":[[-96.75999489,32.78505952],[-96.75985795,32.78519644],[-96.75859477,32.78625503]]},"properties":{"AADT_CUR":292,"RTE_NM":"1059430","RTE_PRFX":"CS","RTE_NBR":"1059430","SYSTEM":"Off"}},{"type":"Feature","geometry":{"type":"LineString","coordinates":[[-96.851910875,32.826306087],[-96.85092577,32.82694353]]},"properties":{"AADT_CUR":292,"RTE_NM":"1062002","RTE_PRFX":"CS","RTE_NBR":"1062002","SYSTEM":"Off"}},{"type":"Feature","geometry":{"type":"LineString","coordinates":[[-96.75222536,32.81175576],[-96.75216908,32.81180309],[-96.7517806,32.81210552],[-96.75161394,32.81219433],[-96.75146885,32.81221385],[-96.75130704,32.81221877],[-96.751184,32.81219907],[-96.7509835,32.81211307]]},"properties":{"AADT_CUR":1890,"RTE_NM":"1061675","RTE_PRFX":"CS","RTE_NBR":"1061675","SYSTEM":"Off"}},{"type":"Feature","geometry":{"type":"LineString","coordinates":[[-96.78231911,32.8273375600167],[-96.78187306,32.8273369000167],[-96.77988595,32.8273424300167],[-96.77792714,32.8273579500167],[-96.777394,32.8273560700167],[-96.77470609,32.8273586800167],[-96.77387825,32.8273582000167],[-96.77226968,32.8273633600167],[-96.7701812871167,32.8273684751183]]},"properties":{"AADT_CUR":292,"RTE_NM":"1062702","RTE_PRFX":"CS","RTE_NBR":"1062702","SYSTEM":"Off"}},{"type":"Feature","geometry":{"type":"LineString","coordinates":[[-96.74139183,32.8210394000167],[-96.74137575,32.8211518800167],[-96.74147226,32.8215807300167],[-96.7416220400064,32.822195900028],[-96.74168418,32.8223053600167],[-96.74169062,32.8223906800167],[-96.7416988,32.8224292900166],[-96.74166289,32.8225579800167],[-96.7414787599954,32.8232646500341],[-96.74141979,32.8234878700167],[-96.74122605,32.8243098600167],[-96.74117775,32.8244878700167],[-96.74119221,32.8246200300167],[-96.74124611,32.8247348800167],[-96.74141722,32.8249311200167],[-96.7416252300098,32.8251141200263],[-96.74184479,32.8253302700167],[-96.74191187,32.8253958300167],[-96.74203094,32.8255074900167],[-96.74235304,32.8258075600167],[-96.74332039,32.8266954300167],[-96.74381298,32.8271010200167]]},"properties":{"AADT_CUR":292,"RTE_NM":"1066025","RTE_PRFX":"CS","RTE_NBR":"1066025","SYSTEM":"Off"}},{"type":"Feature","geometry":{"type":"LineString","coordinates":[[-96.82180786,32.7864410000165],[-96.82084015,32.7869736300165],[-96.82031503,32.7872483200165],[-96.81885962,32.7880112000165],[-96.8187988008823,32.7880420812505],[-96.81872938,32.7880773300165],[-96.81819024,32.7883412400165],[-96.81790659,32.7884968500165],[-96.81766495,32.7886255300165],[-96.81741363,32.7887485900165],[-96.81692314,32.7889989900165],[-96.81641597,32.7892697800165],[-96.8162118299406,32.7893878717658]]},"properties":{"AADT_CUR":960,"RTE_NM":"1061452","RTE_PRFX":"CS","RTE_NBR":"1061452","SYSTEM":"Off"}},{"type":"Feature","geometry":{"type":"LineString","coordinates":[[-96.7691264,32.79585073],[-96.76806271,32.7967335],[-96.76728372,32.79737144],[-96.76671022,32.79786242],[-96.76611574,32.79834347],[-96.76574112,32.79865027],[-96.76504926,32.79924131],[-96.76404771,32.80006442],[-96.76336085,32.80064864],[-96.76324599,32.80073776],[-96.76271771,32.80116061]]},"properties":{"AADT_CUR":292,"RTE_NM":"1065529","RTE_PRFX":"CS","RTE_NBR":"1065529","SYSTEM":"Off"}},{"type":"Feature","geometry":{"type":"LineString","coordinates":[[-96.7827187651306,32.7989820584254],[-96.78189436,32.7996799400165],[-96.78151737,32.7999853900165],[-96.78107563,32.8003572800165],[-96.780187,32.8010710100166],[-96.77932372,32.8017779100166]]},"properties":{"AADT_CUR":292,"RTE_NM":"1064526","RTE_PRFX":"CS","RTE_NBR":"1064526","SYSTEM":"Off"}},{"type":"Feature","geometry":{"type":"LineString","coordinates":[[-96.7607540355847,32.7955281678169],[-96.76074158,32.7955303200166],[-96.76062665,32.7954160000165],[-96.76049729,32.7952904900165],[-96.76036028,32.7951813500165],[-96.7602047326707,32.7950637195986]]},"properties":{"AADT_CUR":292,"RTE_NM":"1064380","RTE_PRFX":"CS","RTE_NBR":"1064380","SYSTEM":"Off"}},{"type":"Feature","geometry":{"type":"LineString","coordinates":[[-96.8008069249143,32.7714716351138],[-96.79979686,32.7723204200164],[-96.79928985,32.7726664400165],[-96.79826328,32.7733419600165],[-96.79778323,32.7737265800164],[-96.79723635,32.7742179700165],[-96.7968701327732,32.7745183098988],[-96.79685333,32.7745320900164],[-96.7956147117384,32.7755433049815],[-96.79501309,32.7760344600164],[-96.7939601095983,32.776915964221],[-96.79346178,32.7773331300165],[-96.7933254992372,32.7774446098043],[-96.79316423,32.7775765300165],[-96.7929757971231,32.7777372529645],[-96.79239598,32.7782318000164],[-96.7920865602065,32.7785495595349]]},"properties":{"AADT_CUR":6516,"RTE_NM":"263012","RTE_PRFX":"CS","RTE_NBR":"263012","SYSTEM":"Off"}},{"type":"Feature","geometry":{"type":"LineString","coordinates":[[-96.80479323,32.8038607500166],[-96.80409128,32.8048216100166],[-96.80390135,32.8050513100166],[-96.8037913605489,32.8051648875966]]},"properties":{"AADT_CUR":292,"RTE_NM":"1065588","RTE_PRFX":"CS","RTE_NBR":"1065588","SYSTEM":"Off"}},{"type":"Feature","geometry":{"type":"LineString","coordinates":[[-96.79677524,32.81082688],[-96.79614346,32.81057011]]},"properties":{"AADT_CUR":292,"RTE_NM":"1063761","RTE_PRFX":"CS","RTE_NBR":"1063761","SYSTEM":"Off"}},{"type":"Feature","geometry":{"type":"LineString","coordinates":[[-96.8064559806855,32.7883395256095],[-96.80645499,32.788333070033],[-96.8063462860879,32.7883082563296]]},"properties":{"AADT_CUR":12300,"RTE_NM":"263529","RTE_PRFX":"CS","RTE_NBR":"263529","SYSTEM":"Off"}},{"type":"Feature","geometry":{"type":"LineString","coordinates":[[-96.7811768436274,32.7806234211483],[-96.78117312,32.7806242200165],[-96.7811455175407,32.7806350428031]]},"properties":{"AADT_CUR":292,"RTE_NM":"1064996","RTE_PRFX":"CS","RTE_NBR":"1064996","SYSTEM":"Off"}},{"type":"Feature","geometry":{"type":"LineString","coordinates":[[-96.76544031,32.76076062],[-96.76595893,32.76136028],[-96.76654701,32.76198565]]},"properties":{"AADT_CUR":292,"RTE_NM":"1062053","RTE_PRFX":"CS","RTE_NBR":"1062053","SYSTEM":"Off"}},{"type":"Feature","geometry":{"type":"LineString","coordinates":[[-96.85488804,32.78022064],[-96.85342868,32.78021095],[-96.85032096,32.7802055],[-96.84938294,32.78020405],[-96.84811768,32.78021336],[-96.84637407,32.78022043],[-96.84561888,32.780231],[-96.8449099,32.78025042]]},"properties":{"AADT_CUR":292,"RTE_NM":"1063862","RTE_PRFX":"CS","RTE_NBR":"1063862","SYSTEM":"Off"}},{"type":"Feature","geometry":{"type":"LineString","coordinates":[[-96.771691429191,32.8033237510926],[-96.77169499,32.80332082],[-96.77177557,32.80324691],[-96.77207966,32.80297474],[-96.77238995,32.8027076],[-96.77270632,32.8024456],[-96.77302863,32.80218882],[-96.77335678,32.80193737],[-96.77338141,32.80191889],[-96.7735187,32.8018066],[-96.77466251,32.80086554],[-96.7758003,32.7999193],[-96.77693203,32.79896791],[-96.7780577,32.7980114],[-96.77819134,32.79789716],[-96.77825172,32.79784738],[-96.77886404,32.7973371],[-96.77947028,32.79682167],[-96.77985368,32.79649033],[-96.7798562924709,32.7964882187795]]},"properties":{"AADT_CUR":12886,"RTE_NM":"263435","RTE_PRFX":"CS","RTE_NBR":"263435","SYSTEM":"Off"}},{"type":"Feature","geometry":{"type":"LineString","coordinates":[[-96.79776908,32.8114691400166],[-96.79767615,32.8116465500166],[-96.79743713,32.8120996300166],[-96.79736019,32.8122923900166],[-96.79729132,32.8124880000166],[-96.7972228,32.8127083700166],[-96.79712636,32.8129407300166],[-96.7969951599917,32.8132468200311],[-96.79665081,32.8138441600166],[-96.7964374,32.8142769600166],[-96.79613532,32.8147924100166],[-96.7958237899927,32.8154176800316],[-96.79543535,32.8162093500166],[-96.79494678,32.8171760700166],[-96.79482324,32.8174217900166],[-96.7947900405821,32.8174865115962],[-96.79475812,32.8175487400166],[-96.7939130599928,32.8192050600304],[-96.7930608399916,32.82082540003],[-96.79279288,32.8212509200167],[-96.79248368,32.8218377300167],[-96.79217509,32.8224355500167]]},"properties":{"AADT_CUR":292,"RTE_NM":"1058724","RTE_PRFX":"CS","RTE_NBR":"1058724","SYSTEM":"Off"}},{"type":"Feature","geometry":{"type":"LineString","coordinates":[[-96.7554909024679,32.8116516007635],[-96.75395435,32.8103326400166]]},"properties":{"AADT_CUR":292,"RTE_NM":"1063153","RTE_PRFX":"CS","RTE_NBR":"1063153","SYSTEM":"Off"}},{"type":"Feature","geometry":{"type":"LineString","coordinates":[[-96.7571271,32.7579983300164],[-96.75792728,32.7586707000164],[-96.75855361,32.7591674500164],[-96.75890868,32.7594762000164],[-96.75897884,32.7595486500164],[-96.75904371,32.7596416600164],[-96.75909781,32.7597455000164],[-96.75913989,32.7598395700164],[-96.75919885,32.7599434900164],[-96.75927964,32.7600545800164],[-96.7593817,32.7601591000164],[-96.75948333,32.7602443700164],[-96.76046812,32.7610444100164],[-96.76149418,32.7618986200164],[-96.76190076,32.7622369400164],[-96.76227359,32.7625129400164],[-96.76270693,32.7628145300164],[-96.76292178,32.7629343700164],[-96.7637758,32.7636445700164],[-96.76425839,32.7640485600164],[-96.76434609,32.7640978800164],[-96.76446811,32.7641394500164],[-96.76485486,32.7644115200164],[-96.76496979,32.7644832300164],[-96.76566801,32.7649259500164],[-96.76597523,32.7651474200164],[-96.76623329,32.7653035900164],[-96.76635035,32.7653904400164],[-96.76712808,32.7660115900164],[-96.76788103,32.7666103800164],[-96.7679144607436,32.7666423805467],[-96.76819726,32.7669130800164],[-96.76864481,32.7672808200164],[-96.7695996216847,32.7680813631525]]},"properties":{"AADT_CUR":292,"RTE_NM":"1062969","RTE_PRFX":"CS","RTE_NBR":"1062969","SYSTEM":"Off"}},{"type":"Feature","geometry":{"type":"LineString","coordinates":[[-96.7994462772069,32.7262193785089],[-96.79951236,32.7262627700162],[-96.79960284,32.7263354900162],[-96.79970617,32.7264166200162],[-96.799846,32.7265449900162],[-96.80019187,32.7269112300162],[-96.80026764,32.7270304800162],[-96.80032567,32.7271426200162],[-96.80037697,32.7272656500162],[-96.80041164,32.7273664700162],[-96.80056634,32.7279500200162],[-96.80059719,32.7280370300162],[-96.80063966,32.7281544500162],[-96.80105701,32.7293326500162]]},"properties":{"AADT_CUR":292,"RTE_NM":"1059752","RTE_PRFX":"CS","RTE_NBR":"1059752","SYSTEM":"Off"}},{"type":"Feature","geometry":{"type":"LineString","coordinates":[[-96.845674839993,32.7412704420039],[-96.8456747889613,32.7412849662816]]},"properties":{"AADT_CUR":292,"RTE_NM":"1064483","RTE_PRFX":"CS","RTE_NBR":"1064483","SYSTEM":"Off"}},{"type":"Feature","geometry":{"type":"LineString","coordinates":[[-96.819406899,32.80311468],[-96.819309342,32.803192062],[-96.81875397,32.8036365],[-96.81804278,32.80423307],[-96.81768465,32.80453748],[-96.81745585,32.80475844],[-96.817454161,32.804808646]]},"properties":{"AADT_CUR":292,"RTE_NM":"1063959","RTE_PRFX":"CS","RTE_NBR":"1063959","SYSTEM":"Off"}},{"type":"Feature","geometry":{"type":"LineString","coordinates":[[-96.81736029,32.73312416],[-96.81735132,32.73368348],[-96.81737422,32.73432021],[-96.8173271,32.73474704]]},"properties":{"AADT_CUR":292,"RTE_NM":"1057991","RTE_PRFX":"CS","RTE_NBR":"1057991","SYSTEM":"Off"}},{"type":"Feature","geometry":{"type":"LineString","coordinates":[[-96.8524347679202,32.7495836124679],[-96.85244197,32.7508446400163],[-96.85244367,32.7516295200163],[-96.8524014,32.7528990300164],[-96.85238068,32.7529633700164],[-96.85234534,32.7530275000163],[-96.85226272,32.7530965000164],[-96.85210464,32.7532002500163]]},"properties":{"AADT_CUR":292,"RTE_NM":"1065068","RTE_PRFX":"CS","RTE_NBR":"1065068","SYSTEM":"Off"}},{"type":"Feature","geometry":{"type":"LineString","coordinates":[[-96.8468410744971,32.7349785658587],[-96.84684082,32.7349905500163],[-96.8468408674674,32.7350075477997]]},"properties":{"AADT_CUR":292,"RTE_NM":"1064428","RTE_PRFX":"CS","RTE_NBR":"1064428","SYSTEM":"Off"}},{"type":"Feature","geometry":{"type":"LineString","coordinates":[[-96.8103140441134,32.7468209974836],[-96.81020429,32.7467635400163],[-96.80978122,32.7467512500163],[-96.80841575,32.7467386000163],[-96.80773087,32.7467444000163],[-96.8068966962374,32.7467337674951]]},"properties":{"AADT_CUR":292,"RTE_NM":"1060077","RTE_PRFX":"CS","RTE_NBR":"1060077","SYSTEM":"Off"}},{"type":"Feature","geometry":{"type":"LineString","coordinates":[[-96.7871398712368,32.7372198990452],[-96.78708475,32.7372465900163],[-96.78479433,32.7383668900163],[-96.78251366,32.7394845200163],[-96.78131426,32.7400686300163]]},"properties":{"AADT_CUR":292,"RTE_NM":"1062586","RTE_PRFX":"CS","RTE_NBR":"1062586","SYSTEM":"Off"}},{"type":"Feature","geometry":{"type":"LineString","coordinates":[[-96.8245900399506,32.7483539111266],[-96.82463818,32.7489239100163],[-96.8246320297338,32.7494231559368]]},"properties":{"AADT_CUR":292,"RTE_NM":"1060315","RTE_PRFX":"CS","RTE_NBR":"1060315","SYSTEM":"Off"}},{"type":"Feature","geometry":{"type":"LineString","coordinates":[[-96.7661570236049,32.7847584654214],[-96.7653859,32.7853946300165],[-96.76489376,32.7858056200165],[-96.7645259937989,32.7861139588093],[-96.76450995,32.7861274100165],[-96.76402416,32.7865453700165],[-96.76364105,32.7868726700165],[-96.76284717,32.7875254900165]]},"properties":{"AADT_CUR":292,"RTE_NM":"1060769","RTE_PRFX":"CS","RTE_NBR":"1060769","SYSTEM":"Off"}},{"type":"Feature","geometry":{"type":"LineString","coordinates":[[-96.75210563,32.83018132],[-96.75209809,32.83064719],[-96.752114,32.83070652],[-96.75218001,32.83078579]]},"properties":{"AADT_CUR":292,"RTE_NM":"1062409","RTE_PRFX":"CS","RTE_NBR":"1062409","SYSTEM":"Off"}},{"type":"Feature","geometry":{"type":"LineString","coordinates":[[-96.80649537,32.74594271],[-96.80633637,32.74643263],[-96.80612934,32.74696864]]},"properties":{"AADT_CUR":292,"RTE_NM":"1061983","RTE_PRFX":"CS","RTE_NBR":"1061983","SYSTEM":"Off"}},{"type":"Feature","geometry":{"type":"LineString","coordinates":[[-96.78058569,32.76756748],[-96.78050788,32.76751142],[-96.779955,32.76703505],[-96.77948768,32.76659423],[-96.77930558,32.7664625]]},"properties":{"AADT_CUR":292,"RTE_NM":"1062432","RTE_PRFX":"CS","RTE_NBR":"1062432","SYSTEM":"Off"}},{"type":"Feature","geometry":{"type":"LineString","coordinates":[[-96.73821234,32.77626966],[-96.7381119,32.77626432],[-96.73792227,32.77626437],[-96.73733731,32.7762496]]},"properties":{"AADT_CUR":292,"RTE_NM":"1063519","RTE_PRFX":"CS","RTE_NBR":"1063519","SYSTEM":"Off"}},{"type":"Feature","geometry":{"type":"LineString","coordinates":[[-96.7927755878802,32.7705441666092],[-96.7927980705594,32.7705661095078]]},"properties":{"AADT_CUR":8105,"RTE_NM":"262915","RTE_PRFX":"CS","RTE_NBR":"262915","SYSTEM":"Off"}},{"type":"Feature","geometry":{"type":"LineString","coordinates":[[-96.7730767221778,32.7651345640385],[-96.77287738,32.7649740800164],[-96.77263517,32.7647549000164],[-96.77208904,32.7643115900164],[-96.7713326539867,32.7636915011954],[-96.77059598,32.7630798400164],[-96.76987687,32.7624567800164]]},"properties":{"AADT_CUR":12915,"RTE_NM":"1060217","RTE_PRFX":"CS","RTE_NBR":"1060217","SYSTEM":"Off"}},{"type":"Feature","geometry":{"type":"LineString","coordinates":[[-96.80396599,32.74892947],[-96.8032923,32.74894502]]},"properties":{"AADT_CUR":292,"RTE_NM":"1063733","RTE_PRFX":"CS","RTE_NBR":"1063733","SYSTEM":"Off"}},{"type":"Feature","geometry":{"type":"LineString","coordinates":[[-96.80230266,32.75136172],[-96.80235829,32.75330059]]},"properties":{"AADT_CUR":292,"RTE_NM":"1061166","RTE_PRFX":"CS","RTE_NBR":"1061166","SYSTEM":"Off"}},{"type":"Feature","geometry":{"type":"LineString","coordinates":[[-96.799410751,32.7977386020165],[-96.799041532,32.7974360840166],[-96.798419335,32.7969280310165]]},"properties":{"AADT_CUR":292,"RTE_NM":"1059253","RTE_PRFX":"CS","RTE_NBR":"1059253","SYSTEM":"Off"}},{"type":"Feature","geometry":{"type":"LineString","coordinates":[[-96.76661381,32.79259241],[-96.76655191,32.79255443],[-96.76607696,32.79216707]]},"properties":{"AADT_CUR":292,"RTE_NM":"1064381","RTE_PRFX":"CS","RTE_NBR":"1064381","SYSTEM":"Off"}},{"type":"Feature","geometry":{"type":"LineString","coordinates":[[-96.76765892,32.77661405],[-96.76651268,32.77761112]]},"properties":{"AADT_CUR":292,"RTE_NM":"1060275","RTE_PRFX":"CS","RTE_NBR":"1060275","SYSTEM":"Off"}},{"type":"Feature","geometry":{"type":"LineString","coordinates":[[-96.84998506,32.77499292],[-96.84998481,32.77557572],[-96.84999337,32.77625348]]},"properties":{"AADT_CUR":292,"RTE_NM":"1061165","RTE_PRFX":"CS","RTE_NBR":"1061165","SYSTEM":"Off"}},{"type":"Feature","geometry":{"type":"LineString","coordinates":[[-96.85191714,32.7749951800165],[-96.84998506,32.7749929200164],[-96.8479254548071,32.7749684386483]]},"properties":{"AADT_CUR":292,"RTE_NM":"1062954","RTE_PRFX":"CS","RTE_NBR":"1062954","SYSTEM":"Off"}},{"type":"Feature","geometry":{"type":"LineString","coordinates":[[-96.81151216,32.7907465500165],[-96.81019189,32.7915394800165]]},"properties":{"AADT_CUR":833,"RTE_NM":"1057820","RTE_PRFX":"CS","RTE_NBR":"1057820","SYSTEM":"Off"}},{"type":"Feature","geometry":{"type":"LineString","coordinates":[[-96.824362775,32.78913857],[-96.82281637,32.78994868],[-96.82206604,32.79034269],[-96.821469565,32.790643532],[-96.821184442,32.790789966],[-96.8210891277139,32.7908158008066]]},"properties":{"AADT_CUR":292,"RTE_NM":"1060838","RTE_PRFX":"CS","RTE_NBR":"1060838","SYSTEM":"Off"}},{"type":"Feature","geometry":{"type":"LineString","coordinates":[[-96.74348092,32.76935119],[-96.74280435,32.76995469],[-96.742495,32.77021286],[-96.74245982,32.77022336],[-96.7410371,32.77157368]]},"properties":{"AADT_CUR":292,"RTE_NM":"1058923","RTE_PRFX":"CS","RTE_NBR":"1058923","SYSTEM":"Off"}},{"type":"Feature","geometry":{"type":"LineString","coordinates":[[-96.75393521,32.7979916300166],[-96.75349766,32.7976487100165],[-96.7534311166059,32.7976046297108]]},"properties":{"AADT_CUR":292,"RTE_NM":"1060955","RTE_PRFX":"CS","RTE_NBR":"1060955","SYSTEM":"Off"}},{"type":"Feature","geometry":{"type":"LineString","coordinates":[[-96.7706397,32.7517314],[-96.77058187,32.75124558],[-96.77050082,32.75061459],[-96.77029715,32.74963227],[-96.770187,32.7490642],[-96.77011842,32.74877579],[-96.77000204,32.74850136],[-96.769877538,32.748276669],[-96.769711541,32.748013013],[-96.769565459,32.747801513],[-96.769366931,32.74754978],[-96.769170237,32.747332965],[-96.769006627,32.747169536],[-96.768670117,32.746886563],[-96.76829896,32.746581137],[-96.767833198,32.746207456],[-96.76743267,32.745850322],[-96.767097902,32.745579824],[-96.766744102,32.745337096],[-96.766402573,32.745136804],[-96.766087388,32.744982424],[-96.76566976,32.74481902],[-96.76532261,32.74471386],[-96.76496747,32.74463107],[-96.76456312,32.74456059],[-96.76412419,32.74451137],[-96.76367595,32.74447109],[-96.76314258,32.74445319],[-96.76264114,32.74446774],[-96.76221152,32.7445013],[-96.76169278,32.74457513],[-96.76118602,32.74468477],[-96.76075906,32.74480783],[-96.76032944,32.74497228],[-96.75848859,32.74567707],[-96.75735316,32.74610199],[-96.75726535,32.74613341],[-96.75689341,32.74629069],[-96.75666385,32.74638498],[-96.75658923,32.74641562],[-96.75606017,32.74660339],[-96.75583679,32.74667173],[-96.7558048,32.74668151],[-96.75550544,32.74677293],[-96.75501659,32.74690077],[-96.7544616,32.7470002],[-96.75396332,32.74707018],[-96.75365225,32.74709054],[-96.7533943625653,32.7471131694768]]},"properties":{"AADT_CUR":65096,"RTE_NM":"US0175-RG","RTE_PRFX":"US","RTE_NBR":"175","SYSTEM":"On"}},{"type":"Feature","geometry":{"type":"LineString","coordinates":[[-96.81798736,32.82419611],[-96.81891715,32.8250004],[-96.81935989,32.82538989],[-96.82000289,32.82595113],[-96.82075771,32.82658261],[-96.82106692,32.82684657],[-96.82150082,32.82723179],[-96.82211438,32.82775828]]},"properties":{"AADT_CUR":292,"RTE_NM":"1058525","RTE_PRFX":"CS","RTE_NBR":"1058525","SYSTEM":"Off"}},{"type":"Feature","geometry":{"type":"LineString","coordinates":[[-96.803052374337,32.8098153126892],[-96.80297454,32.80962275],[-96.80268654,32.80940399],[-96.80123656,32.8083402],[-96.799851559103,32.8071470825401]]},"properties":{"AADT_CUR":18667,"RTE_NM":"263427","RTE_PRFX":"CS","RTE_NBR":"263427","SYSTEM":"Off"}},{"type":"Feature","geometry":{"type":"LineString","coordinates":[[-96.76633785,32.78901749],[-96.76623315,32.78912873],[-96.76545793,32.78978459]]},"properties":{"AADT_CUR":292,"RTE_NM":"1064581","RTE_PRFX":"CS","RTE_NBR":"1064581","SYSTEM":"Off"}},{"type":"Feature","geometry":{"type":"LineString","coordinates":[[-96.8045329192704,32.7877467368946],[-96.80571899,32.7887932300165],[-96.80655893,32.7895483200165],[-96.80729802,32.7902580100165],[-96.8073180553848,32.7902741554267],[-96.80768667,32.7905712000165],[-96.80774984,32.7906297900165],[-96.807778280147,32.7906586500172],[-96.80785281,32.7907342800165],[-96.80795022,32.7908318300165],[-96.8081173411228,32.7909954690849],[-96.80861712,32.7914848300165]]},"properties":{"AADT_CUR":292,"RTE_NM":"1058919","RTE_PRFX":"CS","RTE_NBR":"1058919","SYSTEM":"Off"}},{"type":"Feature","geometry":{"type":"LineString","coordinates":[[-96.79359315,32.7871580860165],[-96.7939767,32.7874643500165],[-96.79409916,32.7875704900165],[-96.79421606,32.7876683200165],[-96.7942776,32.7877255200165],[-96.79522274,32.7885467100165],[-96.79530278,32.7886165400165],[-96.7953165588966,32.7886282200249],[-96.79578075,32.7890217000165],[-96.7962441545471,32.7894104237755],[-96.79625718,32.7894213500165],[-96.7965006,32.7896267400165],[-96.7972183073215,32.7902114354991]]},"properties":{"AADT_CUR":292,"RTE_NM":"1062153","RTE_PRFX":"CS","RTE_NBR":"1062153","SYSTEM":"Off"}},{"type":"Feature","geometry":{"type":"LineString","coordinates":[[-96.75549723,32.80508699],[-96.75537735,32.80509906],[-96.75526202,32.80512905],[-96.75518178,32.80515405],[-96.75502396,32.80523803],[-96.75423999,32.80586797],[-96.75253361,32.80727273],[-96.75248824,32.80730029],[-96.75242501,32.80731175],[-96.75234093,32.80731716],[-96.75198018,32.80757747],[-96.75123239,32.80816659],[-96.75062273,32.8086666],[-96.75047989,32.80877043],[-96.74966789,32.80941879],[-96.74929774,32.80974211]]},"properties":{"AADT_CUR":292,"RTE_NM":"1065737","RTE_PRFX":"CS","RTE_NBR":"1065737","SYSTEM":"Off"}},{"type":"Feature","geometry":{"type":"LineString","coordinates":[[-96.75125396,32.7604216700164],[-96.75063764,32.7609463300164],[-96.75001492,32.7614654000164],[-96.74940907,32.7619943100163],[-96.74891497,32.7624244700164],[-96.74884875,32.7624826500164],[-96.7482221,32.7630346400164],[-96.7476059019616,32.7635811245737]]},"properties":{"AADT_CUR":292,"RTE_NM":"1058321","RTE_PRFX":"CS","RTE_NBR":"1058321","SYSTEM":"Off"}},{"type":"Feature","geometry":{"type":"LineString","coordinates":[[-96.83073799,32.77313331],[-96.83077239,32.77325061],[-96.83108811,32.77437097],[-96.83113965,32.77457234],[-96.83121682,32.7748373]]},"properties":{"AADT_CUR":292,"RTE_NM":"1063697","RTE_PRFX":"CS","RTE_NBR":"1063697","SYSTEM":"Off"}},{"type":"Feature","geometry":{"type":"LineString","coordinates":[[-96.83312807,32.7770745700165],[-96.83312919,32.7775776500165],[-96.8331333641671,32.7785636401353]]},"properties":{"AADT_CUR":292,"RTE_NM":"1063539","RTE_PRFX":"CS","RTE_NBR":"1063539","SYSTEM":"Off"}},{"type":"Feature","geometry":{"type":"LineString","coordinates":[[-96.7793823702507,32.7730363002003],[-96.77857145,32.7735362800164],[-96.7783978927334,32.7736482838217],[-96.7783173261898,32.7737002766294],[-96.77825165,32.7737426600164],[-96.7781784052561,32.7737903839658],[-96.77811323,32.7738328500164],[-96.7780903,32.7738407700164],[-96.77806503,32.7738431700164],[-96.77803267,32.7738344800164],[-96.7780068,32.7738258700164]]},"properties":{"AADT_CUR":292,"RTE_NM":"1059492","RTE_PRFX":"CS","RTE_NBR":"1059492","SYSTEM":"Off"}},{"type":"Feature","geometry":{"type":"LineString","coordinates":[[-96.83398503,32.73827449],[-96.83397117,32.73922962],[-96.83396505,32.74016284],[-96.83396135,32.74118271],[-96.83396106,32.7412418],[-96.83395685,32.74129261],[-96.83396,32.74229469],[-96.8339524,32.74309045],[-96.83395367,32.74315232],[-96.83395823,32.74321286],[-96.83395395,32.74396056],[-96.83395361,32.74415161],[-96.83394904,32.74508899]]},"properties":{"AADT_CUR":292,"RTE_NM":"1064474","RTE_PRFX":"CS","RTE_NBR":"1064474","SYSTEM":"Off"}},{"type":"Feature","geometry":{"type":"LineString","coordinates":[[-96.84815872,32.75475746],[-96.84774386,32.75476021],[-96.84651174,32.75475619],[-96.84642821,32.75474271],[-96.84607702,32.75451536],[-96.84557613,32.75420355],[-96.84482427,32.7536987],[-96.84353835,32.75287335],[-96.84237467,32.75212382],[-96.84160065,32.75163104],[-96.84107203,32.75128172],[-96.8404653,32.75089014],[-96.83992228,32.75052825],[-96.83953329,32.75027976],[-96.83926506,32.75009749],[-96.83871699,32.74974515],[-96.83828103,32.74948641],[-96.83757187,32.74896422]]},"properties":{"AADT_CUR":292,"RTE_NM":"1061796","RTE_PRFX":"CS","RTE_NBR":"1061796","SYSTEM":"Off"}},{"type":"Feature","geometry":{"type":"LineString","coordinates":[[-96.82331926,32.7882235500165],[-96.82022113,32.7898449400165],[-96.820136483914,32.7898958219559],[-96.8201026,32.7899161900165],[-96.81955206,32.7902015300165],[-96.81900702,32.7904525700165],[-96.81794165,32.7903818100165],[-96.81738587,32.7903413000165],[-96.816901343917,32.7903071667944]]},"properties":{"AADT_CUR":1002,"RTE_NM":"1059378","RTE_PRFX":"CS","RTE_NBR":"1059378","SYSTEM":"Off"}},{"type":"Feature","geometry":{"type":"LineString","coordinates":[[-96.7649924135451,32.7532725348766],[-96.7649664394095,32.753279042422],[-96.7647403768967,32.7533356797454],[-96.7646384771066,32.7533612093975],[-96.7646302197095,32.7533632781756]]},"properties":{"AADT_CUR":3129,"RTE_NM":"268073","RTE_PRFX":"CS","RTE_NBR":"268073","SYSTEM":"Off"}},{"type":"Feature","geometry":{"type":"LineString","coordinates":[[-96.8579867884224,32.8299848141284],[-96.85797962,32.8299756000167],[-96.8579749473601,32.8299691171366],[-96.85750616,32.8293187100167],[-96.85719644,32.8288450600167],[-96.85669873,32.8280680600167],[-96.8566801375156,32.8280437122758],[-96.85604781,32.8272156400167],[-96.8560341487582,32.8272004988028],[-96.85547454,32.8265802600167],[-96.85502296,32.8261151600167],[-96.85460781,32.8258302500167],[-96.85367037,32.8250785200167],[-96.85240269,32.8240439100166],[-96.8524015378608,32.8240430182371],[-96.85147823,32.8233283500167],[-96.8508769408718,32.8228133134862]]},"properties":{"AADT_CUR":19274,"RTE_NM":"263283","RTE_PRFX":"CS","RTE_NBR":"263283","SYSTEM":"Off"}},{"type":"Feature","geometry":{"type":"LineString","coordinates":[[-96.7911420829091,32.8026716573041],[-96.79115328,32.8026363100166],[-96.79117795,32.8025803000166],[-96.79119493,32.8024595800165],[-96.79120534,32.8023415100166],[-96.79119511,32.8022382700166],[-96.79112574,32.8021218600166],[-96.79101706,32.8020186500166],[-96.79091305,32.8019265100166],[-96.79063082,32.8016655900166],[-96.79029607,32.8013846900166],[-96.7898919,32.8010327600166],[-96.78978289,32.8009460300166],[-96.7895289,32.8007404800165],[-96.78943617,32.8006539900166],[-96.78907701,32.8003315200165],[-96.78883485,32.8001453800166],[-96.78875891,32.8000742300166],[-96.78791184,32.7993546800165],[-96.78711262,32.7986866500165],[-96.78688193,32.7984965300166],[-96.78647506,32.7981170500166],[-96.7861911265085,32.7978910478578],[-96.7855991,32.7973792100166],[-96.78532534,32.7971445200166],[-96.78524203,32.7970760200165],[-96.7848138,32.7967498400165],[-96.78417189,32.7961966600165],[-96.78360719,32.7957325300165],[-96.78357032,32.7957045200165],[-96.78343986,32.7955913900165],[-96.7834205570929,32.7955750549021],[-96.78330776,32.7954796000166],[-96.78322269,32.7954179400166],[-96.78284678,32.7951227200165],[-96.78235189,32.7947103900165],[-96.7822059523854,32.7945816853594],[-96.78204468,32.7944395000165],[-96.78170561,32.7941324000165],[-96.78052393,32.7930920400165],[-96.78001073,32.7926175900165],[-96.7792462350747,32.7919496734425],[-96.77923221,32.7919374200165],[-96.77876503,32.7915240900166],[-96.77825517,32.7910469300165],[-96.77764234,32.7905504800165],[-96.77714696,32.7901656200165],[-96.77664668,32.7896962500165],[-96.77616514,32.7892723100165],[-96.77562314,32.7888166900165],[-96.77512668,32.7884056800165],[-96.77451814,32.7878996500165],[-96.77399912,32.7874347200165],[-96.7730469821712,32.7866222355219]]},"properties":{"AADT_CUR":7723,"RTE_NM":"1063105","RTE_PRFX":"CS","RTE_NBR":"1063105","SYSTEM":"Off"}},{"type":"Feature","geometry":{"type":"LineString","coordinates":[[-96.7955256289842,32.7781799917535],[-96.7949990280827,32.7782896130077],[-96.7947083380399,32.7783501242632],[-96.79349317,32.7786030700165],[-96.79317934,32.7787223700165],[-96.79292711,32.7789047300165],[-96.7927572886249,32.7791189720329],[-96.79257343,32.7793885900165],[-96.79226421,32.7796388300165],[-96.79198718,32.7797474800165],[-96.79161563,32.7798230300165],[-96.7912391899863,32.7798225300172],[-96.79079462,32.7798476500165],[-96.79026438,32.7799913700165],[-96.78979762,32.7802219200165]]},"properties":{"AADT_CUR":12671,"RTE_NM":"268076","RTE_PRFX":"CS","RTE_NBR":"268076","SYSTEM":"Off"}},{"type":"Feature","geometry":{"type":"LineString","coordinates":[[-96.787875678183,32.7776532131733],[-96.78800996,32.7776424500494],[-96.78812364,32.7776138600494],[-96.7889194399358,32.777148150092]]},"properties":{"AADT_CUR":292,"RTE_NM":"263716","RTE_PRFX":"CS","RTE_NBR":"263716","SYSTEM":"Off"}},{"type":"Feature","geometry":{"type":"LineString","coordinates":[[-96.7814493715041,32.7754561449582],[-96.78075676,32.7758693900165],[-96.78040708,32.7761019400164],[-96.78022292,32.7762139000164],[-96.7801458757254,32.7762616986618],[-96.7799944878278,32.7763556201764],[-96.7799045778342,32.7764114004365],[-96.7798294133438,32.7764580324699],[-96.7796171524818,32.7765897185707],[-96.77956528,32.7766219000165],[-96.77876821,32.7771176100164],[-96.77811513,32.7775510200165],[-96.777733648777,32.7777912912116]]},"properties":{"AADT_CUR":292,"RTE_NM":"1059789","RTE_PRFX":"CS","RTE_NBR":"1059789","SYSTEM":"Off"}},{"type":"Feature","geometry":{"type":"LineString","coordinates":[[-96.82918624,32.81817809],[-96.82834869,32.8188706],[-96.8275882,32.81948992],[-96.82682434,32.82011469],[-96.82607978,32.82075208],[-96.82551581,32.82122145],[-96.82544493,32.82131121],[-96.825421,32.82137137],[-96.825397129,32.8214714],[-96.82538791,32.82157161],[-96.82536302,32.82164001],[-96.82532623,32.82169175],[-96.82526169,32.82174723],[-96.82440221,32.82247652],[-96.82409433,32.82274591],[-96.82365522,32.82311113],[-96.82325464,32.82346173],[-96.82293428,32.82374469],[-96.822114295,32.824410781],[-96.821937323,32.824558104],[-96.821862766,32.824618107]]},"properties":{"AADT_CUR":292,"RTE_NM":"1059631","RTE_PRFX":"CS","RTE_NBR":"1059631","SYSTEM":"Off"}},{"type":"Feature","geometry":{"type":"LineString","coordinates":[[-96.827081601,32.720427719],[-96.826899864,32.721133686],[-96.826755437,32.721671791],[-96.826679785,32.722136603],[-96.82654682,32.722794279],[-96.826558217,32.723246965]]},"properties":{"AADT_CUR":9254,"RTE_NM":"2000006787","RTE_PRFX":"IH","RTE_NBR":"35","SYSTEM":"On"}},{"type":"Feature","geometry":{"type":"LineString","coordinates":[[-96.74817262,32.82191856],[-96.74821318,32.82279059],[-96.74821269,32.82285657],[-96.74815424,32.8228901],[-96.74788923,32.82291387],[-96.74776174,32.82293956],[-96.7475257,32.82302146],[-96.74733018,32.82311217],[-96.74722193,32.8231945],[-96.74713434,32.82330185],[-96.74708483,32.82345922],[-96.74710373,32.82361482],[-96.74719275,32.82376453],[-96.74731031,32.82387064],[-96.7474581,32.82392908],[-96.7475011,32.82393656]]},"properties":{"AADT_CUR":292,"RTE_NM":"1063197","RTE_PRFX":"CS","RTE_NBR":"1063197","SYSTEM":"Off"}},{"type":"Feature","geometry":{"type":"LineString","coordinates":[[-96.8277228297807,32.7812939011213],[-96.827701665,32.781208685066]]},"properties":{"AADT_CUR":292,"RTE_NM":"263010","RTE_PRFX":"CS","RTE_NBR":"263010","SYSTEM":"Off"}},{"type":"Feature","geometry":{"type":"LineString","coordinates":[[-96.8228256326138,32.7399981387538],[-96.82284227,32.73963566],[-96.8228801,32.73889938],[-96.82287568,32.73846505],[-96.82282388,32.73806802],[-96.82280107,32.73752617],[-96.82281097,32.73679567],[-96.82279411,32.73623933],[-96.82280607,32.73539567],[-96.82276891,32.73463347],[-96.82276324,32.73446021],[-96.82272853,32.73350502],[-96.82272288,32.7325387],[-96.82271376,32.73224073],[-96.82272704,32.73146592],[-96.82273724,32.7306061],[-96.82274544,32.7301584],[-96.82275409,32.72967497],[-96.82279564,32.72706777],[-96.82280408,32.72637586],[-96.82281275,32.72514165],[-96.82281095,32.72506465],[-96.82282863,32.72446048],[-96.8228162,32.72389224],[-96.82283689,32.72327471],[-96.82284374,32.72284797],[-96.82284871,32.72231808],[-96.82284098,32.72149535],[-96.82284311,32.72138266],[-96.82286307,32.7203837]]},"properties":{"AADT_CUR":9172,"RTE_NM":"262953","RTE_PRFX":"CS","RTE_NBR":"262953","SYSTEM":"Off"}},{"type":"Feature","geometry":{"type":"LineString","coordinates":[[-96.8609009570205,32.8114968744292],[-96.86090081,32.8114942600167],[-96.86089189,32.8113739900166],[-96.86085038,32.8112868300166],[-96.86079537,32.8112256400166],[-96.86070423,32.8111804600166],[-96.86014089,32.8108773100166],[-96.85994398,32.8107789300166],[-96.85964448,32.8106885000166],[-96.85869238,32.8104336600166],[-96.8586317,32.8104136200166],[-96.85856519,32.8103577500166],[-96.8585471,32.8102805400166],[-96.85854737,32.8100455000166]]},"properties":{"AADT_CUR":292,"RTE_NM":"1063598","RTE_PRFX":"CS","RTE_NBR":"1063598","SYSTEM":"Off"}},{"type":"Feature","geometry":{"type":"LineString","coordinates":[[-96.84040926,32.7451438],[-96.84039515,32.74568105],[-96.84038838,32.74643422],[-96.84035174,32.74809004],[-96.84034894,32.74897934],[-96.84033388,32.74948085],[-96.84032123,32.75007035],[-96.83992228,32.75052825]]},"properties":{"AADT_CUR":292,"RTE_NM":"1063107","RTE_PRFX":"CS","RTE_NBR":"1063107","SYSTEM":"Off"}},{"type":"Feature","geometry":{"type":"LineString","coordinates":[[-96.7404871717372,32.8000689319579],[-96.74048181,32.8000657500166],[-96.7404489428885,32.8000399008022]]},"properties":{"AADT_CUR":292,"RTE_NM":"1064598","RTE_PRFX":"CS","RTE_NBR":"1064598","SYSTEM":"Off"}},{"type":"Feature","geometry":{"type":"LineString","coordinates":[[-96.8273518735251,32.7593609866682],[-96.8273440076635,32.759373877875]]},"properties":{"AADT_CUR":292,"RTE_NM":"1061093","RTE_PRFX":"CS","RTE_NBR":"1061093","SYSTEM":"Off"}},{"type":"Feature","geometry":{"type":"LineString","coordinates":[[-96.8584637423517,32.7728043994647],[-96.85847493,32.7746626100165]]},"properties":{"AADT_CUR":292,"RTE_NM":"1062273","RTE_PRFX":"CS","RTE_NBR":"1062273","SYSTEM":"Off"}},{"type":"Feature","geometry":{"type":"LineString","coordinates":[[-96.8081120069609,32.7846650409862],[-96.8080780869114,32.7846356939527],[-96.8078570776522,32.7844444799656],[-96.8077633953403,32.7843634270402],[-96.80771623,32.7843226200165]]},"properties":{"AADT_CUR":292,"RTE_NM":"1063048","RTE_PRFX":"CS","RTE_NBR":"1063048","SYSTEM":"Off"}},{"type":"Feature","geometry":{"type":"LineString","coordinates":[[-96.796842352,32.7931201650165],[-96.79662353,32.7931636400165],[-96.7962227347911,32.7933550130813],[-96.7957019,32.7936037000165],[-96.79522314,32.7937958200165],[-96.79502787,32.7938601600166],[-96.79488211,32.7938884900165],[-96.79468995,32.7939152500165],[-96.79454343,32.7939187500165],[-96.79431918,32.7939019100165],[-96.79414491,32.7938665500165],[-96.79399854,32.7938191700165],[-96.79380392,32.7937422900165],[-96.79350901,32.7935485600165],[-96.7934560288281,32.7935030643172],[-96.79340815,32.7934619500165],[-96.79330305,32.7933422900165],[-96.79319521,32.7931951100165],[-96.79317131,32.7931614200166],[-96.7931144,32.7930812800165],[-96.79306878,32.7929583200165],[-96.79300015,32.7927771800165],[-96.79292968,32.7924457800165],[-96.79289345,32.7922508900165],[-96.79286202,32.7920329100165],[-96.7928130220766,32.7917095958959]]},"properties":{"AADT_CUR":35110,"RTE_NM":"11004","RTE_PRFX":"IH","RTE_NBR":"345","SYSTEM":"On"}},{"type":"Feature","geometry":{"type":"LineString","coordinates":[[-96.85220908,32.69124163],[-96.85219616,32.69148869],[-96.85218336,32.69191601],[-96.85217313,32.69238047],[-96.85219586,32.69264468],[-96.85217575,32.69285197],[-96.85213068,32.69335444],[-96.8521194,32.69378195],[-96.85214192,32.69471952],[-96.8521186,32.69509997],[-96.85206586,32.69540166],[-96.85197761,32.69564654],[-96.85186593,32.69588285],[-96.85170909,32.69614468],[-96.85145135,32.69645604],[-96.85082431,32.69708824],[-96.8505193,32.69740584],[-96.8502983,32.69766407],[-96.85005562,32.69799486],[-96.84981606,32.69837655],[-96.84953483,32.69890201],[-96.84944487,32.6991936],[-96.84942311,32.69940224],[-96.84942919,32.69955627],[-96.84946562,32.69987015],[-96.84947688,32.70005174],[-96.84953061,32.70039747],[-96.84955101,32.70052419],[-96.84956921,32.70063852],[-96.84958417,32.70079542],[-96.84951308,32.70164669],[-96.84943585,32.70217211],[-96.84932598,32.7025294],[-96.84918718,32.70286845],[-96.84893728,32.70336821],[-96.84881965,32.70361819],[-96.84870936,32.70395349],[-96.84866311,32.70421129],[-96.84863913,32.70462746],[-96.84863273,32.70505898],[-96.8486289,32.70543968],[-96.84862925,32.70572697],[-96.84862985,32.70578195],[-96.84862895,32.70583005],[-96.84861421,32.7064484],[-96.84860207,32.70705716],[-96.84860232,32.70756849],[-96.84860189,32.70798497],[-96.84859374,32.70907899],[-96.84859134,32.70990782],[-96.84857686,32.71121069],[-96.84857277,32.71300441],[-96.84856224,32.7138771],[-96.84856799,32.71417958],[-96.84866206,32.71454234],[-96.84865784,32.71476908],[-96.84865885,32.71572028],[-96.84865907,32.7166701],[-96.84865699,32.71761299],[-96.84864896,32.7184816],[-96.84864971,32.71857234],[-96.84864208,32.71933234],[-96.84864029,32.71951652],[-96.84862911,32.71994248],[-96.84862198,32.72028189],[-96.8486213,32.7204056],[-96.84861407,32.72136356],[-96.84860911,32.72180471],[-96.8486134,32.72231747],[-96.8486141,32.7226295],[-96.84858573,32.72279957],[-96.84846802,32.72327085],[-96.84828192,32.72383469],[-96.84820892,32.72426258],[-96.8481732,32.72469645],[-96.84819689,32.72517099],[-96.84824271,32.7255922],[-96.84830678,32.726169],[-96.84832202,32.72670526],[-96.8483246,32.72726612]]},"properties":{"AADT_CUR":1690,"RTE_NM":"1064311","RTE_PRFX":"CS","RTE_NBR":"1064311","SYSTEM":"Off"}},{"type":"Feature","geometry":{"type":"LineString","coordinates":[[-96.78682982,32.81514432],[-96.78649499,32.81511771],[-96.78634485,32.81509656],[-96.78609484,32.81506134],[-96.78592612,32.81503153],[-96.78531534,32.81492414],[-96.78485072,32.81483389],[-96.78474301,32.81480629],[-96.78458088,32.81477243],[-96.78425832,32.81465941],[-96.78400286,32.81452804],[-96.78365939,32.8143185],[-96.78328032,32.81401361],[-96.78218762,32.81307072],[-96.78112285,32.81215843],[-96.77964175,32.81089261],[-96.77900099,32.81031743],[-96.77819335,32.80962036],[-96.77745368,32.80894346],[-96.77549728,32.80726553],[-96.775236607,32.807056527],[-96.77522162,32.80704451],[-96.77494767,32.80681942],[-96.77411129,32.80609718],[-96.77397401,32.80600042],[-96.77336812,32.80547794],[-96.77301071,32.80515697],[-96.77273306,32.80494954],[-96.77260309,32.80485288],[-96.77245061,32.80474355],[-96.77235903,32.80464057],[-96.77224919,32.80451396],[-96.77206731,32.80432587]]},"properties":{"AADT_CUR":4952,"RTE_NM":"1058282","RTE_PRFX":"CS","RTE_NBR":"1058282","SYSTEM":"Off"}},{"type":"Feature","geometry":{"type":"LineString","coordinates":[[-96.8329109,32.78075267],[-96.83208081,32.7807223],[-96.8319808,32.78071958],[-96.83130502,32.78070364]]},"properties":{"AADT_CUR":292,"RTE_NM":"1059854","RTE_PRFX":"CS","RTE_NBR":"1059854","SYSTEM":"Off"}},{"type":"Feature","geometry":{"type":"LineString","coordinates":[[-96.8069022601052,32.7486444741735],[-96.806914,32.7491085000163],[-96.80691161,32.7496607100164],[-96.80689685,32.7504333200163],[-96.8068957808526,32.7512013142736]]},"properties":{"AADT_CUR":292,"RTE_NM":"1063002","RTE_PRFX":"CS","RTE_NBR":"1063002","SYSTEM":"Off"}},{"type":"Feature","geometry":{"type":"LineString","coordinates":[[-96.8055002992574,32.7688652421373],[-96.805135873,32.76885984],[-96.804673991,32.768878504],[-96.804289892,32.768933255],[-96.803825479,32.76903432],[-96.803394676,32.7691792],[-96.803041658,32.769330845],[-96.802758356,32.76948005],[-96.802499194,32.769624745],[-96.802334335,32.769742843],[-96.801853122,32.770129212],[-96.801406029,32.770492849],[-96.8005032632633,32.7712137910517]]},"properties":{"AADT_CUR":122303,"RTE_NM":"IH0030-KG","RTE_PRFX":"IH","RTE_NBR":"30","SYSTEM":"On"}},{"type":"Feature","geometry":{"type":"LineString","coordinates":[[-96.7828931,32.81064063],[-96.78355298,32.81119544]]},"properties":{"AADT_CUR":292,"RTE_NM":"1063077","RTE_PRFX":"CS","RTE_NBR":"1063077","SYSTEM":"Off"}},{"type":"Feature","geometry":{"type":"LineString","coordinates":[[-96.7841896511832,32.7679124126112],[-96.78371988,32.7684121500164],[-96.78344184,32.7686983400164],[-96.78249497,32.7697065500164],[-96.78191283,32.7703211800165]]},"properties":{"AADT_CUR":292,"RTE_NM":"1064051","RTE_PRFX":"CS","RTE_NBR":"1064051","SYSTEM":"Off"}},{"type":"Feature","geometry":{"type":"LineString","coordinates":[[-96.7594550686367,32.7720290848343],[-96.7594531,32.7720307800164],[-96.7594305244157,32.7720494434794]]},"properties":{"AADT_CUR":292,"RTE_NM":"1058370","RTE_PRFX":"CS","RTE_NBR":"1058370","SYSTEM":"Off"}},{"type":"Feature","geometry":{"type":"LineString","coordinates":[[-96.8399524698725,32.7384326884139],[-96.83922387,32.7384325700326],[-96.838839369999,32.7384246900326],[-96.83812332,32.7384055000326],[-96.8376556700036,32.7384088600326]]},"properties":{"AADT_CUR":292,"RTE_NM":"1065876","RTE_PRFX":"CS","RTE_NBR":"1065876","SYSTEM":"Off"}},{"type":"Feature","geometry":{"type":"LineString","coordinates":[[-96.8393973106823,32.7495411359787],[-96.8393973432444,32.7495266241343]]},"properties":{"AADT_CUR":7805,"RTE_NM":"263613","RTE_PRFX":"CS","RTE_NBR":"263613","SYSTEM":"Off"}},{"type":"Feature","geometry":{"type":"LineString","coordinates":[[-96.788679104,32.803936488],[-96.7885811877419,32.8040180728497]]},"properties":{"AADT_CUR":292,"RTE_NM":"1063330","RTE_PRFX":"CS","RTE_NBR":"1063330","SYSTEM":"Off"}},{"type":"Feature","geometry":{"type":"LineString","coordinates":[[-96.793888128,32.789787568],[-96.793266314,32.789266106],[-96.792962284,32.789013083],[-96.792649085,32.788794749],[-96.792222302,32.788566002],[-96.791715872,32.788377408],[-96.7914577169489,32.7882119134913]]},"properties":{"AADT_CUR":14751,"RTE_NM":"263231","RTE_PRFX":"CS","RTE_NBR":"263231","SYSTEM":"Off"}},{"type":"Feature","geometry":{"type":"LineString","coordinates":[[-96.80743696,32.7889032300165],[-96.80718919,32.7890964200165],[-96.8071318084805,32.7891399381205],[-96.80706533,32.7891909500165],[-96.80687485,32.7893230600165],[-96.80655893,32.7895483200165],[-96.80587986,32.7900421400165],[-96.8056503835776,32.7902102328419],[-96.80535316,32.7904390900165],[-96.80516889,32.7905864100165],[-96.80508716,32.7906059100165],[-96.8049812384492,32.7906057943095]]},"properties":{"AADT_CUR":292,"RTE_NM":"1058022","RTE_PRFX":"CS","RTE_NBR":"1058022","SYSTEM":"Off"}},{"type":"Feature","geometry":{"type":"LineString","coordinates":[[-96.73230859,32.80782212],[-96.73210972,32.80763235],[-96.73130817,32.80701616],[-96.72941493,32.80552119]]},"properties":{"AADT_CUR":8559,"RTE_NM":"1061906","RTE_PRFX":"CS","RTE_NBR":"1061906","SYSTEM":"Off"}},{"type":"Feature","geometry":{"type":"LineString","coordinates":[[-96.82604271,32.72425462],[-96.82465033,32.72423449],[-96.82454997,32.72429636],[-96.82452425,32.72432351],[-96.82449017,32.72440552],[-96.82445709,32.72508134]]},"properties":{"AADT_CUR":292,"RTE_NM":"1059441","RTE_PRFX":"CS","RTE_NBR":"1059441","SYSTEM":"Off"}},{"type":"Feature","geometry":{"type":"LineString","coordinates":[[-96.84780492,32.74546819],[-96.8477973,32.74647107],[-96.84778531,32.74733412],[-96.84779512,32.74772462],[-96.8477896,32.74815203],[-96.84776988,32.74873044],[-96.84774805,32.74900689],[-96.84773029,32.74906667],[-96.84768892,32.74919119],[-96.84764342,32.74932611],[-96.84760798,32.74938944],[-96.84759493,32.74943463],[-96.84759038,32.74950467],[-96.84757494,32.75090237]]},"properties":{"AADT_CUR":292,"RTE_NM":"1063082","RTE_PRFX":"CS","RTE_NBR":"1063082","SYSTEM":"Off"}},{"type":"Feature","geometry":{"type":"LineString","coordinates":[[-96.78916023,32.73162165],[-96.78846672,32.73195437],[-96.78801293,32.73216804],[-96.78781176,32.73226974],[-96.78758288,32.73241641],[-96.78754781,32.73246403],[-96.78753471,32.73251059]]},"properties":{"AADT_CUR":292,"RTE_NM":"1064570","RTE_PRFX":"CS","RTE_NBR":"1064570","SYSTEM":"Off"}},{"type":"Feature","geometry":{"type":"LineString","coordinates":[[-96.8409357,32.8251104200167],[-96.8403296,32.8256150300167],[-96.83848962,32.8271560700167],[-96.83840105,32.8272346000167],[-96.83837234,32.8272465900167],[-96.8382705847009,32.8273292359192]]},"properties":{"AADT_CUR":406,"RTE_NM":"1058481","RTE_PRFX":"CS","RTE_NBR":"1058481","SYSTEM":"Off"}},{"type":"Feature","geometry":{"type":"LineString","coordinates":[[-96.73933973,32.76417238],[-96.73924264,32.7642686],[-96.73898225,32.76456044]]},"properties":{"AADT_CUR":292,"RTE_NM":"1063748","RTE_PRFX":"CS","RTE_NBR":"1063748","SYSTEM":"Off"}},{"type":"Feature","geometry":{"type":"LineString","coordinates":[[-96.85200139,32.81360834],[-96.85198688,32.81438888],[-96.85192785,32.81463138],[-96.85192281,32.81472754],[-96.85194572,32.81480893],[-96.85197413,32.81485605],[-96.85201578,32.81489234],[-96.85210374,32.81493337],[-96.85230637,32.81497866],[-96.85278809,32.81507163],[-96.85288337,32.81511275],[-96.85294914,32.81516449],[-96.85300327,32.81522981],[-96.85302613,32.81531396],[-96.85300288,32.8159528],[-96.85301131,32.81598041],[-96.85302881,32.81600263],[-96.85314707,32.81598908],[-96.85334926,32.81597114],[-96.85357217,32.81597546]]},"properties":{"AADT_CUR":292,"RTE_NM":"1065987","RTE_PRFX":"CS","RTE_NBR":"1065987","SYSTEM":"Off"}},{"type":"Feature","geometry":{"type":"LineString","coordinates":[[-96.7502400011075,32.7911344392835],[-96.749839176,32.791154131],[-96.749305649,32.79117593],[-96.748198179,32.791225529],[-96.747072535,32.791264166],[-96.746113649,32.791282764],[-96.743918537,32.791311572],[-96.74278899,32.79132578],[-96.74198988,32.791332604],[-96.741444621,32.791339159],[-96.740851784,32.791345884],[-96.739986019,32.791353156],[-96.739100123,32.791361229],[-96.737989891,32.791385779],[-96.7374288093953,32.7914040046312]]},"properties":{"AADT_CUR":183639,"RTE_NM":"IH0030-RG","RTE_PRFX":"IH","RTE_NBR":"30","SYSTEM":"On"}},{"type":"Feature","geometry":{"type":"LineString","coordinates":[[-96.7985473227001,32.7390682855446],[-96.79869101,32.73852977],[-96.79876195,32.73816678],[-96.79883534,32.7378135],[-96.7989366,32.73742502],[-96.79902154,32.73716811],[-96.79919407,32.73662782],[-96.79932152,32.73610572],[-96.79948255,32.73542877],[-96.79965207,32.73481221],[-96.79983984,32.73408746],[-96.79998989,32.73345412],[-96.80007687,32.73310349],[-96.80010405,32.732802],[-96.80008316,32.73248829],[-96.80003543,32.73209205],[-96.79996137,32.73160173],[-96.79984858,32.73111644],[-96.79977541,32.73084746],[-96.799618,32.73039941],[-96.79939873,32.72989556],[-96.79907632,32.72924831],[-96.79895253,32.72898401],[-96.79892104,32.72888129],[-96.7989110664668,32.7288097754058]]},"properties":{"AADT_CUR":10883,"RTE_NM":"263110","RTE_PRFX":"CS","RTE_NBR":"263110","SYSTEM":"Off"}},{"type":"Feature","geometry":{"type":"LineString","coordinates":[[-96.80938388,32.7863214300165],[-96.80933217,32.7873320400165],[-96.80946532,32.7889717000165],[-96.8094654470584,32.7889722316542]]},"properties":{"AADT_CUR":870,"RTE_NM":"268862","RTE_PRFX":"CS","RTE_NBR":"268862","SYSTEM":"Off"}},{"type":"Feature","geometry":{"type":"LineString","coordinates":[[-96.78804232,32.793226],[-96.78727811,32.79386564],[-96.78717796,32.7939536],[-96.78704069,32.79406717]]},"properties":{"AADT_CUR":292,"RTE_NM":"1061965","RTE_PRFX":"CS","RTE_NBR":"1061965","SYSTEM":"Off"}},{"type":"Feature","geometry":{"type":"LineString","coordinates":[[-96.8007793879491,32.8005475215014],[-96.80079085,32.8005553400166],[-96.8008100272713,32.8005521277108]]},"properties":{"AADT_CUR":292,"RTE_NM":"1059343","RTE_PRFX":"CS","RTE_NBR":"1059343","SYSTEM":"Off"}},{"type":"Feature","geometry":{"type":"LineString","coordinates":[[-96.7759269,32.81405349],[-96.77589227,32.81533272]]},"properties":{"AADT_CUR":292,"RTE_NM":"1059690","RTE_PRFX":"CS","RTE_NBR":"1059690","SYSTEM":"Off"}},{"type":"Feature","geometry":{"type":"LineString","coordinates":[[-96.8052514559208,32.7818975329205],[-96.80497919,32.78164928],[-96.80485278,32.78149497],[-96.80481182,32.78139448],[-96.80476885,32.78128903],[-96.8045026608481,32.7803289880462]]},"properties":{"AADT_CUR":8216,"RTE_NM":"263410","RTE_PRFX":"CS","RTE_NBR":"263410","SYSTEM":"Off"}},{"type":"Feature","geometry":{"type":"LineString","coordinates":[[-96.7773553330334,32.7971731093385],[-96.776347,32.7980045900165],[-96.7756539,32.7985805400166],[-96.77502037,32.7991050800166],[-96.77473671,32.7993389500165],[-96.77423012,32.7997374000166],[-96.7730082,32.8007651100166],[-96.77222162,32.8014167100166],[-96.77147184,32.8020166000165]]},"properties":{"AADT_CUR":292,"RTE_NM":"1065240","RTE_PRFX":"CS","RTE_NBR":"1065240","SYSTEM":"Off"}},{"type":"Feature","geometry":{"type":"LineString","coordinates":[[-96.75011064,32.7693993100164],[-96.7491923459026,32.7685770603138]]},"properties":{"AADT_CUR":292,"RTE_NM":"1059659","RTE_PRFX":"CS","RTE_NBR":"1059659","SYSTEM":"Off"}},{"type":"Feature","geometry":{"type":"LineString","coordinates":[[-96.842911733,32.7438785690163],[-96.842888779,32.7437372880163],[-96.842823763,32.7435749420163],[-96.841694878262,32.7425381964608],[-96.84141937,32.7422851700163],[-96.84087942,32.7417735100163],[-96.840536,32.7415089800163],[-96.8404628296658,32.7414589188859],[-96.8402441465152,32.7413093013155]]},"properties":{"AADT_CUR":3775,"RTE_NM":"269954","RTE_PRFX":"CS","RTE_NBR":"269954","SYSTEM":"Off"}},{"type":"Feature","geometry":{"type":"LineString","coordinates":[[-96.83576834,32.74508588],[-96.83576629,32.74640954],[-96.83575705,32.74724926],[-96.83575297,32.74807392],[-96.8357528,32.74895088],[-96.83574807,32.74946352],[-96.83574398,32.75015898],[-96.83574396,32.75033355],[-96.83569362,32.75045934],[-96.83566381,32.75057439],[-96.8355692,32.75071883],[-96.8354096,32.75103284],[-96.83533325,32.75128748],[-96.83515414,32.75194761],[-96.83504425,32.752386]]},"properties":{"AADT_CUR":292,"RTE_NM":"1063101","RTE_PRFX":"CS","RTE_NBR":"1063101","SYSTEM":"Off"}},{"type":"Feature","geometry":{"type":"LineString","coordinates":[[-96.8113114252131,32.7520182275193],[-96.81127505,32.7520048800163],[-96.8099391478348,32.7520185060137]]},"properties":{"AADT_CUR":292,"RTE_NM":"1059721","RTE_PRFX":"CS","RTE_NBR":"1059721","SYSTEM":"Off"}},{"type":"Feature","geometry":{"type":"LineString","coordinates":[[-96.8739095005113,32.7675561096293],[-96.873450403,32.767542818],[-96.872181045,32.767505603],[-96.871006235,32.767472336],[-96.8695223,32.767446962],[-96.868122855,32.767428355],[-96.867544838,32.767414823],[-96.866933294,32.767395652],[-96.866227201,32.76736746],[-96.865266968,32.767324607],[-96.863854783,32.767267658],[-96.863378019,32.767251306],[-96.862215951,32.767212964],[-96.860843327,32.767158271],[-96.860449712,32.767127258],[-96.860194231,32.767105268],[-96.859911258,32.767073692],[-96.859639014,32.767041553],[-96.859132746,32.766967688],[-96.858657994,32.766888748],[-96.858013123,32.766765627],[-96.857525684,32.766652187],[-96.857122011,32.766556332],[-96.856778017,32.76646555],[-96.8566359719583,32.7664249213198]]},"properties":{"AADT_CUR":166948,"RTE_NM":"IH0030-LG","RTE_PRFX":"IH","RTE_NBR":"30","SYSTEM":"On"}},{"type":"Feature","geometry":{"type":"LineString","coordinates":[[-96.777769607,32.785859311],[-96.77763689,32.78571749],[-96.77760106,32.78567713],[-96.77753789,32.7856199],[-96.77703609,32.78523219]]},"properties":{"AADT_CUR":292,"RTE_NM":"1063098","RTE_PRFX":"CS","RTE_NBR":"1063098","SYSTEM":"Off"}},{"type":"Feature","geometry":{"type":"LineString","coordinates":[[-96.75759357,32.7435264400163],[-96.757503092008,32.7435419145748],[-96.75740682,32.7435583800163],[-96.75730603,32.7435857700163],[-96.7570249,32.7437770800163],[-96.75574262,32.7448834900163],[-96.75520378,32.7453625200163],[-96.75462602,32.7458355000163],[-96.75411277,32.7462942700163],[-96.7537281962845,32.7466241834692]]},"properties":{"AADT_CUR":292,"RTE_NM":"1062334","RTE_PRFX":"CS","RTE_NBR":"1062334","SYSTEM":"Off"}},{"type":"Feature","geometry":{"type":"LineString","coordinates":[[-96.75888992,32.7538402500163],[-96.75859776,32.7540973300163],[-96.75782865,32.7547449600163],[-96.75771,32.7548230300164],[-96.75759101,32.7548763300164],[-96.7574774,32.7549462200163],[-96.75736836,32.7550313000164],[-96.7560391,32.7561617800164],[-96.75496063,32.7570703500164],[-96.75461931,32.7573858300163],[-96.7546191150816,32.7573859946293]]},"properties":{"AADT_CUR":292,"RTE_NM":"1062458","RTE_PRFX":"CS","RTE_NBR":"1062458","SYSTEM":"Off"}},{"type":"Feature","geometry":{"type":"LineString","coordinates":[[-96.788075758962,32.7812400207271],[-96.78808378,32.7812493500165],[-96.7881061547631,32.7812749964187]]},"properties":{"AADT_CUR":292,"RTE_NM":"1060453","RTE_PRFX":"CS","RTE_NBR":"1060453","SYSTEM":"Off"}},{"type":"Feature","geometry":{"type":"LineString","coordinates":[[-96.79909344934,32.7492198884306],[-96.7990784803874,32.7492127827491]]},"properties":{"AADT_CUR":6630,"RTE_NM":"263149","RTE_PRFX":"CS","RTE_NBR":"263149","SYSTEM":"Off"}},{"type":"Feature","geometry":{"type":"LineString","coordinates":[[-96.79503382,32.7376251200163],[-96.79508216,32.7378078500163],[-96.79505468,32.7398743700163],[-96.79507963,32.7399722900163],[-96.795125718833,32.740075871911]]},"properties":{"AADT_CUR":292,"RTE_NM":"1061972","RTE_PRFX":"CS","RTE_NBR":"1061972","SYSTEM":"Off"}},{"type":"Feature","geometry":{"type":"LineString","coordinates":[[-96.80690785,32.75450489],[-96.80691911,32.75570502],[-96.80691538,32.75662592],[-96.80693377,32.7571966],[-96.80696136,32.75724235],[-96.80700082,32.7572635]]},"properties":{"AADT_CUR":292,"RTE_NM":"1063002","RTE_PRFX":"CS","RTE_NBR":"1063002","SYSTEM":"Off"}},{"type":"Feature","geometry":{"type":"LineString","coordinates":[[-96.774573745,32.762206049],[-96.77436288,32.76237068],[-96.77407111,32.76260992],[-96.7734283,32.76316457]]},"properties":{"AADT_CUR":292,"RTE_NM":"1063564","RTE_PRFX":"CS","RTE_NBR":"1063564","SYSTEM":"Off"}},{"type":"Feature","geometry":{"type":"LineString","coordinates":[[-96.79003803,32.80932601],[-96.78997326,32.80926603],[-96.78988104,32.80919466],[-96.78981871,32.80913607],[-96.78975286,32.80908981],[-96.78969629,32.80906841],[-96.78965885,32.80906927],[-96.78961315,32.80907551],[-96.78957294,32.80909283],[-96.78938714,32.80923185],[-96.78908508,32.80949161],[-96.78886337,32.80967825],[-96.78856869,32.80989274]]},"properties":{"AADT_CUR":292,"RTE_NM":"1058045","RTE_PRFX":"CS","RTE_NBR":"1058045","SYSTEM":"Off"}},{"type":"Feature","geometry":{"type":"LineString","coordinates":[[-96.77790487,32.76936914],[-96.77775359,32.76879606],[-96.7773407,32.76731274],[-96.7771555,32.76680909],[-96.77684727,32.76641697],[-96.77665129,32.76620328],[-96.77634174,32.76594954],[-96.77603671,32.7657484],[-96.77568145,32.76557127],[-96.77545819,32.76544562],[-96.77525374,32.76531902],[-96.77501819,32.76513748],[-96.77475186,32.76489264],[-96.77391856,32.76401413],[-96.77353575,32.76359538],[-96.77298811,32.763005],[-96.7718885,32.76192803],[-96.77108348,32.76105079],[-96.77059724,32.76046561],[-96.7699479,32.75971718],[-96.7693984,32.75907254],[-96.76887061,32.75845188],[-96.76832759,32.75777721],[-96.76793101,32.7572768],[-96.76746152,32.75669003],[-96.76700939,32.75613559],[-96.76657215,32.75557751],[-96.76606359,32.75493701],[-96.76562077,32.75442272],[-96.76491002,32.7535282],[-96.7647444702382,32.7533403251072]]},"properties":{"AADT_CUR":9866,"RTE_NM":"SH0310-RG","RTE_PRFX":"SH","RTE_NBR":"310","SYSTEM":"On"}},{"type":"Feature","geometry":{"type":"LineString","coordinates":[[-96.8290654655904,32.7345159135865],[-96.82906524,32.7345164200163],[-96.82905428,32.7355746700163],[-96.82905311,32.7365437200163],[-96.82904469,32.7375099000163],[-96.82904013,32.7379249500163],[-96.82905661,32.7384749900163]]},"properties":{"AADT_CUR":292,"RTE_NM":"1064364","RTE_PRFX":"CS","RTE_NBR":"1064364","SYSTEM":"Off"}},{"type":"Feature","geometry":{"type":"LineString","coordinates":[[-96.83453376,32.73728668],[-96.83379893,32.73727132],[-96.83283692,32.73727354],[-96.83214513,32.73726152]]},"properties":{"AADT_CUR":292,"RTE_NM":"1059838","RTE_PRFX":"CS","RTE_NBR":"1059838","SYSTEM":"Off"}},{"type":"Feature","geometry":{"type":"LineString","coordinates":[[-96.745409999707,32.7720254758663],[-96.74574205,32.7722903200164],[-96.7462308,32.7727109500164],[-96.74672011,32.7731027300164]]},"properties":{"AADT_CUR":292,"RTE_NM":"1065227","RTE_PRFX":"CS","RTE_NBR":"1065227","SYSTEM":"Off"}},{"type":"Feature","geometry":{"type":"LineString","coordinates":[[-96.752899033444,32.8257800809873],[-96.75274018,32.8257806800167],[-96.75264793,32.8257945100167],[-96.75255066,32.8258151300167],[-96.75247202,32.8258401400167],[-96.75228319,32.8259213400167],[-96.7520443,32.8260650600167],[-96.75161337,32.8263710200167],[-96.75148175,32.8264406600167],[-96.75136565,32.8265077400167],[-96.75127634,32.8265381000167],[-96.751202,32.8265508000167],[-96.75107875,32.8266095600167]]},"properties":{"AADT_CUR":292,"RTE_NM":"1062501","RTE_PRFX":"CS","RTE_NBR":"1062501","SYSTEM":"Off"}},{"type":"Feature","geometry":{"type":"LineString","coordinates":[[-96.8315697,32.8215364500167],[-96.83078615,32.8221706100167],[-96.83006111,32.8227656700167],[-96.82930165,32.8233726400167],[-96.82881314,32.8238114200167],[-96.8287994459965,32.8238228728426],[-96.82708881,32.8252535100167],[-96.82490129,32.8271250600167],[-96.8242,32.8277080400167],[-96.82409909,32.8277932800167],[-96.824043949832,32.8278363743785]]},"properties":{"AADT_CUR":840,"RTE_NM":"1061239","RTE_PRFX":"CS","RTE_NBR":"1061239","SYSTEM":"Off"}},{"type":"Feature","geometry":{"type":"LineString","coordinates":[[-96.85671387,32.7916767900165],[-96.85677395,32.7916844500165],[-96.85682964,32.7917085500165],[-96.85686422,32.7917310100165],[-96.85689708,32.7917575500165],[-96.85691359,32.7917893900165],[-96.85692991,32.7918308400165],[-96.85693008,32.7918652000165],[-96.85691921,32.7919255300165],[-96.8566746116131,32.7926523382987]]},"properties":{"AADT_CUR":292,"RTE_NM":"1063032","RTE_PRFX":"CS","RTE_NBR":"1063032","SYSTEM":"Off"}},{"type":"Feature","geometry":{"type":"LineString","coordinates":[[-96.73825064,32.76383943],[-96.73793833,32.76412367],[-96.73759585,32.7644116],[-96.73734365,32.76461832],[-96.73678019,32.76513816]]},"properties":{"AADT_CUR":292,"RTE_NM":"1057773","RTE_PRFX":"CS","RTE_NBR":"1057773","SYSTEM":"Off"}},{"type":"Feature","geometry":{"type":"LineString","coordinates":[[-96.78655909,32.7312394300162],[-96.78753471,32.7325105900162],[-96.7875337,32.7325628100162],[-96.78755034,32.7326276400162],[-96.78787526,32.7331090900163],[-96.78804763,32.7333630000162],[-96.78873329,32.7343662500163],[-96.78899399,32.7347629600162],[-96.78923482,32.7350934200163],[-96.78961834,32.7356993800163],[-96.79042039,32.7369104000163],[-96.79051864,32.7370024700163],[-96.79058621,32.7370405200162],[-96.790606258991,32.7370522176646]]},"properties":{"AADT_CUR":292,"RTE_NM":"1059891","RTE_PRFX":"CS","RTE_NBR":"1059891","SYSTEM":"Off"}},{"type":"Feature","geometry":{"type":"LineString","coordinates":[[-96.8492281,32.80226052],[-96.84924002,32.80384965],[-96.84923397,32.80465642],[-96.84925205,32.80486559],[-96.84921905,32.80602663],[-96.84922499,32.80658203],[-96.8492303,32.80730268]]},"properties":{"AADT_CUR":292,"RTE_NM":"1061035","RTE_PRFX":"CS","RTE_NBR":"1061035","SYSTEM":"Off"}},{"type":"Feature","geometry":{"type":"LineString","coordinates":[[-96.74654761,32.7810095],[-96.74535721,32.78101608]]},"properties":{"AADT_CUR":292,"RTE_NM":"1060943","RTE_PRFX":"CS","RTE_NBR":"1060943","SYSTEM":"Off"}},{"type":"Feature","geometry":{"type":"LineString","coordinates":[[-96.8402867578834,32.8065864475118],[-96.84029197,32.8065779400166],[-96.8403524352278,32.8064729392517],[-96.8405112846266,32.8061970883682],[-96.84067422,32.8059141400166],[-96.84193815,32.8040805200166],[-96.841979342849,32.8040215083561],[-96.84206525,32.8038984400166],[-96.84217444,32.8037989300166],[-96.84241312,32.8036706200166],[-96.84290513,32.8034271300166],[-96.84332032,32.8032200900166],[-96.8436202828981,32.8030933045522]]},"properties":{"AADT_CUR":7721,"RTE_NM":"263535","RTE_PRFX":"CS","RTE_NBR":"263535","SYSTEM":"Off"}},{"type":"Feature","geometry":{"type":"LineString","coordinates":[[-96.7625177380201,32.7464363081112],[-96.76251588,32.7464381300163],[-96.76099165,32.7477336400163],[-96.76044574,32.7482002200163]]},"properties":{"AADT_CUR":292,"RTE_NM":"1060756","RTE_PRFX":"CS","RTE_NBR":"1060756","SYSTEM":"Off"}},{"type":"Feature","geometry":{"type":"LineString","coordinates":[[-96.85924808,32.72640053],[-96.85924194,32.72686504],[-96.85923503,32.72737077]]},"properties":{"AADT_CUR":292,"RTE_NM":"1064397","RTE_PRFX":"CS","RTE_NBR":"1064397","SYSTEM":"Off"}},{"type":"Feature","geometry":{"type":"LineString","coordinates":[[-96.84730711,32.8137734500166],[-96.84719141,32.8136077400166],[-96.84713261,32.8134873800166],[-96.84713941,32.8132932000166],[-96.84713978,32.8125772200166],[-96.84711363,32.8124300000166],[-96.84703234,32.8123000400166],[-96.84691121,32.8121786300166],[-96.84680534,32.8120947600166],[-96.84533161,32.8115624600166],[-96.84372506,32.8109953900166],[-96.84346079,32.8108956500166],[-96.84168127,32.8102231600166],[-96.8414267,32.8101276700166],[-96.84138464,32.8101133600166],[-96.84110335,32.8100106500166],[-96.8396619,32.8094526100166],[-96.83933708,32.8093273100166],[-96.83832783,32.8089413300166],[-96.83747934,32.8086193500166],[-96.83714968,32.8084926000166],[-96.8367602442879,32.8083533584376]]},"properties":{"AADT_CUR":292,"RTE_NM":"1062662","RTE_PRFX":"CS","RTE_NBR":"1062662","SYSTEM":"Off"}},{"type":"Feature","geometry":{"type":"LineString","coordinates":[[-96.73729573,32.76555648],[-96.73712214,32.76540968],[-96.73678019,32.76513816],[-96.73624379,32.76474567],[-96.7356568,32.76427962],[-96.7353691,32.76406248],[-96.73406476,32.76301991],[-96.73290361,32.76210033],[-96.73241725,32.76172915],[-96.73228258,32.76162964]]},"properties":{"AADT_CUR":292,"RTE_NM":"1058517","RTE_PRFX":"CS","RTE_NBR":"1058517","SYSTEM":"Off"}},{"type":"Feature","geometry":{"type":"LineString","coordinates":[[-96.82727775,32.72330495],[-96.8270239,32.72413451],[-96.82668587,32.72507289],[-96.82653302,32.72550382],[-96.8264011,32.72594602],[-96.82633634,32.72640562],[-96.82633973,32.72678641],[-96.826345,32.72724008],[-96.82636831,32.72759916]]},"properties":{"AADT_CUR":292,"RTE_NM":"1064451","RTE_PRFX":"CS","RTE_NBR":"1064451","SYSTEM":"Off"}},{"type":"Feature","geometry":{"type":"LineString","coordinates":[[-96.7914577169489,32.7882119134913],[-96.791425977,32.788191566],[-96.79117964,32.788037524],[-96.790835673,32.787787454],[-96.79047856,32.787474028],[-96.789241481,32.786392977],[-96.7878829,32.78533504],[-96.78710598,32.78477987],[-96.78678278,32.78448117],[-96.78661131,32.78414984],[-96.7865976933241,32.7840899237273]]},"properties":{"AADT_CUR":14751,"RTE_NM":"263231","RTE_PRFX":"CS","RTE_NBR":"263231","SYSTEM":"Off"}},{"type":"Feature","geometry":{"type":"LineString","coordinates":[[-96.78710783,32.7788068270165],[-96.7872817904119,32.7790049335515],[-96.787445794,32.7792179590165]]},"properties":{"AADT_CUR":292,"RTE_NM":"1059230","RTE_PRFX":"CS","RTE_NBR":"1059230","SYSTEM":"Off"}},{"type":"Feature","geometry":{"type":"LineString","coordinates":[[-96.7741102495816,32.761056577939],[-96.77411488,32.76106966],[-96.774332655,32.76163721],[-96.77452539,32.76208643],[-96.774832418,32.762845946],[-96.775036449,32.763331749],[-96.775071142,32.76343084]]},"properties":{"AADT_CUR":499,"RTE_NM":"IH0045-AG","RTE_PRFX":"IH","RTE_NBR":"45","SYSTEM":"On"}},{"type":"Feature","geometry":{"type":"LineString","coordinates":[[-96.7364951587367,32.8037929334],[-96.73649607,32.8037936300166],[-96.73730417,32.8045322200166],[-96.73735365,32.8049095500166],[-96.73745018,32.8051294800166],[-96.73755179,32.8052587500166],[-96.73780589,32.8054946500166],[-96.73866327,32.8061693300166],[-96.7390927,32.8065108000166],[-96.73946087,32.8068225400166],[-96.73987496,32.8071583000166],[-96.74026258,32.8075156700166],[-96.74075973,32.8078897000166],[-96.74112187,32.8081779900166],[-96.74185209,32.8087422500166]]},"properties":{"AADT_CUR":292,"RTE_NM":"1058400","RTE_PRFX":"CS","RTE_NBR":"1058400","SYSTEM":"Off"}},{"type":"Feature","geometry":{"type":"LineString","coordinates":[[-96.75096715,32.76857839],[-96.7500347,32.76780514]]},"properties":{"AADT_CUR":292,"RTE_NM":"1064949","RTE_PRFX":"CS","RTE_NBR":"1064949","SYSTEM":"Off"}},{"type":"Feature","geometry":{"type":"LineString","coordinates":[[-96.7701701352362,32.820946548141],[-96.7701529629258,32.8209464155965]]},"properties":{"AADT_CUR":292,"RTE_NM":"1065709","RTE_PRFX":"CS","RTE_NBR":"1065709","SYSTEM":"Off"}},{"type":"Feature","geometry":{"type":"LineString","coordinates":[[-96.800354739705,32.790564221504],[-96.80033269,32.790543010033],[-96.8003094074556,32.7905205384272],[-96.80029795,32.7905094800331],[-96.8002260768954,32.7904402839571],[-96.8000105099918,32.790232850024],[-96.79956423,32.789744260033],[-96.79933391,32.789492330033],[-96.7988220448707,32.7889757560757],[-96.79877196,32.788925210033],[-96.79843513,32.788669040033],[-96.79779695,32.788132500033],[-96.7977783096762,32.7881185103057],[-96.79721864,32.787698470033],[-96.79681959174,32.7873704548018]]},"properties":{"AADT_CUR":11661,"RTE_NM":"263595","RTE_PRFX":"CS","RTE_NBR":"263595","SYSTEM":"Off"}},{"type":"Feature","geometry":{"type":"LineString","coordinates":[[-96.78384916,32.776972721],[-96.78370806,32.777312261],[-96.783632958,32.777440353],[-96.783498847,32.777630688],[-96.783294999,32.777858006],[-96.783087932,32.778042928],[-96.78275641,32.778305425],[-96.782288632,32.778659931],[-96.7820386601764,32.7788547214119]]},"properties":{"AADT_CUR":122303,"RTE_NM":"IH0030-UG","RTE_PRFX":"IH","RTE_NBR":"30","SYSTEM":"On"}},{"type":"Feature","geometry":{"type":"LineString","coordinates":[[-96.7798259245519,32.7647009403187],[-96.77983495,32.7647090300164],[-96.7798498455547,32.7647217758684]]},"properties":{"AADT_CUR":292,"RTE_NM":"1059400","RTE_PRFX":"CS","RTE_NBR":"1059400","SYSTEM":"Off"}},{"type":"Feature","geometry":{"type":"LineString","coordinates":[[-96.7776954055009,32.7710918241767],[-96.77603876,32.76914222],[-96.77582124,32.76890061],[-96.77562136,32.76845952],[-96.77558543,32.76829259],[-96.77555647,32.76815806],[-96.77553896,32.76773055]]},"properties":{"AADT_CUR":4064,"RTE_NM":"263235","RTE_PRFX":"CS","RTE_NBR":"263235","SYSTEM":"Off"}},{"type":"Feature","geometry":{"type":"LineString","coordinates":[[-96.77701066,32.77504535],[-96.77702685,32.77508006],[-96.77704478,32.77510898],[-96.77738801,32.77552861],[-96.77806936,32.77630368],[-96.77847264,32.77677661],[-96.77876821,32.77711761],[-96.77911221,32.77753001],[-96.7794734,32.77795114]]},"properties":{"AADT_CUR":292,"RTE_NM":"1063397","RTE_PRFX":"CS","RTE_NBR":"1063397","SYSTEM":"Off"}},{"type":"Feature","geometry":{"type":"LineString","coordinates":[[-96.80396913,32.7482120100163],[-96.80396599,32.7489294700163],[-96.80397739,32.7496526400163],[-96.80398338,32.7503606200164],[-96.80400773,32.7511719400163],[-96.8039022999911,32.7520076000265],[-96.8038549,32.7520619400163],[-96.80382632,32.7521110300163],[-96.80382141,32.7521975500164],[-96.8039012,32.7545340000164],[-96.80396338,32.7551534000163]]},"properties":{"AADT_CUR":292,"RTE_NM":"1063061","RTE_PRFX":"CS","RTE_NBR":"1063061","SYSTEM":"Off"}},{"type":"Feature","geometry":{"type":"LineString","coordinates":[[-96.7868751783748,32.7906968699544],[-96.78686588,32.7906888800331],[-96.78670975,32.790557520033],[-96.78627893,32.790198330033],[-96.78609633,32.790047360033],[-96.7859666199899,32.789938360025],[-96.7856548699901,32.7896921300245],[-96.7849777699893,32.7891096100239],[-96.7843389299893,32.7885688500241],[-96.7838065818771,32.7881241323977]]},"properties":{"AADT_CUR":292,"RTE_NM":"1063288","RTE_PRFX":"CS","RTE_NBR":"1063288","SYSTEM":"Off"}},{"type":"Feature","geometry":{"type":"LineString","coordinates":[[-96.7603589433138,32.7487336467885],[-96.7602471494683,32.7488010999674]]},"properties":{"AADT_CUR":292,"RTE_NM":"1062084","RTE_PRFX":"CS","RTE_NBR":"1062084","SYSTEM":"Off"}},{"type":"Feature","geometry":{"type":"LineString","coordinates":[[-96.75951583,32.7951722800166],[-96.75978309,32.7954028300165],[-96.76047666,32.7960517000166],[-96.7609692677774,32.7964706232828]]},"properties":{"AADT_CUR":292,"RTE_NM":"1064401","RTE_PRFX":"CS","RTE_NBR":"1064401","SYSTEM":"Off"}},{"type":"Feature","geometry":{"type":"LineString","coordinates":[[-96.7550096283699,32.7808454291719],[-96.75500889,32.78084537],[-96.75463401,32.78075351],[-96.75411415,32.780628],[-96.75397333,32.78054905],[-96.75378588,32.78040071],[-96.753464,32.78012782],[-96.75335504,32.78006251],[-96.75322206,32.77999889],[-96.75305816,32.77992368],[-96.75287645,32.77981443]]},"properties":{"AADT_CUR":292,"RTE_NM":"1065952","RTE_PRFX":"CS","RTE_NBR":"1065952","SYSTEM":"Off"}},{"type":"Feature","geometry":{"type":"LineString","coordinates":[[-96.8100601126556,32.810083354865],[-96.8100482299925,32.8100938358571]]},"properties":{"AADT_CUR":292,"RTE_NM":"1063959","RTE_PRFX":"CS","RTE_NBR":"1063959","SYSTEM":"Off"}},{"type":"Feature","geometry":{"type":"LineString","coordinates":[[-96.8344396282194,32.7494830633441],[-96.83423277,32.7498610800163],[-96.83405412,32.7501500900163],[-96.83393409,32.7503491600163],[-96.83385083,32.7504951300164],[-96.83377474,32.7507360300163],[-96.83364621,32.7512140200163],[-96.83361569,32.7513235700164],[-96.8333547,32.7522286500163],[-96.83333079,32.7523754000163]]},"properties":{"AADT_CUR":292,"RTE_NM":"1063100","RTE_PRFX":"CS","RTE_NBR":"1063100","SYSTEM":"Off"}},{"type":"Feature","geometry":{"type":"LineString","coordinates":[[-96.76090765,32.77111781],[-96.76005718,32.7718413]]},"properties":{"AADT_CUR":292,"RTE_NM":"1058370","RTE_PRFX":"CS","RTE_NBR":"1058370","SYSTEM":"Off"}},{"type":"Feature","geometry":{"type":"LineString","coordinates":[[-96.7695740058519,32.7720237745876],[-96.76919348,32.7723667700164],[-96.76901853,32.7722414900164],[-96.76847369,32.7727424600164],[-96.76843319,32.7727146100164],[-96.76819299,32.7729191300164],[-96.76706526,32.7739776300165]]},"properties":{"AADT_CUR":292,"RTE_NM":"1063506","RTE_PRFX":"CS","RTE_NBR":"1063506","SYSTEM":"Off"}},{"type":"Feature","geometry":{"type":"LineString","coordinates":[[-96.8301131648589,32.7101728139675],[-96.830062573,32.710856361],[-96.830028185,32.711426355],[-96.82997775,32.712028173],[-96.82994107,32.712267355],[-96.829864272,32.712645417],[-96.829719845,32.713144031],[-96.829555932,32.713623355],[-96.829385416,32.71411448],[-96.829190555,32.714689275],[-96.828906286,32.715630543],[-96.828613271,32.716692939],[-96.828165903,32.718275163],[-96.827861001,32.719399623],[-96.82763863,32.720200045],[-96.827340606,32.721260834],[-96.826870646,32.722855851],[-96.826471752,32.724246405],[-96.826037646,32.725635944],[-96.82579032,32.726586354],[-96.825608067,32.727458068],[-96.825410913,32.728641232],[-96.825156111,32.729942092],[-96.825048181,32.730395666],[-96.824778618,32.731442613],[-96.824437002,32.732634711],[-96.824114919,32.733684486],[-96.823948714,32.734310258],[-96.823862704,32.734852723],[-96.823832778,32.735185421],[-96.823822462,32.73573019],[-96.823837363,32.7360638],[-96.823886652,32.736920959],[-96.82390843,32.737460897],[-96.823906138,32.737620949],[-96.823871751,32.737922734],[-96.823808707,32.738225482],[-96.823778905,32.738344075],[-96.823613846,32.738765413],[-96.823514123,32.738959208],[-96.823375427,32.739194462],[-96.823210367,32.739424895],[-96.823021237,32.739664004],[-96.822617759,32.740050627],[-96.822448114,32.740173073],[-96.82216843,32.74037265],[-96.821836019,32.740569335],[-96.821084082,32.740984878],[-96.820179695,32.741486226],[-96.817659076,32.742749802],[-96.816130896,32.743540542],[-96.814998406,32.744145999],[-96.814239184,32.744545947],[-96.812495138,32.745490148],[-96.812322055,32.745616443],[-96.811820504,32.746028463],[-96.811469753,32.746347573],[-96.811216433,32.746598232],[-96.811046788,32.74678237],[-96.810754496,32.747129435],[-96.810479397,32.747507349],[-96.810249001,32.747877549],[-96.810027776,32.748297878],[-96.809831768,32.748730738],[-96.809677025,32.749186732],[-96.809609397,32.749438348],[-96.809517697,32.74981818],[-96.809475286,32.750069794],[-96.809450069,32.750295378],[-96.809412242,32.750958631],[-96.809432875,32.752604209],[-96.809454489,32.754225333],[-96.809473975,32.754571405],[-96.809512947,32.754996522],[-96.809554212,32.755288609],[-96.809652789,32.755775417],[-96.809804093,32.75652635],[-96.809839627,32.756830963],[-96.809844212,32.756971701],[-96.809844212,32.757243538],[-96.809800654,32.757590562],[-96.809723856,32.757931802],[-96.809659666,32.758149654],[-96.809553066,32.758455226],[-96.809410931,32.75875212],[-96.809260773,32.759037447],[-96.809089983,32.759266864],[-96.808785081,32.759688103],[-96.807692709,32.761187969],[-96.806203771,32.763250137],[-96.805111102,32.764756348],[-96.804904778,32.765065752],[-96.804808493,32.765231538],[-96.804642964,32.765543263],[-96.804496245,32.765892183],[-96.804350672,32.766342307],[-96.804288774,32.766599657],[-96.804246363,32.766828091],[-96.804236047,32.767047849],[-96.804237193,32.767237728],[-96.804271581,32.767463269],[-96.804311699,32.767639653],[-96.80440913,32.767889288],[-96.804508853,32.768104225],[-96.804613162,32.768271933],[-96.804714031,32.768401088],[-96.804845849,32.768548555],[-96.8049440983582,32.7686463434471]]},"properties":{"AADT_CUR":200996,"RTE_NM":"IH0035E-UG","RTE_PRFX":"IH","RTE_NBR":"35","SYSTEM":"On"}},{"type":"Feature","geometry":{"type":"LineString","coordinates":[[-96.8228756224668,32.766985467898],[-96.82279479,32.7669853000164],[-96.82138914,32.7669855700164],[-96.82057367,32.7670061800164]]},"properties":{"AADT_CUR":292,"RTE_NM":"1063388","RTE_PRFX":"CS","RTE_NBR":"1063388","SYSTEM":"Off"}},{"type":"Feature","geometry":{"type":"LineString","coordinates":[[-96.743577,32.81476518],[-96.74256408,32.8145818],[-96.74039664,32.8142144],[-96.739022,32.81396676],[-96.73790702,32.81375991],[-96.73606483,32.81340941],[-96.73516166,32.81327427]]},"properties":{"AADT_CUR":292,"RTE_NM":"1059259","RTE_PRFX":"CS","RTE_NBR":"1059259","SYSTEM":"Off"}},{"type":"Feature","geometry":{"type":"LineString","coordinates":[[-96.83085368,32.79288976],[-96.83075839,32.79280874],[-96.82968639,32.79226653],[-96.82948967,32.79217041],[-96.82916987,32.79199843],[-96.8283231,32.7915527],[-96.82805635,32.79141578],[-96.82650327,32.79058392],[-96.82602296,32.79033828],[-96.82574399,32.79015996],[-96.82538878,32.78992562],[-96.82506872,32.78968215],[-96.82473563,32.78943986],[-96.82437418,32.78914773],[-96.82381715,32.78870035],[-96.82374122,32.78862785],[-96.82331926,32.78822355],[-96.82293616,32.78782939],[-96.82253232,32.78737034],[-96.82237677,32.78720606],[-96.82219204,32.78694927],[-96.82180786,32.786441],[-96.82147572,32.78597743],[-96.82116399,32.78555261],[-96.82074514,32.78498613],[-96.82042501,32.78461894]]},"properties":{"AADT_CUR":292,"RTE_NM":"1060111","RTE_PRFX":"CS","RTE_NBR":"1060111","SYSTEM":"Off"}},{"type":"Feature","geometry":{"type":"LineString","coordinates":[[-96.8184550158601,32.8109397764808],[-96.81885143,32.8112854400166],[-96.81934194,32.8116896200166],[-96.82020804,32.8124119600166],[-96.82097579,32.8130422400167]]},"properties":{"AADT_CUR":292,"RTE_NM":"1058697","RTE_PRFX":"CS","RTE_NBR":"1058697","SYSTEM":"Off"}},{"type":"Feature","geometry":{"type":"LineString","coordinates":[[-96.81825891,32.72509109],[-96.81831204,32.72524851],[-96.81837323,32.72536618],[-96.81847085,32.72553518],[-96.81854021,32.7256076],[-96.81865112,32.72567646],[-96.81926329,32.72606686],[-96.8193247,32.72612955],[-96.81935736,32.72620835],[-96.81938163,32.72634337],[-96.81941483,32.72682354],[-96.8194466,32.72699167],[-96.81950227,32.72710101],[-96.81956323,32.72718843],[-96.81974916,32.72750296],[-96.81978083,32.72754737],[-96.81979625,32.72763555],[-96.81979723,32.72771255],[-96.81978125,32.72782642],[-96.81973978,32.72791245],[-96.81964569,32.72802939],[-96.81947179,32.7281126],[-96.81920075,32.72812509],[-96.81918302,32.72931934]]},"properties":{"AADT_CUR":292,"RTE_NM":"1060105","RTE_PRFX":"CS","RTE_NBR":"1060105","SYSTEM":"Off"}},{"type":"Feature","geometry":{"type":"LineString","coordinates":[[-96.7824435679399,32.7724922978408],[-96.78243526,32.7724974500165],[-96.7823727495514,32.7725342399879]]},"properties":{"AADT_CUR":292,"RTE_NM":"1064668","RTE_PRFX":"CS","RTE_NBR":"1064668","SYSTEM":"Off"}},{"type":"Feature","geometry":{"type":"LineString","coordinates":[[-96.80972458,32.74326369],[-96.80974686,32.74410109],[-96.80975281,32.74477056],[-96.80978122,32.74675125]]},"properties":{"AADT_CUR":292,"RTE_NM":"1064395","RTE_PRFX":"CS","RTE_NBR":"1064395","SYSTEM":"Off"}},{"type":"Feature","geometry":{"type":"LineString","coordinates":[[-96.79982195,32.74368257],[-96.79980584,32.74375932],[-96.79981319,32.74421997],[-96.79980837,32.74459967],[-96.79980951,32.74496376]]},"properties":{"AADT_CUR":292,"RTE_NM":"1058068","RTE_PRFX":"CS","RTE_NBR":"1058068","SYSTEM":"Off"}},{"type":"Feature","geometry":{"type":"LineString","coordinates":[[-96.797311828765,32.7818382648856],[-96.79731217,32.781839460033],[-96.7975588128759,32.7825758100446],[-96.79757817,32.782633600033],[-96.7977122125943,32.7827251674531]]},"properties":{"AADT_CUR":13800,"RTE_NM":"268100","RTE_PRFX":"CS","RTE_NBR":"268100","SYSTEM":"Off"}},{"type":"Feature","geometry":{"type":"LineString","coordinates":[[-96.7858159883838,32.7680048257636],[-96.785828315,32.768014843]]},"properties":{"AADT_CUR":292,"RTE_NM":"1061411","RTE_PRFX":"CS","RTE_NBR":"1061411","SYSTEM":"Off"}},{"type":"Feature","geometry":{"type":"LineString","coordinates":[[-96.787901626,32.777305315],[-96.788007839,32.77695228],[-96.788075441,32.776679536],[-96.788095743,32.776582683],[-96.788106087,32.776500265],[-96.788108022,32.776436656],[-96.788097137,32.776344683],[-96.78807832,32.77626181],[-96.78804506,32.77617338],[-96.787998482,32.776084557],[-96.787913971,32.775978275],[-96.787817652,32.775882033],[-96.78771121,32.77580866],[-96.7876080860177,32.7757575312747]]},"properties":{"AADT_CUR":1067,"RTE_NM":"12134","RTE_PRFX":"IH","RTE_NBR":"30","SYSTEM":"On"}},{"type":"Feature","geometry":{"type":"LineString","coordinates":[[-96.795955304334,32.7736046939883],[-96.795390076,32.773737822],[-96.79488582,32.773878775],[-96.794371505,32.774018036],[-96.793396521,32.774289228],[-96.792544918,32.774529409],[-96.792226405,32.774625257],[-96.791939408,32.774727306],[-96.791035502,32.774983272],[-96.79037836,32.775171583],[-96.789427515,32.775434878],[-96.788913201,32.775576955],[-96.78865282,32.77564243]]},"properties":{"AADT_CUR":52181,"RTE_NM":"IH0030-XG","RTE_PRFX":"IH","RTE_NBR":"30","SYSTEM":"On"}},{"type":"Feature","geometry":{"type":"LineString","coordinates":[[-96.8348015872047,32.8099551653409],[-96.83479978,32.8099537700166],[-96.83308075,32.8084798100166],[-96.8323651,32.8078767400166],[-96.8323408651897,32.8078561155784],[-96.83151208,32.8071507900166],[-96.83069454,32.8065701800166],[-96.83022016,32.8063348400166],[-96.8300711846075,32.8062680273761]]},"properties":{"AADT_CUR":26270,"RTE_NM":"263283","RTE_PRFX":"CS","RTE_NBR":"263283","SYSTEM":"Off"}},{"type":"Feature","geometry":{"type":"LineString","coordinates":[[-96.837605315,32.736947094],[-96.83611717,32.73693125]]},"properties":{"AADT_CUR":292,"RTE_NM":"1059838","RTE_PRFX":"CS","RTE_NBR":"1059838","SYSTEM":"Off"}},{"type":"Feature","geometry":{"type":"LineString","coordinates":[[-96.8266806721301,32.8054080331594],[-96.82667877,32.8054625800166],[-96.82627138,32.8058107100166],[-96.82544725,32.8064855000166],[-96.825233,32.8066709100166],[-96.82439902,32.8073936800166],[-96.82330514,32.8083466300166],[-96.82278688,32.8088124800166],[-96.82113163,32.8102265400166],[-96.82010078,32.8110703300166],[-96.81934194,32.8116896200166],[-96.81838084,32.8125013500166],[-96.81833896,32.8125640300166]]},"properties":{"AADT_CUR":292,"RTE_NM":"1061422","RTE_PRFX":"CS","RTE_NBR":"1061422","SYSTEM":"Off"}},{"type":"Feature","geometry":{"type":"LineString","coordinates":[[-96.75144015,32.8055125000332],[-96.75107593,32.8052049800332],[-96.7499995999904,32.8042798800246],[-96.74925741,32.8036206500332],[-96.74919801,32.8035785800332],[-96.7491558099907,32.8035312400253],[-96.74825386,32.8027625300332],[-96.7475700099901,32.8021577200247],[-96.74605926,32.8008594700332],[-96.74577681,32.8006163000331],[-96.7454428,32.8003463100332],[-96.7444908999907,32.7995136400247],[-96.7427641,32.7979525100332],[-96.7427617272475,32.7979506073646]]},"properties":{"AADT_CUR":3448,"RTE_NM":"1064403","RTE_PRFX":"CS","RTE_NBR":"1064403","SYSTEM":"Off"}},{"type":"Feature","geometry":{"type":"LineString","coordinates":[[-96.75641667,32.77126658],[-96.75615674,32.771454],[-96.75587395,32.77168647],[-96.75557571,32.77195994],[-96.75530025,32.77223374],[-96.75466957,32.77278158],[-96.75416889,32.77325565],[-96.75281612,32.77449024],[-96.75273976,32.77456752],[-96.7521029,32.77517987],[-96.7519696,32.77529758],[-96.75177426,32.77546803],[-96.75129332,32.77592862],[-96.750833,32.77635887],[-96.75057003,32.77659774],[-96.75014375,32.77699521],[-96.74980342,32.77730181]]},"properties":{"AADT_CUR":292,"RTE_NM":"1058904","RTE_PRFX":"CS","RTE_NBR":"1058904","SYSTEM":"Off"}},{"type":"Feature","geometry":{"type":"LineString","coordinates":[[-96.83778508,32.77215008],[-96.83694894,32.77214302],[-96.83618907,32.7721466],[-96.83613125,32.77214995],[-96.83606201,32.77215452],[-96.83542513,32.77215013],[-96.83458316,32.77214984]]},"properties":{"AADT_CUR":292,"RTE_NM":"1063746","RTE_PRFX":"CS","RTE_NBR":"1063746","SYSTEM":"Off"}},{"type":"Feature","geometry":{"type":"LineString","coordinates":[[-96.86082362,32.7768846800164],[-96.86001927,32.7768713300164],[-96.85918309,32.7768644300165],[-96.85834609,32.7768574900164],[-96.85751717,32.7768534200165],[-96.85682246,32.7768505100165],[-96.85680952,32.7771167200165],[-96.85680009,32.7771457200165],[-96.85678231,32.7771720700165],[-96.85675732,32.7771938500164],[-96.85672671,32.7772097000165],[-96.8565438591588,32.7772563422187]]},"properties":{"AADT_CUR":292,"RTE_NM":"1057781","RTE_PRFX":"CS","RTE_NBR":"1057781","SYSTEM":"Off"}},{"type":"Feature","geometry":{"type":"LineString","coordinates":[[-96.80010587,32.79629726],[-96.79953728,32.79671148],[-96.79927571,32.79690033]]},"properties":{"AADT_CUR":292,"RTE_NM":"1059440","RTE_PRFX":"CS","RTE_NBR":"1059440","SYSTEM":"Off"}},{"type":"Feature","geometry":{"type":"LineString","coordinates":[[-96.83756752,32.73259316],[-96.83753158,32.73254643],[-96.83747344,32.73246049],[-96.8374267,32.73237855],[-96.83741162,32.73236218],[-96.83732244,32.73225842],[-96.8372404,32.73215052],[-96.83716579,32.73203884],[-96.83709884,32.73192375],[-96.83703978,32.7318056],[-96.83698879,32.73168481],[-96.83694604,32.73156174],[-96.83691168,32.73143683],[-96.83688581,32.73131045],[-96.83686852,32.73118303],[-96.83686635,32.73116035],[-96.83684924,32.73093227],[-96.83681869,32.73044125],[-96.83679673,32.72994991],[-96.83678333,32.72945834],[-96.83677851,32.72896666],[-96.83678228,32.72847497],[-96.83678322,32.72842047],[-96.83679156,32.72407136],[-96.8367636849854,32.7204154597508]]},"properties":{"AADT_CUR":10786,"RTE_NM":"263786","RTE_PRFX":"CS","RTE_NBR":"263786","SYSTEM":"Off"}},{"type":"Feature","geometry":{"type":"LineString","coordinates":[[-96.73923113,32.81819236],[-96.7382666,32.81811136],[-96.73735309,32.81808467],[-96.73640969,32.81804656],[-96.73583317,32.81797791],[-96.73532904,32.81787041],[-96.73472004,32.81771606],[-96.73453622,32.81762823],[-96.73427164,32.81738531],[-96.7341684,32.81733848],[-96.73395076,32.81727216],[-96.73360701,32.81724529],[-96.73335076,32.81719767],[-96.73311795,32.81711738],[-96.7329024,32.8170291],[-96.7326137,32.81689442],[-96.73247829,32.81678665],[-96.73218775,32.8165406]]},"properties":{"AADT_CUR":292,"RTE_NM":"1063542","RTE_PRFX":"CS","RTE_NBR":"1063542","SYSTEM":"Off"}},{"type":"Feature","geometry":{"type":"LineString","coordinates":[[-96.73879717,32.78505011],[-96.73876406,32.78641837],[-96.73873826,32.78734857]]},"properties":{"AADT_CUR":292,"RTE_NM":"1065364","RTE_PRFX":"CS","RTE_NBR":"1065364","SYSTEM":"Off"}},{"type":"Feature","geometry":{"type":"LineString","coordinates":[[-96.8568752882515,32.7476653904058],[-96.85687547,32.74765973],[-96.8568507,32.74704622],[-96.85682205,32.74672036],[-96.85680319,32.74610304],[-96.85680735,32.74471605]]},"properties":{"AADT_CUR":28413,"RTE_NM":"263272","RTE_PRFX":"CS","RTE_NBR":"263272","SYSTEM":"Off"}},{"type":"Feature","geometry":{"type":"LineString","coordinates":[[-96.7851739602245,32.7246749292966],[-96.7851718,32.7246760400162],[-96.78488738,32.7247944500162],[-96.78469127,32.7248453500162],[-96.78446492,32.7248614700162],[-96.78422682,32.7248554300162],[-96.78403474,32.7248225400162],[-96.78374259,32.7247525300162],[-96.78307092,32.7245879200162],[-96.78300912,32.7245884500162],[-96.78298269,32.7246100700162],[-96.78293521,32.7246685200162]]},"properties":{"AADT_CUR":292,"RTE_NM":"1065681","RTE_PRFX":"CS","RTE_NBR":"1065681","SYSTEM":"Off"}},{"type":"Feature","geometry":{"type":"LineString","coordinates":[[-96.7588097621544,32.7909480647565],[-96.758700935,32.790959154],[-96.758253005,32.790987339],[-96.756819362,32.791049346],[-96.755755215,32.791094398],[-96.754337666,32.791157533],[-96.752759813,32.791230811],[-96.751917598,32.791266888],[-96.750970777,32.791310857],[-96.750259989,32.791342423],[-96.7500095894325,32.7913530150547]]},"properties":{"AADT_CUR":187533,"RTE_NM":"IH0030-LG","RTE_PRFX":"IH","RTE_NBR":"30","SYSTEM":"On"}},{"type":"Feature","geometry":{"type":"LineString","coordinates":[[-96.75020459,32.8168681900166],[-96.75010931,32.8174070300166],[-96.74993204,32.8183474800166],[-96.74977977,32.8190106200167],[-96.74971319,32.8192502400166],[-96.74964226,32.8194210600167],[-96.7495412599866,32.8196313300365],[-96.74937607,32.8198764100167],[-96.74909328,32.8202243200167],[-96.7487612,32.8205536600167],[-96.74858821,32.8207395400166],[-96.74848685,32.8208852000167],[-96.74844623,32.8210055700167]]},"properties":{"AADT_CUR":292,"RTE_NM":"1058822","RTE_PRFX":"CS","RTE_NBR":"1058822","SYSTEM":"Off"}},{"type":"Feature","geometry":{"type":"LineString","coordinates":[[-96.83613067,32.7297027],[-96.83572181,32.72973848],[-96.83563936,32.72975662],[-96.83540702,32.72983186],[-96.83523722,32.72991067],[-96.83484609,32.73004289],[-96.83438877,32.7302347],[-96.83379768,32.73044946],[-96.83354981,32.73052859],[-96.83333706,32.73055736],[-96.83312582,32.73054765],[-96.83285718,32.73056467],[-96.83166899,32.73087999],[-96.83155874,32.73090462],[-96.8313388,32.73092642],[-96.83103978,32.73091552],[-96.83055994,32.73087747],[-96.83003464,32.73079207],[-96.82898386,32.73054563],[-96.82817495,32.73045229]]},"properties":{"AADT_CUR":292,"RTE_NM":"1062563","RTE_PRFX":"CS","RTE_NBR":"1062563","SYSTEM":"Off"}},{"type":"Feature","geometry":{"type":"LineString","coordinates":[[-96.75960303,32.7544302900163],[-96.75858383,32.7553053600164],[-96.75682817,32.7568188800164],[-96.75645331,32.7571449000164],[-96.75584501,32.7576367100164],[-96.7553766025905,32.7580469480596]]},"properties":{"AADT_CUR":292,"RTE_NM":"1058923","RTE_PRFX":"CS","RTE_NBR":"1058923","SYSTEM":"Off"}},{"type":"Feature","geometry":{"type":"LineString","coordinates":[[-96.80670392,32.74174493],[-96.80549367,32.74175455]]},"properties":{"AADT_CUR":292,"RTE_NM":"1060720","RTE_PRFX":"CS","RTE_NBR":"1060720","SYSTEM":"Off"}},{"type":"Feature","geometry":{"type":"LineString","coordinates":[[-96.75559117,32.8090003000166],[-96.7563387,32.8096417000166],[-96.7570911458345,32.810281995923]]},"properties":{"AADT_CUR":292,"RTE_NM":"1063026","RTE_PRFX":"CS","RTE_NBR":"1063026","SYSTEM":"Off"}},{"type":"Feature","geometry":{"type":"LineString","coordinates":[[-96.7945172356074,32.7943917567793],[-96.794030217,32.794652154],[-96.793293447,32.79510023],[-96.793139249,32.795232646],[-96.792983059,32.795418333],[-96.792909624,32.795577489],[-96.792883185,32.79577326],[-96.792856671,32.796110842],[-96.79286581,32.796852808],[-96.79285914,32.79797528]]},"properties":{"AADT_CUR":150726,"RTE_NM":"SS0366-RG","RTE_PRFX":"SS","RTE_NBR":"366","SYSTEM":"On"}},{"type":"Feature","geometry":{"type":"LineString","coordinates":[[-96.8070704109709,32.7918353181754],[-96.80705044,32.7918186600165],[-96.80626803,32.7911094600165],[-96.8059158894815,32.7907985193564],[-96.80580273,32.7906544600165],[-96.8056503835776,32.7902102328419],[-96.80553979,32.7898877500165]]},"properties":{"AADT_CUR":14927,"RTE_NM":"263283","RTE_PRFX":"CS","RTE_NBR":"263283","SYSTEM":"Off"}},{"type":"Feature","geometry":{"type":"LineString","coordinates":[[-96.8064392018779,32.7882323315786],[-96.8064400420667,32.7882376925333],[-96.80645499,32.788333070033]]},"properties":{"AADT_CUR":19178,"RTE_NM":"263185","RTE_PRFX":"CS","RTE_NBR":"263185","SYSTEM":"Off"}},{"type":"Feature","geometry":{"type":"LineString","coordinates":[[-96.7749455779073,32.7856838365241],[-96.7749314216878,32.7856667496708],[-96.77457411,32.785283630033],[-96.7741161413764,32.7848670518887],[-96.7738300899905,32.7845969000244],[-96.77363916,32.784425930033],[-96.77327733,32.784173570033],[-96.77302962,32.784023390033],[-96.7728233119058,32.7839305696792]]},"properties":{"AADT_CUR":6081,"RTE_NM":"263187","RTE_PRFX":"CS","RTE_NBR":"263187","SYSTEM":"Off"}},{"type":"Feature","geometry":{"type":"LineString","coordinates":[[-96.76691404,32.79450997],[-96.76629005,32.79400368],[-96.76569205,32.79347849]]},"properties":{"AADT_CUR":292,"RTE_NM":"1063001","RTE_PRFX":"CS","RTE_NBR":"1063001","SYSTEM":"Off"}},{"type":"Feature","geometry":{"type":"LineString","coordinates":[[-96.8049440983582,32.7686463434471],[-96.804958181,32.76866036],[-96.805153043,32.768824211],[-96.805321541,32.768937944],[-96.805511818,32.769053603],[-96.805710118,32.769152878],[-96.805896956,32.769236731],[-96.806128498,32.769321548],[-96.806794466,32.769555758],[-96.807657589,32.769933577],[-96.808425573,32.770324887],[-96.809135099,32.770731617],[-96.809519091,32.770947511],[-96.809736878,32.771091118],[-96.809990198,32.771290627],[-96.810258419,32.771552782],[-96.810350119,32.771653981],[-96.810494545,32.77182361],[-96.810656166,32.772078053],[-96.810741481,32.772213081],[-96.810837766,32.772393311],[-96.810944367,32.772643897],[-96.811029189,32.772956165],[-96.811065869,32.773180728],[-96.811156422,32.7739026],[-96.811354255,32.774919904]]},"properties":{"AADT_CUR":125909,"RTE_NM":"IH0035E-UG","RTE_PRFX":"IH","RTE_NBR":"35","SYSTEM":"On"}},{"type":"Feature","geometry":{"type":"LineString","coordinates":[[-96.8128322747752,32.7706857873616],[-96.8128250249896,32.7706865762029],[-96.812614433,32.7706819110164],[-96.81238923,32.7707080000164],[-96.812101066,32.7707781530164],[-96.811871645,32.7708492510164],[-96.8118084842765,32.7708769674736],[-96.8117345852068,32.7709093961172],[-96.811604788,32.7709663540164],[-96.8114117807169,32.7710659510487],[-96.8113446,32.7711006180164],[-96.811301439793,32.7711328045634],[-96.8112592083897,32.771164298423],[-96.81115203,32.7712442260164],[-96.8111282678642,32.7712627857417],[-96.8111192970352,32.7712697925213],[-96.8109525973291,32.7713999951291],[-96.810910173,32.7714331310164],[-96.8107804403826,32.7715584212908],[-96.810709579,32.7716268560164],[-96.8106054162662,32.7717746534264],[-96.8105812,32.7718090140164],[-96.8105339050252,32.7718855753991],[-96.810458552,32.7720075570164],[-96.810385192,32.7721704390165],[-96.8103761988712,32.7721933129714],[-96.810339342,32.7722870580165],[-96.810273764798,32.772490333078],[-96.810262544,32.7725251150164],[-96.810235034,32.7726629380164],[-96.8102263728482,32.7727465138966],[-96.810210963,32.7728952110165],[-96.810201793,32.7730176120164],[-96.810221279,32.7732267540164],[-96.810334757,32.7738050230165],[-96.8106004315875,32.7750843134881],[-96.81064539,32.7753007960164],[-96.8106692073046,32.7754176590261],[-96.810729065,32.7757113580164],[-96.810944288,32.7767393920165],[-96.8109552480937,32.7768134735436],[-96.810973457,32.7769365510165],[-96.811015233,32.7772189100165],[-96.811067651296,32.777522341402],[-96.8110944478936,32.7776774568456],[-96.811180233,32.7781740310165],[-96.8111924497599,32.7782307337685],[-96.8112089231932,32.7783071932893],[-96.811336318,32.7788984770165],[-96.811380718,32.7791776920164],[-96.811409766,32.7794202290165],[-96.81143111,32.7798508000164],[-96.81143196,32.7802406700164],[-96.81140784,32.7808737000165],[-96.81139032,32.7810954300165],[-96.81136191,32.7812676200165],[-96.81131677,32.7814169300165],[-96.8112877176549,32.7814838652506],[-96.81121876,32.7816427400165],[-96.81114338,32.7817558600165],[-96.8111198082534,32.7817824083746],[-96.81103671,32.7818760000165],[-96.81088129,32.7820105100165],[-96.81076156,32.7820992200165],[-96.81062735,32.7821789200165],[-96.810391773,32.7822715210165],[-96.810012935,32.7823930090165],[-96.80952235,32.7826400680165]]},"properties":{"AADT_CUR":21067,"RTE_NM":"1599252580","RTE_PRFX":"IH","RTE_NBR":"30","SYSTEM":"On"}},{"type":"Feature","geometry":{"type":"LineString","coordinates":[[-96.753731,32.74387243],[-96.75371738,32.74402756],[-96.75373535,32.74410616],[-96.75377012,32.74415752],[-96.75381877,32.7442063],[-96.75409575,32.74443013],[-96.75465788,32.74487651],[-96.75520378,32.74536252]]},"properties":{"AADT_CUR":292,"RTE_NM":"1066008","RTE_PRFX":"CS","RTE_NBR":"1066008","SYSTEM":"Off"}},{"type":"Feature","geometry":{"type":"LineString","coordinates":[[-96.82881893,32.79646097],[-96.82851769,32.79785207]]},"properties":{"AADT_CUR":292,"RTE_NM":"1063439","RTE_PRFX":"CS","RTE_NBR":"1063439","SYSTEM":"Off"}},{"type":"Feature","geometry":{"type":"LineString","coordinates":[[-96.8328633,32.81835933],[-96.83200212,32.8176402],[-96.83093398,32.81673907],[-96.82987193,32.81583283],[-96.82934454,32.81537894],[-96.82927959,32.81532496],[-96.82919815,32.81526681],[-96.82911136,32.81521447],[-96.82901982,32.81516826],[-96.82892411,32.81512852],[-96.82882489,32.8150955],[-96.82872282,32.81506941],[-96.82861856,32.81505044],[-96.8284488,32.81501281],[-96.8282958,32.81498536],[-96.82814123,32.81496512],[-96.82798557,32.81495218],[-96.8278293,32.81494656],[-96.82767289,32.81494828],[-96.82757896,32.81495285],[-96.82752948,32.81495286],[-96.82739946,32.81494789],[-96.82727011,32.81493569],[-96.827142,32.81491629],[-96.8270157,32.81488977],[-96.82689173,32.81485626],[-96.82677067,32.81481592],[-96.82665303,32.8147689],[-96.82653933,32.81471542],[-96.82643005,32.81465571],[-96.82632569,32.81459004],[-96.8262267,32.81451868],[-96.82613351,32.81444195],[-96.82605762,32.81437123],[-96.82597031,32.81429917],[-96.82499452,32.81348832],[-96.82402479,32.81267233],[-96.82306112,32.81185123],[-96.82222553,32.81113085],[-96.82196492,32.81092017],[-96.82119738,32.81029293],[-96.82043583,32.80966051],[-96.8202304803586,32.8094872154027]]},"properties":{"AADT_CUR":18092,"RTE_NM":"263458","RTE_PRFX":"CS","RTE_NBR":"263458","SYSTEM":"Off"}},{"type":"Feature","geometry":{"type":"LineString","coordinates":[[-96.8401811,32.7711786800164],[-96.8401470357919,32.7728696843559]]},"properties":{"AADT_CUR":767,"RTE_NM":"1063109","RTE_PRFX":"CS","RTE_NBR":"1063109","SYSTEM":"Off"}},{"type":"Feature","geometry":{"type":"LineString","coordinates":[[-96.80361238,32.82598786],[-96.80328998,32.82608644],[-96.80317295,32.82611092],[-96.8029663,32.8261099],[-96.80276949,32.82607213],[-96.80241789,32.82602092]]},"properties":{"AADT_CUR":292,"RTE_NM":"1117310","RTE_PRFX":"CS","RTE_NBR":"1117310","SYSTEM":"Off"}},{"type":"Feature","geometry":{"type":"LineString","coordinates":[[-96.7573507084087,32.7721551983978],[-96.75735261,32.7721566800164],[-96.75752534,32.7722774600164],[-96.75775152,32.7724438000164],[-96.75797199,32.7726155400164],[-96.75818656,32.7727925300164],[-96.75839506,32.7729746200165],[-96.75854024,32.7731077800165],[-96.75876016,32.7732978100164],[-96.75909614,32.7735795100165],[-96.7594381,32.7738560100164],[-96.7596342754593,32.7740101513518],[-96.76042033,32.7747714300165],[-96.76123826,32.7754605300164],[-96.76202571,32.7761272000164],[-96.76267325,32.7766695800164],[-96.76387207,32.7777268600164],[-96.76438279,32.7782357100165]]},"properties":{"AADT_CUR":292,"RTE_NM":"1064347","RTE_PRFX":"CS","RTE_NBR":"1064347","SYSTEM":"Off"}},{"type":"Feature","geometry":{"type":"LineString","coordinates":[[-96.76256773,32.7971008400165],[-96.7621000599896,32.7974214600258],[-96.76170833,32.7977706200165]]},"properties":{"AADT_CUR":292,"RTE_NM":"1059394","RTE_PRFX":"CS","RTE_NBR":"1059394","SYSTEM":"Off"}},{"type":"Feature","geometry":{"type":"LineString","coordinates":[[-96.81352412,32.72951621],[-96.81353288,32.7304249],[-96.81354498,32.73132952],[-96.81353667,32.73223798],[-96.81354205,32.73251159],[-96.81354189,32.73316175],[-96.81351312,32.73437645]]},"properties":{"AADT_CUR":292,"RTE_NM":"1062526","RTE_PRFX":"CS","RTE_NBR":"1062526","SYSTEM":"Off"}},{"type":"Feature","geometry":{"type":"LineString","coordinates":[[-96.79093067,32.7816413500165],[-96.790822353,32.7814688780165],[-96.790399403,32.7809145970164],[-96.789797622,32.7802219190165],[-96.78926426,32.7796079800165],[-96.78843006,32.7786421200164],[-96.788411991049,32.7786201218082],[-96.788166376515,32.7783210948606],[-96.788077391,32.7782137550165],[-96.787986659,32.7781094570165],[-96.787909339,32.7780288380165],[-96.787796099,32.7779048440165],[-96.787676155,32.7777458950164],[-96.787574647,32.7775893320164],[-96.787473811,32.7774254400164],[-96.787408093,32.7773264360165],[-96.787279291,32.7771323950165],[-96.787111865,32.7768961890165],[-96.786999469,32.7767359840165],[-96.786925965,32.7766310310164],[-96.786818024,32.7764380400165],[-96.786726502,32.7762614850165],[-96.786629616,32.7760984610165],[-96.786543265,32.7759783980164],[-96.7865273900825,32.7759587519992],[-96.786432216,32.7758409690164],[-96.786395223,32.7757951890164],[-96.786234235,32.7756448280164],[-96.7861897711754,32.77560982206],[-96.7861701775971,32.7755943962043],[-96.786121555,32.7755561160165],[-96.7861058762947,32.7755449905634]]},"properties":{"AADT_CUR":15129,"RTE_NM":"263030","RTE_PRFX":"CS","RTE_NBR":"263030","SYSTEM":"Off"}},{"type":"Feature","geometry":{"type":"LineString","coordinates":[[-96.7956147117384,32.7755433049815],[-96.79581241,32.7761467500165],[-96.7960738903566,32.7768999411317]]},"properties":{"AADT_CUR":292,"RTE_NM":"1058695","RTE_PRFX":"CS","RTE_NBR":"1058695","SYSTEM":"Off"}},{"type":"Feature","geometry":{"type":"LineString","coordinates":[[-96.79780812,32.73618844],[-96.79778423,32.73607678],[-96.79773982,32.73601843],[-96.79734831,32.73578353],[-96.79694427,32.73552371],[-96.79680492,32.73541182]]},"properties":{"AADT_CUR":292,"RTE_NM":"1063037","RTE_PRFX":"CS","RTE_NBR":"1063037","SYSTEM":"Off"}},{"type":"Feature","geometry":{"type":"LineString","coordinates":[[-96.75047989,32.80877043],[-96.74952666,32.80795703],[-96.74814231,32.80680353],[-96.74784915,32.80652449]]},"properties":{"AADT_CUR":2704,"RTE_NM":"1063557","RTE_PRFX":"CS","RTE_NBR":"1063557","SYSTEM":"Off"}},{"type":"Feature","geometry":{"type":"LineString","coordinates":[[-96.83904107,32.75507033],[-96.83829032,32.75507267],[-96.83754963,32.75505865],[-96.83738123,32.75506051],[-96.83681272,32.75505978],[-96.83547371,32.75507348]]},"properties":{"AADT_CUR":292,"RTE_NM":"1065071","RTE_PRFX":"CS","RTE_NBR":"1065071","SYSTEM":"Off"}},{"type":"Feature","geometry":{"type":"LineString","coordinates":[[-96.8439289,32.75731144],[-96.84320367,32.75729627],[-96.84271062,32.75730483],[-96.84146301,32.75730056],[-96.84021936,32.75730182]]},"properties":{"AADT_CUR":292,"RTE_NM":"1065323","RTE_PRFX":"CS","RTE_NBR":"1065323","SYSTEM":"Off"}},{"type":"Feature","geometry":{"type":"LineString","coordinates":[[-96.8502456605875,32.7462772682762],[-96.85024215,32.7462849800163],[-96.85023237,32.7477308700163],[-96.85021918,32.7482653900163],[-96.85021894,32.7486282600163]]},"properties":{"AADT_CUR":292,"RTE_NM":"1062991","RTE_PRFX":"CS","RTE_NBR":"1062991","SYSTEM":"Off"}},{"type":"Feature","geometry":{"type":"LineString","coordinates":[[-96.8020859255094,32.7952463769064],[-96.80187985,32.7951036500165],[-96.80124993,32.7945562200165],[-96.80041112,32.7938286300165],[-96.7996641522103,32.7931804179361],[-96.79945209,32.7930045300165],[-96.79869276,32.7923510000165]]},"properties":{"AADT_CUR":2604,"RTE_NM":"1060425","RTE_PRFX":"CS","RTE_NBR":"1060425","SYSTEM":"Off"}},{"type":"Feature","geometry":{"type":"LineString","coordinates":[[-96.7885425264232,32.7657448865471],[-96.7886191361644,32.7658034652462]]},"properties":{"AADT_CUR":292,"RTE_NM":"1063533","RTE_PRFX":"CS","RTE_NBR":"1063533","SYSTEM":"Off"}},{"type":"Feature","geometry":{"type":"LineString","coordinates":[[-96.8228870929387,32.7748992979516],[-96.81796024,32.77595248],[-96.81334032,32.77684682],[-96.81256494,32.77700966],[-96.81198153,32.77718674],[-96.81173118,32.77727259],[-96.81164938,32.77731465],[-96.81150315,32.77739644],[-96.81136184,32.77748419],[-96.8112258,32.77757768],[-96.81109535,32.77767671],[-96.81099984,32.77775578],[-96.81098627,32.7777722],[-96.81091034,32.77785654],[-96.8108277,32.77793625],[-96.81073875,32.77801096],[-96.81064391,32.7780803],[-96.81054363,32.77814395],[-96.81043839,32.7782016],[-96.81032869,32.77825298],[-96.81021506,32.77829785],[-96.8101022222043,32.7783346269083]]},"properties":{"AADT_CUR":15000,"RTE_NM":"263082","RTE_PRFX":"CS","RTE_NBR":"263082","SYSTEM":"Off"}},{"type":"Feature","geometry":{"type":"LineString","coordinates":[[-96.83208423,32.7810604900165],[-96.83213335,32.7813896500165],[-96.83189489,32.7833850400165],[-96.83180904,32.7839268300165],[-96.8317856764944,32.7840043678881]]},"properties":{"AADT_CUR":292,"RTE_NM":"1058182","RTE_PRFX":"CS","RTE_NBR":"1058182","SYSTEM":"Off"}},{"type":"Feature","geometry":{"type":"LineString","coordinates":[[-96.81349681,32.7719206000164],[-96.81343808,32.7718428300165],[-96.81340929,32.7718176900164],[-96.81331573,32.7718178000164],[-96.81248371,32.7721075400164],[-96.8124115430301,32.7721349049364]]},"properties":{"AADT_CUR":292,"RTE_NM":"1058324","RTE_PRFX":"CS","RTE_NBR":"1058324","SYSTEM":"Off"}},{"type":"Feature","geometry":{"type":"LineString","coordinates":[[-96.80249147,32.8216750400167],[-96.802366675782,32.8216733382013]]},"properties":{"AADT_CUR":292,"RTE_NM":"1117289","RTE_PRFX":"CS","RTE_NBR":"1117289","SYSTEM":"Off"}},{"type":"Feature","geometry":{"type":"LineString","coordinates":[[-96.7868992295108,32.7907175366404],[-96.7868751783748,32.7906968699544]]},"properties":{"AADT_CUR":292,"RTE_NM":"1063288","RTE_PRFX":"CS","RTE_NBR":"1063288","SYSTEM":"Off"}},{"type":"Feature","geometry":{"type":"LineString","coordinates":[[-96.7865783886069,32.7840704878149],[-96.7865926200036,32.7840676000323],[-96.7889188101213,32.7835781502964],[-96.7891065613653,32.7835386438417],[-96.7893015177055,32.7834976209757],[-96.7894896328532,32.7834580374628],[-96.7895964828235,32.7834366706986],[-96.7902257774433,32.7833108288247],[-96.7903390013245,32.7832881867581],[-96.7913175428618,32.7830924973206]]},"properties":{"AADT_CUR":4420,"RTE_NM":"263157","RTE_PRFX":"CS","RTE_NBR":"263157","SYSTEM":"Off"}},{"type":"Feature","geometry":{"type":"LineString","coordinates":[[-96.7923426,32.7981426400166],[-96.79199468,32.7984115200166],[-96.79173685,32.7986169100166],[-96.7914128866707,32.7988903514652]]},"properties":{"AADT_CUR":292,"RTE_NM":"1061923","RTE_PRFX":"CS","RTE_NBR":"1061923","SYSTEM":"Off"}},{"type":"Feature","geometry":{"type":"LineString","coordinates":[[-96.7930597798961,32.803450855999],[-96.79297459,32.80255262],[-96.79296065,32.80190761],[-96.79299824,32.80013965],[-96.79299034,32.79980177],[-96.79285914,32.79797528],[-96.79262688,32.79544029]]},"properties":{"AADT_CUR":211921,"RTE_NM":"US0075-LG","RTE_PRFX":"US","RTE_NBR":"75","SYSTEM":"On"}},{"type":"Feature","geometry":{"type":"LineString","coordinates":[[-96.74255503,32.7761366900164],[-96.74180019,32.7755143400165],[-96.74160663,32.7753466500165],[-96.7411762658278,32.775024828816]]},"properties":{"AADT_CUR":292,"RTE_NM":"1058939","RTE_PRFX":"CS","RTE_NBR":"1058939","SYSTEM":"Off"}},{"type":"Feature","geometry":{"type":"LineString","coordinates":[[-96.74750702,32.76880595],[-96.74690028,32.76826545],[-96.74621999,32.76770053]]},"properties":{"AADT_CUR":292,"RTE_NM":"1065217","RTE_PRFX":"CS","RTE_NBR":"1065217","SYSTEM":"Off"}},{"type":"Feature","geometry":{"type":"LineString","coordinates":[[-96.83393681,32.77429646],[-96.83332425,32.7744257],[-96.83272719,32.7745524],[-96.83160274,32.77477788],[-96.83150877,32.77479998],[-96.83139604,32.77482458],[-96.83129818,32.77483702],[-96.83121682,32.7748373],[-96.83109638,32.7748398],[-96.83061799,32.77492823],[-96.82940527,32.77517447],[-96.82925664,32.77520546],[-96.82677673,32.77573843],[-96.82614633,32.77586328],[-96.82509761,32.77608283],[-96.82395307,32.77633545]]},"properties":{"AADT_CUR":292,"RTE_NM":"1065863","RTE_PRFX":"CS","RTE_NBR":"1065863","SYSTEM":"Off"}},{"type":"Feature","geometry":{"type":"LineString","coordinates":[[-96.76171503,32.80033563],[-96.76027423,32.80143711],[-96.75973883,32.8018901]]},"properties":{"AADT_CUR":292,"RTE_NM":"1065737","RTE_PRFX":"CS","RTE_NBR":"1065737","SYSTEM":"Off"}},{"type":"Feature","geometry":{"type":"LineString","coordinates":[[-96.82291031,32.7537877700164],[-96.82174219,32.7537901700163],[-96.8201519,32.7537911100164],[-96.81907223,32.7537682600163],[-96.81828474,32.7537782400163],[-96.8175694,32.7537982900163],[-96.81662067,32.7537906400164],[-96.81565011,32.7537956700163],[-96.81414585,32.7537702800163],[-96.81268874,32.7537931200163],[-96.81092519,32.7538067100163],[-96.810796164134,32.7538145977181],[-96.81001344,32.7538115300163],[-96.8098494865314,32.7538231574307]]},"properties":{"AADT_CUR":558,"RTE_NM":"1060080","RTE_PRFX":"CS","RTE_NBR":"1060080","SYSTEM":"Off"}},{"type":"Feature","geometry":{"type":"LineString","coordinates":[[-96.78971307,32.7430655300163],[-96.78991574,32.7438160900163],[-96.79062773,32.7460334100163],[-96.7907130699454,32.746327169523]]},"properties":{"AADT_CUR":292,"RTE_NM":"1058077","RTE_PRFX":"CS","RTE_NBR":"1058077","SYSTEM":"Off"}},{"type":"Feature","geometry":{"type":"LineString","coordinates":[[-96.75222536,32.8117557600498],[-96.7516454,32.8112019100498],[-96.7515153,32.8111134900498],[-96.7514147299864,32.8110543400452],[-96.75130479,32.8110170500498],[-96.75111778,32.8109663200498],[-96.75036125,32.8107591700498],[-96.75016809,32.8107399700498],[-96.74992884,32.8107594800498],[-96.7497375742017,32.8108173360817]]},"properties":{"AADT_CUR":292,"RTE_NM":"1062028","RTE_PRFX":"CS","RTE_NBR":"1062028","SYSTEM":"Off"}},{"type":"Feature","geometry":{"type":"LineString","coordinates":[[-96.7993659139587,32.7458291909582],[-96.79908783,32.7458385800163],[-96.79871111,32.7458381400163],[-96.7984869374993,32.745817453062]]},"properties":{"AADT_CUR":292,"RTE_NM":"1058071","RTE_PRFX":"CS","RTE_NBR":"1058071","SYSTEM":"Off"}},{"type":"Feature","geometry":{"type":"LineString","coordinates":[[-96.8001568,32.80982072],[-96.7996073,32.81029568]]},"properties":{"AADT_CUR":292,"RTE_NM":"1065358","RTE_PRFX":"CS","RTE_NBR":"1065358","SYSTEM":"Off"}},{"type":"Feature","geometry":{"type":"LineString","coordinates":[[-96.7395460243471,32.7739249450883],[-96.73875323,32.7746362400164],[-96.73861496,32.7747054900164]]},"properties":{"AADT_CUR":292,"RTE_NM":"1062763","RTE_PRFX":"CS","RTE_NBR":"1062763","SYSTEM":"Off"}},{"type":"Feature","geometry":{"type":"LineString","coordinates":[[-96.80504738,32.78940813],[-96.80413527,32.78939499],[-96.8040356,32.78934256],[-96.8031638,32.78862853],[-96.8028792,32.78835935]]},"properties":{"AADT_CUR":4772,"RTE_NM":"263715","RTE_PRFX":"CS","RTE_NBR":"263715","SYSTEM":"Off"}},{"type":"Feature","geometry":{"type":"LineString","coordinates":[[-96.8076297862829,32.7781110641077],[-96.80496108,32.77866496],[-96.80409134,32.77884547],[-96.803243,32.779008],[-96.802851635712,32.7791007709347]]},"properties":{"AADT_CUR":7873,"RTE_NM":"263082","RTE_PRFX":"CS","RTE_NBR":"263082","SYSTEM":"Off"}},{"type":"Feature","geometry":{"type":"LineString","coordinates":[[-96.77915636,32.78049323],[-96.77984419,32.78097835],[-96.77998866,32.78108069]]},"properties":{"AADT_CUR":321,"RTE_NM":"1061611","RTE_PRFX":"CS","RTE_NBR":"1061611","SYSTEM":"Off"}},{"type":"Feature","geometry":{"type":"LineString","coordinates":[[-96.76841008,32.7772265700165],[-96.76810169,32.7775802300164],[-96.76765419,32.7779404300165],[-96.76728313,32.7783191500165],[-96.7671033109095,32.7784586268163]]},"properties":{"AADT_CUR":292,"RTE_NM":"1061080","RTE_PRFX":"CS","RTE_NBR":"1061080","SYSTEM":"Off"}},{"type":"Feature","geometry":{"type":"LineString","coordinates":[[-96.7994156136912,32.8173821667062],[-96.79956991,32.8176805800166],[-96.79974408,32.8179784900167],[-96.79987913,32.8183212100166],[-96.79993176,32.8184931400167],[-96.79996009,32.8186905700166],[-96.79998715,32.8189701100167],[-96.79999498,32.8191145500166],[-96.8000088289833,32.8191653714965],[-96.80002919,32.8192400900167],[-96.80005687,32.8193243100167],[-96.80007299,32.8193753900167],[-96.80020933,32.8196934000166],[-96.8002161620717,32.8197059503294],[-96.80048374,32.8201974800167],[-96.80056911,32.8204144600167],[-96.80064111,32.8206504900167],[-96.80069089,32.8208559700167],[-96.80084283,32.8215920600167],[-96.80096568,32.8220624500167],[-96.80104063,32.8222710300167],[-96.80113573,32.8225334900167],[-96.80118436,32.8226289900166],[-96.80127306,32.8227580400167],[-96.80138603,32.8228942900167],[-96.80151475,32.8230156300167],[-96.80169285,32.8231513900166],[-96.80184607,32.8232263300167],[-96.80198326,32.8232460700167],[-96.80222475,32.8233016000167],[-96.8025114999993,32.8234354344138]]},"properties":{"AADT_CUR":292,"RTE_NM":"1117303","RTE_PRFX":"CS","RTE_NBR":"1117303","SYSTEM":"Off"}},{"type":"Feature","geometry":{"type":"LineString","coordinates":[[-96.82490129,32.8271250600167],[-96.82570177,32.8277983600167],[-96.82648277,32.8284686500167],[-96.8271872807348,32.8291042463396]]},"properties":{"AADT_CUR":292,"RTE_NM":"1063952","RTE_PRFX":"CS","RTE_NBR":"1063952","SYSTEM":"Off"}},{"type":"Feature","geometry":{"type":"LineString","coordinates":[[-96.85812524,32.7821547900165],[-96.85811382,32.7839124400165],[-96.85809995,32.7854121000165],[-96.85810284,32.7860031800165],[-96.8581096950128,32.7871377289626]]},"properties":{"AADT_CUR":292,"RTE_NM":"1060925","RTE_PRFX":"CS","RTE_NBR":"1060925","SYSTEM":"Off"}},{"type":"Feature","geometry":{"type":"LineString","coordinates":[[-96.78307963,32.80508178],[-96.78302911,32.80525291],[-96.78293093,32.80549073],[-96.78272535,32.80589475],[-96.78262727,32.80608446],[-96.78252001,32.80620257],[-96.78227982,32.80675457],[-96.78175319,32.80789366]]},"properties":{"AADT_CUR":292,"RTE_NM":"1061924","RTE_PRFX":"CS","RTE_NBR":"1061924","SYSTEM":"Off"}},{"type":"Feature","geometry":{"type":"LineString","coordinates":[[-96.79873882,32.81938081],[-96.79885477,32.81945579],[-96.7990982,32.81961747],[-96.79927166,32.81966842],[-96.79964648,32.81970691],[-96.80239323,32.81970226],[-96.8024004736729,32.8197022862687]]},"properties":{"AADT_CUR":11861,"RTE_NM":"263841","RTE_PRFX":"CS","RTE_NBR":"263841","SYSTEM":"Off"}},{"type":"Feature","geometry":{"type":"LineString","coordinates":[[-96.7701353790482,32.8269876910572],[-96.76945224,32.8269956800334],[-96.76794292,32.8270035500334],[-96.76744902,32.8269925500334],[-96.76692737,32.8269866500334],[-96.76613765,32.8269935200334],[-96.76577223,32.8269898100334],[-96.7650871,32.8269761300334],[-96.7636318999999,32.8269640800334],[-96.76267299,32.8269644300334],[-96.76183284,32.8269691900334],[-96.7615503720846,32.826969370035],[-96.76135582,32.8269694100334],[-96.76126791,32.8269695500334],[-96.76082117,32.8269619400334],[-96.76020688,32.8269478400334],[-96.7601311599996,32.8269481600331],[-96.75970085,32.8266424900334],[-96.75939974,32.8265970400334],[-96.7580776799998,32.8266032800334],[-96.7559870599996,32.8265753600334],[-96.75477234,32.8265871900334],[-96.75413091,32.8265864400334],[-96.75354535,32.8266015900334],[-96.75290437047,32.8266164911998],[-96.75288162,32.8266170200334]]},"properties":{"AADT_CUR":1501,"RTE_NM":"1062862","RTE_PRFX":"CS","RTE_NBR":"1062862","SYSTEM":"Off"}},{"type":"Feature","geometry":{"type":"LineString","coordinates":[[-96.7885177993889,32.789373633237],[-96.78852409,32.78936841],[-96.79191946,32.78647013]]},"properties":{"AADT_CUR":14130,"RTE_NM":"263435","RTE_PRFX":"CS","RTE_NBR":"263435","SYSTEM":"Off"}},{"type":"Feature","geometry":{"type":"LineString","coordinates":[[-96.8058727249691,32.7784757529618],[-96.80596765,32.7787954400165],[-96.80608321,32.7791777600165]]},"properties":{"AADT_CUR":5779,"RTE_NM":"1260026","RTE_PRFX":"CS","RTE_NBR":"1260026","SYSTEM":"Off"}},{"type":"Feature","geometry":{"type":"LineString","coordinates":[[-96.7701218895628,32.8279512531483],[-96.76794979,32.8279438400167],[-96.76751124,32.8279336000167],[-96.76653586,32.8279433900167],[-96.76576017,32.8279394500167],[-96.76362519,32.8279302900167],[-96.76227318,32.8279265400167],[-96.76186292,32.8279263000167],[-96.76169206,32.8279225400167],[-96.76154961,32.8279219200167],[-96.76111581,32.8279186100167],[-96.76098712,32.8279223100167],[-96.76010774,32.8279347600167],[-96.75935207,32.8279063200167],[-96.75847384,32.8279022700167],[-96.75808736,32.8278927400167],[-96.75779106,32.8278927100167],[-96.75749492,32.8279256800167],[-96.75652018,32.8281511900167],[-96.7564018,32.8281687900167],[-96.75625096,32.8281817900167],[-96.75595032,32.8281954400167],[-96.75377597,32.8282006800167],[-96.7528929865749,32.8282044787162],[-96.75266974,32.8281989000167],[-96.75255996,32.8281932300167],[-96.75236086,32.8282179300167],[-96.752185,32.8282608200167],[-96.75203535,32.8282958300167],[-96.75187587,32.8283334500167],[-96.75182116,32.8283423100167],[-96.75172087,32.8283505100167],[-96.75155727,32.8283495900167],[-96.74930414,32.8283041600167],[-96.74852889,32.8283193700167],[-96.74787172,32.8283733400167],[-96.74753463,32.8284194600167],[-96.74742525,32.8284344000167],[-96.7471698,32.8284266800167],[-96.74665029,32.8284344900167],[-96.74641937,32.8284216100167]]},"properties":{"AADT_CUR":292,"RTE_NM":"1062691","RTE_PRFX":"CS","RTE_NBR":"1062691","SYSTEM":"Off"}},{"type":"Feature","geometry":{"type":"LineString","coordinates":[[-96.79050171,32.7428220900163],[-96.79084368,32.7438151000163],[-96.79108728,32.7446789200163],[-96.79140189,32.7456990400163],[-96.7916028873777,32.7463154346636]]},"properties":{"AADT_CUR":292,"RTE_NM":"1058076","RTE_PRFX":"CS","RTE_NBR":"1058076","SYSTEM":"Off"}},{"type":"Feature","geometry":{"type":"LineString","coordinates":[[-96.8321651,32.72658845],[-96.8321027,32.7266206],[-96.83199933,32.72667006],[-96.83191985,32.72670199],[-96.83181993,32.72674051],[-96.83170782,32.72677887],[-96.83157409,32.72684306],[-96.83142539,32.72688092],[-96.83127759,32.72691468],[-96.83114187,32.72691147],[-96.83105405,32.72691167],[-96.83097125,32.72690506]]},"properties":{"AADT_CUR":292,"RTE_NM":"1066398","RTE_PRFX":"CS","RTE_NBR":"1066398","SYSTEM":"Off"}},{"type":"Feature","geometry":{"type":"LineString","coordinates":[[-96.7961322254367,32.7805077228106],[-96.79613373,32.7805126000165],[-96.7961407082712,32.7805359471636]]},"properties":{"AADT_CUR":292,"RTE_NM":"1063796","RTE_PRFX":"CS","RTE_NBR":"1063796","SYSTEM":"Off"}},{"type":"Feature","geometry":{"type":"LineString","coordinates":[[-96.79680097,32.82119864],[-96.79566273,32.82104697],[-96.79548489,32.82102529],[-96.79510981,32.820902],[-96.79410401,32.82052409]]},"properties":{"AADT_CUR":292,"RTE_NM":"1063414","RTE_PRFX":"CS","RTE_NBR":"1063414","SYSTEM":"Off"}},{"type":"Feature","geometry":{"type":"LineString","coordinates":[[-96.83479979,32.8099537700166],[-96.8374917,32.8077014400166],[-96.83756308,32.8076556900166],[-96.83764262,32.8076138000166],[-96.83772647,32.8075783900166],[-96.83781387,32.8075497600166],[-96.83790407,32.8075281700166],[-96.83799627,32.8075138100166],[-96.83808964,32.8075068000166],[-96.83812575,32.8075060800166],[-96.83818623,32.8075134100166],[-96.8385331,32.8075597600166],[-96.83859232,32.8075684100166],[-96.8386995,32.8075810300166],[-96.83881468,32.8075874500166],[-96.83893011,32.8075865900166],[-96.83904514,32.8075784500166],[-96.83915912,32.8075630700166],[-96.83927143,32.8075405400166],[-96.83938143,32.8075109800166],[-96.83948851,32.8074745700166],[-96.83954089,32.8074513000166],[-96.83962797,32.8074046000166],[-96.83971005,32.8073518300166],[-96.83978653,32.8072933800166],[-96.83985686,32.8072296500166],[-96.83992055,32.8071611200166],[-96.83997712,32.8070882800166],[-96.84000069,32.8070533800166],[-96.8400717713478,32.8069373584408],[-96.84022883975,32.8066809844596],[-96.8402867578834,32.8065864475118]]},"properties":{"AADT_CUR":18149,"RTE_NM":"263535","RTE_PRFX":"CS","RTE_NBR":"263535","SYSTEM":"Off"}},{"type":"Feature","geometry":{"type":"LineString","coordinates":[[-96.83354891,32.7814801100165],[-96.8329701,32.7814558500165],[-96.8321333499976,32.7813896500166],[-96.83206493,32.7813942300165],[-96.83198529,32.7813464300165],[-96.83184206,32.7813046500165]]},"properties":{"AADT_CUR":531,"RTE_NM":"1063195","RTE_PRFX":"CS","RTE_NBR":"1063195","SYSTEM":"Off"}},{"type":"Feature","geometry":{"type":"LineString","coordinates":[[-96.76480793,32.76277652],[-96.7637758,32.76364457],[-96.76308329,32.76419983],[-96.76297059,32.76430548],[-96.76288161,32.76440458],[-96.76280987,32.76449568],[-96.7627019,32.76460962],[-96.76165377,32.76550355]]},"properties":{"AADT_CUR":292,"RTE_NM":"1059779","RTE_PRFX":"CS","RTE_NBR":"1059779","SYSTEM":"Off"}},{"type":"Feature","geometry":{"type":"LineString","coordinates":[[-96.77323161,32.75641019],[-96.772654351,32.756875]]},"properties":{"AADT_CUR":292,"RTE_NM":"1059467","RTE_PRFX":"CS","RTE_NBR":"1059467","SYSTEM":"Off"}},{"type":"Feature","geometry":{"type":"LineString","coordinates":[[-96.80605936,32.7442955],[-96.80542673,32.74430872],[-96.8052816,32.74430757],[-96.8044955,32.74431306]]},"properties":{"AADT_CUR":292,"RTE_NM":"1058416","RTE_PRFX":"CS","RTE_NBR":"1058416","SYSTEM":"Off"}},{"type":"Feature","geometry":{"type":"LineString","coordinates":[[-96.8003800989934,32.8127065402058],[-96.8003714692576,32.8127191109496]]},"properties":{"AADT_CUR":292,"RTE_NM":"1065242","RTE_PRFX":"CS","RTE_NBR":"1065242","SYSTEM":"Off"}},{"type":"Feature","geometry":{"type":"LineString","coordinates":[[-96.796609040524,32.8101723425165],[-96.7966035999902,32.8101771400416],[-96.79614346,32.8105701100332],[-96.79593734,32.8107588600332]]},"properties":{"AADT_CUR":292,"RTE_NM":"1061181","RTE_PRFX":"CS","RTE_NBR":"1061181","SYSTEM":"Off"}},{"type":"Feature","geometry":{"type":"LineString","coordinates":[[-96.809633,32.7908875100165],[-96.80861711999,32.7914848300232],[-96.80813503,32.7918075200165],[-96.80797292,32.7919455200165],[-96.8076167184687,32.792290999806],[-96.807017019992,32.7928740700256],[-96.80699789,32.7928958000165],[-96.80673986,32.7931136000165],[-96.8063054829901,32.7934404493121],[-96.80620384,32.7935722700165],[-96.80613685,32.7936716900165],[-96.80612695,32.7937636500166],[-96.80612693,32.7938928600165],[-96.80612196,32.7940673600165],[-96.80610074,32.7942416400165]]},"properties":{"AADT_CUR":726,"RTE_NM":"1063563","RTE_PRFX":"CS","RTE_NBR":"1063563","SYSTEM":"Off"}},{"type":"Feature","geometry":{"type":"LineString","coordinates":[[-96.8064140351809,32.7848723088855],[-96.8064258351937,32.7848828665019]]},"properties":{"AADT_CUR":292,"RTE_NM":"1063029","RTE_PRFX":"CS","RTE_NBR":"1063029","SYSTEM":"Off"}},{"type":"Feature","geometry":{"type":"LineString","coordinates":[[-96.74951535,32.75309749],[-96.74918209,32.75280081],[-96.7489947,32.75265247],[-96.74851101,32.7522278],[-96.74802781,32.75181961],[-96.74774211,32.75158466]]},"properties":{"AADT_CUR":292,"RTE_NM":"1264187","RTE_PRFX":"CS","RTE_NBR":"1264187","SYSTEM":"Off"}},{"type":"Feature","geometry":{"type":"LineString","coordinates":[[-96.7786468256189,32.7784676039634],[-96.7794734,32.7779511400164],[-96.78008254,32.7775534300165],[-96.78021842,32.7774715900165],[-96.7802763661806,32.7774354111878],[-96.78046602,32.7773170000165],[-96.7805359560615,32.7772697775035],[-96.7805967372054,32.7772287365411],[-96.7807031084033,32.7771569118663],[-96.780839300753,32.7770649508609],[-96.7808981445578,32.7770252177241],[-96.78094688,32.7769923100165],[-96.7821379186345,32.7762621933089],[-96.78220125,32.7762233700165],[-96.78286865,32.7757460000165],[-96.78290101,32.7757134500165],[-96.78290901,32.7756778300165],[-96.78290401,32.7756420300164]]},"properties":{"AADT_CUR":292,"RTE_NM":"1062321","RTE_PRFX":"CS","RTE_NBR":"1062321","SYSTEM":"Off"}},{"type":"Feature","geometry":{"type":"LineString","coordinates":[[-96.75326176,32.7537090600164],[-96.75321328,32.7537344900164],[-96.75316909,32.7537476200164],[-96.75309922,32.7537851300163],[-96.75301296,32.7538705100163],[-96.75248304,32.7543056700164],[-96.75188035,32.7548016600164],[-96.7517138648463,32.7549525720764]]},"properties":{"AADT_CUR":292,"RTE_NM":"1061183","RTE_PRFX":"CS","RTE_NBR":"1061183","SYSTEM":"Off"}},{"type":"Feature","geometry":{"type":"LineString","coordinates":[[-96.8346676235201,32.7853836326782],[-96.8334582,32.784836890066],[-96.83207883,32.784161370066],[-96.831785676477,32.7840043679284],[-96.83116863,32.783683660066],[-96.83069135,32.783440370066],[-96.8306873708647,32.7834383967059],[-96.8301374428779,32.7831656706606],[-96.83011018,32.783152150066],[-96.82922003,32.782637120066],[-96.82892728,32.782431740066],[-96.82838082,32.782011410066],[-96.82809486,32.781772520066],[-96.827803124,32.781457837066],[-96.827739786,32.7813621720659],[-96.8277228297807,32.7812939011213]]},"properties":{"AADT_CUR":4723,"RTE_NM":"263010","RTE_PRFX":"CS","RTE_NBR":"263010","SYSTEM":"Off"}},{"type":"Feature","geometry":{"type":"LineString","coordinates":[[-96.81334032,32.77684682],[-96.81333704,32.77676835],[-96.81333252,32.77652423],[-96.81333656,32.77628011],[-96.81334916,32.77603619],[-96.81336322,32.77586413],[-96.81335476,32.77577087],[-96.81334728,32.7756128],[-96.81334838,32.7754546],[-96.81335026,32.7754096],[-96.8133424,32.77533026],[-96.81333445,32.77518227],[-96.81333516,32.77503412],[-96.81333599,32.77501254],[-96.81331323,32.77481684],[-96.81327831,32.77445934],[-96.81324771,32.77436078],[-96.8130718,32.7737988],[-96.81298559,32.77361224],[-96.81286496,32.77333446],[-96.81277985,32.77312464],[-96.81275249,32.77306942],[-96.81242984,32.77240834],[-96.81211515,32.77174455],[-96.81187491,32.77122427]]},"properties":{"AADT_CUR":19491,"RTE_NM":"263336","RTE_PRFX":"CS","RTE_NBR":"263336","SYSTEM":"Off"}},{"type":"Feature","geometry":{"type":"LineString","coordinates":[[-96.833275,32.77540234],[-96.83329323,32.77625068]]},"properties":{"AADT_CUR":292,"RTE_NM":"1063539","RTE_PRFX":"CS","RTE_NBR":"1063539","SYSTEM":"Off"}},{"type":"Feature","geometry":{"type":"LineString","coordinates":[[-96.8204174417637,32.7585795696774],[-96.82040049,32.75857737],[-96.81972027,32.75850587],[-96.81939214,32.75850268],[-96.81908564,32.75852871],[-96.81799893,32.75869835],[-96.81773703,32.75874459],[-96.81743587,32.75878031],[-96.81711856,32.75879171],[-96.81566982,32.75878995],[-96.81379536,32.75882563],[-96.81354074,32.75882421],[-96.81320711,32.75881609],[-96.81289676,32.75878941],[-96.81270482,32.75877517],[-96.81206519,32.75877872],[-96.8120139893098,32.7587744441467]]},"properties":{"AADT_CUR":10955,"RTE_NM":"263077","RTE_PRFX":"CS","RTE_NBR":"263077","SYSTEM":"Off"}},{"type":"Feature","geometry":{"type":"LineString","coordinates":[[-96.75806572,32.7506631],[-96.75774878,32.7504016],[-96.75726207,32.74996454],[-96.7567573,32.74953548]]},"properties":{"AADT_CUR":292,"RTE_NM":"1062142","RTE_PRFX":"CS","RTE_NBR":"1062142","SYSTEM":"Off"}},{"type":"Feature","geometry":{"type":"LineString","coordinates":[[-96.79947095,32.74662982],[-96.7992306,32.74661033],[-96.79635689,32.74639763],[-96.79590908,32.74637121],[-96.7955164,32.74636445]]},"properties":{"AADT_CUR":292,"RTE_NM":"1060077","RTE_PRFX":"CS","RTE_NBR":"1060077","SYSTEM":"Off"}},{"type":"Feature","geometry":{"type":"LineString","coordinates":[[-96.7530951,32.80007464],[-96.75150594,32.79870663],[-96.75114017,32.79839633],[-96.75068995,32.79799413],[-96.74991933,32.7973345],[-96.74920879,32.79668258],[-96.74837126,32.79595052],[-96.74732989,32.79507538],[-96.74705795,32.7948365],[-96.74690679,32.79470379],[-96.74666177,32.79450239],[-96.74657464,32.79442281]]},"properties":{"AADT_CUR":292,"RTE_NM":"1065985","RTE_PRFX":"CS","RTE_NBR":"1065985","SYSTEM":"Off"}},{"type":"Feature","geometry":{"type":"LineString","coordinates":[[-96.797564390703,32.7717992909669],[-96.7975610399904,32.7717962500401],[-96.797273927,32.7715251240492],[-96.797167708,32.7714480300492],[-96.797049836,32.7713900420492],[-96.79693719,32.7713551870492],[-96.796794439,32.7713353090493],[-96.796673786,32.7713399620492],[-96.79655627,32.7713626790492],[-96.796450154,32.7714007330493],[-96.796364668,32.7714405090492],[-96.79620531,32.7715295300492],[-96.795919648,32.7717354120492],[-96.795531,32.7719917600492],[-96.7947637799645,32.7724858902251],[-96.79474108,32.7725005100492],[-96.79433404,32.7727698300492],[-96.7940011,32.7730346700494],[-96.7938078048737,32.7731911600093],[-96.7932140770592,32.7736718314383],[-96.793061144,32.7737956420493],[-96.7927847010707,32.7739602625837],[-96.792673468,32.7740265010493],[-96.7921441841616,32.774211425918],[-96.79135544808,32.7743834303524]]},"properties":{"AADT_CUR":8795,"RTE_NM":"1061040","RTE_PRFX":"CS","RTE_NBR":"1061040","SYSTEM":"Off"}},{"type":"Feature","geometry":{"type":"LineString","coordinates":[[-96.81746889,32.74781816],[-96.81815868,32.74884191],[-96.81905877,32.74996884],[-96.81906065,32.75059978],[-96.81907118,32.75133256],[-96.81906098,32.75277295],[-96.81907223,32.75376826],[-96.8190786,32.75480614]]},"properties":{"AADT_CUR":292,"RTE_NM":"1063013","RTE_PRFX":"CS","RTE_NBR":"1063013","SYSTEM":"Off"}},{"type":"Feature","geometry":{"type":"LineString","coordinates":[[-96.7618769681115,32.8126705659452],[-96.7618597201032,32.8126705151889]]},"properties":{"AADT_CUR":8559,"RTE_NM":"1061906","RTE_PRFX":"CS","RTE_NBR":"1061906","SYSTEM":"Off"}},{"type":"Feature","geometry":{"type":"LineString","coordinates":[[-96.7818373200136,32.7657569342221],[-96.7818112986775,32.7657759407852]]},"properties":{"AADT_CUR":292,"RTE_NM":"1059238","RTE_PRFX":"CS","RTE_NBR":"1059238","SYSTEM":"Off"}},{"type":"Feature","geometry":{"type":"LineString","coordinates":[[-96.78670281,32.7687941800164],[-96.78625888,32.7684458000164],[-96.7856868202633,32.7681143270374]]},"properties":{"AADT_CUR":292,"RTE_NM":"1058504","RTE_PRFX":"CS","RTE_NBR":"1058504","SYSTEM":"Off"}},{"type":"Feature","geometry":{"type":"LineString","coordinates":[[-96.7865107905459,32.7462588183501],[-96.78651395,32.7462599200163],[-96.7865744336195,32.7462810356562]]},"properties":{"AADT_CUR":292,"RTE_NM":"1063760","RTE_PRFX":"CS","RTE_NBR":"1063760","SYSTEM":"Off"}},{"type":"Feature","geometry":{"type":"LineString","coordinates":[[-96.8102731762061,32.7486394241726],[-96.8101083022114,32.7486224245766],[-96.8099691675796,32.7486080787122],[-96.809890962277,32.7486000150693],[-96.8096800134313,32.7485782641793],[-96.8095554825384,32.7485654236613],[-96.809328336,32.7485420020163],[-96.8092469842096,32.7485403172201],[-96.809080589,32.7485368710163],[-96.80880304,32.7485722300163],[-96.80868515,32.7485897400163],[-96.80842949,32.7486248900164],[-96.80821456,32.7486514100163],[-96.80802993,32.7486815800163],[-96.8078229,32.7487192400163],[-96.80757009,32.7487476100163],[-96.80740445,32.7487417200163],[-96.80723365,32.7487207200163],[-96.80707965,32.7486949300163],[-96.8069022601052,32.7486444741735],[-96.80661248,32.7485620500163],[-96.80628312,32.7484070900163],[-96.8062464893564,32.7483901116328],[-96.80611749,32.7483303200163],[-96.80598562,32.7482830200163],[-96.80584831,32.7482460600163],[-96.80564498,32.7482119400163],[-96.80508711,32.7482085300163],[-96.80475717,32.7482116700163],[-96.80460791,32.7482046400163],[-96.80452372,32.7481598100163],[-96.8044141127927,32.74807528217]]},"properties":{"AADT_CUR":3621,"RTE_NM":"1060076","RTE_PRFX":"CS","RTE_NBR":"1060076","SYSTEM":"Off"}},{"type":"Feature","geometry":{"type":"LineString","coordinates":[[-96.80353613,32.8025735300166],[-96.80330712,32.8026336300166],[-96.8031653921729,32.8026698639303],[-96.80295274,32.8026961600166],[-96.80286464,32.8027073200166],[-96.80276964,32.8026964100166],[-96.80260829,32.8026653300166],[-96.80244603,32.8025971400166],[-96.80226888,32.8024985100166],[-96.80208534,32.8023942900166],[-96.80106539,32.8018992700166],[-96.8009933452033,32.8018538540888]]},"properties":{"AADT_CUR":292,"RTE_NM":"1064859","RTE_PRFX":"CS","RTE_NBR":"1064859","SYSTEM":"Off"}},{"type":"Feature","geometry":{"type":"LineString","coordinates":[[-96.7837416170382,32.7933282793487],[-96.7837296848514,32.793317850127]]},"properties":{"AADT_CUR":292,"RTE_NM":"1061818","RTE_PRFX":"CS","RTE_NBR":"1061818","SYSTEM":"Off"}},{"type":"Feature","geometry":{"type":"LineString","coordinates":[[-96.84923268,32.73378938],[-96.84784462,32.73374757],[-96.8468672,32.73374831],[-96.84669659,32.73374055],[-96.84594698,32.7337347],[-96.8442949,32.73372233],[-96.84323698,32.73372335],[-96.840070431,32.73373114]]},"properties":{"AADT_CUR":292,"RTE_NM":"1063194","RTE_PRFX":"CS","RTE_NBR":"1063194","SYSTEM":"Off"}},{"type":"Feature","geometry":{"type":"LineString","coordinates":[[-96.790298452222,32.7770066964558],[-96.79006521,32.7771798600164],[-96.78985478,32.7773336600165],[-96.78940816,32.7776285400164],[-96.788251021351,32.7782715158145]]},"properties":{"AADT_CUR":1696,"RTE_NM":"1065307","RTE_PRFX":"CS","RTE_NBR":"1065307","SYSTEM":"Off"}},{"type":"Feature","geometry":{"type":"LineString","coordinates":[[-96.8465201841216,32.7586682616274],[-96.8465163374074,32.758682403459]]},"properties":{"AADT_CUR":590,"RTE_NM":"1063059","RTE_PRFX":"CS","RTE_NBR":"1063059","SYSTEM":"Off"}},{"type":"Feature","geometry":{"type":"LineString","coordinates":[[-96.8118060832861,32.7822478288987],[-96.810917067,32.782369672],[-96.81006426,32.782535426],[-96.809731849,32.782647214],[-96.809328371,32.782838023],[-96.808956987,32.783061596],[-96.808668134,32.783306371],[-96.807952876,32.78400407],[-96.807462284,32.784485902],[-96.806155564,32.7856288],[-96.80481675,32.786725428],[-96.803074891,32.788196334],[-96.800913712,32.790035372],[-96.799541728,32.791136859],[-96.798445918,32.792085027],[-96.7979324,32.792487804],[-96.797679837,32.792684036],[-96.797365765,32.79290084],[-96.796947385,32.793155223],[-96.796313452,32.793545603],[-96.795626749,32.793912049],[-96.794574934,32.794465203],[-96.793655822,32.794956294],[-96.793209071,32.795256543],[-96.793093325,32.795390134],[-96.792975288,32.795550704],[-96.792975255784,32.7955510705858]]},"properties":{"AADT_CUR":150726,"RTE_NM":"SS0366-KG","RTE_PRFX":"SS","RTE_NBR":"366","SYSTEM":"On"}},{"type":"Feature","geometry":{"type":"LineString","coordinates":[[-96.83017027,32.80970354],[-96.82938676,32.81038114]]},"properties":{"AADT_CUR":292,"RTE_NM":"1062376","RTE_PRFX":"CS","RTE_NBR":"1062376","SYSTEM":"Off"}},{"type":"Feature","geometry":{"type":"LineString","coordinates":[[-96.83414197,32.83231703],[-96.83265233,32.83105863],[-96.83129436,32.82989818],[-96.83126871,32.82987722],[-96.83122607,32.82985053],[-96.8311781,32.82984715]]},"properties":{"AADT_CUR":292,"RTE_NM":"1063596","RTE_PRFX":"CS","RTE_NBR":"1063596","SYSTEM":"Off"}},{"type":"Feature","geometry":{"type":"LineString","coordinates":[[-96.7486017366912,32.7596649912134],[-96.74853935,32.7596123300163],[-96.74784506,32.7590595900164],[-96.74718406,32.7585100800164],[-96.74638507,32.7578225200164],[-96.74601455,32.7575009700164]]},"properties":{"AADT_CUR":292,"RTE_NM":"1064154","RTE_PRFX":"CS","RTE_NBR":"1064154","SYSTEM":"Off"}},{"type":"Feature","geometry":{"type":"LineString","coordinates":[[-96.83386977,32.79594949],[-96.83336201,32.79826326],[-96.83285324,32.80062825],[-96.83278047,32.80093928],[-96.83270091,32.80111254],[-96.83202656,32.80241334],[-96.831861860525,32.8025981949029]]},"properties":{"AADT_CUR":13348,"RTE_NM":"1066394","RTE_PRFX":"CS","RTE_NBR":"1066394","SYSTEM":"Off"}},{"type":"Feature","geometry":{"type":"LineString","coordinates":[[-96.75276122,32.7533955],[-96.7527048,32.75349367],[-96.75260666,32.75360363],[-96.75241865,32.75373433],[-96.7522723,32.7537735],[-96.75160839,32.75378478]]},"properties":{"AADT_CUR":292,"RTE_NM":"1059529","RTE_PRFX":"CS","RTE_NBR":"1059529","SYSTEM":"Off"}},{"type":"Feature","geometry":{"type":"LineString","coordinates":[[-96.82057367,32.7670061800164],[-96.82052476,32.7670550000164],[-96.82048812,32.7671424800164],[-96.820475,32.7672343900164],[-96.82052124,32.7673697200164],[-96.8208208500075,32.7678287500326],[-96.82110696,32.7684428900164]]},"properties":{"AADT_CUR":292,"RTE_NM":"1059941","RTE_PRFX":"CS","RTE_NBR":"1059941","SYSTEM":"Off"}},{"type":"Feature","geometry":{"type":"LineString","coordinates":[[-96.810045655483,32.8157507046142],[-96.81005443,32.8157434300498],[-96.8111381767386,32.814835940379],[-96.8121883822729,32.8139565109889],[-96.81290279,32.8133582600498],[-96.8131694,32.8132029300498],[-96.81346981,32.8130778500498],[-96.81376163,32.8130296000498],[-96.81408152,32.8130191800498],[-96.81498512,32.8130852900498],[-96.81533324,32.8130937600498],[-96.8155009260858,32.8130556831409],[-96.81568436,32.8130140300498],[-96.8160901666231,32.8128768713309]]},"properties":{"AADT_CUR":12224,"RTE_NM":"263131","RTE_PRFX":"CS","RTE_NBR":"263131","SYSTEM":"Off"}},{"type":"Feature","geometry":{"type":"LineString","coordinates":[[-96.7862146005253,32.8047758854971],[-96.78624682,32.8044986800166],[-96.78627208,32.8042021200166]]},"properties":{"AADT_CUR":292,"RTE_NM":"1063072","RTE_PRFX":"CS","RTE_NBR":"1063072","SYSTEM":"Off"}},{"type":"Feature","geometry":{"type":"LineString","coordinates":[[-96.78580791,32.7885506200165],[-96.78618219,32.7888884200165],[-96.78653858,32.7892246000165],[-96.78685977,32.7894874400165],[-96.78705694,32.7896427300165],[-96.78715432,32.7897402900165],[-96.78742269,32.7899584200165],[-96.78757961,32.7900911600165],[-96.7876160893702,32.7901223331344],[-96.78773491,32.7902238700165],[-96.78816636,32.7905926900165],[-96.78868861,32.7910204900165],[-96.7888058644241,32.7911113123188],[-96.78885692,32.7911533900165],[-96.78974517,32.7918858800165],[-96.7900973,32.7921917400165],[-96.79057602,32.7925996800165],[-96.79093098,32.7929275900165],[-96.79126679,32.7931933700165],[-96.7915112099869,32.7934080335733]]},"properties":{"AADT_CUR":292,"RTE_NM":"1062176","RTE_PRFX":"CS","RTE_NBR":"1062176","SYSTEM":"Off"}},{"type":"Feature","geometry":{"type":"LineString","coordinates":[[-96.7774930301049,32.7925376242273],[-96.77748484,32.7925441500166],[-96.7763638833925,32.7934469210936]]},"properties":{"AADT_CUR":292,"RTE_NM":"1058367","RTE_PRFX":"CS","RTE_NBR":"1058367","SYSTEM":"Off"}},{"type":"Feature","geometry":{"type":"LineString","coordinates":[[-96.87089454,32.72037527],[-96.87029671,32.72051934],[-96.86886841,32.72093945],[-96.8647599,32.72241913],[-96.86347165,32.72287841],[-96.86211192,32.72335987],[-96.86060847,32.7239096],[-96.8598648,32.72415477],[-96.8593751,32.72441798],[-96.85815023,32.72509392],[-96.85745826,32.72548377],[-96.8570068812236,32.7257305643184]]},"properties":{"AADT_CUR":5206,"RTE_NM":"263839","RTE_PRFX":"CS","RTE_NBR":"263839","SYSTEM":"Off"}},{"type":"Feature","geometry":{"type":"LineString","coordinates":[[-96.8567520532021,32.7392998116525],[-96.85667015,32.7392995100163],[-96.85540469,32.7393061400163],[-96.85418741,32.7393023800163],[-96.85334988,32.7392995500163],[-96.85297082,32.7393055100163],[-96.8529110830896,32.739304292578],[-96.85277897,32.7393016000163],[-96.85157127,32.7393075900163],[-96.8514474,32.7393224300163],[-96.85035266,32.7393326600163],[-96.84974684,32.7393314800163],[-96.84911774,32.7393148900163],[-96.84790728,32.7392946700163]]},"properties":{"AADT_CUR":402,"RTE_NM":"1065833","RTE_PRFX":"CS","RTE_NBR":"1065833","SYSTEM":"Off"}},{"type":"Feature","geometry":{"type":"LineString","coordinates":[[-96.8114372495018,32.7277009501876],[-96.810288,32.7277197000162],[-96.80973582,32.7277245600162],[-96.80910461,32.7277379700162],[-96.80866565,32.7277319900162],[-96.80779285,32.7277503500162],[-96.8076742,32.7277473600162],[-96.80661672,32.7277714400162],[-96.80549181,32.7277506200163]]},"properties":{"AADT_CUR":1400,"RTE_NM":"1065056","RTE_PRFX":"CS","RTE_NBR":"1065056","SYSTEM":"Off"}},{"type":"Feature","geometry":{"type":"LineString","coordinates":[[-96.8125906622671,32.8026612303177],[-96.81258933,32.8026623200166],[-96.81184832,32.8032859200166],[-96.81114639,32.8039086900166],[-96.81107375,32.8039626800166],[-96.81102211,32.8040238400166],[-96.81056809,32.8044052900166],[-96.81038815,32.8045375500166],[-96.81008815,32.8047795100166],[-96.80923817,32.8054387400166],[-96.80856528,32.8060302600166],[-96.80759387,32.8068266700166],[-96.80719337,32.8071731000166],[-96.8067909064831,32.8075210982346]]},"properties":{"AADT_CUR":292,"RTE_NM":"1061427","RTE_PRFX":"CS","RTE_NBR":"1061427","SYSTEM":"Off"}},{"type":"Feature","geometry":{"type":"LineString","coordinates":[[-96.83677039,32.78206069],[-96.83677313,32.78386823]]},"properties":{"AADT_CUR":292,"RTE_NM":"1063319","RTE_PRFX":"CS","RTE_NBR":"1063319","SYSTEM":"Off"}},{"type":"Feature","geometry":{"type":"LineString","coordinates":[[-96.7988149294689,32.8079974354902],[-96.79881972,32.8079935400498],[-96.7988272127484,32.8079872792052]]},"properties":{"AADT_CUR":5338,"RTE_NM":"263073","RTE_PRFX":"CS","RTE_NBR":"263073","SYSTEM":"Off"}},{"type":"Feature","geometry":{"type":"LineString","coordinates":[[-96.7954336269534,32.7399360326548],[-96.7954335570481,32.739950535929]]},"properties":{"AADT_CUR":292,"RTE_NM":"1061493","RTE_PRFX":"CS","RTE_NBR":"1061493","SYSTEM":"Off"}},{"type":"Feature","geometry":{"type":"LineString","coordinates":[[-96.79584895,32.73679389],[-96.79506775,32.73678042],[-96.79371922,32.73683752]]},"properties":{"AADT_CUR":292,"RTE_NM":"1061466","RTE_PRFX":"CS","RTE_NBR":"1061466","SYSTEM":"Off"}},{"type":"Feature","geometry":{"type":"LineString","coordinates":[[-96.8482493422794,32.7495282219341],[-96.8482108,32.7509094400163],[-96.8482074,32.7517918500163],[-96.84819386,32.7524322100163],[-96.84819402,32.7529036800163],[-96.848174,32.7535865600163],[-96.84815872,32.7547574600163],[-96.84815708,32.7552385300163]]},"properties":{"AADT_CUR":292,"RTE_NM":"1062518","RTE_PRFX":"CS","RTE_NBR":"1062518","SYSTEM":"Off"}},{"type":"Feature","geometry":{"type":"LineString","coordinates":[[-96.80551032,32.74224549],[-96.8047471,32.74230998],[-96.8046149,32.74234749],[-96.80450546,32.74241147],[-96.80440137,32.74257339],[-96.80425515,32.74281115],[-96.80423428,32.74287948],[-96.8042254205208,32.7430963450865]]},"properties":{"AADT_CUR":292,"RTE_NM":"1060902","RTE_PRFX":"CS","RTE_NBR":"1060902","SYSTEM":"Off"}},{"type":"Feature","geometry":{"type":"LineString","coordinates":[[-96.8400650512319,32.7304404210159],[-96.83888212,32.7304460400163],[-96.83792092,32.7304524300162],[-96.83682416,32.7304446200162]]},"properties":{"AADT_CUR":292,"RTE_NM":"1060305","RTE_PRFX":"CS","RTE_NBR":"1060305","SYSTEM":"Off"}},{"type":"Feature","geometry":{"type":"LineString","coordinates":[[-96.74342896,32.8281594900167],[-96.74314868,32.8282545000167],[-96.74305089,32.8283012400167],[-96.74200619,32.8286864700167],[-96.74126403,32.8290031300167],[-96.7411522599862,32.8290565300195],[-96.74104029,32.8290796900167],[-96.74044521,32.8292032300167],[-96.74010262,32.8292794800167],[-96.73953605,32.8294034300167],[-96.73915112,32.8294790800167],[-96.7387727,32.8295561900167],[-96.73857665,32.8295905300167],[-96.73836721,32.8296026900167],[-96.73817834,32.8296027600167],[-96.73796136,32.8295845700167],[-96.73766912,32.8295433100167],[-96.73739875,32.8294267700167],[-96.7372006,32.8293208700167],[-96.73701582,32.8291973000167],[-96.73676894,32.8290041000167],[-96.73596738,32.8282958500167]]},"properties":{"AADT_CUR":292,"RTE_NM":"1062701","RTE_PRFX":"CS","RTE_NBR":"1062701","SYSTEM":"Off"}},{"type":"Feature","geometry":{"type":"LineString","coordinates":[[-96.8045963,32.72469927],[-96.8034796,32.72467578],[-96.80168587,32.72468151],[-96.80143623,32.7246836],[-96.8013273,32.72468212],[-96.80122414,32.72467658],[-96.80070138,32.72467493],[-96.80018496,32.72468162]]},"properties":{"AADT_CUR":292,"RTE_NM":"1060804","RTE_PRFX":"CS","RTE_NBR":"1060804","SYSTEM":"Off"}},{"type":"Feature","geometry":{"type":"LineString","coordinates":[[-96.7484253299805,32.8042164900353],[-96.74770669,32.8036015600498],[-96.7467907499816,32.802799660033],[-96.7453725999905,32.8015095800415],[-96.74443012,32.8006935300497],[-96.74426237,32.8005756900498],[-96.74406511,32.8003873500498],[-96.7437703399813,32.8001495100336],[-96.74280464,32.7993152600496],[-96.74238482,32.7989423300498],[-96.7420184316138,32.7986271216699]]},"properties":{"AADT_CUR":292,"RTE_NM":"1059642","RTE_PRFX":"CS","RTE_NBR":"1059642","SYSTEM":"Off"}},{"type":"Feature","geometry":{"type":"LineString","coordinates":[[-96.84524379,32.77957861],[-96.84490304,32.77957132],[-96.84381935,32.77957339]]},"properties":{"AADT_CUR":233,"RTE_NM":"1065454","RTE_PRFX":"CS","RTE_NBR":"1065454","SYSTEM":"Off"}},{"type":"Feature","geometry":{"type":"LineString","coordinates":[[-96.74776929,32.74345039],[-96.74779487,32.74396759],[-96.74781331,32.74455754],[-96.74784631,32.74506933],[-96.7478507,32.74517661],[-96.74790777,32.74549907],[-96.74792888,32.74562444],[-96.74805991,32.74615549]]},"properties":{"AADT_CUR":292,"RTE_NM":"1066371","RTE_PRFX":"CS","RTE_NBR":"1066371","SYSTEM":"Off"}},{"type":"Feature","geometry":{"type":"LineString","coordinates":[[-96.82345591,32.7562533300163],[-96.82398597,32.7571046600164],[-96.82438584,32.7577244600164],[-96.8245642,32.7580141500164],[-96.82459806,32.7580723400164],[-96.8253041336625,32.7591807126124]]},"properties":{"AADT_CUR":292,"RTE_NM":"1058114","RTE_PRFX":"CS","RTE_NBR":"1058114","SYSTEM":"Off"}},{"type":"Feature","geometry":{"type":"LineString","coordinates":[[-96.79718774,32.74394341],[-96.79678089,32.74408217],[-96.79667093,32.74409165],[-96.79656141,32.74407778]]},"properties":{"AADT_CUR":292,"RTE_NM":"1061166","RTE_PRFX":"CS","RTE_NBR":"1061166","SYSTEM":"Off"}},{"type":"Feature","geometry":{"type":"LineString","coordinates":[[-96.7681179410563,32.7826223316307],[-96.7681126013959,32.7826361382063]]},"properties":{"AADT_CUR":547,"RTE_NM":"1058012","RTE_PRFX":"CS","RTE_NBR":"1058012","SYSTEM":"Off"}},{"type":"Feature","geometry":{"type":"LineString","coordinates":[[-96.83245319,32.76008444],[-96.83241538,32.76014854],[-96.83242181,32.76028195],[-96.83245002,32.76055586],[-96.83253292,32.76081951],[-96.83261206,32.76102263],[-96.8326929,32.76117903],[-96.83278785,32.76132051]]},"properties":{"AADT_CUR":292,"RTE_NM":"1066407","RTE_PRFX":"CS","RTE_NBR":"1066407","SYSTEM":"Off"}},{"type":"Feature","geometry":{"type":"LineString","coordinates":[[-96.80340226,32.7354044600163],[-96.8033631,32.7356238600162],[-96.80333205,32.7357169000162],[-96.80327728,32.7358165000163],[-96.80324862,32.7359123200162],[-96.803204949998,32.7363254700327],[-96.803090089996,32.7372723400327],[-96.80306716,32.7373655000163],[-96.80303188,32.7375945600163],[-96.80298178,32.7382165500163],[-96.80297437,32.7383057900163],[-96.80296773,32.7383978100163],[-96.80297317,32.7391346300163],[-96.8029730572876,32.7391569036332],[-96.80296819,32.7401187400163],[-96.80291496,32.7402224900163],[-96.80291023,32.7403420000163],[-96.80291489,32.7404822700163],[-96.80313335,32.7417306000163],[-96.80330366,32.7431171000163],[-96.8033323,32.7436604300163],[-96.80336957,32.7446681500163],[-96.80336562,32.7452361200163],[-96.80336561,32.7455770100163],[-96.80335934,32.7456923800163],[-96.80337096,32.7458080000163],[-96.8034108,32.7459363800163],[-96.80351215,32.7461645600163],[-96.80365081,32.7464839800163],[-96.80384865,32.7470681100163],[-96.80387916,32.7472595900163],[-96.80389398,32.7473780000163],[-96.80390797,32.7475390100163],[-96.80395927,32.7480895400163],[-96.80396913,32.7482120100163]]},"properties":{"AADT_CUR":1530,"RTE_NM":"1064430","RTE_PRFX":"CS","RTE_NBR":"1064430","SYSTEM":"Off"}},{"type":"Feature","geometry":{"type":"LineString","coordinates":[[-96.76271801,32.76736034],[-96.7623266,32.7670346],[-96.76183018,32.7666304],[-96.76098509,32.76592032],[-96.76054172,32.76554848],[-96.75979628,32.76494287],[-96.75962574,32.7648044],[-96.75917958,32.76440915]]},"properties":{"AADT_CUR":292,"RTE_NM":"1061187","RTE_PRFX":"CS","RTE_NBR":"1061187","SYSTEM":"Off"}},{"type":"Feature","geometry":{"type":"LineString","coordinates":[[-96.7521442304633,32.814471291363],[-96.7521295007185,32.8144638212241]]},"properties":{"AADT_CUR":21301,"RTE_NM":"262900","RTE_PRFX":"CS","RTE_NBR":"262900","SYSTEM":"Off"}},{"type":"Feature","geometry":{"type":"LineString","coordinates":[[-96.7701605167988,32.8264541364021],[-96.770143327709,32.8264541419324]]},"properties":{"AADT_CUR":1501,"RTE_NM":"1062862","RTE_PRFX":"CS","RTE_NBR":"1062862","SYSTEM":"Off"}},{"type":"Feature","geometry":{"type":"LineString","coordinates":[[-96.8514608654548,32.8092279285547],[-96.85147428,32.8092340200166],[-96.8514625574286,32.8093078984871]]},"properties":{"AADT_CUR":292,"RTE_NM":"1061557","RTE_PRFX":"CS","RTE_NBR":"1061557","SYSTEM":"Off"}},{"type":"Feature","geometry":{"type":"LineString","coordinates":[[-96.7572640538123,32.7719563099991],[-96.75726381,32.7719561200328],[-96.75679202,32.7715811400328],[-96.7564166699899,32.7712665800237],[-96.75595228,32.7708463500328],[-96.75573942,32.7706674100328],[-96.75516834,32.7701714300328],[-96.7551025899906,32.7701223900246],[-96.7545819399902,32.7696683500246],[-96.75434508,32.7694684700328],[-96.7537800899905,32.768994560024],[-96.75356039,32.7687907800328],[-96.7531070399914,32.7683899200247],[-96.75279966,32.7680955700328],[-96.7525279899898,32.7678457100249],[-96.75178291,32.7672666600328],[-96.7513877818792,32.7669189436383],[-96.75133679,32.7668740700328]]},"properties":{"AADT_CUR":292,"RTE_NM":"1064347","RTE_PRFX":"CS","RTE_NBR":"1064347","SYSTEM":"Off"}},{"type":"Feature","geometry":{"type":"LineString","coordinates":[[-96.7551789845397,32.7612014358402],[-96.75516832,32.7611928100164],[-96.75459092,32.7606912400164],[-96.7537282453753,32.7599390842018]]},"properties":{"AADT_CUR":383,"RTE_NM":"1062723","RTE_PRFX":"CS","RTE_NBR":"1062723","SYSTEM":"Off"}},{"type":"Feature","geometry":{"type":"LineString","coordinates":[[-96.8226976412328,32.7322493484671],[-96.82229904,32.7323634400162],[-96.82194004,32.7324713100162],[-96.82163669,32.7326033000162],[-96.82137936,32.7327524000163],[-96.8211988,32.7328832900162],[-96.82106563,32.7330024500163],[-96.82042235,32.7336947700162],[-96.82009073,32.7340311800162]]},"properties":{"AADT_CUR":292,"RTE_NM":"1063087","RTE_PRFX":"CS","RTE_NBR":"1063087","SYSTEM":"Off"}},{"type":"Feature","geometry":{"type":"LineString","coordinates":[[-96.76452969,32.77392715],[-96.76369426,32.77325982],[-96.76302389,32.7727625],[-96.76286841,32.77264349],[-96.76197114,32.77193542],[-96.76090765,32.77111781],[-96.75988134,32.77031307],[-96.75903595,32.76965795],[-96.75818877,32.76901241],[-96.75783071,32.76872974],[-96.7573119,32.76838845]]},"properties":{"AADT_CUR":292,"RTE_NM":"1064472","RTE_PRFX":"CS","RTE_NBR":"1064472","SYSTEM":"Off"}},{"type":"Feature","geometry":{"type":"LineString","coordinates":[[-96.76945473,32.7531946500164],[-96.76890216,32.7536694300163],[-96.76879117,32.7537723500163],[-96.76811638,32.7543416400163],[-96.7667140959607,32.7554941988244]]},"properties":{"AADT_CUR":292,"RTE_NM":"1061273","RTE_PRFX":"CS","RTE_NBR":"1061273","SYSTEM":"Off"}},{"type":"Feature","geometry":{"type":"LineString","coordinates":[[-96.7990575062785,32.7391033591891],[-96.79905472,32.7391028900163],[-96.7989959771808,32.7390978891455],[-96.79884857,32.7390853400163],[-96.79856558,32.7390675500163],[-96.7985615247232,32.7390673531882]]},"properties":{"AADT_CUR":3862,"RTE_NM":"263532","RTE_PRFX":"CS","RTE_NBR":"263532","SYSTEM":"Off"}},{"type":"Feature","geometry":{"type":"LineString","coordinates":[[-96.8300316214627,32.7098733548008],[-96.83003483,32.70988217],[-96.830124755,32.710609243],[-96.830112004,32.711099925],[-96.83007647,32.711534895],[-96.83003406,32.711911995],[-96.830021451,32.712044124],[-96.82998821,32.712285236],[-96.829921727,32.712637257],[-96.829871292,32.71285715],[-96.82973145,32.713303684],[-96.829564099,32.713804224],[-96.829413609,32.714236213],[-96.82923398,32.71477154],[-96.829067774,32.715311612],[-96.828937103,32.715746561],[-96.828780067,32.716287592],[-96.828627616,32.716843086],[-96.828451094,32.717467047],[-96.828297498,32.718032177],[-96.828141608,32.718583803],[-96.827952478,32.71929551],[-96.827753031,32.720011069],[-96.827571924,32.720675512],[-96.827348407,32.721412275],[-96.827118012,32.722215572],[-96.826899079,32.722955216],[-96.826735165,32.72352224],[-96.826496746,32.724305266],[-96.826314493,32.724980284],[-96.826162042,32.725496187],[-96.826021054,32.72602173],[-96.825896113,32.726522199],[-96.825790658,32.727029414],[-96.825729907,32.727332199],[-96.82564967,32.727683198],[-96.825582416,32.72815066],[-96.825528168,32.728626257],[-96.825449077,32.729185532],[-96.825363109,32.729781442],[-96.825253643,32.730263569],[-96.82522212,32.730410135],[-96.825021527,32.731068714],[-96.824754452,32.731976061],[-96.824527496,32.732677056],[-96.824346389,32.733206413],[-96.82416299,32.733783014],[-96.824041487,32.734229442],[-96.823949788,32.734656586],[-96.823917693,32.734872567],[-96.823895777,32.735256524],[-96.823892481,32.735728937],[-96.823900505,32.735952147],[-96.823911967,32.736268882],[-96.823931007,32.736773107],[-96.823959124,32.737498716],[-96.823948235,32.737697818],[-96.823915567,32.737945127],[-96.823868571,32.738175563],[-96.82381889,32.738354429],[-96.823746496,32.738568459],[-96.823686891,32.738740562],[-96.823548194,32.739017756],[-96.823364255,32.739302762],[-96.823160467,32.739566179],[-96.82294612,32.739810487],[-96.822614217,32.740114415],[-96.822365483,32.740293745],[-96.822052322,32.740498856],[-96.82107192,32.741042538],[-96.820511742,32.741355635],[-96.819532537,32.741870311],[-96.818699126,32.742290544],[-96.817974349,32.742659732],[-96.817184022,32.743065982],[-96.816467046,32.7434362],[-96.815969996,32.743711153],[-96.815034018,32.744205158],[-96.814286949,32.74459824],[-96.812965478,32.745311564],[-96.812493932,32.74559064],[-96.812141201,32.745854361],[-96.811947265,32.746015581],[-96.811608909,32.74631272],[-96.811417486,32.74649252],[-96.811220332,32.746695939],[-96.811120035,32.746806325],[-96.810997387,32.746944187],[-96.810835194,32.74714616],[-96.81071541,32.747302339],[-96.810563819,32.747514859],[-96.81044686,32.74769395],[-96.810330442,32.747888413],[-96.810200916,32.74811786],[-96.810050185,32.748415753],[-96.809917794,32.748730033],[-96.809795718,32.749069379],[-96.809748149,32.749202417],[-96.809663327,32.74951525],[-96.809599137,32.74981362],[-96.809549848,32.750098011],[-96.809533228,32.750234422],[-96.809510168,32.750432425],[-96.809490817,32.750782956],[-96.809483939,32.751000344],[-96.80949311,32.751565744],[-96.809510412,32.752951796],[-96.809511637,32.753583086],[-96.809515472,32.754079327],[-96.809518545,32.754385189],[-96.809541454,32.754665054],[-96.809584249,32.75505894],[-96.80961921,32.755275354],[-96.809663912,32.7555337],[-96.80979,32.75616703],[-96.809868362,32.756608233],[-96.80989014,32.756818378],[-96.809905042,32.757068525],[-96.809896445,32.757372173],[-96.80989082,32.75745946],[-96.809826474,32.757836199],[-96.809623537,32.758603069],[-96.80948197,32.7589842],[-96.80938556,32.75915495],[-96.80898974,32.75979719],[-96.80855808,32.76055273],[-96.80842432,32.76075773],[-96.80580021,32.76500562],[-96.80562577,32.76526527],[-96.80545797,32.76554831],[-96.80532638,32.76584533],[-96.80523113,32.76615219],[-96.80517558,32.76646552],[-96.80504869,32.76711531],[-96.80503578,32.76764372],[-96.80503559,32.7679438],[-96.80511116,32.76836006],[-96.80521947,32.76860563],[-96.80538667,32.76879869],[-96.8054874326117,32.7688558176045]]},"properties":{"AADT_CUR":200996,"RTE_NM":"IH0035E-KG","RTE_PRFX":"IH","RTE_NBR":"35","SYSTEM":"On"}},{"type":"Feature","geometry":{"type":"LineString","coordinates":[[-96.7529054143002,32.822962117304],[-96.7528882318233,32.8229624074005]]},"properties":{"AADT_CUR":292,"RTE_NM":"1065735","RTE_PRFX":"CS","RTE_NBR":"1065735","SYSTEM":"Off"}},{"type":"Feature","geometry":{"type":"LineString","coordinates":[[-96.73973779,32.80365399],[-96.73968129,32.80367105],[-96.73956779,32.80377254],[-96.73951222,32.80382535],[-96.73885201,32.80445106],[-96.73808165,32.80521403],[-96.73780589,32.80549465],[-96.73711462,32.80616664],[-96.73679828,32.80652366],[-96.73656927,32.80674447],[-96.73628375,32.80698372],[-96.73598719,32.80720494],[-96.73564511,32.807464],[-96.73528421,32.80776953]]},"properties":{"AADT_CUR":292,"RTE_NM":"1061119","RTE_PRFX":"CS","RTE_NBR":"1061119","SYSTEM":"Off"}},{"type":"Feature","geometry":{"type":"LineString","coordinates":[[-96.7817164423231,32.7825120708149],[-96.78011838,32.782821],[-96.77899993,32.78303856],[-96.77880676,32.78309956],[-96.77863441,32.78317303],[-96.7783855588478,32.7832265183871]]},"properties":{"AADT_CUR":11314,"RTE_NM":"263012","RTE_PRFX":"CS","RTE_NBR":"263012","SYSTEM":"Off"}},{"type":"Feature","geometry":{"type":"LineString","coordinates":[[-96.75414771,32.81382396],[-96.75417198,32.81440986],[-96.75418359,32.81501895]]},"properties":{"AADT_CUR":292,"RTE_NM":"1061749","RTE_PRFX":"CS","RTE_NBR":"1061749","SYSTEM":"Off"}},{"type":"Feature","geometry":{"type":"LineString","coordinates":[[-96.8301155841699,32.8139481062605],[-96.82925288,32.8132567800166],[-96.8286244,32.8127480000166],[-96.82851065,32.8126516300166]]},"properties":{"AADT_CUR":292,"RTE_NM":"1058963","RTE_PRFX":"CS","RTE_NBR":"1058963","SYSTEM":"Off"}},{"type":"Feature","geometry":{"type":"LineString","coordinates":[[-96.83020577,32.7450827500163],[-96.83020077,32.7457383400163],[-96.83019902,32.7459609900163],[-96.83020902,32.7463803600163],[-96.83021533,32.7472120500163],[-96.83021075,32.7480614500163],[-96.83020096,32.7489272800164],[-96.8301929546792,32.7494386013587]]},"properties":{"AADT_CUR":292,"RTE_NM":"1062973","RTE_PRFX":"CS","RTE_NBR":"1062973","SYSTEM":"Off"}},{"type":"Feature","geometry":{"type":"LineString","coordinates":[[-96.83393409,32.75034916],[-96.83304999,32.75035106],[-96.83215408,32.75033355],[-96.83156189,32.75033934]]},"properties":{"AADT_CUR":292,"RTE_NM":"1065869","RTE_PRFX":"CS","RTE_NBR":"1065869","SYSTEM":"Off"}},{"type":"Feature","geometry":{"type":"LineString","coordinates":[[-96.78803095,32.73747543],[-96.78834599,32.73796362]]},"properties":{"AADT_CUR":292,"RTE_NM":"1061115","RTE_PRFX":"CS","RTE_NBR":"1061115","SYSTEM":"Off"}},{"type":"Feature","geometry":{"type":"LineString","coordinates":[[-96.7706189509063,32.75225417996],[-96.77061461,32.75225069],[-96.76989098,32.75169137],[-96.76961075,32.75150816],[-96.76891915,32.75109454],[-96.76825494,32.75069962],[-96.76770333,32.750332],[-96.76581192,32.74889045],[-96.76380569,32.74735513],[-96.76195263,32.74600552],[-96.76159971,32.74571331],[-96.76126888,32.74538756],[-96.76091432,32.74503843],[-96.76041833,32.74453666],[-96.75917499,32.74319825],[-96.75886579,32.74271422],[-96.75874127,32.74247056],[-96.7585974,32.74196959],[-96.75850567,32.74129753],[-96.75842763,32.74001121],[-96.75815189,32.73682248],[-96.75805239,32.73623547],[-96.75802353,32.73592671],[-96.75802214,32.73569951],[-96.75807183,32.73547293]]},"properties":{"AADT_CUR":22661,"RTE_NM":"263410","RTE_PRFX":"CS","RTE_NBR":"263410","SYSTEM":"Off"}},{"type":"Feature","geometry":{"type":"LineString","coordinates":[[-96.8565060335817,32.7787129917789],[-96.85649862,32.77871298],[-96.84994029,32.77858024],[-96.84810764,32.77851915],[-96.84788411,32.77855136],[-96.84564019,32.77852452],[-96.84204506,32.77854546],[-96.83860628,32.77854614],[-96.8358488073939,32.7785916096024]]},"properties":{"AADT_CUR":19363,"RTE_NM":"263683","RTE_PRFX":"CS","RTE_NBR":"263683","SYSTEM":"Off"}},{"type":"Feature","geometry":{"type":"LineString","coordinates":[[-96.7675185622527,32.7859316919408],[-96.76749382,32.78591156],[-96.7652991087019,32.7840184220546]]},"properties":{"AADT_CUR":8182,"RTE_NM":"263296","RTE_PRFX":"CS","RTE_NBR":"263296","SYSTEM":"Off"}},{"type":"Feature","geometry":{"type":"LineString","coordinates":[[-96.8618268,32.75837054],[-96.86164589,32.75843277],[-96.86043667,32.75903537],[-96.85947604,32.75952165],[-96.85860719,32.75992666],[-96.85820695,32.76014955],[-96.85810873,32.76022661],[-96.85800436,32.76032832]]},"properties":{"AADT_CUR":292,"RTE_NM":"1057928","RTE_PRFX":"CS","RTE_NBR":"1057928","SYSTEM":"Off"}},{"type":"Feature","geometry":{"type":"LineString","coordinates":[[-96.74305181,32.78938345],[-96.74188067,32.78935591],[-96.74146579,32.78935142],[-96.74061812,32.78938342],[-96.73980761,32.78938844],[-96.73739563,32.78940238],[-96.73535927,32.78939],[-96.73349299,32.78937725]]},"properties":{"AADT_CUR":292,"RTE_NM":"1060428","RTE_PRFX":"CS","RTE_NBR":"1060428","SYSTEM":"Off"}},{"type":"Feature","geometry":{"type":"LineString","coordinates":[[-96.75109887,32.7840618800165],[-96.75022062,32.7848632700165],[-96.74931361,32.7856793600165],[-96.74927711,32.7857145900165],[-96.7492649203292,32.7857261168186]]},"properties":{"AADT_CUR":292,"RTE_NM":"1065637","RTE_PRFX":"CS","RTE_NBR":"1065637","SYSTEM":"Off"}},{"type":"Feature","geometry":{"type":"LineString","coordinates":[[-96.80549534,32.7276077000162],[-96.80478225,32.7276233900162],[-96.80449726,32.7276299700162],[-96.8041611,32.7276299800162],[-96.80332046,32.7276369500162],[-96.80258668,32.7276202400162],[-96.80198908,32.7276269500162],[-96.80163822,32.7276390300162],[-96.80143461,32.7276601800162],[-96.80124932,32.7277323500162],[-96.801015,32.7278736800162],[-96.8006396599951,32.7281544500188],[-96.80054933,32.7282013300162],[-96.80044203,32.7282424600162],[-96.79949596,32.7285621600162],[-96.7990741,32.7287417600162],[-96.7989874537289,32.728781393901]]},"properties":{"AADT_CUR":1400,"RTE_NM":"1065056","RTE_PRFX":"CS","RTE_NBR":"1065056","SYSTEM":"Off"}},{"type":"Feature","geometry":{"type":"LineString","coordinates":[[-96.8742570519157,32.7306969218136],[-96.8741902,32.7306916500163],[-96.87189416,32.7307262000162],[-96.87183326,32.7307212700162],[-96.87121863,32.7307173400162],[-96.87034035,32.7307237000162],[-96.87006863,32.7307311300162],[-96.86935934,32.7307891800163],[-96.86885835,32.7308403200162],[-96.86810932,32.7308923600162],[-96.8677082,32.7309063300163],[-96.86663509,32.7309843300162],[-96.86627288,32.7310043100162],[-96.86551435,32.7310424400163],[-96.86484367,32.7310789800163],[-96.86404809,32.7310987500162],[-96.86358304,32.7310953700163],[-96.86251937,32.7311019800162],[-96.86199328,32.7311019100162],[-96.86146631,32.7311059700162],[-96.86033191,32.7311116300163],[-96.85973901,32.7311189300162],[-96.85920475,32.7311215000162],[-96.85852583,32.7311194000163],[-96.85724333,32.7311313300162],[-96.85705626,32.7311343400162],[-96.85698614,32.7311444100162],[-96.8569671379604,32.7311437978139]]},"properties":{"AADT_CUR":292,"RTE_NM":"1060954","RTE_PRFX":"CS","RTE_NBR":"1060954","SYSTEM":"Off"}},{"type":"Feature","geometry":{"type":"LineString","coordinates":[[-96.839214,32.82776916],[-96.83848962,32.82715607]]},"properties":{"AADT_CUR":1238,"RTE_NM":"1063432","RTE_PRFX":"CS","RTE_NBR":"1063432","SYSTEM":"Off"}},{"type":"Feature","geometry":{"type":"LineString","coordinates":[[-96.73681237,32.80880425],[-96.73674221,32.80877164],[-96.73645419,32.80860399],[-96.73615822,32.80838536],[-96.73575823,32.80811851],[-96.7355128,32.80793773],[-96.73528421,32.80776953],[-96.73513097,32.80761754],[-96.73500623,32.80746456],[-96.73482272,32.80728052],[-96.73464003,32.80713634],[-96.73390196,32.80651969],[-96.73344695,32.80651242]]},"properties":{"AADT_CUR":292,"RTE_NM":"1064725","RTE_PRFX":"CS","RTE_NBR":"1064725","SYSTEM":"Off"}},{"type":"Feature","geometry":{"type":"LineString","coordinates":[[-96.814941855442,32.79323383922],[-96.81493219,32.7932421800165],[-96.8149134021392,32.7932490209937]]},"properties":{"AADT_CUR":1773,"RTE_NM":"1061533","RTE_PRFX":"CS","RTE_NBR":"1061533","SYSTEM":"Off"}},{"type":"Feature","geometry":{"type":"LineString","coordinates":[[-96.84667483,32.7282283500162],[-96.84617918,32.7277736500162],[-96.84591337,32.7275515600162],[-96.84577007,32.7274314400162],[-96.84539393,32.7271955200162],[-96.84511467,32.7270845900162],[-96.84478162,32.7269811900162],[-96.8446130402859,32.7269617016663]]},"properties":{"AADT_CUR":292,"RTE_NM":"1058704","RTE_PRFX":"CS","RTE_NBR":"1058704","SYSTEM":"Off"}},{"type":"Feature","geometry":{"type":"LineString","coordinates":[[-96.8405396343873,32.7371518974957],[-96.84053908,32.7371553200162],[-96.84051384,32.7382876100163],[-96.84050501,32.7392826600163],[-96.84046184,32.7412435500163],[-96.84046484,32.7413013200163],[-96.8404635926164,32.7413278787103],[-96.84046213,32.7413590200163],[-96.8404628296658,32.7414589188859],[-96.84046368,32.7415803300163],[-96.84044384,32.7420322900163],[-96.84044489,32.7424116900163],[-96.84043775,32.7431414700163],[-96.8404387398388,32.7431999936272],[-96.84043968,32.7432555800163],[-96.84042472,32.7436210200163],[-96.84043039,32.7442313900163],[-96.84040926,32.7451438000163]]},"properties":{"AADT_CUR":292,"RTE_NM":"1064482","RTE_PRFX":"CS","RTE_NBR":"1064482","SYSTEM":"Off"}},{"type":"Feature","geometry":{"type":"LineString","coordinates":[[-96.7734079817002,32.7594818930488],[-96.7728727114113,32.7599435438703],[-96.77196188,32.7606906200164],[-96.77191885,32.7607285100164],[-96.77184521,32.7607920900164],[-96.77170463,32.7609097000164],[-96.7714582928523,32.7611170491318]]},"properties":{"AADT_CUR":292,"RTE_NM":"1065946","RTE_PRFX":"CS","RTE_NBR":"1065946","SYSTEM":"Off"}},{"type":"Feature","geometry":{"type":"LineString","coordinates":[[-96.7974987703414,32.8102200165686],[-96.79716035,32.8105020700498],[-96.79714565,32.8105101400498],[-96.79707801,32.8104910700498],[-96.7966171095494,32.8101860797398]]},"properties":{"AADT_CUR":292,"RTE_NM":"1058392","RTE_PRFX":"CS","RTE_NBR":"1058392","SYSTEM":"Off"}},{"type":"Feature","geometry":{"type":"LineString","coordinates":[[-96.7925082860252,32.7917732038656],[-96.792537533,32.792133352],[-96.792581458,32.792751055],[-96.7926201192355,32.793191453785]]},"properties":{"AADT_CUR":7164,"RTE_NM":"864","RTE_PRFX":"IH","RTE_NBR":"345","SYSTEM":"On"}},{"type":"Feature","geometry":{"type":"LineString","coordinates":[[-96.7612956217677,32.7981592157243],[-96.761211172856,32.7981686858092]]},"properties":{"AADT_CUR":292,"RTE_NM":"1063090","RTE_PRFX":"CS","RTE_NBR":"1063090","SYSTEM":"Off"}},{"type":"Feature","geometry":{"type":"LineString","coordinates":[[-96.75801521,32.77905662],[-96.75690821,32.77813253],[-96.75648562,32.77777745],[-96.75634734,32.77769305],[-96.75631095,32.77767384],[-96.75621286,32.77765326],[-96.75611977,32.77763489],[-96.75600889,32.77762267],[-96.75591298,32.77761919],[-96.75580184,32.77761976],[-96.75570806,32.77763765],[-96.75560484,32.77768957],[-96.75437717,32.77869079]]},"properties":{"AADT_CUR":292,"RTE_NM":"1059390","RTE_PRFX":"CS","RTE_NBR":"1059390","SYSTEM":"Off"}},{"type":"Feature","geometry":{"type":"LineString","coordinates":[[-96.86079264,32.77587537],[-96.86051536,32.77577962],[-96.86002701,32.77570446],[-96.85920829,32.77558919],[-96.85839265,32.77548358],[-96.85753013,32.77536223],[-96.85673363,32.77527748]]},"properties":{"AADT_CUR":292,"RTE_NM":"1062954","RTE_PRFX":"CS","RTE_NBR":"1062954","SYSTEM":"Off"}},{"type":"Feature","geometry":{"type":"LineString","coordinates":[[-96.8358266976928,32.7804830161916],[-96.83572285,32.7804796900165],[-96.83475977,32.7805135400165],[-96.8346933,32.7805002700165],[-96.83461031,32.7805005300165],[-96.83354776,32.7805014200164],[-96.83293727,32.7805179700165],[-96.83205068,32.7805074600165]]},"properties":{"AADT_CUR":292,"RTE_NM":"1063862","RTE_PRFX":"CS","RTE_NBR":"1063862","SYSTEM":"Off"}},{"type":"Feature","geometry":{"type":"LineString","coordinates":[[-96.8302276710282,32.7785933031734],[-96.83020418,32.7796263500165],[-96.83020076,32.7801541300165],[-96.83018837,32.7805099600165],[-96.8301783,32.7812177200164],[-96.8301616,32.7829700300165],[-96.8301641,32.7830965200165]]},"properties":{"AADT_CUR":292,"RTE_NM":"1061255","RTE_PRFX":"CS","RTE_NBR":"1061255","SYSTEM":"Off"}},{"type":"Feature","geometry":{"type":"LineString","coordinates":[[-96.75097833,32.7677222],[-96.75055761,32.7673589]]},"properties":{"AADT_CUR":292,"RTE_NM":"1057708","RTE_PRFX":"CS","RTE_NBR":"1057708","SYSTEM":"Off"}},{"type":"Feature","geometry":{"type":"LineString","coordinates":[[-96.75393132,32.76540084],[-96.75444287,32.76586163],[-96.75485067,32.7662206],[-96.75504073,32.7664006],[-96.75524541,32.7666234],[-96.75534476,32.7667004],[-96.75545587,32.76675832]]},"properties":{"AADT_CUR":292,"RTE_NM":"1059459","RTE_PRFX":"CS","RTE_NBR":"1059459","SYSTEM":"Off"}},{"type":"Feature","geometry":{"type":"LineString","coordinates":[[-96.8065977,32.73234981],[-96.80663334,32.73235306],[-96.80667544,32.73240326],[-96.80668099,32.73252242],[-96.80668611,32.73266474],[-96.80671918,32.73277767],[-96.80677125,32.73292062],[-96.80683689,32.73306783],[-96.80687489,32.73320385],[-96.80678087,32.73323668],[-96.80665364,32.73334081],[-96.80658548,32.7334259],[-96.80653695,32.73350794],[-96.80654333,32.73358412],[-96.80657312,32.73366392],[-96.80689192,32.73389195],[-96.80721199,32.73412172],[-96.80726307,32.7341719],[-96.80731909,32.73426201],[-96.80735924,32.73433128]]},"properties":{"AADT_CUR":292,"RTE_NM":"1059020","RTE_PRFX":"CS","RTE_NBR":"1059020","SYSTEM":"Off"}},{"type":"Feature","geometry":{"type":"LineString","coordinates":[[-96.84214401,32.77639649],[-96.84113773,32.77640232],[-96.84040056,32.7764075]]},"properties":{"AADT_CUR":292,"RTE_NM":"1060030","RTE_PRFX":"CS","RTE_NBR":"1060030","SYSTEM":"Off"}},{"type":"Feature","geometry":{"type":"LineString","coordinates":[[-96.79687903,32.82022791],[-96.79679589,32.82023365],[-96.79658532,32.82022114],[-96.79611937,32.82024088],[-96.79590723,32.8202256],[-96.79548983,32.82013328]]},"properties":{"AADT_CUR":292,"RTE_NM":"1060216","RTE_PRFX":"CS","RTE_NBR":"1060216","SYSTEM":"Off"}},{"type":"Feature","geometry":{"type":"LineString","coordinates":[[-96.8584871978445,32.8165613456182],[-96.8584918112452,32.8165752912112]]},"properties":{"AADT_CUR":292,"RTE_NM":"1066416","RTE_PRFX":"CS","RTE_NBR":"1066416","SYSTEM":"Off"}},{"type":"Feature","geometry":{"type":"LineString","coordinates":[[-96.8175005583029,32.8159998199241],[-96.81749223,32.8159927200333],[-96.8174789938599,32.8159823638935],[-96.8174185669305,32.8159350849779],[-96.8172523093709,32.815805002227],[-96.8161501,32.8149426000333],[-96.8161419772048,32.8149359423524],[-96.8148571540096,32.8138828449658],[-96.81467833,32.8137362700332],[-96.8137832741653,32.8130462895942]]},"properties":{"AADT_CUR":11373,"RTE_NM":"263025","RTE_PRFX":"CS","RTE_NBR":"263025","SYSTEM":"Off"}},{"type":"Feature","geometry":{"type":"LineString","coordinates":[[-96.811437407,32.784032262],[-96.81154169,32.78447124],[-96.81162155,32.78477645],[-96.81165049,32.78489901],[-96.81169014,32.78511192],[-96.81173247,32.78536618],[-96.81176345,32.78550735],[-96.811967028,32.78646259],[-96.81209967,32.786979402],[-96.812537011,32.788346737],[-96.813073453,32.790100511],[-96.813385232,32.791133487],[-96.813503089,32.791585218],[-96.813727753,32.792371501],[-96.814039444,32.793420998],[-96.814309944,32.7943192],[-96.814456663,32.794804832],[-96.814550655,32.795144001],[-96.81463777,32.795352127],[-96.814768442,32.795589159],[-96.814880774,32.795889784],[-96.814997691,32.79621546],[-96.815051679,32.796382701]]},"properties":{"AADT_CUR":4567,"RTE_NM":"1599253415","RTE_PRFX":"IH","RTE_NBR":"35","SYSTEM":"On"}},{"type":"Feature","geometry":{"type":"LineString","coordinates":[[-96.79205736,32.7366964800163],[-96.79203338,32.7367593800163],[-96.7920745600007,32.7371395500325],[-96.79212188,32.7381876200163],[-96.7921569,32.7386004200163],[-96.79220846,32.7388236400163],[-96.7922628,32.7389265700163]]},"properties":{"AADT_CUR":292,"RTE_NM":"1064808","RTE_PRFX":"CS","RTE_NBR":"1064808","SYSTEM":"Off"}},{"type":"Feature","geometry":{"type":"LineString","coordinates":[[-96.75347303,32.73838841],[-96.75367735,32.73857962],[-96.75398697,32.7388795],[-96.75434863,32.73913888],[-96.75456399,32.73931098],[-96.75515717,32.73978939],[-96.75571665,32.74024536],[-96.75602733,32.74049301],[-96.75626209,32.74069145],[-96.75635775,32.7407759],[-96.75681681,32.74116113],[-96.75700221,32.74128744],[-96.75715476,32.74142841],[-96.75721394,32.74156257]]},"properties":{"AADT_CUR":3322,"RTE_NM":"1062958","RTE_PRFX":"CS","RTE_NBR":"1062958","SYSTEM":"Off"}},{"type":"Feature","geometry":{"type":"LineString","coordinates":[[-96.75611475,32.8031905300166],[-96.7560588,32.8031801200166],[-96.75601308,32.8031877300166],[-96.75597219,32.8031981500166],[-96.75594259,32.8032128500166],[-96.7558989036349,32.8032517889073]]},"properties":{"AADT_CUR":292,"RTE_NM":"1057734","RTE_PRFX":"CS","RTE_NBR":"1057734","SYSTEM":"Off"}},{"type":"Feature","geometry":{"type":"LineString","coordinates":[[-96.795821641,32.788199485],[-96.7958092576213,32.7881893568598]]},"properties":{"AADT_CUR":292,"RTE_NM":"1059645","RTE_PRFX":"CS","RTE_NBR":"1059645","SYSTEM":"Off"}},{"type":"Feature","geometry":{"type":"LineString","coordinates":[[-96.77193832,32.75166496],[-96.771499234,32.752024924],[-96.771408835,32.752236005],[-96.771410429,32.752351378],[-96.771461897,32.752469334],[-96.771548738,32.7525699],[-96.771756477,32.752756213],[-96.771969185,32.752946983],[-96.771989322,32.753060506],[-96.7719396584918,32.7531587406991]]},"properties":{"AADT_CUR":292,"RTE_NM":"1062583","RTE_PRFX":"CS","RTE_NBR":"1062583","SYSTEM":"Off"}},{"type":"Feature","geometry":{"type":"LineString","coordinates":[[-96.778390286,32.787190866],[-96.7783911,32.787369943],[-96.778310123,32.787478755],[-96.77814891,32.78763382],[-96.77782899,32.78789331],[-96.77776319,32.78792951]]},"properties":{"AADT_CUR":292,"RTE_NM":"1059680","RTE_PRFX":"CS","RTE_NBR":"1059680","SYSTEM":"Off"}},{"type":"Feature","geometry":{"type":"LineString","coordinates":[[-96.7564128706287,32.7729072346991],[-96.75647064,32.7729498100164],[-96.7568466,32.7732753500165],[-96.7570113,32.7737532500164],[-96.75706369,32.7738612000164],[-96.75711737,32.7739444200165],[-96.7571809,32.7740236700165],[-96.75730274,32.7741573400164],[-96.75753892,32.7743929500164],[-96.75778782,32.7746026100165],[-96.75825298,32.7749489800165],[-96.7587367,32.7753323200164],[-96.75907762,32.7755763000164],[-96.75967209,32.7759224600164],[-96.75982625,32.7760263400165],[-96.75999198,32.7761619900165],[-96.76008062,32.7762470800164],[-96.76018212,32.7763405900164],[-96.76041922,32.7765294700165],[-96.76055487,32.7766647000164],[-96.76067263,32.7767996700165],[-96.76075623,32.7769341900165],[-96.76083898,32.7771126600165],[-96.76088313,32.7772259800164],[-96.76094328,32.7774770000165],[-96.76096982,32.7775763400165],[-96.7609913,32.7776426200164],[-96.76101465,32.7776965500164],[-96.76107533,32.7777963600165],[-96.76159933,32.7782916600165],[-96.76187178,32.7784617900165],[-96.76200781,32.7785365500165],[-96.76208525,32.7785706100165],[-96.76215634,32.7785963500165],[-96.76254661,32.7787749900165],[-96.76270116,32.7788596400164],[-96.76281908,32.7789451300165],[-96.76291994,32.7790290100165],[-96.76301479,32.7791293000165],[-96.76315313,32.7792521900165],[-96.76383801,32.7798305300165],[-96.76405708,32.7799948800165],[-96.76472343,32.7805959200165],[-96.76483384,32.7806854500165],[-96.76498301,32.7807830100165],[-96.7651458,32.7808986400165],[-96.76538809,32.7810237800165],[-96.76543625,32.7810514300165],[-96.76549575,32.7810772600165],[-96.76555873,32.7810963100165],[-96.76562412,32.7811082500165],[-96.76569079,32.7811128700165],[-96.76571398,32.7811127500165],[-96.76584097,32.7811132200165],[-96.7659822,32.7811206600165],[-96.76612262,32.7811353600164],[-96.7661743,32.7811426300165],[-96.76652474,32.7812286100165],[-96.766555492644,32.7812359770846],[-96.76658819,32.7812438100165],[-96.76666526,32.7812634300165],[-96.7667437,32.7812795500165],[-96.76719023,32.7813689800165],[-96.7677339,32.7815250100164]]},"properties":{"AADT_CUR":292,"RTE_NM":"1057708","RTE_PRFX":"CS","RTE_NBR":"1057708","SYSTEM":"Off"}},{"type":"Feature","geometry":{"type":"LineString","coordinates":[[-96.848195460009,32.7495282259664],[-96.84802739,32.7494458800163],[-96.84773317,32.7493451000163],[-96.84765776,32.7492835800163],[-96.84753359,32.7492048400163],[-96.84734935,32.7491173000163],[-96.84723381,32.7490686600163],[-96.84714481,32.7490372700163],[-96.84663628,32.7490226800163],[-96.84648367,32.7490152600163],[-96.84528216,32.7489873800163],[-96.84469816,32.7489906000163],[-96.84405308,32.7489985000163],[-96.84355889,32.7489836700163],[-96.84281637,32.7489833900163],[-96.84158083,32.7489916600163],[-96.84034894,32.7489793400163],[-96.83942112,32.7489724400163],[-96.8393924670629,32.7489718890762],[-96.83825122,32.7489499400163],[-96.83757187,32.7489642200163],[-96.8375561784548,32.7489636822457],[-96.83717768,32.7489507100163],[-96.8357528000078,32.7489508398506],[-96.8339212910921,32.7489509839579],[-96.83340404,32.7489510200163],[-96.83278602,32.7489468600163],[-96.831945,32.7489520700163],[-96.83088081,32.7489309100163],[-96.83020096,32.7489272800164],[-96.8290192,32.7489306400163],[-96.8283049,32.7489430300163],[-96.82787891,32.7489345600163],[-96.82716078,32.7489345200163],[-96.826497099999,32.7489365800163],[-96.82540915,32.7489246700163],[-96.8246381816982,32.7489237778717],[-96.8242735193609,32.7489233543122],[-96.82418386,32.7489232500163],[-96.8228764876956,32.7488975299041],[-96.82285515,32.7488971100163]]},"properties":{"AADT_CUR":292,"RTE_NM":"1065825","RTE_PRFX":"CS","RTE_NBR":"1065825","SYSTEM":"Off"}},{"type":"Feature","geometry":{"type":"LineString","coordinates":[[-96.74890576,32.77579605],[-96.74823662,32.77523955],[-96.74790862,32.77495863],[-96.74758723,32.77467232]]},"properties":{"AADT_CUR":292,"RTE_NM":"1059285","RTE_PRFX":"CS","RTE_NBR":"1059285","SYSTEM":"Off"}},{"type":"Feature","geometry":{"type":"LineString","coordinates":[[-96.80149305,32.82797468],[-96.79982018,32.82797795],[-96.79881174,32.8279724],[-96.79827027,32.82798012],[-96.79761702,32.82800143],[-96.79710583,32.8279587],[-96.79682386,32.82797545],[-96.7967287,32.8279714],[-96.79666365,32.82796776],[-96.79642967,32.82794394],[-96.79591801,32.82788333],[-96.79541176,32.82779529],[-96.79488902,32.82767541],[-96.79450806,32.82754923],[-96.79410013,32.82738558],[-96.79354795,32.82710446],[-96.7928902,32.82668308],[-96.79257168,32.82639967],[-96.79230096,32.82617054],[-96.79150938,32.82551362],[-96.79120914,32.82525384]]},"properties":{"AADT_CUR":2796,"RTE_NM":"1117251","RTE_PRFX":"CS","RTE_NBR":"1117251","SYSTEM":"Off"}},{"type":"Feature","geometry":{"type":"LineString","coordinates":[[-96.81555024,32.8302867],[-96.81471634,32.83021768],[-96.81401079,32.83020674],[-96.8134044,32.83024664],[-96.81314739,32.83027751],[-96.81243428,32.83040667],[-96.81202383,32.83050145],[-96.81157005,32.83064923],[-96.81074498,32.83092944],[-96.81040835,32.83103758]]},"properties":{"AADT_CUR":292,"RTE_NM":"1117293","RTE_PRFX":"CS","RTE_NBR":"1117293","SYSTEM":"Off"}},{"type":"Feature","geometry":{"type":"LineString","coordinates":[[-96.81805815,32.72508838],[-96.818033883,32.726326017],[-96.81802111,32.72674283],[-96.81802598,32.72708653],[-96.81802616,32.7276776],[-96.81803064,32.72812851],[-96.81802598,32.72914699],[-96.81806089,32.72940724]]},"properties":{"AADT_CUR":292,"RTE_NM":"1057991","RTE_PRFX":"CS","RTE_NBR":"1057991","SYSTEM":"Off"}},{"type":"Feature","geometry":{"type":"LineString","coordinates":[[-96.85113282,32.80280262],[-96.85016609,32.80253826],[-96.8492281,32.80226052],[-96.84829503,32.80189351],[-96.84780022,32.80167663],[-96.84736887,32.80146198]]},"properties":{"AADT_CUR":292,"RTE_NM":"1062807","RTE_PRFX":"CS","RTE_NBR":"1062807","SYSTEM":"Off"}},{"type":"Feature","geometry":{"type":"LineString","coordinates":[[-96.8363566761088,32.7706714636159],[-96.83635339,32.7706711700164],[-96.8356618,32.7713285600164]]},"properties":{"AADT_CUR":29,"RTE_NM":"1060389","RTE_PRFX":"CS","RTE_NBR":"1060389","SYSTEM":"Off"}},{"type":"Feature","geometry":{"type":"LineString","coordinates":[[-96.789506602173,32.7905528563898],[-96.78949461897,32.7905424092662]]},"properties":{"AADT_CUR":292,"RTE_NM":"1057825","RTE_PRFX":"CS","RTE_NBR":"1057825","SYSTEM":"Off"}},{"type":"Feature","geometry":{"type":"LineString","coordinates":[[-96.78843308,32.79359563],[-96.78760716,32.79435539],[-96.78754611,32.79439853],[-96.78751569,32.7944146]]},"properties":{"AADT_CUR":292,"RTE_NM":"1058177","RTE_PRFX":"CS","RTE_NBR":"1058177","SYSTEM":"Off"}},{"type":"Feature","geometry":{"type":"LineString","coordinates":[[-96.7922724322159,32.789622507218],[-96.792357605,32.789830262],[-96.79268323,32.79035873],[-96.7927805,32.79053326],[-96.79280789,32.79065787],[-96.79283976,32.79090436],[-96.79299291,32.79181316],[-96.79304499,32.79212227],[-96.79307226,32.79230609],[-96.79308777,32.79241076],[-96.79314511,32.79279717],[-96.79316082,32.7928675],[-96.79316359,32.79289365],[-96.79317079,32.79314334],[-96.79317131,32.79316142],[-96.79318409,32.79360456],[-96.79319968,32.79389345],[-96.7932291,32.79426771],[-96.79327036,32.79451083],[-96.79329269,32.79464247],[-96.79329652,32.79467397],[-96.79331679,32.79484004],[-96.79334459,32.79506817],[-96.793352,32.79512886]]},"properties":{"AADT_CUR":499,"RTE_NM":"IH0345-XG","RTE_PRFX":"IH","RTE_NBR":"345","SYSTEM":"On"}},{"type":"Feature","geometry":{"type":"LineString","coordinates":[[-96.78396374,32.77271236],[-96.78340978,32.7730896],[-96.78307733,32.77328308],[-96.78296295,32.77335299],[-96.78245109,32.77369766],[-96.78232398,32.7737495],[-96.78223511,32.77375927],[-96.78213503,32.77376064],[-96.7820584,32.77376919],[-96.78202983,32.77377431],[-96.78199629,32.77378346],[-96.78196429,32.77379814],[-96.7818768,32.7738629],[-96.78158383,32.77403617],[-96.78090697,32.77445705],[-96.78085574,32.77449759],[-96.78081084,32.77454782],[-96.78074675,32.77462254],[-96.78069268,32.774685],[-96.78064801,32.77472152],[-96.78059114,32.77475922],[-96.77971362,32.77530407],[-96.77949155,32.77543508],[-96.77892758,32.77577612],[-96.77886803,32.77581164],[-96.77825879,32.77618397],[-96.77806936,32.77630368],[-96.77686935,32.77705954],[-96.7767424,32.77713737],[-96.77678506,32.77719321],[-96.7768088,32.77724312],[-96.77682324,32.7772942],[-96.77683156,32.7773439],[-96.77683542,32.77738309],[-96.77683623,32.77742094],[-96.77682611,32.77746516],[-96.77681452,32.77750545],[-96.77679831,32.77754436],[-96.776779,32.77757681],[-96.77640113,32.77795009],[-96.77608126,32.77828548],[-96.77551459,32.77886346],[-96.77513059,32.77924513]]},"properties":{"AADT_CUR":1952,"RTE_NM":"1061276","RTE_PRFX":"CS","RTE_NBR":"1061276","SYSTEM":"Off"}},{"type":"Feature","geometry":{"type":"LineString","coordinates":[[-96.7542345735388,32.7836372595139],[-96.7542229833835,32.7836265096713]]},"properties":{"AADT_CUR":292,"RTE_NM":"1060571","RTE_PRFX":"CS","RTE_NBR":"1060571","SYSTEM":"Off"}},{"type":"Feature","geometry":{"type":"LineString","coordinates":[[-96.7819636814747,32.7834777444538],[-96.78040737,32.78377396],[-96.7767583,32.78445659],[-96.77536695,32.78472914],[-96.77429682,32.78493475],[-96.77410442,32.78486266],[-96.77406973,32.78485527],[-96.77399242,32.78484427],[-96.77391415,32.78484051],[-96.77383585,32.78484405],[-96.77375851,32.78485485],[-96.77368304,32.78487276],[-96.77361035,32.78489759],[-96.7736016802285,32.7849011145277]]},"properties":{"AADT_CUR":2013,"RTE_NM":"263082","RTE_PRFX":"CS","RTE_NBR":"263082","SYSTEM":"Off"}},{"type":"Feature","geometry":{"type":"LineString","coordinates":[[-96.8466623094448,32.7412874407794],[-96.84662367,32.7418480000163],[-96.84659519,32.7431589300163],[-96.84658137,32.7446872300163],[-96.84658561,32.7449828100163]]},"properties":{"AADT_CUR":292,"RTE_NM":"1064428","RTE_PRFX":"CS","RTE_NBR":"1064428","SYSTEM":"Off"}},{"type":"Feature","geometry":{"type":"LineString","coordinates":[[-96.74927664,32.823754],[-96.74946055,32.82379986],[-96.74955665,32.8238322],[-96.74962273,32.82386411],[-96.74968857,32.82390869],[-96.7497427,32.82395451],[-96.74977866,32.82399164],[-96.74981452,32.82403438],[-96.74984708,32.82407427],[-96.74987621,32.82411975],[-96.74993298,32.82421909]]},"properties":{"AADT_CUR":292,"RTE_NM":"1264138","RTE_PRFX":"CS","RTE_NBR":"1264138","SYSTEM":"Off"}},{"type":"Feature","geometry":{"type":"LineString","coordinates":[[-96.74312663,32.78548076],[-96.74311798,32.78641122],[-96.74310039,32.78734018],[-96.74306171,32.78834855],[-96.74305181,32.78938345],[-96.7430522,32.78948655],[-96.74304538,32.79003627],[-96.74304205,32.79032764],[-96.74303714,32.79041142],[-96.743048781,32.79089071],[-96.743056127,32.790927962],[-96.743072862,32.79095563],[-96.743096273,32.790969816],[-96.743136389,32.790979022],[-96.743196246,32.790982494]]},"properties":{"AADT_CUR":292,"RTE_NM":"1064979","RTE_PRFX":"CS","RTE_NBR":"1064979","SYSTEM":"Off"}},{"type":"Feature","geometry":{"type":"LineString","coordinates":[[-96.7563974518563,32.8011260191295],[-96.75556266,32.8003938000332],[-96.7551214800038,32.8000242500134],[-96.75510873,32.8000135700331],[-96.7547172826345,32.7996836878298],[-96.7544748,32.7994793400332],[-96.7543550616515,32.79935261396],[-96.7541676990036,32.7991543162191]]},"properties":{"AADT_CUR":9425,"RTE_NM":"262944","RTE_PRFX":"CS","RTE_NBR":"262944","SYSTEM":"Off"}},{"type":"Feature","geometry":{"type":"LineString","coordinates":[[-96.7742222890082,32.807899561732],[-96.7744286,32.8080671800166],[-96.77644126,32.8097816600166],[-96.77720013,32.8104340900166],[-96.7780344,32.8111425300166],[-96.78016092,32.8129946000166],[-96.78027013,32.8130703300166],[-96.78037198,32.8131487200166],[-96.78046514,32.8132132300167],[-96.78063316,32.8133626400166],[-96.78086116,32.8135664700166],[-96.7810887,32.8137524300166],[-96.78122433,32.8138931400166],[-96.78129379,32.8139628200166],[-96.78147307,32.8141192400166],[-96.78173885,32.8143483400166],[-96.78208893,32.8146363400166],[-96.78239124,32.8149126700166],[-96.78339714,32.8157155400166]]},"properties":{"AADT_CUR":292,"RTE_NM":"1063025","RTE_PRFX":"CS","RTE_NBR":"1063025","SYSTEM":"Off"}},{"type":"Feature","geometry":{"type":"LineString","coordinates":[[-96.80293624,32.80113445],[-96.80393518,32.8019618]]},"properties":{"AADT_CUR":292,"RTE_NM":"1065776","RTE_PRFX":"CS","RTE_NBR":"1065776","SYSTEM":"Off"}},{"type":"Feature","geometry":{"type":"LineString","coordinates":[[-96.74397727,32.77029015],[-96.74374417,32.77047656],[-96.74335973,32.77082989],[-96.74273557,32.77137364],[-96.74221773,32.77184878],[-96.74164181,32.77238084]]},"properties":{"AADT_CUR":292,"RTE_NM":"1062505","RTE_PRFX":"CS","RTE_NBR":"1062505","SYSTEM":"Off"}},{"type":"Feature","geometry":{"type":"LineString","coordinates":[[-96.85978328,32.82969284],[-96.85977847,32.82975101],[-96.85976429,32.82979054],[-96.85976024,32.83005442],[-96.85971691,32.83020065]]},"properties":{"AADT_CUR":292,"RTE_NM":"1260608","RTE_PRFX":"CS","RTE_NBR":"1260608","SYSTEM":"Off"}},{"type":"Feature","geometry":{"type":"LineString","coordinates":[[-96.75875738,32.79774584],[-96.75775701,32.79858954],[-96.75679221,32.7993609],[-96.75603103,32.79999764],[-96.75556266,32.80039381],[-96.75385069,32.80178971]]},"properties":{"AADT_CUR":292,"RTE_NM":"1060136","RTE_PRFX":"CS","RTE_NBR":"1060136","SYSTEM":"Off"}},{"type":"Feature","geometry":{"type":"LineString","coordinates":[[-96.74935833,32.7699275500164],[-96.7484870924557,32.7692206555761]]},"properties":{"AADT_CUR":292,"RTE_NM":"1058028","RTE_PRFX":"CS","RTE_NBR":"1058028","SYSTEM":"Off"}},{"type":"Feature","geometry":{"type":"LineString","coordinates":[[-96.8229076,32.76232953],[-96.82167183,32.76231732],[-96.82016105,32.76233265]]},"properties":{"AADT_CUR":292,"RTE_NM":"1060138","RTE_PRFX":"CS","RTE_NBR":"1060138","SYSTEM":"Off"}},{"type":"Feature","geometry":{"type":"LineString","coordinates":[[-96.77741628,32.81820465],[-96.77573169,32.8181923],[-96.77471358,32.81818644],[-96.77335502,32.81819233],[-96.77302521,32.81820149],[-96.77286261,32.81819236]]},"properties":{"AADT_CUR":292,"RTE_NM":"1058490","RTE_PRFX":"CS","RTE_NBR":"1058490","SYSTEM":"Off"}},{"type":"Feature","geometry":{"type":"LineString","coordinates":[[-96.8054044719803,32.7966954504699],[-96.8053702296268,32.7966972017031]]},"properties":{"AADT_CUR":960,"RTE_NM":"1061452","RTE_PRFX":"CS","RTE_NBR":"1061452","SYSTEM":"Off"}},{"type":"Feature","geometry":{"type":"LineString","coordinates":[[-96.79212188,32.73818762],[-96.7918151,32.73819063],[-96.79164108,32.73819325],[-96.79157645,32.73816229],[-96.79154475,32.73806328],[-96.79152834,32.73794555],[-96.79150615,32.73783116],[-96.79144294,32.73780626],[-96.79087575,32.73791188]]},"properties":{"AADT_CUR":292,"RTE_NM":"1064153","RTE_PRFX":"CS","RTE_NBR":"1064153","SYSTEM":"Off"}},{"type":"Feature","geometry":{"type":"LineString","coordinates":[[-96.8050575795017,32.7920463165883],[-96.8050547,32.79199222],[-96.80503454,32.7916136],[-96.80497735,32.79073225],[-96.80501014,32.78966588],[-96.80501824,32.78948608],[-96.80504738,32.78940813]]},"properties":{"AADT_CUR":7041,"RTE_NM":"263023","RTE_PRFX":"CS","RTE_NBR":"263023","SYSTEM":"Off"}},{"type":"Feature","geometry":{"type":"LineString","coordinates":[[-96.79966928,32.7821168100165],[-96.79907642,32.7825981600165],[-96.79833784,32.7832279500165],[-96.7983281122512,32.7832361361654],[-96.7975661499789,32.7838773400332],[-96.79671109,32.7845534300165],[-96.79658868,32.7846575900165],[-96.7965441919855,32.7846983140298],[-96.79647771,32.7847591700165],[-96.7957093,32.7853819400165],[-96.7956934805849,32.7853973074197],[-96.7951043949516,32.7859695550578],[-96.794701966,32.7863125820165],[-96.794098922,32.7867724230165],[-96.79359315,32.7871580860165]]},"properties":{"AADT_CUR":2729,"RTE_NM":"1058710","RTE_PRFX":"CS","RTE_NBR":"1058710","SYSTEM":"Off"}},{"type":"Feature","geometry":{"type":"LineString","coordinates":[[-96.8221332186544,32.7494009902096],[-96.82213635,32.7494056200163],[-96.8221358502254,32.7494437916163]]},"properties":{"AADT_CUR":292,"RTE_NM":"1063007","RTE_PRFX":"CS","RTE_NBR":"1063007","SYSTEM":"Off"}},{"type":"Feature","geometry":{"type":"LineString","coordinates":[[-96.83970524,32.7532180800163],[-96.83894167,32.7532106200163],[-96.83754466,32.7531960800163],[-96.837460152089,32.7531949470986]]},"properties":{"AADT_CUR":292,"RTE_NM":"1060396","RTE_PRFX":"CS","RTE_NBR":"1060396","SYSTEM":"Off"}},{"type":"Feature","geometry":{"type":"LineString","coordinates":[[-96.75680415,32.7655799900164],[-96.75690533,32.7655635400164],[-96.75696195,32.7655794400164],[-96.75699915,32.7655909600164],[-96.75739514,32.7659305300164],[-96.75748237,32.7660032200164],[-96.75803678,32.7664783500164],[-96.75857384,32.7669243600164],[-96.75873683,32.7670338600164],[-96.75908083,32.7673287000164],[-96.75994114,32.7680926300164],[-96.76050372,32.7685664800164],[-96.76075103,32.7687733700164],[-96.76092269,32.7688967300164],[-96.7610371,32.7689945500164],[-96.76164402,32.7694896300164],[-96.76173623,32.7695995200164],[-96.76231993,32.7700764000164],[-96.76244881,32.7701826600164],[-96.7631432,32.7708232800164],[-96.76387074,32.7714739900164],[-96.7647974956676,32.7722707191099]]},"properties":{"AADT_CUR":292,"RTE_NM":"1062629","RTE_PRFX":"CS","RTE_NBR":"1062629","SYSTEM":"Off"}},{"type":"Feature","geometry":{"type":"LineString","coordinates":[[-96.78626269,32.7655524200164],[-96.78579059,32.7659472700164],[-96.78528988,32.7663486200164],[-96.78486999,32.7666933400164],[-96.78475184,32.7667879200164],[-96.784462,32.7670533400164],[-96.78424033,32.7672853300164],[-96.78412281,32.7673895500164],[-96.7837952375519,32.7676414021673]]},"properties":{"AADT_CUR":292,"RTE_NM":"1063513","RTE_PRFX":"CS","RTE_NBR":"1063513","SYSTEM":"Off"}},{"type":"Feature","geometry":{"type":"LineString","coordinates":[[-96.767827400465,32.7577173387807],[-96.76741629,32.7580404300164],[-96.76662735,32.7587043500164],[-96.76528907,32.7598004400164],[-96.76495436,32.7600706800164]]},"properties":{"AADT_CUR":292,"RTE_NM":"1061650","RTE_PRFX":"CS","RTE_NBR":"1061650","SYSTEM":"Off"}},{"type":"Feature","geometry":{"type":"LineString","coordinates":[[-96.86141013,32.73714632],[-96.86089377,32.73714639],[-96.86026416,32.73715733],[-96.85912966,32.73716435],[-96.85857589,32.73716391],[-96.85799366,32.73716447],[-96.85743281,32.73715155],[-96.85682483,32.73713665],[-96.85675336,32.73713158],[-96.85668574,32.73713893],[-96.85611999,32.73712733],[-96.85543831,32.7371403],[-96.85506025,32.73713668],[-96.85422979,32.73714767],[-96.85290026,32.73714793],[-96.85159103,32.73714844],[-96.8503777,32.73715296],[-96.85004496,32.73716091],[-96.84946361,32.73715732],[-96.84917722,32.73716589],[-96.84883635,32.73717373],[-96.84868722,32.73719099],[-96.84849331,32.7372544],[-96.84822962,32.73735398],[-96.84805134,32.73740796],[-96.84795678,32.73742047],[-96.84784796,32.73741351],[-96.84771823,32.73739254],[-96.84759373,32.73735377],[-96.84748479,32.73730834],[-96.84740988,32.73727023],[-96.84732089,32.73724568],[-96.84718703,32.73722878],[-96.8467212,32.73722259],[-96.8454872,32.73720067],[-96.84425093,32.73717046],[-96.840682483,32.737124493],[-96.840506727,32.737104157],[-96.840381482,32.737070797],[-96.840075121,32.736950374],[-96.83988959,32.73688136],[-96.83885224,32.7368675],[-96.837606077,32.736861837]]},"properties":{"AADT_CUR":1166,"RTE_NM":"1058746","RTE_PRFX":"CS","RTE_NBR":"1058746","SYSTEM":"Off"}},{"type":"Feature","geometry":{"type":"LineString","coordinates":[[-96.7506855356536,32.7966417481039],[-96.750671676092,32.7966299590875],[-96.75033989,32.7963326100331],[-96.74972778,32.7957840500332],[-96.74943728,32.7955366600331],[-96.7491337214782,32.7952729148701],[-96.74912048,32.795261410033],[-96.7483436494875,32.7945830683681],[-96.74832534,32.7945670800331],[-96.74802462,32.7943016800332],[-96.7474001976635,32.7937527972569]]},"properties":{"AADT_CUR":5935,"RTE_NM":"262944","RTE_PRFX":"CS","RTE_NBR":"262944","SYSTEM":"Off"}},{"type":"Feature","geometry":{"type":"LineString","coordinates":[[-96.75601053,32.790994090033],[-96.7558798535908,32.7908832961177],[-96.7555807384663,32.7906296900286],[-96.7550293337717,32.7901621735976],[-96.75429452,32.789539140033],[-96.7541791438805,32.7894597799727],[-96.75394156,32.789296360033],[-96.7535641261763,32.7891496800935],[-96.75346614,32.789111600033],[-96.75306221,32.788948950033],[-96.7528401180895,32.7887994547786]]},"properties":{"AADT_CUR":6277,"RTE_NM":"262941","RTE_PRFX":"CS","RTE_NBR":"262941","SYSTEM":"Off"}},{"type":"Feature","geometry":{"type":"LineString","coordinates":[[-96.8256313,32.77267565],[-96.82502934,32.77267441],[-96.82406931,32.77267934]]},"properties":{"AADT_CUR":292,"RTE_NM":"1066255","RTE_PRFX":"CS","RTE_NBR":"1066255","SYSTEM":"Off"}},{"type":"Feature","geometry":{"type":"LineString","coordinates":[[-96.8232819,32.7362075700163],[-96.8228293836274,32.7362066414554]]},"properties":{"AADT_CUR":292,"RTE_NM":"1065885","RTE_PRFX":"CS","RTE_NBR":"1065885","SYSTEM":"Off"}},{"type":"Feature","geometry":{"type":"LineString","coordinates":[[-96.78340095,32.7562410200164],[-96.78251961,32.7569486800164],[-96.78220284,32.7572175700163],[-96.78121656,32.7580470800164],[-96.7811548538924,32.7581419551017],[-96.78053814,32.7586432300164],[-96.78037684,32.7587825800164],[-96.78036204,32.7588156600164],[-96.7803277,32.7588769300164],[-96.78028584,32.7589347700164],[-96.78023694,32.7589885200164],[-96.78018156,32.7590375800164],[-96.78012032,32.7590813800163],[-96.7800564,32.7591193000164],[-96.77996093,32.7591683200164],[-96.77986835,32.7592081700163],[-96.7797959,32.7592490600164],[-96.77974531,32.7592891800164],[-96.7797017425829,32.7593334149835]]},"properties":{"AADT_CUR":2445,"RTE_NM":"1060618","RTE_PRFX":"CS","RTE_NBR":"1060618","SYSTEM":"Off"}},{"type":"Feature","geometry":{"type":"LineString","coordinates":[[-96.80007775,32.7751405000164],[-96.80040867,32.7751400100164],[-96.80073689,32.7751291800165],[-96.80107512,32.7751280400164],[-96.80136512,32.7750880700164],[-96.8016827968332,32.7750484000268]]},"properties":{"AADT_CUR":292,"RTE_NM":"1059076","RTE_PRFX":"CS","RTE_NBR":"1059076","SYSTEM":"Off"}},{"type":"Feature","geometry":{"type":"LineString","coordinates":[[-96.8167668900241,32.7587622942027],[-96.81676689,32.7587624200164],[-96.8167668410011,32.7587912842045]]},"properties":{"AADT_CUR":292,"RTE_NM":"1058412","RTE_PRFX":"CS","RTE_NBR":"1058412","SYSTEM":"Off"}},{"type":"Feature","geometry":{"type":"LineString","coordinates":[[-96.77166297,32.79513001],[-96.77072134,32.79593202],[-96.7702179,32.79633601],[-96.76996794,32.79655246],[-96.76889724,32.79746126],[-96.7675439,32.79859155],[-96.76586499,32.79997294],[-96.76409664,32.80147265],[-96.76356186,32.80193665]]},"properties":{"AADT_CUR":292,"RTE_NM":"1066383","RTE_PRFX":"CS","RTE_NBR":"1066383","SYSTEM":"Off"}},{"type":"Feature","geometry":{"type":"LineString","coordinates":[[-96.7623276608289,32.7639199685678],[-96.7623033946925,32.7639405073034]]},"properties":{"AADT_CUR":2818,"RTE_NM":"1062719","RTE_PRFX":"CS","RTE_NBR":"1062719","SYSTEM":"Off"}},{"type":"Feature","geometry":{"type":"LineString","coordinates":[[-96.8028241153033,32.7928944293561],[-96.8028284955376,32.792880395519]]},"properties":{"AADT_CUR":13520,"RTE_NM":"263481","RTE_PRFX":"CS","RTE_NBR":"263481","SYSTEM":"Off"}},{"type":"Feature","geometry":{"type":"LineString","coordinates":[[-96.8559887649112,32.8173395386626],[-96.8559959161308,32.8173527398377]]},"properties":{"AADT_CUR":292,"RTE_NM":"1064138","RTE_PRFX":"CS","RTE_NBR":"1064138","SYSTEM":"Off"}},{"type":"Feature","geometry":{"type":"LineString","coordinates":[[-96.73562507,32.8090856900166],[-96.7349066080436,32.8097445918699]]},"properties":{"AADT_CUR":292,"RTE_NM":"1059499","RTE_PRFX":"CS","RTE_NBR":"1059499","SYSTEM":"Off"}},{"type":"Feature","geometry":{"type":"LineString","coordinates":[[-96.81894586,32.82133765],[-96.81938309,32.82158822],[-96.8194692,32.82164025],[-96.81997124,32.82203603],[-96.82033711,32.82235848],[-96.82044206,32.8224465],[-96.82051668,32.82250386],[-96.82103211,32.82288056],[-96.82110923,32.82297782],[-96.82116674,32.82303496],[-96.82121581,32.82306586],[-96.8212667,32.82308716],[-96.82140091,32.82313433],[-96.82252116,32.82350958],[-96.82268736,32.82358741],[-96.82282498,32.82367037],[-96.82293428,32.82374469]]},"properties":{"AADT_CUR":7183,"RTE_NM":"1063030","RTE_PRFX":"CS","RTE_NBR":"1063030","SYSTEM":"Off"}},{"type":"Feature","geometry":{"type":"LineString","coordinates":[[-96.74061025,32.79215991],[-96.73963372,32.79216533],[-96.73826458,32.79215233],[-96.73774187,32.79214682],[-96.73740243,32.79214568],[-96.73641318,32.79212245],[-96.73537727,32.79213487],[-96.73488561,32.79214174],[-96.73369175,32.79214431],[-96.73359172,32.79218275],[-96.73356504,32.79221537],[-96.73354691,32.79226734]]},"properties":{"AADT_CUR":292,"RTE_NM":"1062699","RTE_PRFX":"CS","RTE_NBR":"1062699","SYSTEM":"Off"}},{"type":"Feature","geometry":{"type":"LineString","coordinates":[[-96.841961631,32.729058801],[-96.840061874,32.729056449]]},"properties":{"AADT_CUR":292,"RTE_NM":"1060307","RTE_PRFX":"CS","RTE_NBR":"1060307","SYSTEM":"Off"}},{"type":"Feature","geometry":{"type":"LineString","coordinates":[[-96.81559119,32.8210586100166],[-96.8152280736998,32.8207883422458]]},"properties":{"AADT_CUR":7596,"RTE_NM":"1117307","RTE_PRFX":"CS","RTE_NBR":"1117307","SYSTEM":"Off"}},{"type":"Feature","geometry":{"type":"LineString","coordinates":[[-96.75675532,32.80802969],[-96.75594278,32.80734338],[-96.75512222,32.80661024],[-96.75502905,32.80654707],[-96.75497516,32.80651471],[-96.75492799,32.80647144],[-96.75423999,32.80586797],[-96.75341267,32.80514846]]},"properties":{"AADT_CUR":292,"RTE_NM":"1064099","RTE_PRFX":"CS","RTE_NBR":"1064099","SYSTEM":"Off"}},{"type":"Feature","geometry":{"type":"LineString","coordinates":[[-96.8062159593464,32.7487126875173],[-96.806181125115,32.7487122654048]]},"properties":{"AADT_CUR":292,"RTE_NM":"1058510","RTE_PRFX":"CS","RTE_NBR":"1058510","SYSTEM":"Off"}},{"type":"Feature","geometry":{"type":"LineString","coordinates":[[-96.80508521,32.74462041],[-96.80433506,32.74463768],[-96.80388024,32.74464934],[-96.80336957,32.74466815]]},"properties":{"AADT_CUR":292,"RTE_NM":"1058098","RTE_PRFX":"CS","RTE_NBR":"1058098","SYSTEM":"Off"}},{"type":"Feature","geometry":{"type":"LineString","coordinates":[[-96.80839395,32.75572353],[-96.80765112,32.75570537],[-96.80691911,32.75570502],[-96.80612033,32.75566665],[-96.80552414,32.75566677]]},"properties":{"AADT_CUR":292,"RTE_NM":"1064485","RTE_PRFX":"CS","RTE_NBR":"1064485","SYSTEM":"Off"}},{"type":"Feature","geometry":{"type":"LineString","coordinates":[[-96.7692991592322,32.7497991644119],[-96.76825494,32.7506996200163],[-96.7682535251619,32.7507008059865]]},"properties":{"AADT_CUR":292,"RTE_NM":"268073","RTE_PRFX":"CS","RTE_NBR":"268073","SYSTEM":"Off"}},{"type":"Feature","geometry":{"type":"LineString","coordinates":[[-96.8056351432819,32.8119082020372],[-96.80449683,32.81094336],[-96.80330652,32.8099984],[-96.80305283,32.80981644],[-96.803052374337,32.8098153126892]]},"properties":{"AADT_CUR":34944,"RTE_NM":"263427","RTE_PRFX":"CS","RTE_NBR":"263427","SYSTEM":"Off"}},{"type":"Feature","geometry":{"type":"LineString","coordinates":[[-96.79412473,32.8020255700166],[-96.7934307193039,32.8024435348043]]},"properties":{"AADT_CUR":292,"RTE_NM":"1058815","RTE_PRFX":"CS","RTE_NBR":"1058815","SYSTEM":"Off"}},{"type":"Feature","geometry":{"type":"LineString","coordinates":[[-96.78038428,32.777573655],[-96.780421166,32.777720341],[-96.780466149,32.77786286],[-96.78049682,32.77797284],[-96.780523399,32.778113756],[-96.780540986,32.778262948],[-96.780544899,32.778392901],[-96.780538754,32.778495229],[-96.780519201,32.778636546],[-96.780482433,32.778791483],[-96.780441098,32.778892868],[-96.780391495,32.779009022],[-96.780336528,32.779101496],[-96.780247213,32.779209564],[-96.780146246,32.77931061],[-96.780080702,32.779379607],[-96.780013146,32.779444094],[-96.779946431,32.779502031],[-96.779868994,32.779555491],[-96.779699692,32.779646161],[-96.779545569,32.779711236],[-96.779367305,32.779775747],[-96.779197316,32.779827738],[-96.779081692,32.779859792],[-96.77895456,32.779889106],[-96.778840169,32.779911655],[-96.778691853,32.779935329],[-96.77854689,32.779969715],[-96.778428141,32.780007767],[-96.778316714,32.780046521]]},"properties":{"AADT_CUR":30005,"RTE_NM":"1599253879","RTE_PRFX":"IH","RTE_NBR":"30","SYSTEM":"On"}},{"type":"Feature","geometry":{"type":"LineString","coordinates":[[-96.78155812,32.7922527300165],[-96.78205875,32.7927036300165],[-96.7825578,32.7931531300166],[-96.78313618,32.7936655700165],[-96.7832142627452,32.7937385934701]]},"properties":{"AADT_CUR":292,"RTE_NM":"1057750","RTE_PRFX":"CS","RTE_NBR":"1057750","SYSTEM":"Off"}},{"type":"Feature","geometry":{"type":"LineString","coordinates":[[-96.7946173159957,32.7772365871064],[-96.7949864783407,32.7782474526784]]},"properties":{"AADT_CUR":292,"RTE_NM":"1060394","RTE_PRFX":"CS","RTE_NBR":"1060394","SYSTEM":"Off"}},{"type":"Feature","geometry":{"type":"LineString","coordinates":[[-96.76171517,32.78654061],[-96.76032628,32.78774454]]},"properties":{"AADT_CUR":292,"RTE_NM":"1063536","RTE_PRFX":"CS","RTE_NBR":"1063536","SYSTEM":"Off"}},{"type":"Feature","geometry":{"type":"LineString","coordinates":[[-96.8141133924567,32.7450880695696],[-96.81413779,32.7467435000163],[-96.81412587,32.7480134100163],[-96.8141235497248,32.7480434229392],[-96.81410432,32.7482921600163]]},"properties":{"AADT_CUR":292,"RTE_NM":"1064418","RTE_PRFX":"CS","RTE_NBR":"1064418","SYSTEM":"Off"}},{"type":"Feature","geometry":{"type":"LineString","coordinates":[[-96.8231564973126,32.7923113989088],[-96.82315636,32.7923115900165],[-96.8231116303849,32.7923731893476]]},"properties":{"AADT_CUR":292,"RTE_NM":"1063278","RTE_PRFX":"CS","RTE_NBR":"1063278","SYSTEM":"Off"}},{"type":"Feature","geometry":{"type":"LineString","coordinates":[[-96.83085368,32.79288976],[-96.83085202,32.79302168],[-96.83058657,32.79415486],[-96.83032973,32.79535042],[-96.83030139,32.79548591],[-96.83003927,32.79664642],[-96.82969662,32.79829264]]},"properties":{"AADT_CUR":292,"RTE_NM":"1062436","RTE_PRFX":"CS","RTE_NBR":"1062436","SYSTEM":"Off"}},{"type":"Feature","geometry":{"type":"LineString","coordinates":[[-96.78246912,32.77507795],[-96.78159268,32.77562391]]},"properties":{"AADT_CUR":292,"RTE_NM":"1059789","RTE_PRFX":"CS","RTE_NBR":"1059789","SYSTEM":"Off"}},{"type":"Feature","geometry":{"type":"LineString","coordinates":[[-96.75634727,32.75206717],[-96.75438232,32.75206571],[-96.7532899,32.75207235],[-96.75266198,32.75207452]]},"properties":{"AADT_CUR":292,"RTE_NM":"1065059","RTE_PRFX":"CS","RTE_NBR":"1065059","SYSTEM":"Off"}},{"type":"Feature","geometry":{"type":"LineString","coordinates":[[-96.7586446957393,32.7713297842357],[-96.75863531,32.7713375500164],[-96.758620018485,32.7713501536534]]},"properties":{"AADT_CUR":292,"RTE_NM":"1059731","RTE_PRFX":"CS","RTE_NBR":"1059731","SYSTEM":"Off"}},{"type":"Feature","geometry":{"type":"LineString","coordinates":[[-96.75748237,32.76600322],[-96.75589827,32.76742706]]},"properties":{"AADT_CUR":292,"RTE_NM":"1062582","RTE_PRFX":"CS","RTE_NBR":"1062582","SYSTEM":"Off"}},{"type":"Feature","geometry":{"type":"LineString","coordinates":[[-96.82474612,32.7075652700161],[-96.82474237,32.7083665800161],[-96.82473494,32.7088035800161],[-96.82472787,32.7092213500161],[-96.82472593,32.7096254500162],[-96.82473089,32.7099237900161],[-96.82474626,32.7102291300162],[-96.82488474,32.7107313400162],[-96.8250326700088,32.7110343600284],[-96.82530827,32.7114215800161],[-96.82563532,32.7117531300162],[-96.82580519,32.7118846200162],[-96.82611718,32.7121101300162],[-96.8262751200082,32.7122703300284],[-96.82643006,32.7125033400161],[-96.82651425,32.7126515500162],[-96.82655818,32.7128225900162],[-96.8265479,32.7131523300162],[-96.82652286,32.7141361800162],[-96.8265144,32.7150597600162],[-96.8265072699997,32.7159132600324],[-96.82649193,32.7168133800162],[-96.82647914,32.7174056300162],[-96.82648524,32.7175995300162],[-96.82648513,32.7180792500162],[-96.82646975,32.7185505100162],[-96.82646427,32.7187552300161],[-96.82647397,32.7191031300162],[-96.82646974,32.7195003200162],[-96.82645318,32.7196884000162],[-96.82644629,32.7203563400162],[-96.826445478389,32.72042798616],[-96.82644506,32.7204649200162],[-96.82643211,32.7214104300162],[-96.82642872,32.7220646700162],[-96.82641683,32.7223504100162],[-96.82641929,32.7224356700162],[-96.82638823,32.7225740800162],[-96.82623188,32.7229321100162],[-96.82613476,32.7232964300162],[-96.82609419,32.7234649600162],[-96.82606512,32.7238425600162],[-96.82606801,32.7241202600162],[-96.82604271,32.7242546200162],[-96.82595894,32.7246012600162],[-96.82581533,32.7251024000162],[-96.8255839099953,32.7259487600324],[-96.82545985,32.7263764900162],[-96.82535387,32.7267648900162]]},"properties":{"AADT_CUR":292,"RTE_NM":"1065436","RTE_PRFX":"CS","RTE_NBR":"1065436","SYSTEM":"Off"}},{"type":"Feature","geometry":{"type":"LineString","coordinates":[[-96.74438236,32.7873569000165],[-96.74310039,32.7873401800165],[-96.74069289,32.7873363700165],[-96.73873826,32.7873485700165],[-96.7374051580083,32.7873689536296]]},"properties":{"AADT_CUR":292,"RTE_NM":"1061620","RTE_PRFX":"CS","RTE_NBR":"1061620","SYSTEM":"Off"}},{"type":"Feature","geometry":{"type":"LineString","coordinates":[[-96.86449081,32.79149424],[-96.86450086,32.79165342],[-96.86450163,32.79187024],[-96.86449265,32.79209897],[-96.86446692,32.79220035],[-96.86429099,32.79220872],[-96.86194439,32.7922045],[-96.86096447,32.79218638]]},"properties":{"AADT_CUR":292,"RTE_NM":"1063740","RTE_PRFX":"CS","RTE_NBR":"1063740","SYSTEM":"Off"}},{"type":"Feature","geometry":{"type":"LineString","coordinates":[[-96.7871098079284,32.8205296084113],[-96.787094079783,32.820523756783]]},"properties":{"AADT_CUR":292,"RTE_NM":"1057996","RTE_PRFX":"CS","RTE_NBR":"1057996","SYSTEM":"Off"}},{"type":"Feature","geometry":{"type":"LineString","coordinates":[[-96.7824941978158,32.7849034487513],[-96.78249304,32.784899400033],[-96.78231761,32.784540940033],[-96.7821834099953,32.7842002200174],[-96.78196336,32.783477800033],[-96.7818317126106,32.7829800751682],[-96.7817129268822,32.7825309721313]]},"properties":{"AADT_CUR":5696,"RTE_NM":"263560","RTE_PRFX":"CS","RTE_NBR":"263560","SYSTEM":"Off"}},{"type":"Feature","geometry":{"type":"LineString","coordinates":[[-96.73947027,32.7814579500165],[-96.7376656784095,32.7814800644184]]},"properties":{"AADT_CUR":292,"RTE_NM":"1059879","RTE_PRFX":"CS","RTE_NBR":"1059879","SYSTEM":"Off"}},{"type":"Feature","geometry":{"type":"LineString","coordinates":[[-96.77228199,32.79422179],[-96.77165914,32.79369766],[-96.77069402,32.79286639],[-96.76909019,32.79149152]]},"properties":{"AADT_CUR":292,"RTE_NM":"1057794","RTE_PRFX":"CS","RTE_NBR":"1057794","SYSTEM":"Off"}},{"type":"Feature","geometry":{"type":"LineString","coordinates":[[-96.82155528,32.74011128],[-96.82148535,32.74013527],[-96.82083694,32.74012872],[-96.82038833,32.74013544],[-96.8191986,32.74013585],[-96.81850795,32.7401485]]},"properties":{"AADT_CUR":292,"RTE_NM":"1060126","RTE_PRFX":"CS","RTE_NBR":"1060126","SYSTEM":"Off"}},{"type":"Feature","geometry":{"type":"LineString","coordinates":[[-96.8375682295904,32.7384119541676],[-96.837594025,32.738210183],[-96.83761948,32.73536229],[-96.83771701,32.73327968],[-96.83764743,32.73290761],[-96.83756752,32.73259316]]},"properties":{"AADT_CUR":13009,"RTE_NM":"269965","RTE_PRFX":"CS","RTE_NBR":"269965","SYSTEM":"Off"}},{"type":"Feature","geometry":{"type":"LineString","coordinates":[[-96.81850403,32.79879101],[-96.81899507,32.79902801],[-96.819091,32.79907619],[-96.82025922,32.79973802],[-96.82060824,32.79995717],[-96.82167022,32.80055706],[-96.82218114,32.80082236],[-96.82246428,32.80095767],[-96.8225126,32.80098078],[-96.82286133,32.80112981],[-96.82356341,32.80139768],[-96.82388385,32.80149409],[-96.82440564,32.80165783],[-96.82491303,32.801765],[-96.82523163,32.80182839],[-96.82547091,32.80187011],[-96.82595868,32.8019399],[-96.82739643,32.80212144],[-96.82856579,32.80227282],[-96.82873509,32.80229476],[-96.82943746,32.80237704],[-96.82955769,32.8023869],[-96.83041469,32.8025551],[-96.83105894,32.80274245],[-96.83153669,32.80291106],[-96.832128,32.80310043],[-96.83242777,32.80321441],[-96.83283178,32.80336826],[-96.83319615,32.80350924],[-96.83430701,32.80404617],[-96.8352728,32.80451295],[-96.83621477,32.80496816],[-96.83695816,32.80533243],[-96.83729048,32.80549526],[-96.83737985,32.80554731],[-96.83765904,32.80567473],[-96.83812223,32.80588436],[-96.83835237,32.8059809],[-96.83853602,32.80608096],[-96.83882453,32.80623325],[-96.8396006,32.80668485],[-96.84009773,32.80695127],[-96.84074642,32.8072953],[-96.8409835,32.80741117],[-96.84121344,32.80751734],[-96.84160276,32.8076751],[-96.84214649,32.80788716],[-96.84232593,32.80795278],[-96.84310477,32.80833423],[-96.84356355,32.80855728],[-96.84386537,32.80870206],[-96.84493368,32.80920802],[-96.84541503,32.80944541],[-96.84576369,32.80960262],[-96.84664516,32.81003494],[-96.84740235,32.81041065],[-96.8480847,32.81074133],[-96.84864908,32.81102649],[-96.84886042,32.81112825],[-96.8490528,32.81119953],[-96.84943615,32.81132972],[-96.84946869636,32.8113417961926]]},"properties":{"AADT_CUR":16073,"RTE_NM":"IH0035E-AG","RTE_PRFX":"IH","RTE_NBR":"35","SYSTEM":"On"}},{"type":"Feature","geometry":{"type":"LineString","coordinates":[[-96.8504755,32.78339974],[-96.8502803,32.78339938],[-96.84813024,32.78338459],[-96.84637125,32.78338456],[-96.84561618,32.78338689],[-96.84538302,32.78336868],[-96.84515914,32.78328873],[-96.84506339,32.78327508],[-96.84490725,32.78327163],[-96.84421574,32.78326929],[-96.84398964,32.7832649],[-96.84385268,32.78327958],[-96.84357499,32.78333636],[-96.84339637,32.7833601],[-96.84317676,32.78335718],[-96.8429924,32.78333959],[-96.84272317,32.78329201],[-96.84257296,32.78327628],[-96.84220134,32.78326583],[-96.84208589,32.78326153],[-96.84126029,32.78325052],[-96.84091208,32.78325001],[-96.84026934,32.78324968],[-96.83971514,32.7832574]]},"properties":{"AADT_CUR":339,"RTE_NM":"1062891","RTE_PRFX":"CS","RTE_NBR":"1062891","SYSTEM":"Off"}},{"type":"Feature","geometry":{"type":"LineString","coordinates":[[-96.76248899,32.8009966],[-96.7615144,32.80172936],[-96.76047974,32.8025355]]},"properties":{"AADT_CUR":292,"RTE_NM":"1065529","RTE_PRFX":"CS","RTE_NBR":"1065529","SYSTEM":"Off"}},{"type":"Feature","geometry":{"type":"LineString","coordinates":[[-96.82281275,32.72514165],[-96.82160023,32.72511153],[-96.82041871,32.72511893],[-96.81923116,32.72510013],[-96.81881817,32.72509866],[-96.81825891,32.72509109],[-96.81805815,32.72508838],[-96.81687372,32.72507646],[-96.8157041,32.72505649],[-96.81444137,32.72505861],[-96.8131912,32.72504165],[-96.81201407,32.72503116],[-96.8096339,32.72500568],[-96.80894618,32.72499908],[-96.80756831,32.72498444],[-96.80558526,32.72495742]]},"properties":{"AADT_CUR":292,"RTE_NM":"1060804","RTE_PRFX":"CS","RTE_NBR":"1060804","SYSTEM":"Off"}},{"type":"Feature","geometry":{"type":"LineString","coordinates":[[-96.85912733,32.7618413900164],[-96.85913525,32.7619404600164],[-96.8591351,32.7619927000164],[-96.85911166,32.7620721100164],[-96.85906468,32.7621498300164],[-96.85901815,32.7622028300164],[-96.85896362,32.7622488400164],[-96.85851933,32.7624780200164],[-96.85791895,32.7627023900164],[-96.85775818,32.7627744800164],[-96.85767766,32.7628187900164],[-96.85760714,32.7628934500164],[-96.85756159,32.7629808300164],[-96.85752594,32.7631054400164],[-96.85737933,32.7631158600164],[-96.85673199,32.7631086900164],[-96.8566239857329,32.7631063352649]]},"properties":{"AADT_CUR":292,"RTE_NM":"1062111","RTE_PRFX":"CS","RTE_NBR":"1062111","SYSTEM":"Off"}},{"type":"Feature","geometry":{"type":"LineString","coordinates":[[-96.75334553,32.80400851],[-96.75330413,32.80401541],[-96.75327261,32.80403093],[-96.75144015,32.8055125]]},"properties":{"AADT_CUR":292,"RTE_NM":"1059405","RTE_PRFX":"CS","RTE_NBR":"1059405","SYSTEM":"Off"}},{"type":"Feature","geometry":{"type":"LineString","coordinates":[[-96.81157678,32.77944131],[-96.81149193,32.7803162],[-96.81144699,32.78134418],[-96.8113075,32.78203613],[-96.811222201,32.782312118],[-96.811182991,32.782468422],[-96.81117129,32.7826652],[-96.81118206,32.78294064],[-96.81124753,32.78321305],[-96.811311251,32.783423929],[-96.811387126,32.783755687],[-96.811437407,32.784032262]]},"properties":{"AADT_CUR":10209,"RTE_NM":"1599253335","RTE_PRFX":"IH","RTE_NBR":"35","SYSTEM":"On"}},{"type":"Feature","geometry":{"type":"LineString","coordinates":[[-96.75908083,32.7673287],[-96.75848262,32.76784266],[-96.75838241,32.76793335],[-96.7578031,32.76843657]]},"properties":{"AADT_CUR":292,"RTE_NM":"1064170","RTE_PRFX":"CS","RTE_NBR":"1064170","SYSTEM":"Off"}},{"type":"Feature","geometry":{"type":"LineString","coordinates":[[-96.7940121484352,32.7717510237699],[-96.7940233785657,32.7717620035351]]},"properties":{"AADT_CUR":5184,"RTE_NM":"262915","RTE_PRFX":"CS","RTE_NBR":"262915","SYSTEM":"Off"}},{"type":"Feature","geometry":{"type":"LineString","coordinates":[[-96.7905362203773,32.7417128751895],[-96.79067505,32.7421825700163],[-96.79083337,32.7427029500163]]},"properties":{"AADT_CUR":292,"RTE_NM":"1058554","RTE_PRFX":"CS","RTE_NBR":"1058554","SYSTEM":"Off"}},{"type":"Feature","geometry":{"type":"LineString","coordinates":[[-96.85605318,32.83150748],[-96.8552249,32.83078314],[-96.85429173,32.83000931]]},"properties":{"AADT_CUR":292,"RTE_NM":"1064317","RTE_PRFX":"CS","RTE_NBR":"1064317","SYSTEM":"Off"}},{"type":"Feature","geometry":{"type":"LineString","coordinates":[[-96.78672164,32.80523785],[-96.7867031,32.80518673],[-96.78666735,32.80514088],[-96.78660668,32.80508094],[-96.78588189,32.80451702]]},"properties":{"AADT_CUR":292,"RTE_NM":"1260636","RTE_PRFX":"CS","RTE_NBR":"1260636","SYSTEM":"Off"}},{"type":"Feature","geometry":{"type":"LineString","coordinates":[[-96.85032096,32.7802055],[-96.85030119,32.7810066],[-96.85029839,32.7818134],[-96.85029029,32.78259953],[-96.8502803,32.78339938],[-96.85028028,32.78410038],[-96.85028698,32.7847905],[-96.85029281,32.78548335],[-96.85029807,32.78629439],[-96.85030504,32.78705735],[-96.85030669,32.78779962],[-96.85031816,32.78867122],[-96.85031935,32.78948222],[-96.85031009,32.79037417],[-96.85030004,32.79126473]]},"properties":{"AADT_CUR":292,"RTE_NM":"1061165","RTE_PRFX":"CS","RTE_NBR":"1061165","SYSTEM":"Off"}},{"type":"Feature","geometry":{"type":"LineString","coordinates":[[-96.79162228,32.78960655],[-96.79115604,32.78918504]]},"properties":{"AADT_CUR":292,"RTE_NM":"1058479","RTE_PRFX":"CS","RTE_NBR":"1058479","SYSTEM":"Off"}},{"type":"Feature","geometry":{"type":"LineString","coordinates":[[-96.80025914,32.79772613],[-96.79988676,32.79804956],[-96.79939792,32.79846348]]},"properties":{"AADT_CUR":292,"RTE_NM":"1066363","RTE_PRFX":"CS","RTE_NBR":"1066363","SYSTEM":"Off"}},{"type":"Feature","geometry":{"type":"LineString","coordinates":[[-96.764557405623,32.7876635245443],[-96.764554,32.7876606600165],[-96.76419284,32.7873642100165],[-96.76364105,32.7868726700165],[-96.76272801,32.7860901600165],[-96.76179689,32.7852757800165],[-96.76108566,32.7846596600165],[-96.7609919893139,32.784581948749]]},"properties":{"AADT_CUR":292,"RTE_NM":"1057921","RTE_PRFX":"CS","RTE_NBR":"1057921","SYSTEM":"Off"}},{"type":"Feature","geometry":{"type":"LineString","coordinates":[[-96.8450504475636,32.7593255078367],[-96.84512819,32.7595886400164],[-96.84524601,32.7598434300163],[-96.84530121,32.7599713000164],[-96.84532045,32.7602359900164],[-96.84527108,32.7605299800164],[-96.84514338,32.7608077900164],[-96.84490074,32.7611518700164],[-96.8447723,32.7612011400164],[-96.84463703,32.7612094500164]]},"properties":{"AADT_CUR":292,"RTE_NM":"1062073","RTE_PRFX":"CS","RTE_NBR":"1062073","SYSTEM":"Off"}},{"type":"Feature","geometry":{"type":"LineString","coordinates":[[-96.74162863,32.8015391800166],[-96.741299089988,32.8023180100301],[-96.74122418,32.8024021700166],[-96.74109994,32.8026354600166],[-96.7408896,32.8031465800166]]},"properties":{"AADT_CUR":292,"RTE_NM":"1064687","RTE_PRFX":"CS","RTE_NBR":"1064687","SYSTEM":"Off"}},{"type":"Feature","geometry":{"type":"LineString","coordinates":[[-96.79484791,32.75885408],[-96.79475465,32.75888166],[-96.79471288,32.75893882],[-96.79432332,32.75974033]]},"properties":{"AADT_CUR":292,"RTE_NM":"1260021","RTE_PRFX":"CS","RTE_NBR":"1260021","SYSTEM":"Off"}},{"type":"Feature","geometry":{"type":"LineString","coordinates":[[-96.815602122759,32.7472512408454],[-96.815599510274,32.7472526315311],[-96.81415664,32.7480206900326],[-96.8141235497248,32.7480434229555],[-96.81376029,32.7482929800326],[-96.8137494006953,32.7483034008167],[-96.81281556,32.7491970500326],[-96.81268914,32.7493231000326],[-96.8126824645028,32.7493326765187],[-96.8124736764895,32.7496321969081],[-96.81245753,32.7496553600326],[-96.8116729361452,32.7512132463517]]},"properties":{"AADT_CUR":4006,"RTE_NM":"263358","RTE_PRFX":"CS","RTE_NBR":"263358","SYSTEM":"Off"}},{"type":"Feature","geometry":{"type":"LineString","coordinates":[[-96.7588730545237,32.7427255921648],[-96.75801538,32.7434061000163],[-96.7578948,32.7434694700163],[-96.7576809760555,32.7435099094607],[-96.75759357,32.7435264400163]]},"properties":{"AADT_CUR":292,"RTE_NM":"1061188","RTE_PRFX":"CS","RTE_NBR":"1061188","SYSTEM":"Off"}},{"type":"Feature","geometry":{"type":"LineString","coordinates":[[-96.770164911808,32.8198400444125],[-96.77015916,32.8198400000167],[-96.76799013,32.8198345600166],[-96.76583714,32.8198403100166],[-96.76454831,32.8198168300167],[-96.76368878,32.8198172100167],[-96.76187772,32.8198194200166],[-96.7618248,32.8198200400166],[-96.7615301583662,32.8198159267289]]},"properties":{"AADT_CUR":292,"RTE_NM":"1063468","RTE_PRFX":"CS","RTE_NBR":"1063468","SYSTEM":"Off"}},{"type":"Feature","geometry":{"type":"LineString","coordinates":[[-96.78973769,32.8077659100166],[-96.78899367,32.8083233700166],[-96.78787839,32.8092262200166],[-96.78767712,32.8094076400166],[-96.78753288,32.8095018600166],[-96.78741762,32.8095703800166],[-96.78732798,32.8096186400166],[-96.78715519,32.8096739900166],[-96.78699894,32.8097158200166],[-96.78686032,32.8097716300166],[-96.78667823,32.8098034900166],[-96.78642839,32.8098866500166],[-96.78616118,32.8099846800166],[-96.78594675,32.8100889500166],[-96.78573269,32.8102165700166],[-96.78546492,32.8103434700166],[-96.78527827,32.8104426100166],[-96.78521502,32.8104719700166],[-96.78513222,32.8105450700166],[-96.78458189,32.8109745800166],[-96.78396173,32.8114801100166],[-96.78319916,32.8121513600166],[-96.78255175,32.8126757400166],[-96.78218762,32.8130707200166],[-96.78129379,32.8139628200166],[-96.77956188,32.8157656400167],[-96.77936828,32.8159279200166],[-96.77919921,32.8160424200166],[-96.77869877,32.8164134900167],[-96.7782108,32.8167723700166],[-96.77784168,32.8170449200167],[-96.77769794,32.8171542700167],[-96.7776248,32.8171903600166],[-96.77755283,32.8172086100167],[-96.77742293,32.8172329300166],[-96.77470597,32.8172392600166],[-96.77285639,32.8172575900167],[-96.77228818,32.8172620700166],[-96.77153092,32.8172790400166],[-96.77061086,32.8173377300166],[-96.7701935644116,32.8173658910765],[-96.7687108,32.8173566600166],[-96.76801412,32.8173552100167],[-96.76585813,32.8173623100166],[-96.76370315,32.8173363500166],[-96.76245862,32.8173395900166],[-96.76187096,32.8173396400167],[-96.7615374120421,32.8173336146758]]},"properties":{"AADT_CUR":292,"RTE_NM":"1058268","RTE_PRFX":"CS","RTE_NBR":"1058268","SYSTEM":"Off"}},{"type":"Feature","geometry":{"type":"LineString","coordinates":[[-96.798376990527,32.8058638357038],[-96.79697578,32.80464425],[-96.79660145,32.80433262],[-96.79637403,32.80417583],[-96.79619796,32.80408834],[-96.79603822,32.80404662],[-96.79579745,32.80401805],[-96.79488597,32.8039655],[-96.79449363,32.80391808],[-96.79423679,32.80383618],[-96.7931815241891,32.8034898499949]]},"properties":{"AADT_CUR":18667,"RTE_NM":"263427","RTE_PRFX":"CS","RTE_NBR":"263427","SYSTEM":"Off"}},{"type":"Feature","geometry":{"type":"LineString","coordinates":[[-96.7961730926181,32.7858682191087],[-96.79616349,32.785880292]]},"properties":{"AADT_CUR":292,"RTE_NM":"1060473","RTE_PRFX":"CS","RTE_NBR":"1060473","SYSTEM":"Off"}},{"type":"Feature","geometry":{"type":"LineString","coordinates":[[-96.7718194633929,32.7981141152371],[-96.7718079369881,32.7981033693747]]},"properties":{"AADT_CUR":292,"RTE_NM":"1057927","RTE_PRFX":"CS","RTE_NBR":"1057927","SYSTEM":"Off"}},{"type":"Feature","geometry":{"type":"LineString","coordinates":[[-96.7739801,32.760688872],[-96.77386225,32.76071837],[-96.773774933,32.760693091],[-96.773681162,32.760637141],[-96.773281107,32.760294511],[-96.772869621,32.759940888],[-96.7719513,32.75918669],[-96.77168331,32.75895618],[-96.77095629,32.75832202],[-96.77017462,32.75765549],[-96.76968286,32.75722116],[-96.76874877,32.75644665],[-96.76761126,32.75546861]]},"properties":{"AADT_CUR":292,"RTE_NM":"1066023","RTE_PRFX":"CS","RTE_NBR":"1066023","SYSTEM":"Off"}},{"type":"Feature","geometry":{"type":"LineString","coordinates":[[-96.79030718,32.7690114900164],[-96.78972104,32.7695408800164],[-96.78965325,32.7695976700164],[-96.7890914,32.7700902800164],[-96.78878017,32.7703677900164],[-96.788336357517,32.7707646301949]]},"properties":{"AADT_CUR":817,"RTE_NM":"1062592","RTE_PRFX":"CS","RTE_NBR":"1062592","SYSTEM":"Off"}},{"type":"Feature","geometry":{"type":"LineString","coordinates":[[-96.762890665664,32.751877212847],[-96.76185497,32.7527793500163],[-96.76150735,32.7530865100164],[-96.76088234,32.7536454600164]]},"properties":{"AADT_CUR":292,"RTE_NM":"1065112","RTE_PRFX":"CS","RTE_NBR":"1065112","SYSTEM":"Off"}},{"type":"Feature","geometry":{"type":"LineString","coordinates":[[-96.75483126,32.78255557],[-96.7545243,32.78277394],[-96.7540651,32.78303829],[-96.75380567,32.78323945]]},"properties":{"AADT_CUR":292,"RTE_NM":"1064492","RTE_PRFX":"CS","RTE_NBR":"1064492","SYSTEM":"Off"}},{"type":"Feature","geometry":{"type":"LineString","coordinates":[[-96.76167574,32.78248925],[-96.76175004,32.78218513],[-96.76178687,32.78204956],[-96.76183813,32.78190745],[-96.76157905,32.78181849],[-96.76138009,32.78175797],[-96.76055728,32.78156364],[-96.75934915,32.78118799],[-96.7592317,32.78112037],[-96.7585482,32.78054448],[-96.75807031,32.7801048]]},"properties":{"AADT_CUR":292,"RTE_NM":"1057766","RTE_PRFX":"CS","RTE_NBR":"1057766","SYSTEM":"Off"}},{"type":"Feature","geometry":{"type":"LineString","coordinates":[[-96.81028606,32.7363669500163],[-96.8102963300003,32.7373224100325],[-96.81031538,32.7385006700163],[-96.8103803341614,32.7391477292793],[-96.81039631,32.7392007400163],[-96.81041155,32.7399778600163],[-96.81042789,32.7401835400163],[-96.81041721,32.7404333800162],[-96.810396,32.7406155600163],[-96.81035771,32.7407625300163],[-96.81031813,32.7408219900163],[-96.81028193,32.7408589900163]]},"properties":{"AADT_CUR":292,"RTE_NM":"1061151","RTE_PRFX":"CS","RTE_NBR":"1061151","SYSTEM":"Off"}},{"type":"Feature","geometry":{"type":"LineString","coordinates":[[-96.771921067521,32.7660979618164],[-96.7719337481296,32.7661077260332]]},"properties":{"AADT_CUR":292,"RTE_NM":"1062053","RTE_PRFX":"CS","RTE_NBR":"1062053","SYSTEM":"Off"}},{"type":"Feature","geometry":{"type":"LineString","coordinates":[[-96.787500551,32.775406008],[-96.787736781,32.775254772],[-96.788268529,32.775074355],[-96.788577655,32.774968924],[-96.788870016,32.774879279],[-96.789283077,32.774782869],[-96.789977771,32.774634024],[-96.790361997,32.774551709],[-96.790891399,32.774474186],[-96.79135484,32.77438251]]},"properties":{"AADT_CUR":9600,"RTE_NM":"1574890979","RTE_PRFX":"IH","RTE_NBR":"30","SYSTEM":"On"}},{"type":"Feature","geometry":{"type":"LineString","coordinates":[[-96.8023769971615,32.8230020870949],[-96.80229786,32.8230964200167],[-96.80218504,32.8231649800167],[-96.80208032,32.8231924200167],[-96.80184607,32.8232263300167]]},"properties":{"AADT_CUR":292,"RTE_NM":"1117285","RTE_PRFX":"CS","RTE_NBR":"1117285","SYSTEM":"Off"}},{"type":"Feature","geometry":{"type":"LineString","coordinates":[[-96.85611091,32.7916344500165],[-96.85601234,32.7916414000165],[-96.85597303,32.7916546200166],[-96.85595058,32.7916804500165],[-96.85594209,32.7916995800165],[-96.85592723,32.7917557300165],[-96.85587933,32.7920135200165],[-96.8557446886877,32.792695537204]]},"properties":{"AADT_CUR":292,"RTE_NM":"1058842","RTE_PRFX":"CS","RTE_NBR":"1058842","SYSTEM":"Off"}},{"type":"Feature","geometry":{"type":"LineString","coordinates":[[-96.85964163,32.7821610500165],[-96.85812524,32.7821547900165],[-96.8565176224859,32.7821623258166]]},"properties":{"AADT_CUR":292,"RTE_NM":"1059862","RTE_PRFX":"CS","RTE_NBR":"1059862","SYSTEM":"Off"}},{"type":"Feature","geometry":{"type":"LineString","coordinates":[[-96.7364824309678,32.8037832036354],[-96.7364951587367,32.8037929334]]},"properties":{"AADT_CUR":292,"RTE_NM":"1058400","RTE_PRFX":"CS","RTE_NBR":"1058400","SYSTEM":"Off"}},{"type":"Feature","geometry":{"type":"LineString","coordinates":[[-96.7522868999804,32.8007835700331],[-96.75122914,32.7998683600498],[-96.7507036999812,32.7994018700327],[-96.75024239,32.7989843900497],[-96.74991882,32.7987214200497],[-96.7491268599915,32.7980298700418],[-96.74854662,32.7974966100498],[-96.74826058,32.7972286800497],[-96.7476113699814,32.7966449700341],[-96.74617823,32.7954591500497],[-96.7458309758116,32.7951968486503]]},"properties":{"AADT_CUR":292,"RTE_NM":"1063527","RTE_PRFX":"CS","RTE_NBR":"1063527","SYSTEM":"Off"}},{"type":"Feature","geometry":{"type":"LineString","coordinates":[[-96.81581211,32.8104955200166],[-96.81651614,32.8110933500166],[-96.81733198,32.8117174300166],[-96.8174239890038,32.8117886121769]]},"properties":{"AADT_CUR":292,"RTE_NM":"1059431","RTE_PRFX":"CS","RTE_NBR":"1059431","SYSTEM":"Off"}},{"type":"Feature","geometry":{"type":"LineString","coordinates":[[-96.7834223564641,32.7703323389158],[-96.78339511,32.7703155500164],[-96.783394637861,32.7703152305893]]},"properties":{"AADT_CUR":292,"RTE_NM":"1063488","RTE_PRFX":"CS","RTE_NBR":"1063488","SYSTEM":"Off"}},{"type":"Feature","geometry":{"type":"LineString","coordinates":[[-96.8567178925143,32.7556731915996],[-96.85673534,32.75417808],[-96.85676194,32.7520412],[-96.85675889,32.75129037],[-96.856815100648,32.7495398440239]]},"properties":{"AADT_CUR":26800,"RTE_NM":"263272","RTE_PRFX":"CS","RTE_NBR":"263272","SYSTEM":"Off"}},{"type":"Feature","geometry":{"type":"LineString","coordinates":[[-96.81990513,32.8155143300166],[-96.8184581752909,32.8168176570868]]},"properties":{"AADT_CUR":292,"RTE_NM":"1061207","RTE_PRFX":"CS","RTE_NBR":"1061207","SYSTEM":"Off"}},{"type":"Feature","geometry":{"type":"LineString","coordinates":[[-96.8478884378202,32.7863490851626],[-96.84751779,32.7863454400165],[-96.84737285,32.7863077900165],[-96.84731497,32.7862699000165],[-96.84723633,32.7862551100165],[-96.84691836,32.7862467600165],[-96.84637001,32.7862449700165],[-96.84510675,32.7862295400165],[-96.84407664,32.7862323200165]]},"properties":{"AADT_CUR":292,"RTE_NM":"1062179","RTE_PRFX":"CS","RTE_NBR":"1062179","SYSTEM":"Off"}},{"type":"Feature","geometry":{"type":"LineString","coordinates":[[-96.8376045565883,32.7432957726039],[-96.8376051758257,32.7432232190042]]},"properties":{"AADT_CUR":7646,"RTE_NM":"269965","RTE_PRFX":"CS","RTE_NBR":"269965","SYSTEM":"Off"}},{"type":"Feature","geometry":{"type":"LineString","coordinates":[[-96.76452969,32.77392715],[-96.76373033,32.77465962],[-96.76349534,32.77486115]]},"properties":{"AADT_CUR":292,"RTE_NM":"1064888","RTE_PRFX":"CS","RTE_NBR":"1064888","SYSTEM":"Off"}},{"type":"Feature","geometry":{"type":"LineString","coordinates":[[-96.8247142644277,32.7745086543776],[-96.82471192,32.7753972300165]]},"properties":{"AADT_CUR":292,"RTE_NM":"1064025","RTE_PRFX":"CS","RTE_NBR":"1064025","SYSTEM":"Off"}},{"type":"Feature","geometry":{"type":"LineString","coordinates":[[-96.76554826,32.7585243400164],[-96.76533061,32.7583412400164],[-96.76480626,32.7578693200163],[-96.76450127,32.7576176500164],[-96.76385693,32.7570437100164],[-96.76342304,32.7566885100164],[-96.76267078,32.7560182100164],[-96.7619507094291,32.7553671857656]]},"properties":{"AADT_CUR":292,"RTE_NM":"1065908","RTE_PRFX":"CS","RTE_NBR":"1065908","SYSTEM":"Off"}},{"type":"Feature","geometry":{"type":"LineString","coordinates":[[-96.85154959,32.7755992300165],[-96.84998481,32.7755757200165],[-96.847938871465,32.7755294434329]]},"properties":{"AADT_CUR":292,"RTE_NM":"1058194","RTE_PRFX":"CS","RTE_NBR":"1058194","SYSTEM":"Off"}},{"type":"Feature","geometry":{"type":"LineString","coordinates":[[-96.82758628,32.80698574],[-96.82825896,32.80765318],[-96.82881088,32.80825026],[-96.82913588,32.80866701],[-96.8293698,32.80895055],[-96.82962671,32.80922341],[-96.83017027,32.80970354]]},"properties":{"AADT_CUR":292,"RTE_NM":"1063848","RTE_PRFX":"CS","RTE_NBR":"1063848","SYSTEM":"Off"}},{"type":"Feature","geometry":{"type":"LineString","coordinates":[[-96.79735395,32.81974095],[-96.79598882,32.81915595],[-96.7952731,32.81883137],[-96.794855,32.81869093]]},"properties":{"AADT_CUR":292,"RTE_NM":"1064948","RTE_PRFX":"CS","RTE_NBR":"1064948","SYSTEM":"Off"}},{"type":"Feature","geometry":{"type":"LineString","coordinates":[[-96.86191737,32.76346714],[-96.86185736,32.76350072],[-96.86180319,32.7635275],[-96.86174776,32.76353364],[-96.86167767,32.76354095],[-96.86056212,32.76356062],[-96.85969603,32.76355057],[-96.85896207,32.76356425],[-96.858028,32.7635794],[-96.85792839,32.76355473],[-96.85787912,32.76353621],[-96.85781228,32.76349959],[-96.85771364,32.76342406],[-96.85761105,32.76334161],[-96.85754927,32.76325144],[-96.85752628,32.76317554],[-96.85752594,32.76310544]]},"properties":{"AADT_CUR":292,"RTE_NM":"1058145","RTE_PRFX":"CS","RTE_NBR":"1058145","SYSTEM":"Off"}},{"type":"Feature","geometry":{"type":"LineString","coordinates":[[-96.7959566594786,32.8054887226171],[-96.7959446508012,32.8054991000851]]},"properties":{"AADT_CUR":292,"RTE_NM":"1063270","RTE_PRFX":"CS","RTE_NBR":"1063270","SYSTEM":"Off"}},{"type":"Feature","geometry":{"type":"LineString","coordinates":[[-96.7847967006217,32.7818883571895],[-96.78344443,32.78217558],[-96.7829918514759,32.7822654804988]]},"properties":{"AADT_CUR":14162,"RTE_NM":"263012","RTE_PRFX":"CS","RTE_NBR":"263012","SYSTEM":"Off"}},{"type":"Feature","geometry":{"type":"LineString","coordinates":[[-96.8564986352486,32.778711051465],[-96.85652818,32.77497429],[-96.8565541,32.77353079],[-96.85659407,32.77276991],[-96.85660588,32.77115067],[-96.85660825,32.76906105],[-96.8566035406395,32.7663274598481]]},"properties":{"AADT_CUR":33643,"RTE_NM":"263272","RTE_PRFX":"CS","RTE_NBR":"263272","SYSTEM":"Off"}},{"type":"Feature","geometry":{"type":"LineString","coordinates":[[-96.82284374,32.72284797],[-96.8228265447124,32.7228477375095]]},"properties":{"AADT_CUR":1189,"RTE_NM":"1060142","RTE_PRFX":"CS","RTE_NBR":"1060142","SYSTEM":"Off"}},{"type":"Feature","geometry":{"type":"LineString","coordinates":[[-96.74536046,32.8392141600168],[-96.74511716,32.8390213500168],[-96.7445204617327,32.8385418261194],[-96.74449991,32.8385253100167],[-96.74388861,32.8380240500168],[-96.74380080167,32.8379505865548],[-96.74328332,32.8375176400168],[-96.7430669470889,32.8373329352348],[-96.74268409,32.8370061100167],[-96.7425040420013,32.8368493077408],[-96.74210045,32.8364978200168],[-96.7420097,32.8364094500167],[-96.74179085,32.8362042200167],[-96.74156569,32.8360039200167],[-96.7414736442544,32.8359262312015],[-96.74133437,32.8358086800167],[-96.74109706,32.8356186400167],[-96.74085391,32.8354339400167],[-96.74060508,32.8352546900168],[-96.74035078,32.8350810200167],[-96.74027664,32.8350321300167],[-96.73864944,32.8337424200167],[-96.73861522,32.8337085200167],[-96.73854988,32.8336354400167],[-96.73849164,32.8335582100167],[-96.73844084,32.8334773200167],[-96.73839781,32.8333932800167],[-96.73836283,32.8333066200167],[-96.73835165,32.8332729800167],[-96.73823429,32.8331266500167],[-96.73810732,32.8329811900167],[-96.73797351,32.8328401600167],[-96.73783308,32.8327037900167],[-96.73768627,32.8325723100167],[-96.73753331,32.8324459300167],[-96.73737444,32.8323248400167],[-96.73722303,32.8322181200167],[-96.73566649,32.8309386900167],[-96.73508042,32.8304113700167],[-96.7345476227351,32.8299410877202],[-96.7344707,32.8298731900167],[-96.7338548,32.8293400400167],[-96.73323281,32.8288119700167],[-96.73308002,32.8286838100167],[-96.73306053,32.8286645400167],[-96.73299501,32.8285925400167],[-96.73293656,32.8285163300167],[-96.73288556,32.8284363900167],[-96.73284235,32.8283532500167],[-96.73280719,32.8282674300167],[-96.73278034,32.8281795200167],[-96.73277426,32.8281542600167],[-96.7325553817683,32.8272133907866]]},"properties":{"AADT_CUR":4714,"RTE_NM":"268398","RTE_PRFX":"CS","RTE_NBR":"268398","SYSTEM":"Off"}},{"type":"Feature","geometry":{"type":"LineString","coordinates":[[-96.813176054634,32.6913243431643],[-96.81317623,32.692232310016],[-96.81317979,32.6937567300161],[-96.81321096,32.6953255200161],[-96.81321292,32.6960348100161],[-96.81322199,32.6971414500161],[-96.81322738,32.6979277700161],[-96.81323074,32.6980075400161],[-96.81325795,32.6980725200161],[-96.81338534,32.6982130800161],[-96.81342097,32.6983056500161],[-96.81342485,32.6984005500161],[-96.81342088,32.6985668200161],[-96.81341538,32.7006546800161],[-96.81339564,32.7018654000161],[-96.81339615,32.7029939000161],[-96.8133812,32.7033964500161],[-96.81338061,32.7044974500161],[-96.81334659,32.7059031600161],[-96.813347205848,32.70594734042],[-96.81333722,32.7060116300161],[-96.8133373,32.7064349800161],[-96.81336868,32.7075226800161],[-96.81334686,32.7095704600161],[-96.81333978,32.7104995600161],[-96.81332732,32.7113694800162],[-96.81330929,32.7123616600162],[-96.8133135484694,32.7131782654759],[-96.81331367,32.7132015700162],[-96.81329926,32.7140453500162],[-96.81327884,32.7149495300161],[-96.81328861,32.7164465400162],[-96.81329926,32.7167422100162],[-96.81327599,32.7178387900162],[-96.81326716,32.7190743900162],[-96.81324076,32.7202066700162],[-96.8132407375819,32.7202559673211],[-96.81324072,32.7202946300162],[-96.81323513,32.7214024400162],[-96.81321379,32.7227395900162],[-96.81320239,32.7234253300162],[-96.81320634,32.7239449700162],[-96.8131912,32.7250416500162],[-96.81315808,32.7262714200162],[-96.81316335,32.7265931400162],[-96.8131574,32.7271635000162],[-96.81315568,32.7275964600162]]},"properties":{"AADT_CUR":292,"RTE_NM":"1062526","RTE_PRFX":"CS","RTE_NBR":"1062526","SYSTEM":"Off"}},{"type":"Feature","geometry":{"type":"LineString","coordinates":[[-96.74446758,32.82405049],[-96.7445032,32.82364963],[-96.74449037,32.82355735],[-96.74446287,32.82350748],[-96.74435331,32.82344957],[-96.74412064,32.82344355],[-96.74346385,32.8234384],[-96.74332805,32.82343236],[-96.74311627,32.82339775],[-96.74282894,32.82339781],[-96.74256173,32.82340916],[-96.74141979,32.82348787]]},"properties":{"AADT_CUR":292,"RTE_NM":"1062620","RTE_PRFX":"CS","RTE_NBR":"1062620","SYSTEM":"Off"}},{"type":"Feature","geometry":{"type":"LineString","coordinates":[[-96.76009735,32.83016551],[-96.75819868,32.83018292],[-96.75804381,32.83019313],[-96.75731408,32.8302104],[-96.75688426,32.83021126],[-96.7558877,32.83022066],[-96.75582695,32.83020468],[-96.75439587,32.83020523],[-96.75340367,32.83019955],[-96.75284606,32.8301986],[-96.75210563,32.83018132],[-96.75198692,32.83017415],[-96.75111301,32.83015638],[-96.75015924,32.83014159],[-96.74955791,32.83012901],[-96.7492152,32.83012969],[-96.74908086,32.83013055],[-96.74894639,32.83013828],[-96.74877512,32.83015511],[-96.74820769,32.83019798]]},"properties":{"AADT_CUR":292,"RTE_NM":"1062410","RTE_PRFX":"CS","RTE_NBR":"1062410","SYSTEM":"Off"}},{"type":"Feature","geometry":{"type":"LineString","coordinates":[[-96.773126261,32.780474516],[-96.772977762,32.780459425],[-96.772767571,32.780462374],[-96.77255536,32.78048606],[-96.772333784,32.780524642],[-96.772080022,32.780583519],[-96.771794601,32.780663774],[-96.77137489,32.780788442],[-96.771134028,32.78085243],[-96.770946804,32.780894229],[-96.770716798,32.780934014],[-96.770505235,32.780959262],[-96.770309095,32.780972671],[-96.770114317,32.780980709],[-96.769867246,32.780975701],[-96.769611459,32.780956035],[-96.769384348,32.780947513],[-96.769145886,32.780947418]]},"properties":{"AADT_CUR":9079,"RTE_NM":"1599253844","RTE_PRFX":"IH","RTE_NBR":"30","SYSTEM":"On"}},{"type":"Feature","geometry":{"type":"LineString","coordinates":[[-96.8093363174243,32.8269985176918],[-96.80933114,32.8269881700167],[-96.80914377,32.8265737200167],[-96.80884682,32.8261480800167],[-96.80831021,32.8256926900167],[-96.80771415,32.8253195400167],[-96.8069835729949,32.825025823765],[-96.80634329,32.8248318600167],[-96.80497287,32.8243322200167],[-96.80379886,32.8238851700167],[-96.80318337,32.8236669200167],[-96.8025845892566,32.8234938703611]]},"properties":{"AADT_CUR":6805,"RTE_NM":"263259","RTE_PRFX":"CS","RTE_NBR":"263259","SYSTEM":"Off"}},{"type":"Feature","geometry":{"type":"LineString","coordinates":[[-96.82285282,32.74803891],[-96.82157582,32.74864068],[-96.82048228,32.74922521],[-96.82035933,32.74923317],[-96.82025997,32.74919747],[-96.82018496,32.74912085]]},"properties":{"AADT_CUR":292,"RTE_NM":"1060082","RTE_PRFX":"CS","RTE_NBR":"1060082","SYSTEM":"Off"}},{"type":"Feature","geometry":{"type":"LineString","coordinates":[[-96.7616967159608,32.7633878014033],[-96.7616725386391,32.7634082648567]]},"properties":{"AADT_CUR":292,"RTE_NM":"1058958","RTE_PRFX":"CS","RTE_NBR":"1058958","SYSTEM":"Off"}},{"type":"Feature","geometry":{"type":"LineString","coordinates":[[-96.8089087167277,32.7512288927836],[-96.80890519,32.7514375],[-96.80891812,32.7520017],[-96.808935421,32.752394952],[-96.8089412,32.75279771],[-96.808960661,32.752961076],[-96.808972376,32.753151118],[-96.80897123,32.75334245],[-96.808972496,32.75360984],[-96.808972124,32.753816877],[-96.808946845,32.754146705],[-96.80893857,32.75438026],[-96.80893115,32.7545442],[-96.80894673,32.75491585],[-96.8089942,32.75522147],[-96.80909657,32.75558273],[-96.809175278,32.755885276],[-96.80922937,32.7561767],[-96.80924697,32.756311],[-96.80928286,32.75653341],[-96.80930504,32.75673149],[-96.80930912,32.75684049],[-96.80931511,32.75702364],[-96.80926984,32.75736887],[-96.80918494,32.75772825],[-96.80898868,32.75831306],[-96.8088482,32.75863378],[-96.80859352,32.75904976],[-96.80837846,32.75935255],[-96.80825625,32.75953265],[-96.80707888,32.76128988],[-96.80530797,32.76372377],[-96.80481466,32.76426227],[-96.80455851,32.76462622],[-96.80439392,32.76490208],[-96.80417297,32.76533946],[-96.80399197,32.76566538],[-96.80387471,32.7658586]]},"properties":{"AADT_CUR":6647,"RTE_NM":"IH0035E-AG","RTE_PRFX":"IH","RTE_NBR":"35","SYSTEM":"On"}},{"type":"Feature","geometry":{"type":"LineString","coordinates":[[-96.7950110760454,32.746335899289],[-96.79501106,32.7463382800163],[-96.795010992429,32.7463649257052]]},"properties":{"AADT_CUR":292,"RTE_NM":"1058072","RTE_PRFX":"CS","RTE_NBR":"1058072","SYSTEM":"Off"}},{"type":"Feature","geometry":{"type":"LineString","coordinates":[[-96.7438219483794,32.7734784100462],[-96.74476735,32.7742710400165]]},"properties":{"AADT_CUR":292,"RTE_NM":"1060695","RTE_PRFX":"CS","RTE_NBR":"1060695","SYSTEM":"Off"}},{"type":"Feature","geometry":{"type":"LineString","coordinates":[[-96.7457538410003,32.7620365185695],[-96.74576144,32.7620300800164],[-96.746397553974,32.7615004098552],[-96.7470708926587,32.760939733859],[-96.747648189566,32.7604590217058],[-96.7482573019754,32.759951808668],[-96.7486017366912,32.7596649912134],[-96.7488800257867,32.7594332525113],[-96.7494736265143,32.7589389395296],[-96.7500241836456,32.7584804633025],[-96.7510319853533,32.757641198844],[-96.75124952,32.7574600400164],[-96.75264768,32.7562980900164],[-96.7530400123547,32.7560748316514]]},"properties":{"AADT_CUR":18089,"RTE_NM":"263298","RTE_PRFX":"CS","RTE_NBR":"263298","SYSTEM":"Off"}},{"type":"Feature","geometry":{"type":"LineString","coordinates":[[-96.84364614,32.76592603],[-96.84364862,32.76601129],[-96.84363524,32.76664065],[-96.84363735,32.76739942],[-96.84366798,32.7682864],[-96.8436588,32.76834264],[-96.84365002,32.76837689]]},"properties":{"AADT_CUR":292,"RTE_NM":"1063108","RTE_PRFX":"CS","RTE_NBR":"1063108","SYSTEM":"Off"}},{"type":"Feature","geometry":{"type":"LineString","coordinates":[[-96.764383373115,32.7534751791897],[-96.76437349,32.75346332],[-96.76386622,32.75290917],[-96.76358854,32.75263588],[-96.76326486,32.75234271],[-96.76312696,32.75215797],[-96.76289171,32.7518784],[-96.76222817,32.7511241],[-96.76195055,32.75080545],[-96.76154074,32.75034336],[-96.76098796,32.74968732]]},"properties":{"AADT_CUR":685,"RTE_NM":"SH0310-XG","RTE_PRFX":"SH","RTE_NBR":"310","SYSTEM":"On"}},{"type":"Feature","geometry":{"type":"LineString","coordinates":[[-96.7803361601462,32.7775120107629],[-96.78038428,32.777573655],[-96.780688391,32.777978389],[-96.780853346,32.778177405],[-96.780980081,32.778317787],[-96.781091393,32.778416449],[-96.781240256,32.778532023],[-96.781355591,32.778600805],[-96.781544687,32.778684244],[-96.781700255,32.778746823],[-96.78188734,32.778789671],[-96.782054978,32.778803766],[-96.78223871,32.778800946],[-96.782405678,32.77878798],[-96.782613549,32.778752462],[-96.782800634,32.778701157],[-96.783008505,32.778625048],[-96.783186202,32.778523567],[-96.783384015,32.778387132],[-96.783573782,32.778226454],[-96.783975443,32.777836879],[-96.7841139211943,32.7777063439884]]},"properties":{"AADT_CUR":25745,"RTE_NM":"1599254867","RTE_PRFX":"IH","RTE_NBR":"30","SYSTEM":"On"}},{"type":"Feature","geometry":{"type":"LineString","coordinates":[[-96.79212019,32.82241143],[-96.79195714,32.82267859],[-96.79172274,32.82314272],[-96.79163889,32.82331201],[-96.79161962,32.82367875]]},"properties":{"AADT_CUR":292,"RTE_NM":"1058724","RTE_PRFX":"CS","RTE_NBR":"1058724","SYSTEM":"Off"}},{"type":"Feature","geometry":{"type":"LineString","coordinates":[[-96.823598818,32.73603803],[-96.823471336,32.737416462],[-96.823440865,32.737741116],[-96.823424149,32.737846902],[-96.823277908,32.738361495],[-96.823211808,32.738549927],[-96.823041399,32.738909979],[-96.822956768,32.739040981],[-96.822665813,32.739416877],[-96.822423572,32.739633318],[-96.8220643,32.73992455],[-96.821657877,32.740214766],[-96.82157928,32.74025816],[-96.821284445,32.74039017],[-96.82100261,32.740531418]]},"properties":{"AADT_CUR":99,"RTE_NM":"640","RTE_PRFX":"IH","RTE_NBR":"35","SYSTEM":"On"}},{"type":"Feature","geometry":{"type":"LineString","coordinates":[[-96.81353288,32.7304249000162],[-96.81268406,32.7304216300162],[-96.81189688,32.7304260600162],[-96.811457226277,32.7304295720473]]},"properties":{"AADT_CUR":292,"RTE_NM":"1059964","RTE_PRFX":"CS","RTE_NBR":"1059964","SYSTEM":"Off"}},{"type":"Feature","geometry":{"type":"LineString","coordinates":[[-96.8468502254224,32.7307923374344],[-96.8468449,32.7308408700162],[-96.84688091,32.7315272300162],[-96.84687179,32.7324975400163],[-96.8468672,32.7337483100163],[-96.8468410744971,32.7349785658587]]},"properties":{"AADT_CUR":292,"RTE_NM":"1064428","RTE_PRFX":"CS","RTE_NBR":"1064428","SYSTEM":"Off"}},{"type":"Feature","geometry":{"type":"LineString","coordinates":[[-96.746468451,32.791404097],[-96.746445899,32.792447953],[-96.74642603,32.79296644],[-96.74642761,32.79313415],[-96.74642408,32.79343651],[-96.74641839,32.79397113],[-96.746431949,32.794091671],[-96.746444167,32.794160353],[-96.74646013,32.794221524],[-96.746477435,32.794278186],[-96.746517676,32.794352015],[-96.74657464,32.79442281]]},"properties":{"AADT_CUR":11229,"RTE_NM":"1066260","RTE_PRFX":"CS","RTE_NBR":"1066260","SYSTEM":"Off"}},{"type":"Feature","geometry":{"type":"LineString","coordinates":[[-96.82116399,32.7855526100165],[-96.81976478,32.7862718500165],[-96.81821337,32.7870890000165],[-96.8181336292963,32.7871343154494]]},"properties":{"AADT_CUR":292,"RTE_NM":"1063698","RTE_PRFX":"CS","RTE_NBR":"1063698","SYSTEM":"Off"}},{"type":"Feature","geometry":{"type":"LineString","coordinates":[[-96.74600164,32.8087541],[-96.74591469,32.80874738],[-96.74586892,32.80871649],[-96.74581171,32.80868683],[-96.7454724,32.80839613],[-96.74527161,32.8082201],[-96.74515695,32.80813327],[-96.74502004,32.80801862]]},"properties":{"AADT_CUR":3492,"RTE_NM":"1064368","RTE_PRFX":"CS","RTE_NBR":"1064368","SYSTEM":"Off"}},{"type":"Feature","geometry":{"type":"LineString","coordinates":[[-96.7482513187813,32.7843803754666],[-96.74823967,32.7842199000165],[-96.7482139911236,32.7834814072689],[-96.74820355,32.7831811300165]]},"properties":{"AADT_CUR":9192,"RTE_NM":"262942","RTE_PRFX":"CS","RTE_NBR":"262942","SYSTEM":"Off"}},{"type":"Feature","geometry":{"type":"LineString","coordinates":[[-96.83567667,32.7622704],[-96.83440738,32.76227142],[-96.8332508,32.7622669],[-96.83290989,32.76227196],[-96.83215068,32.76228789],[-96.83174068,32.76229063],[-96.83159673,32.76231112],[-96.83149227,32.76235054],[-96.83136023,32.76240787]]},"properties":{"AADT_CUR":2073,"RTE_NM":"1065849","RTE_PRFX":"CS","RTE_NBR":"1065849","SYSTEM":"Off"}},{"type":"Feature","geometry":{"type":"LineString","coordinates":[[-96.7932322,32.7431359100163],[-96.79341897,32.7437006600163],[-96.79353085,32.7440994400163],[-96.79382922,32.7450354800163],[-96.79402198,32.7456690500163],[-96.7942352970498,32.7463203455889]]},"properties":{"AADT_CUR":292,"RTE_NM":"1058073","RTE_PRFX":"CS","RTE_NBR":"1058073","SYSTEM":"Off"}},{"type":"Feature","geometry":{"type":"LineString","coordinates":[[-96.84220134,32.78326583],[-96.84219112,32.78450964],[-96.84219182,32.78512545],[-96.84221119,32.78587345]]},"properties":{"AADT_CUR":292,"RTE_NM":"1058505","RTE_PRFX":"CS","RTE_NBR":"1058505","SYSTEM":"Off"}},{"type":"Feature","geometry":{"type":"LineString","coordinates":[[-96.84490898,32.78012534],[-96.84382421,32.78009714],[-96.84273084,32.78009358]]},"properties":{"AADT_CUR":292,"RTE_NM":"1063862","RTE_PRFX":"CS","RTE_NBR":"1063862","SYSTEM":"Off"}},{"type":"Feature","geometry":{"type":"LineString","coordinates":[[-96.82904469,32.7375099],[-96.82852554,32.73749008]]},"properties":{"AADT_CUR":292,"RTE_NM":"1059837","RTE_PRFX":"CS","RTE_NBR":"1059837","SYSTEM":"Off"}},{"type":"Feature","geometry":{"type":"LineString","coordinates":[[-96.8216528115406,32.7587398657976],[-96.82166784,32.7605069900164],[-96.82167183,32.7623173200164]]},"properties":{"AADT_CUR":292,"RTE_NM":"1060357","RTE_PRFX":"CS","RTE_NBR":"1060357","SYSTEM":"Off"}},{"type":"Feature","geometry":{"type":"LineString","coordinates":[[-96.80721072,32.7766672000164],[-96.80699371,32.7766689300164],[-96.806267039612,32.7768135776937],[-96.8054470414095,32.7769767973817],[-96.80524647,32.7770167200165],[-96.80496979,32.7770719800165],[-96.8044971857764,32.7771663808672],[-96.80395499,32.7772746800164],[-96.8036327516531,32.7773221784546],[-96.80357937,32.7773121900165],[-96.80342194,32.7772777700164],[-96.80326687,32.7772363700165],[-96.80311461,32.7771881200165],[-96.80296558,32.7771331400164],[-96.80292569,32.7771144200165],[-96.80277769,32.7770444400165],[-96.80262568,32.7769808800165],[-96.80247006,32.7769239100165],[-96.80237061,32.7768915500165],[-96.80214352,32.7767770000165]]},"properties":{"AADT_CUR":1298,"RTE_NM":"268077","RTE_PRFX":"CS","RTE_NBR":"268077","SYSTEM":"Off"}},{"type":"Feature","geometry":{"type":"LineString","coordinates":[[-96.7893778442726,32.7776453855203],[-96.7889194399328,32.7771481500723]]},"properties":{"AADT_CUR":292,"RTE_NM":"263593","RTE_PRFX":"CS","RTE_NBR":"263593","SYSTEM":"Off"}},{"type":"Feature","geometry":{"type":"LineString","coordinates":[[-96.85343963,32.7886974700165],[-96.85342632,32.7895027700165],[-96.85341284,32.7904042900165],[-96.85340373,32.7912893700165],[-96.8533915029019,32.792583073519]]},"properties":{"AADT_CUR":292,"RTE_NM":"1063865","RTE_PRFX":"CS","RTE_NBR":"1063865","SYSTEM":"Off"}},{"type":"Feature","geometry":{"type":"LineString","coordinates":[[-96.73411104,32.8078724600166],[-96.73395508,32.8080214500166],[-96.73354196,32.8084554500166],[-96.7333658036469,32.8086202166056]]},"properties":{"AADT_CUR":292,"RTE_NM":"1062337","RTE_PRFX":"CS","RTE_NBR":"1062337","SYSTEM":"Off"}},{"type":"Feature","geometry":{"type":"LineString","coordinates":[[-96.75903595,32.7696579500164],[-96.75832539,32.7702583000164],[-96.75813123,32.7704109000164],[-96.7578522236738,32.7706649512917]]},"properties":{"AADT_CUR":292,"RTE_NM":"1058904","RTE_PRFX":"CS","RTE_NBR":"1058904","SYSTEM":"Off"}},{"type":"Feature","geometry":{"type":"LineString","coordinates":[[-96.83108335,32.81978565],[-96.82996312,32.8188483],[-96.82918624,32.81817809],[-96.82882023,32.81786253],[-96.82760865,32.81685108]]},"properties":{"AADT_CUR":292,"RTE_NM":"1063520","RTE_PRFX":"CS","RTE_NBR":"1063520","SYSTEM":"Off"}},{"type":"Feature","geometry":{"type":"LineString","coordinates":[[-96.8133106794506,32.8032421497464],[-96.8132982395799,32.80325214576]]},"properties":{"AADT_CUR":292,"RTE_NM":"1066007","RTE_PRFX":"CS","RTE_NBR":"1066007","SYSTEM":"Off"}},{"type":"Feature","geometry":{"type":"LineString","coordinates":[[-96.74910434279,32.7649547679544],[-96.74841114,32.7656145900164],[-96.74763216,32.7662991500164]]},"properties":{"AADT_CUR":292,"RTE_NM":"1063990","RTE_PRFX":"CS","RTE_NBR":"1063990","SYSTEM":"Off"}},{"type":"Feature","geometry":{"type":"LineString","coordinates":[[-96.78850979,32.7673043100164],[-96.787665,32.7680005800164],[-96.78721738,32.7683490500164],[-96.78691932,32.7686198500164],[-96.78670281,32.7687941800164],[-96.78659573,32.7689054100164],[-96.78639684,32.7690525000164],[-96.7861680813835,32.7692728088882]]},"properties":{"AADT_CUR":292,"RTE_NM":"1064668","RTE_PRFX":"CS","RTE_NBR":"1064668","SYSTEM":"Off"}},{"type":"Feature","geometry":{"type":"LineString","coordinates":[[-96.7927980705594,32.7705661095078],[-96.7934762060555,32.7712279568585],[-96.79400835,32.7717473100164],[-96.7940121484352,32.7717510237699]]},"properties":{"AADT_CUR":8105,"RTE_NM":"262915","RTE_PRFX":"CS","RTE_NBR":"262915","SYSTEM":"Off"}},{"type":"Feature","geometry":{"type":"LineString","coordinates":[[-96.807029610026,32.818580483996],[-96.8070124588554,32.8185805486555]]},"properties":{"AADT_CUR":292,"RTE_NM":"1063172","RTE_PRFX":"CS","RTE_NBR":"1063172","SYSTEM":"Off"}},{"type":"Feature","geometry":{"type":"LineString","coordinates":[[-96.8055145496308,32.7512535525181],[-96.80547168,32.7527052800163],[-96.80546081,32.7530625200163],[-96.80547772,32.7545197600164],[-96.8054948,32.7554574400163],[-96.8055007,32.7555743500164],[-96.80552414,32.7556667700164],[-96.8055557,32.7558885000164]]},"properties":{"AADT_CUR":292,"RTE_NM":"1063010","RTE_PRFX":"CS","RTE_NBR":"1063010","SYSTEM":"Off"}},{"type":"Feature","geometry":{"type":"LineString","coordinates":[[-96.7864799192458,32.7763569478001],[-96.786607908,32.776503698],[-96.78690984,32.77682304],[-96.78714784,32.777092311],[-96.787408094,32.777326437]]},"properties":{"AADT_CUR":4368,"RTE_NM":"1638316806","RTE_PRFX":"IH","RTE_NBR":"30","SYSTEM":"On"}},{"type":"Feature","geometry":{"type":"LineString","coordinates":[[-96.74231942,32.8014817800166],[-96.74230111,32.8013603500166],[-96.74217969,32.8010823700166],[-96.74210564,32.8009988500166],[-96.74201061,32.8009067900166],[-96.74197913,32.8008953400166],[-96.74178538,32.8007757600166],[-96.74124463,32.8005481800165],[-96.74094136,32.8003720800166],[-96.74072889,32.8002123800166],[-96.7404871717372,32.8000689319579]]},"properties":{"AADT_CUR":292,"RTE_NM":"1064598","RTE_PRFX":"CS","RTE_NBR":"1064598","SYSTEM":"Off"}},{"type":"Feature","geometry":{"type":"LineString","coordinates":[[-96.81563681,32.76001002],[-96.81418448,32.76002017]]},"properties":{"AADT_CUR":292,"RTE_NM":"1057757","RTE_PRFX":"CS","RTE_NBR":"1057757","SYSTEM":"Off"}},{"type":"Feature","geometry":{"type":"LineString","coordinates":[[-96.7730984787134,32.754335581466],[-96.77251798,32.7548125200164],[-96.7719993989127,32.7552810793293]]},"properties":{"AADT_CUR":2818,"RTE_NM":"1062719","RTE_PRFX":"CS","RTE_NBR":"1062719","SYSTEM":"Off"}},{"type":"Feature","geometry":{"type":"LineString","coordinates":[[-96.75252799,32.76784571],[-96.7521831,32.76813364],[-96.75130496,32.76893915],[-96.75076762,32.76941544]]},"properties":{"AADT_CUR":292,"RTE_NM":"1061262","RTE_PRFX":"CS","RTE_NBR":"1061262","SYSTEM":"Off"}},{"type":"Feature","geometry":{"type":"LineString","coordinates":[[-96.818284008246,32.7602835938497],[-96.81833367,32.7603382200164],[-96.81842436,32.7604466700164],[-96.81852563,32.7605112700164],[-96.81864213,32.7605444500164],[-96.81893333,32.7605442700164],[-96.81951614,32.7605219200164],[-96.82015002,32.7605084900163],[-96.82166784,32.7605069900164],[-96.82291115,32.7605110500164]]},"properties":{"AADT_CUR":292,"RTE_NM":"1060123","RTE_PRFX":"CS","RTE_NBR":"1060123","SYSTEM":"Off"}},{"type":"Feature","geometry":{"type":"LineString","coordinates":[[-96.7534986231778,32.736858859065],[-96.7534814738287,32.7368586645956]]},"properties":{"AADT_CUR":292,"RTE_NM":"1063537","RTE_PRFX":"CS","RTE_NBR":"1063537","SYSTEM":"Off"}},{"type":"Feature","geometry":{"type":"LineString","coordinates":[[-96.76187086,32.81177957],[-96.76152783,32.81204831],[-96.76135823,32.81218889],[-96.76108371,32.81240911],[-96.76091577,32.81254834],[-96.76079032,32.81263731],[-96.7606846,32.81271556]]},"properties":{"AADT_CUR":292,"RTE_NM":"1062218","RTE_PRFX":"CS","RTE_NBR":"1062218","SYSTEM":"Off"}},{"type":"Feature","geometry":{"type":"LineString","coordinates":[[-96.7595169361405,32.8082711191463],[-96.7595256,32.8082787900332],[-96.7595408779825,32.8082919330446]]},"properties":{"AADT_CUR":292,"RTE_NM":"1062333","RTE_PRFX":"CS","RTE_NBR":"1062333","SYSTEM":"Off"}},{"type":"Feature","geometry":{"type":"LineString","coordinates":[[-96.7702314377195,32.8163231880789],[-96.77022322,32.8163232500167],[-96.7701970769459,32.8163231872248]]},"properties":{"AADT_CUR":4945,"RTE_NM":"1064056","RTE_PRFX":"CS","RTE_NBR":"1064056","SYSTEM":"Off"}},{"type":"Feature","geometry":{"type":"LineString","coordinates":[[-96.78216898,32.77888224],[-96.78232502,32.77906517],[-96.78266167,32.77945331],[-96.78320041,32.78003394],[-96.78354114,32.78042075],[-96.78363029,32.78047972],[-96.784053,32.78082154],[-96.78407648,32.78084051],[-96.78424829,32.78095972],[-96.78486924,32.78132844],[-96.78501509,32.78140192],[-96.78508674,32.78144001],[-96.78523735,32.78152045],[-96.78570289,32.78172067],[-96.78593205,32.78182006],[-96.78597317,32.7818377],[-96.7863624,32.78200477],[-96.78642518,32.78203171],[-96.7865574,32.78208846],[-96.78680099,32.78219765],[-96.78724866,32.78239172],[-96.7884431,32.78292028],[-96.78898479,32.78315866],[-96.78933348,32.78331715],[-96.78959954,32.78343806],[-96.79080847,32.78398749],[-96.79094638,32.78407473],[-96.79128608,32.78432393],[-96.79140161,32.78445061],[-96.79144726,32.78450363],[-96.79165171,32.78474161],[-96.79184135,32.78497898],[-96.79197034,32.78521029],[-96.79198405,32.78524034],[-96.79211554,32.78552843],[-96.7921585,32.78566374],[-96.79224104,32.78589853],[-96.79226646,32.78604609],[-96.79228567,32.78615762],[-96.79231881,32.78642331],[-96.7923267,32.78656362],[-96.79244801,32.78785415],[-96.79244741,32.78794164],[-96.79244652,32.78806923],[-96.79244513,32.78827567],[-96.79244092,32.78889536],[-96.79244069,32.78892667],[-96.79253325,32.78996208],[-96.79256292,32.79029385],[-96.79257394,32.79041713],[-96.79273519,32.79221174],[-96.79275445,32.79236402],[-96.79276013,32.79253461],[-96.79281731,32.79338633],[-96.7929527,32.79450027],[-96.79301028,32.79497391],[-96.79304508,32.79526024]]},"properties":{"AADT_CUR":195958,"RTE_NM":"IH0345-LG","RTE_PRFX":"IH","RTE_NBR":"345","SYSTEM":"On"}},{"type":"Feature","geometry":{"type":"LineString","coordinates":[[-96.7585945009542,32.7907518833379],[-96.758334552,32.790768978],[-96.757864944,32.790788628],[-96.757089294,32.790827258],[-96.755879856,32.790883296],[-96.754729542,32.790931563],[-96.753933831,32.790967491],[-96.753191529,32.791000307],[-96.752025991,32.791050943],[-96.750593857,32.791117054],[-96.7502400011075,32.7911344392835]]},"properties":{"AADT_CUR":187533,"RTE_NM":"IH0030-RG","RTE_PRFX":"IH","RTE_NBR":"30","SYSTEM":"On"}},{"type":"Feature","geometry":{"type":"LineString","coordinates":[[-96.84043003,32.817887426],[-96.84038784,32.81784832],[-96.8398477,32.81739714],[-96.83976996,32.81733288],[-96.8397109,32.81727024],[-96.83967791,32.81720656],[-96.83963211,32.81700115],[-96.83961625,32.81693496],[-96.8395736,32.81686566],[-96.83952405,32.8168169],[-96.83758589,32.81518005],[-96.83674609,32.8145654],[-96.83607215,32.81400383],[-96.835744438,32.81372551]]},"properties":{"AADT_CUR":292,"RTE_NM":"1063980","RTE_PRFX":"CS","RTE_NBR":"1063980","SYSTEM":"Off"}},{"type":"Feature","geometry":{"type":"LineString","coordinates":[[-96.7502107301023,32.7658200590055],[-96.75014514,32.7658653000164],[-96.7501444256107,32.7658661139736]]},"properties":{"AADT_CUR":3719,"RTE_NM":"268073","RTE_PRFX":"CS","RTE_NBR":"268073","SYSTEM":"Off"}},{"type":"Feature","geometry":{"type":"LineString","coordinates":[[-96.8565966665587,32.7727699579174],[-96.85659407,32.77276991],[-96.8561117,32.77278963],[-96.85543189,32.77280461],[-96.85482823,32.77275881],[-96.85432294,32.77272579],[-96.85395342,32.77269605],[-96.8515952,32.77267066],[-96.84483933,32.77266453],[-96.84170222,32.77266193],[-96.84087044,32.77278794],[-96.84027419,32.77288834],[-96.8396797,32.77293659],[-96.83876469,32.77296667],[-96.8361325,32.77300743],[-96.83247777,32.77297123],[-96.83205042,32.77282523],[-96.8320502338855,32.7728252992448]]},"properties":{"AADT_CUR":2833,"RTE_NM":"263082","RTE_PRFX":"CS","RTE_NBR":"263082","SYSTEM":"Off"}},{"type":"Feature","geometry":{"type":"LineString","coordinates":[[-96.83863477,32.774171],[-96.83853065,32.774171],[-96.83833797,32.77420691],[-96.83823282,32.77426186],[-96.83806677,32.77431049],[-96.83780732,32.77435101],[-96.83712031,32.77445866],[-96.83701801,32.77449166],[-96.83697203,32.77451441]]},"properties":{"AADT_CUR":292,"RTE_NM":"1065913","RTE_PRFX":"CS","RTE_NBR":"1065913","SYSTEM":"Off"}},{"type":"Feature","geometry":{"type":"LineString","coordinates":[[-96.7843021228937,32.8031006720236],[-96.78429293,32.8031081900166],[-96.7842775153158,32.8031210005073]]},"properties":{"AADT_CUR":292,"RTE_NM":"1059836","RTE_PRFX":"CS","RTE_NBR":"1059836","SYSTEM":"Off"}},{"type":"Feature","geometry":{"type":"LineString","coordinates":[[-96.8479364924874,32.7687596741652],[-96.8469319,32.7687490700164],[-96.84666605,32.7687414200164],[-96.84623138,32.7687562700164],[-96.84598599,32.7687846100164]]},"properties":{"AADT_CUR":292,"RTE_NM":"1060562","RTE_PRFX":"CS","RTE_NBR":"1060562","SYSTEM":"Off"}},{"type":"Feature","geometry":{"type":"LineString","coordinates":[[-96.7521295007185,32.8144638212241],[-96.75211889,32.8144584400332],[-96.75208312,32.8144290900332],[-96.75200437,32.8143572300332],[-96.7519321,32.8142806700332],[-96.75186673,32.8141998000332],[-96.75180862,32.8141150800332],[-96.75175807,32.8140269700332],[-96.75171535,32.8139359400332],[-96.75168073,32.8138425000332],[-96.75165436,32.8137471500332],[-96.75163642,32.8136504200332],[-96.75162698,32.8135528400332],[-96.75162543,32.8134990200332],[-96.75160929,32.8134231200332],[-96.7515918,32.8133066700332],[-96.75158291,32.8131895300332],[-96.75158268,32.8130721400332],[-96.75159107,32.8129549800332],[-96.75160809,32.8128384800332],[-96.75163364,32.8127231000332],[-96.75166765,32.8126092800332],[-96.75170576,32.8125075600332],[-96.75177691,32.8124360800332],[-96.75190443,32.8123169800332],[-96.75203825,32.8122029000332],[-96.75217806,32.8120940800332],[-96.75232361,32.8119907500332],[-96.75241332,32.8119316100332],[-96.7524684,32.8118924200332],[-96.75253706,32.8118352400332],[-96.75259938,32.8117730900332],[-96.75265485,32.8117064700332],[-96.75270301,32.8116359200332],[-96.7527300730997,32.8115865315616],[-96.75274351,32.8115620100333],[-96.75277598,32.8114853400332],[-96.75280018,32.8114065000332],[-96.7528117173996,32.8113476483216]]},"properties":{"AADT_CUR":17483,"RTE_NM":"262900","RTE_PRFX":"CS","RTE_NBR":"262900","SYSTEM":"Off"}},{"type":"Feature","geometry":{"type":"LineString","coordinates":[[-96.8192162461281,32.745375863176],[-96.81919024,32.7453892700326],[-96.8191888061838,32.7453900005419],[-96.81790508,32.7460440300326],[-96.8178956995944,32.7460488954088],[-96.8166105243424,32.7467154716226],[-96.81660081,32.7467205100326],[-96.8156322,32.7472352300326],[-96.815602122759,32.7472512408454]]},"properties":{"AADT_CUR":12922,"RTE_NM":"263358","RTE_PRFX":"CS","RTE_NBR":"263358","SYSTEM":"Off"}},{"type":"Feature","geometry":{"type":"LineString","coordinates":[[-96.776728895167,32.7619864903082],[-96.77707494,32.7621540100328],[-96.77756961,32.7622715300328],[-96.77810662,32.7623666900328],[-96.77823691,32.7624050200328],[-96.7782451392927,32.7624111524816],[-96.77883795,32.7628529100328],[-96.7803386201615,32.764292420801]]},"properties":{"AADT_CUR":3058,"RTE_NM":"268100","RTE_PRFX":"CS","RTE_NBR":"268100","SYSTEM":"Off"}},{"type":"Feature","geometry":{"type":"LineString","coordinates":[[-96.78976208,32.77654152],[-96.7906824,32.77578126]]},"properties":{"AADT_CUR":292,"RTE_NM":"263716","RTE_PRFX":"CS","RTE_NBR":"263716","SYSTEM":"Off"}},{"type":"Feature","geometry":{"type":"LineString","coordinates":[[-96.85191714,32.7749951800165],[-96.85228339,32.7750302700164],[-96.85244406,32.7750956400165],[-96.85262199,32.7751955900164],[-96.85274868,32.7753388400164],[-96.85277709,32.7753859400165],[-96.85286062,32.7755753700164],[-96.85287563,32.7770463100164],[-96.8528849128868,32.7786253518568]]},"properties":{"AADT_CUR":292,"RTE_NM":"1063865","RTE_PRFX":"CS","RTE_NBR":"1063865","SYSTEM":"Off"}},{"type":"Feature","geometry":{"type":"LineString","coordinates":[[-96.7376655989328,32.780394825359],[-96.73621724,32.7803998300165],[-96.73446307,32.7804123900165],[-96.73409933,32.7804144800165]]},"properties":{"AADT_CUR":292,"RTE_NM":"1062791","RTE_PRFX":"CS","RTE_NBR":"1062791","SYSTEM":"Off"}},{"type":"Feature","geometry":{"type":"LineString","coordinates":[[-96.81728277,32.82641058],[-96.81841485,32.82727947]]},"properties":{"AADT_CUR":292,"RTE_NM":"1060814","RTE_PRFX":"CS","RTE_NBR":"1060814","SYSTEM":"Off"}},{"type":"Feature","geometry":{"type":"LineString","coordinates":[[-96.79886987,32.7951917100165],[-96.79964999,32.7959253900165],[-96.80010587,32.7962972600166],[-96.80043331,32.7965780200165],[-96.80120816,32.7972483900166],[-96.8014279239429,32.7974199198448]]},"properties":{"AADT_CUR":292,"RTE_NM":"1058479","RTE_PRFX":"CS","RTE_NBR":"1058479","SYSTEM":"Off"}},{"type":"Feature","geometry":{"type":"LineString","coordinates":[[-96.85210464,32.75320025],[-96.85200721,32.7532347],[-96.8519197,32.75326103],[-96.85180228,32.75327734],[-96.8502711,32.75326115],[-96.85019888,32.75325195],[-96.85011183,32.75320956],[-96.85008061,32.75318302],[-96.85005026,32.75310977],[-96.85002525,32.75305446],[-96.8500154,32.75297186],[-96.85003475,32.75184362]]},"properties":{"AADT_CUR":292,"RTE_NM":"1065064","RTE_PRFX":"CS","RTE_NBR":"1065064","SYSTEM":"Off"}},{"type":"Feature","geometry":{"type":"LineString","coordinates":[[-96.85958041,32.79070476],[-96.85951339,32.79098001]]},"properties":{"AADT_CUR":292,"RTE_NM":"1058789","RTE_PRFX":"CS","RTE_NBR":"1058789","SYSTEM":"Off"}},{"type":"Feature","geometry":{"type":"LineString","coordinates":[[-96.77279304,32.7584822600164],[-96.77269711,32.7585634000164],[-96.7719513,32.7591866900163],[-96.77106089,32.7599674400164],[-96.77070944,32.7602574700164],[-96.7707089013522,32.7602577990392]]},"properties":{"AADT_CUR":292,"RTE_NM":"1062150","RTE_PRFX":"CS","RTE_NBR":"1062150","SYSTEM":"Off"}},{"type":"Feature","geometry":{"type":"LineString","coordinates":[[-96.79489121,32.77412866],[-96.79480081,32.77409168],[-96.79464777,32.77409645],[-96.79415383,32.77418864],[-96.79403901,32.77423655],[-96.79398114,32.77428524],[-96.79369326,32.77453283],[-96.79348708,32.77472107],[-96.79242978,32.77559452],[-96.79147,32.77642943]]},"properties":{"AADT_CUR":292,"RTE_NM":"1059506","RTE_PRFX":"CS","RTE_NBR":"1059506","SYSTEM":"Off"}},{"type":"Feature","geometry":{"type":"LineString","coordinates":[[-96.86084507,32.7481516800163],[-96.86088086,32.7485919900163],[-96.86088182,32.7487157100163],[-96.86086781,32.7487705100163],[-96.86085309,32.7488184300163],[-96.86078614,32.7490525900163],[-96.8607088387921,32.749468767478]]},"properties":{"AADT_CUR":292,"RTE_NM":"1058313","RTE_PRFX":"CS","RTE_NBR":"1058313","SYSTEM":"Off"}},{"type":"Feature","geometry":{"type":"LineString","coordinates":[[-96.73228211,32.82009654],[-96.73201581,32.82030719],[-96.73191741,32.82042538],[-96.73183907,32.82059884]]},"properties":{"AADT_CUR":292,"RTE_NM":"1062087","RTE_PRFX":"CS","RTE_NBR":"1062087","SYSTEM":"Off"}},{"type":"Feature","geometry":{"type":"LineString","coordinates":[[-96.8069979345606,32.8197190563903],[-96.80748859,32.81974288],[-96.80777477,32.81965421],[-96.80798982,32.81957577],[-96.80848588,32.81914555],[-96.8112907694042,32.8168291809791]]},"properties":{"AADT_CUR":6309,"RTE_NM":"263841","RTE_PRFX":"CS","RTE_NBR":"263841","SYSTEM":"Off"}},{"type":"Feature","geometry":{"type":"LineString","coordinates":[[-96.7871284168927,32.8343458606604],[-96.78715582,32.82912402],[-96.78689529,32.82898749],[-96.78682848,32.82888801],[-96.78627939,32.82840482]]},"properties":{"AADT_CUR":6544,"RTE_NM":"263763","RTE_PRFX":"CS","RTE_NBR":"263763","SYSTEM":"Off"}},{"type":"Feature","geometry":{"type":"LineString","coordinates":[[-96.8135708950483,32.8034871427351],[-96.81283935,32.8041076000166],[-96.81207376,32.8047391300166],[-96.81136317,32.8053452700166],[-96.81079437,32.8058131400166],[-96.81023191,32.8062893400166],[-96.80951836,32.8068789500166],[-96.80854891,32.8076575000166],[-96.8078072056962,32.8083460675021],[-96.80733021,32.8087446800166],[-96.80677018,32.8092195300166],[-96.80658588,32.8093668400166],[-96.80564271,32.8100880000166],[-96.80501397,32.8105797700166],[-96.8045943,32.8109479200166],[-96.8045485047611,32.8109871605299],[-96.80448602,32.8110357900166],[-96.80387292,32.8115181500166],[-96.80360324,32.8117454000166],[-96.80355678,32.8117914900166],[-96.80352862,32.8118598400166],[-96.80350267,32.8119405800167],[-96.8035083,32.8120286300166],[-96.80353022,32.8121169000166]]},"properties":{"AADT_CUR":292,"RTE_NM":"1066007","RTE_PRFX":"CS","RTE_NBR":"1066007","SYSTEM":"Off"}},{"type":"Feature","geometry":{"type":"LineString","coordinates":[[-96.8586455975276,32.8222461537045],[-96.85863837,32.8232490700167],[-96.85864497,32.8235075700167],[-96.85869314,32.8240277800167],[-96.85872671,32.8248529400167],[-96.8587171708433,32.8262432225567]]},"properties":{"AADT_CUR":1794,"RTE_NM":"1063297","RTE_PRFX":"CS","RTE_NBR":"1063297","SYSTEM":"Off"}},{"type":"Feature","geometry":{"type":"LineString","coordinates":[[-96.8568689655498,32.7333317506999],[-96.85549906,32.7333336300163],[-96.85428423,32.7332900700163],[-96.85362493,32.7332813300162],[-96.85298413,32.7332838300162],[-96.85167539,32.7332623600162],[-96.85045895,32.7332613500162],[-96.84925037,32.7332315500162]]},"properties":{"AADT_CUR":292,"RTE_NM":"1060337","RTE_PRFX":"CS","RTE_NBR":"1060337","SYSTEM":"Off"}},{"type":"Feature","geometry":{"type":"LineString","coordinates":[[-96.76211925,32.77960496],[-96.76107892,32.77873386],[-96.7605246,32.77825052],[-96.76005473,32.77781645],[-96.75957303,32.77740559],[-96.75942036,32.77726738],[-96.75934433,32.77720308],[-96.75921226,32.77709263],[-96.75890895,32.77683685],[-96.75818583,32.77625902],[-96.75783098,32.77593413]]},"properties":{"AADT_CUR":292,"RTE_NM":"1065357","RTE_PRFX":"CS","RTE_NBR":"1065357","SYSTEM":"Off"}},{"type":"Feature","geometry":{"type":"LineString","coordinates":[[-96.76385218,32.76215149],[-96.7625279,32.76103197]]},"properties":{"AADT_CUR":292,"RTE_NM":"1064320","RTE_PRFX":"CS","RTE_NBR":"1064320","SYSTEM":"Off"}},{"type":"Feature","geometry":{"type":"LineString","coordinates":[[-96.8199438299742,32.7590565502163],[-96.81994824,32.7590601800164],[-96.82003059,32.7591694300164],[-96.82010567,32.7592845400164],[-96.82013278,32.7593563800164],[-96.82013312,32.7594663300164],[-96.82015002,32.7605084900163],[-96.82016105,32.7623326500163]]},"properties":{"AADT_CUR":292,"RTE_NM":"1063729","RTE_PRFX":"CS","RTE_NBR":"1063729","SYSTEM":"Off"}},{"type":"Feature","geometry":{"type":"LineString","coordinates":[[-96.79632666,32.8155936400333],[-96.79588193,32.8154418500332],[-96.7958237899927,32.8154176800316],[-96.79576626,32.8154045300332],[-96.79550287,32.8153033200332],[-96.79481428,32.8150505900332],[-96.7942932,32.8148496300333],[-96.79353091,32.8145367800333],[-96.79305417,32.8143570500333],[-96.79217066,32.8140411400332],[-96.790859759255,32.8135378643266]]},"properties":{"AADT_CUR":292,"RTE_NM":"1060277","RTE_PRFX":"CS","RTE_NBR":"1060277","SYSTEM":"Off"}},{"type":"Feature","geometry":{"type":"LineString","coordinates":[[-96.8479269725868,32.7303279705889],[-96.84799604,32.7304603000162],[-96.84803093,32.7305954700162],[-96.84805594,32.7307800000163],[-96.84804577,32.7311083700163],[-96.84806133,32.7312776500162],[-96.84810131,32.7313579000162],[-96.84816175,32.7314301900162],[-96.84820674,32.7314596400162],[-96.84836705,32.7315401200162]]},"properties":{"AADT_CUR":292,"RTE_NM":"1058046","RTE_PRFX":"CS","RTE_NBR":"1058046","SYSTEM":"Off"}},{"type":"Feature","geometry":{"type":"LineString","coordinates":[[-96.79747788,32.81762691],[-96.79738626,32.81766706],[-96.79729768,32.81771136],[-96.79724395,32.81774158],[-96.79716267,32.81779061],[-96.79706572,32.81785015],[-96.79699625,32.81789554],[-96.79692176,32.8179485],[-96.79683525,32.81801429],[-96.79674116,32.81809],[-96.79664996,32.81816832]]},"properties":{"AADT_CUR":292,"RTE_NM":"1262395","RTE_PRFX":"CS","RTE_NBR":"1262395","SYSTEM":"Off"}},{"type":"Feature","geometry":{"type":"LineString","coordinates":[[-96.7543373426244,32.7571683298733],[-96.75335934,32.7580086700164],[-96.75292308,32.7583956700164],[-96.75212981,32.7590264400164],[-96.75174881,32.7593743500164],[-96.75142921,32.7596598800164],[-96.75108931,32.7599025200164],[-96.75083195,32.7600844600164]]},"properties":{"AADT_CUR":292,"RTE_NM":"1062458","RTE_PRFX":"CS","RTE_NBR":"1062458","SYSTEM":"Off"}},{"type":"Feature","geometry":{"type":"LineString","coordinates":[[-96.77523479,32.78196466],[-96.77494579,32.78176408],[-96.77474759,32.7816225],[-96.7746136,32.78152581],[-96.77424001,32.78125463]]},"properties":{"AADT_CUR":292,"RTE_NM":"1063571","RTE_PRFX":"CS","RTE_NBR":"1063571","SYSTEM":"Off"}},{"type":"Feature","geometry":{"type":"LineString","coordinates":[[-96.76694003,32.79626152],[-96.76588595,32.7953616],[-96.76525608,32.79482362],[-96.76464463,32.79433401]]},"properties":{"AADT_CUR":292,"RTE_NM":"1063077","RTE_PRFX":"CS","RTE_NBR":"1063077","SYSTEM":"Off"}},{"type":"Feature","geometry":{"type":"LineString","coordinates":[[-96.826582451217,32.7593612945364],[-96.8265752514599,32.7593744880614]]},"properties":{"AADT_CUR":292,"RTE_NM":"1063305","RTE_PRFX":"CS","RTE_NBR":"1063305","SYSTEM":"Off"}},{"type":"Feature","geometry":{"type":"LineString","coordinates":[[-96.8564472077017,32.7913425238771],[-96.85645024,32.79024556],[-96.8564718,32.78792213],[-96.85648702,32.78713349],[-96.85647992,32.7853258],[-96.85650047,32.78218528],[-96.85649862,32.77871298],[-96.8564986352486,32.778711051465]]},"properties":{"AADT_CUR":25337,"RTE_NM":"263272","RTE_PRFX":"CS","RTE_NBR":"263272","SYSTEM":"Off"}},{"type":"Feature","geometry":{"type":"LineString","coordinates":[[-96.7701664837167,32.8248997729307],[-96.76796306,32.8248884000167],[-96.76577367,32.8248757700167],[-96.76492177,32.8248583900167],[-96.7636382,32.8248542300167],[-96.76284365,32.8248596400167],[-96.76183284,32.8248510200167],[-96.76155762,32.8248554100167],[-96.7615319806322,32.8248556186348],[-96.76118394,32.8248584500167],[-96.76086403,32.8248594700167],[-96.76014788,32.8248508300167]]},"properties":{"AADT_CUR":292,"RTE_NM":"1065695","RTE_PRFX":"CS","RTE_NBR":"1065695","SYSTEM":"Off"}},{"type":"Feature","geometry":{"type":"LineString","coordinates":[[-96.85675166,32.8280057900167],[-96.8566801375156,32.8280437122758],[-96.85660868,32.8280816000167],[-96.85651909,32.8281529000167],[-96.85575393,32.8287682000167],[-96.85429173,32.8300093100167],[-96.85222673,32.8317523800167],[-96.85149464,32.8323364700167],[-96.85136959,32.8324502800167],[-96.85054101,32.8331444300167],[-96.84969489,32.8338177200167],[-96.84889685,32.8345315200167],[-96.84875217,32.8346505600167],[-96.84831803,32.8349691900167],[-96.84817671,32.8350827700167],[-96.84803274,32.8352073200167],[-96.84786423,32.8353384000167],[-96.8477105992739,32.8354823829611]]},"properties":{"AADT_CUR":292,"RTE_NM":"1062327","RTE_PRFX":"CS","RTE_NBR":"1062327","SYSTEM":"Off"}},{"type":"Feature","geometry":{"type":"LineString","coordinates":[[-96.801560646,32.7896372190165],[-96.801867347,32.7894933080165],[-96.8020377217793,32.7893639449799],[-96.802201558,32.7892395460165],[-96.802873258,32.7887095580165],[-96.80294891,32.7886131960165],[-96.8029892168313,32.7884690374078],[-96.8029925018712,32.7884672315159]]},"properties":{"AADT_CUR":6300,"RTE_NM":"2000025355","RTE_PRFX":"SS","RTE_NBR":"366","SYSTEM":"On"}},{"type":"Feature","geometry":{"type":"LineString","coordinates":[[-96.7820386601764,32.7788547214119],[-96.781804761,32.779036986],[-96.781583746,32.779224611],[-96.781362732,32.779360819],[-96.781133134,32.779488007],[-96.780864913,32.779614292],[-96.780613858,32.779723439],[-96.780286628,32.779839802],[-96.780050593,32.779911964],[-96.779731946,32.77999405],[-96.77945085,32.780053584],[-96.779219107,32.780090567],[-96.778914983,32.780124405],[-96.778338776,32.780175253],[-96.777453535,32.780251791],[-96.776522271,32.780328464],[-96.775930038,32.780378977],[-96.774773302,32.780477923],[-96.77393967,32.78054738],[-96.773392499,32.780593383],[-96.773057758,32.780634876],[-96.772709071,32.780697116],[-96.772435485,32.780762964],[-96.772156535,32.780840539],[-96.771929083,32.780919917],[-96.771672927,32.781025731],[-96.771456204,32.781125855],[-96.771249137,32.781237706],[-96.771043143,32.781354067],[-96.770897231,32.781451485],[-96.770689091,32.781599416],[-96.770485243,32.781766289],[-96.770294269,32.781948496],[-96.770130118,32.782118075],[-96.76998206,32.782290359],[-96.769827564,32.782488802],[-96.769722421,32.782646653],[-96.769602258,32.782844193],[-96.769490678,32.78303181],[-96.76933511,32.78329339],[-96.769152719,32.7836136],[-96.768983203,32.783911259],[-96.768777209,32.784258526],[-96.768586236,32.784574223],[-96.768397408,32.784862858],[-96.768164592,32.78519118],[-96.767988102,32.78540495],[-96.767719881,32.785718838],[-96.767436639,32.786018294],[-96.767260685,32.786196885],[-96.766925614,32.786268766]]},"properties":{"AADT_CUR":210659,"RTE_NM":"IH0030-UG","RTE_PRFX":"IH","RTE_NBR":"30","SYSTEM":"On"}},{"type":"Feature","geometry":{"type":"LineString","coordinates":[[-96.8346797738863,32.7785921220561],[-96.8346769,32.7787882400165],[-96.8346933,32.7805002700165],[-96.83470605,32.7820756700165],[-96.83472626,32.7821896500165],[-96.83476313,32.7823279700165],[-96.83475778,32.7838701400165],[-96.83477538,32.7849273900165]]},"properties":{"AADT_CUR":244,"RTE_NM":"1065448","RTE_PRFX":"CS","RTE_NBR":"1065448","SYSTEM":"Off"}},{"type":"Feature","geometry":{"type":"LineString","coordinates":[[-96.74654074,32.78164583],[-96.74583535,32.7816455],[-96.7453716,32.78164583]]},"properties":{"AADT_CUR":292,"RTE_NM":"1062183","RTE_PRFX":"CS","RTE_NBR":"1062183","SYSTEM":"Off"}},{"type":"Feature","geometry":{"type":"LineString","coordinates":[[-96.76554345,32.78348683],[-96.76456095,32.78323159],[-96.763420734,32.782944637],[-96.76167574,32.78248925],[-96.761415195,32.782449794],[-96.761123175,32.782441844],[-96.76095424,32.78242502],[-96.760629061,32.782332018],[-96.76032426,32.78220368],[-96.759664999,32.781868844],[-96.759439804,32.781804219],[-96.75914126,32.781751562],[-96.758898754,32.78173317],[-96.758605018,32.781678875],[-96.758074794,32.781525376],[-96.757854259,32.78144006],[-96.757647733,32.781325833],[-96.757459535,32.781196362],[-96.75694762,32.781195047],[-96.756520999,32.781179398],[-96.756099473,32.78102669],[-96.755788787,32.780806935],[-96.755485706,32.78083626],[-96.755219278,32.78086223],[-96.7550096283699,32.7808454291719]]},"properties":{"AADT_CUR":292,"RTE_NM":"1065952","RTE_PRFX":"CS","RTE_NBR":"1065952","SYSTEM":"Off"}},{"type":"Feature","geometry":{"type":"LineString","coordinates":[[-96.786258660438,32.7676799245693],[-96.78486999,32.7666933400164]]},"properties":{"AADT_CUR":292,"RTE_NM":"1060817","RTE_PRFX":"CS","RTE_NBR":"1060817","SYSTEM":"Off"}},{"type":"Feature","geometry":{"type":"LineString","coordinates":[[-96.7957415023153,32.7734419832001],[-96.7957878301364,32.7734895569567],[-96.7959102792005,32.7736152988342],[-96.7961292154737,32.7738401214323],[-96.79614685,32.7738582300164],[-96.79686832,32.7745166100164],[-96.7968801208123,32.7745276759324]]},"properties":{"AADT_CUR":6431,"RTE_NM":"262915","RTE_PRFX":"CS","RTE_NBR":"262915","SYSTEM":"Off"}},{"type":"Feature","geometry":{"type":"LineString","coordinates":[[-96.8074619578568,32.7452284272865],[-96.80738098,32.7455451300163],[-96.80720594,32.7458960000163],[-96.80692902,32.7466001200163],[-96.80687929,32.7467341500163],[-96.8067388725362,32.7471576486913]]},"properties":{"AADT_CUR":292,"RTE_NM":"1064377","RTE_PRFX":"CS","RTE_NBR":"1064377","SYSTEM":"Off"}},{"type":"Feature","geometry":{"type":"LineString","coordinates":[[-96.81191569,32.79538322],[-96.8120987,32.79525924],[-96.81218369,32.79528239],[-96.81221567,32.79531307],[-96.81225734,32.79534662],[-96.81228991,32.7953883],[-96.81230563,32.79545999],[-96.81229421,32.79550382],[-96.81225735,32.79555968],[-96.81217323,32.79566162]]},"properties":{"AADT_CUR":292,"RTE_NM":"1058821","RTE_PRFX":"CS","RTE_NBR":"1058821","SYSTEM":"Off"}},{"type":"Feature","geometry":{"type":"LineString","coordinates":[[-96.84421574,32.78326929],[-96.84419808,32.78582844]]},"properties":{"AADT_CUR":292,"RTE_NM":"1061918","RTE_PRFX":"CS","RTE_NBR":"1061918","SYSTEM":"Off"}},{"type":"Feature","geometry":{"type":"LineString","coordinates":[[-96.80533252,32.77619449],[-96.80529435,32.77605654],[-96.8047746,32.77430158],[-96.8047309,32.77409011],[-96.8047153,32.77388411],[-96.80473396,32.77366938],[-96.80479705,32.77347964],[-96.80491154,32.77327681],[-96.80571597,32.77226355],[-96.80884156,32.76814335],[-96.80899833,32.7679535],[-96.8117466,32.76375255],[-96.81194681,32.76345592]]},"properties":{"AADT_CUR":10461,"RTE_NM":"263363","RTE_PRFX":"CS","RTE_NBR":"263363","SYSTEM":"Off"}},{"type":"Feature","geometry":{"type":"LineString","coordinates":[[-96.8118197786908,32.7821263946337],[-96.8116679,32.78214898],[-96.811037111,32.782240794],[-96.810466216,32.782344898],[-96.810018571,32.782464571],[-96.80970675,32.782568089],[-96.809479875,32.782656648],[-96.80914479,32.78284135],[-96.80899389,32.7829479],[-96.808613455,32.783254371],[-96.808075526,32.783751393],[-96.807488262,32.78430171],[-96.80710833,32.78467217],[-96.806800098,32.784942435],[-96.806381889,32.785299555],[-96.804551212,32.786813222],[-96.803469253,32.787707186],[-96.799993269,32.790636467],[-96.79935431,32.791176542],[-96.798330682,32.792043709],[-96.79796949,32.79232998],[-96.79745345,32.792728384],[-96.7969918,32.793028953],[-96.796540323,32.793304501],[-96.795906592,32.793664842],[-96.79492175,32.79417547],[-96.7945172356074,32.7943917567793]]},"properties":{"AADT_CUR":150726,"RTE_NM":"SS0366-RG","RTE_PRFX":"SS","RTE_NBR":"366","SYSTEM":"On"}},{"type":"Feature","geometry":{"type":"LineString","coordinates":[[-96.8358377915416,32.7786033894632],[-96.83583786,32.7785917900164],[-96.835843027,32.7764398970164],[-96.835843407,32.7762816890165],[-96.835844717,32.7757362200164],[-96.8358464409741,32.7750181867914],[-96.83582637,32.7748441340164],[-96.835802909,32.7746575120165],[-96.835759002,32.7745128620164],[-96.83568696,32.7742725000164],[-96.835680297,32.7740873230165],[-96.835709271,32.7739359010164],[-96.835744614,32.7738048260164],[-96.835838442,32.7736297970164],[-96.835995561,32.7733874730164],[-96.83609098,32.7732063400164],[-96.83612656,32.7730073700165],[-96.836130167,32.7721500210164],[-96.83613266,32.7715575900164],[-96.8362033791568,32.7713567895711],[-96.8362579,32.7712019800164],[-96.83638193,32.7708822100164],[-96.836407739,32.7706760260164],[-96.83642072,32.7705723200164],[-96.83640424,32.7704152740164],[-96.83635974,32.7702839300164],[-96.8360027200598,32.7697736985844]]},"properties":{"AADT_CUR":21374,"RTE_NM":"263726","RTE_PRFX":"CS","RTE_NBR":"263726","SYSTEM":"Off"}},{"type":"Feature","geometry":{"type":"LineString","coordinates":[[-96.78888974,32.79396617],[-96.78843308,32.79359563],[-96.78804232,32.793226],[-96.78763779,32.79289466]]},"properties":{"AADT_CUR":292,"RTE_NM":"1062503","RTE_PRFX":"CS","RTE_NBR":"1062503","SYSTEM":"Off"}},{"type":"Feature","geometry":{"type":"LineString","coordinates":[[-96.86213796,32.76178349],[-96.86162276,32.76206536],[-96.86130274,32.76221647],[-96.86099868,32.76234028],[-96.86082013,32.76240666],[-96.86064767,32.76245249],[-96.86031261,32.76253742],[-96.85997035,32.76261538],[-96.85980623,32.76264895],[-96.85965794,32.76266211],[-96.85941637,32.76266168],[-96.85926764,32.7626556],[-96.85911195,32.76262879],[-96.85871369,32.76252457],[-96.8586281,32.76249045],[-96.85851933,32.76247802]]},"properties":{"AADT_CUR":292,"RTE_NM":"1062080","RTE_PRFX":"CS","RTE_NBR":"1062080","SYSTEM":"Off"}},{"type":"Feature","geometry":{"type":"LineString","coordinates":[[-96.74952983,32.76820714],[-96.75050891,32.76896232]]},"properties":{"AADT_CUR":292,"RTE_NM":"1061234","RTE_PRFX":"CS","RTE_NBR":"1061234","SYSTEM":"Off"}},{"type":"Feature","geometry":{"type":"LineString","coordinates":[[-96.852401538,32.824043018],[-96.85232665,32.82409994],[-96.84994036,32.82600541],[-96.84911599,32.8266515],[-96.8489596005414,32.8267818361937]]},"properties":{"AADT_CUR":672,"RTE_NM":"1061203","RTE_PRFX":"CS","RTE_NBR":"1061203","SYSTEM":"Off"}},{"type":"Feature","geometry":{"type":"LineString","coordinates":[[-96.8188057253309,32.7983812990335],[-96.81982339,32.79895971],[-96.82087696,32.79957462],[-96.82116032,32.79973788],[-96.821702,32.80005309],[-96.82207739,32.80025471],[-96.82246577,32.80045789],[-96.82281813,32.80062983],[-96.82333334,32.80084073],[-96.82378042,32.80099519],[-96.82421269,32.80111511],[-96.82464526,32.80122127],[-96.82497421,32.80129719],[-96.82542577,32.80136043],[-96.825841,32.80141881],[-96.82612832,32.80145843],[-96.82707557,32.80159172],[-96.82810965,32.80172698],[-96.8291676,32.80185529],[-96.8298241,32.80195345],[-96.83053007,32.80210313],[-96.83096488,32.80221893],[-96.83143053,32.80233925],[-96.83168055,32.80241548],[-96.8322943,32.802623],[-96.83290304,32.80288134],[-96.83320757,32.80300087],[-96.83420839,32.80348437],[-96.83680341,32.80475069],[-96.83909203,32.80586225],[-96.83955345,32.80608637],[-96.840389,32.80649063],[-96.84106154,32.80681987],[-96.84136639,32.80696827],[-96.84225319,32.80737456],[-96.84274075,32.80763124],[-96.84349309,32.80800277],[-96.84416102,32.80832092],[-96.8444326,32.80845475],[-96.84607625,32.80926459],[-96.848325,32.81035012],[-96.84899332,32.81064763],[-96.8497095569891,32.8109051582724]]},"properties":{"AADT_CUR":215726,"RTE_NM":"IH0035E-LG","RTE_PRFX":"IH","RTE_NBR":"35","SYSTEM":"On"}},{"type":"Feature","geometry":{"type":"LineString","coordinates":[[-96.83440188,32.7771713600165],[-96.8343928,32.7775684800164],[-96.8343689,32.7778884300165],[-96.8343746204945,32.7785777022517]]},"properties":{"AADT_CUR":244,"RTE_NM":"1065448","RTE_PRFX":"CS","RTE_NBR":"1065448","SYSTEM":"Off"}},{"type":"Feature","geometry":{"type":"LineString","coordinates":[[-96.7802331619379,32.7996497799714],[-96.77994076,32.7998783800166],[-96.77936301,32.8003661500166],[-96.77891665,32.8007384100166],[-96.77852214,32.8010655900166]]},"properties":{"AADT_CUR":292,"RTE_NM":"1064640","RTE_PRFX":"CS","RTE_NBR":"1064640","SYSTEM":"Off"}},{"type":"Feature","geometry":{"type":"LineString","coordinates":[[-96.7533705259485,32.7499183701096],[-96.75064595,32.7499183600164],[-96.74887271,32.7499305000163],[-96.74836915,32.7499371400163]]},"properties":{"AADT_CUR":292,"RTE_NM":"1065036","RTE_PRFX":"CS","RTE_NBR":"1065036","SYSTEM":"Off"}},{"type":"Feature","geometry":{"type":"LineString","coordinates":[[-96.8008622872413,32.7997028882701],[-96.8008749396302,32.7997127138458]]},"properties":{"AADT_CUR":292,"RTE_NM":"1057825","RTE_PRFX":"CS","RTE_NBR":"1057825","SYSTEM":"Off"}},{"type":"Feature","geometry":{"type":"LineString","coordinates":[[-96.7863625190576,32.7833771477723],[-96.78611851,32.78264495],[-96.78599905,32.78204681],[-96.78596749,32.78193721]]},"properties":{"AADT_CUR":14751,"RTE_NM":"263231","RTE_PRFX":"CS","RTE_NBR":"263231","SYSTEM":"Off"}},{"type":"Feature","geometry":{"type":"LineString","coordinates":[[-96.76810169,32.77758023],[-96.76844886,32.7778677],[-96.76810772,32.77821862],[-96.76774101,32.77864622]]},"properties":{"AADT_CUR":292,"RTE_NM":"1063536","RTE_PRFX":"CS","RTE_NBR":"1063536","SYSTEM":"Off"}},{"type":"Feature","geometry":{"type":"LineString","coordinates":[[-96.808078088,32.784635693],[-96.807716665,32.784946502],[-96.80744153,32.78520852],[-96.80714569,32.78544779],[-96.80704084,32.78552745],[-96.80654214,32.78595228],[-96.80636348,32.78610379],[-96.80580499,32.78648279],[-96.80538256,32.78676946],[-96.80475552,32.78726674],[-96.80464658,32.78734635],[-96.80462255,32.78736938],[-96.80456125,32.78742629],[-96.80410463,32.78781869],[-96.80383686,32.78807894],[-96.80367997,32.78820025],[-96.80341735,32.78840173],[-96.80317244,32.78863448],[-96.80215871,32.78946082],[-96.80157315,32.78995729],[-96.80058467,32.79078541],[-96.79989882,32.79136499],[-96.79952548,32.79168047],[-96.79920143,32.79194683],[-96.79869276,32.792351],[-96.79858243,32.7924442],[-96.79836395,32.79263638],[-96.79805627,32.7928961],[-96.79785741,32.79304046],[-96.79668796,32.79382852],[-96.796002325,32.794259206],[-96.79506302,32.79483221],[-96.794742763,32.795069348],[-96.79458889,32.79523226],[-96.794482837,32.795342276],[-96.79431821,32.795561],[-96.79421504,32.79572041],[-96.79396755,32.79610738],[-96.79390237,32.79623844],[-96.79378899,32.79646506],[-96.79372289,32.79664421],[-96.7936235,32.79694662],[-96.7934976832378,32.7973341056813]]},"properties":{"AADT_CUR":4095,"RTE_NM":"SS0366-XG","RTE_PRFX":"SS","RTE_NBR":"366","SYSTEM":"On"}},{"type":"Feature","geometry":{"type":"LineString","coordinates":[[-96.83214895,32.73762032],[-96.83164031,32.73759838],[-96.83078129,32.73757173],[-96.83019618,32.73755149],[-96.82962989,32.73752464],[-96.82904469,32.7375099]]},"properties":{"AADT_CUR":292,"RTE_NM":"1059838","RTE_PRFX":"CS","RTE_NBR":"1059838","SYSTEM":"Off"}},{"type":"Feature","geometry":{"type":"LineString","coordinates":[[-96.76524265,32.77445255],[-96.7641807,32.77542467]]},"properties":{"AADT_CUR":292,"RTE_NM":"1065537","RTE_PRFX":"CS","RTE_NBR":"1065537","SYSTEM":"Off"}},{"type":"Feature","geometry":{"type":"LineString","coordinates":[[-96.7943705838135,32.7824599244539],[-96.7943774989326,32.7824584659332],[-96.7958820666839,32.7821411164841],[-96.7973121687227,32.7818394555594],[-96.797345,32.781832530033],[-96.7998074205862,32.7813180921967],[-96.8012127199887,32.781024479998],[-96.8024222783288,32.780771750799],[-96.80315684521,32.7806182617787]]},"properties":{"AADT_CUR":15286,"RTE_NM":"263157","RTE_PRFX":"CS","RTE_NBR":"263157","SYSTEM":"Off"}},{"type":"Feature","geometry":{"type":"LineString","coordinates":[[-96.76585933,32.77953052],[-96.76524829,32.77899142],[-96.76438279,32.77823571]]},"properties":{"AADT_CUR":292,"RTE_NM":"1057711","RTE_PRFX":"CS","RTE_NBR":"1057711","SYSTEM":"Off"}},{"type":"Feature","geometry":{"type":"LineString","coordinates":[[-96.85016609,32.80253826],[-96.85018994,32.80269939],[-96.8501779,32.80290954],[-96.85016588,32.80386194],[-96.85017781,32.8051459],[-96.85015095,32.80602112],[-96.85018119,32.8073055],[-96.85017211,32.8079266]]},"properties":{"AADT_CUR":292,"RTE_NM":"1065736","RTE_PRFX":"CS","RTE_NBR":"1065736","SYSTEM":"Off"}},{"type":"Feature","geometry":{"type":"LineString","coordinates":[[-96.75310704,32.76838992],[-96.75158382,32.76985578],[-96.75139729,32.77003322],[-96.75116375,32.770243],[-96.75021177,32.77111895],[-96.74970007,32.77157359],[-96.74912912,32.77210301],[-96.74848698,32.77269464],[-96.74835859,32.77281105],[-96.74802088,32.77310457],[-96.74728728,32.77379526],[-96.7466052,32.77438907],[-96.74531482,32.77554749]]},"properties":{"AADT_CUR":788,"RTE_NM":"1060691","RTE_PRFX":"CS","RTE_NBR":"1060691","SYSTEM":"Off"}},{"type":"Feature","geometry":{"type":"LineString","coordinates":[[-96.7442753892853,32.7607606357766],[-96.744250972243,32.7607810419305]]},"properties":{"AADT_CUR":292,"RTE_NM":"1061123","RTE_PRFX":"CS","RTE_NBR":"1061123","SYSTEM":"Off"}},{"type":"Feature","geometry":{"type":"LineString","coordinates":[[-96.82836515,32.7713543900164],[-96.82834664,32.7716455500164],[-96.82833878,32.7722364900164],[-96.82832927,32.7731298200165],[-96.82833583,32.7736453600165],[-96.8283456560862,32.7737321991959]]},"properties":{"AADT_CUR":292,"RTE_NM":"1065154","RTE_PRFX":"CS","RTE_NBR":"1065154","SYSTEM":"Off"}},{"type":"Feature","geometry":{"type":"LineString","coordinates":[[-96.7646476448021,32.753371826074],[-96.76454938,32.75325803],[-96.76444998,32.7531451],[-96.76395692,32.75260402],[-96.76339176,32.75204053],[-96.76315999,32.75179828],[-96.76246602,32.75100732],[-96.76191541,32.75041241],[-96.76152421,32.74996735],[-96.76102052,32.74934057],[-96.76079977,32.74909398],[-96.75984314,32.74793377],[-96.75944332,32.74743024],[-96.75917329,32.74704643],[-96.75894722,32.74667671],[-96.7586709,32.74619606],[-96.7585099389498,32.7458432268781]]},"properties":{"AADT_CUR":14710,"RTE_NM":"SH0310-KG","RTE_PRFX":"SH","RTE_NBR":"310","SYSTEM":"On"}},{"type":"Feature","geometry":{"type":"LineString","coordinates":[[-96.7937343137777,32.8057192255192],[-96.7937686317057,32.8057188870034]]},"properties":{"AADT_CUR":292,"RTE_NM":"1059232","RTE_PRFX":"CS","RTE_NBR":"1059232","SYSTEM":"Off"}},{"type":"Feature","geometry":{"type":"LineString","coordinates":[[-96.8022604338513,32.7945835499491],[-96.80227127,32.7945921700166],[-96.8022900762992,32.7945964162637]]},"properties":{"AADT_CUR":292,"RTE_NM":"1062153","RTE_PRFX":"CS","RTE_NBR":"1062153","SYSTEM":"Off"}},{"type":"Feature","geometry":{"type":"LineString","coordinates":[[-96.7482548829653,32.7817623004741],[-96.74824843,32.7817619100165],[-96.74817463,32.7817554100165],[-96.74810437,32.7817418800165],[-96.74807881,32.7817350700165],[-96.74803944,32.7817239500165],[-96.74794381,32.7817024600165],[-96.7478463,32.7816881800165],[-96.74781053,32.7816848100165],[-96.74735406,32.7816736100165]]},"properties":{"AADT_CUR":292,"RTE_NM":"1260024","RTE_PRFX":"CS","RTE_NBR":"1260024","SYSTEM":"Off"}},{"type":"Feature","geometry":{"type":"LineString","coordinates":[[-96.75596503,32.8161875700167],[-96.7559530500002,32.8172114400332],[-96.75596464,32.8181531800333],[-96.7559643899999,32.8191181100333],[-96.7559608200002,32.8200857400333],[-96.7559737300001,32.8210439800334],[-96.7559818799995,32.8219952900334],[-96.7559483500003,32.8230793500333],[-96.7559732,32.8244240000334],[-96.7559722100003,32.8255923500333],[-96.7559870599996,32.8265753600334],[-96.7559503200047,32.8281954400332],[-96.75598763,32.8283265500167],[-96.75599309,32.8284214700167],[-96.7559887,32.8292653800167],[-96.75597427,32.8296679300167],[-96.75596926,32.8298396700167],[-96.75593667,32.8300481500167],[-96.75591493,32.8301605600167],[-96.7558877,32.8302206600167],[-96.75573727,32.8304604700167],[-96.75565717,32.8305596800167],[-96.75533367,32.8309070300167],[-96.75515106,32.8310859200167],[-96.75503133,32.8311722000167],[-96.7550112,32.8312021700167],[-96.75499926,32.8312294900167],[-96.75499886,32.8316226000167],[-96.75500676,32.8318825000167],[-96.7550434,32.8320067200167],[-96.75509305,32.8321723700167],[-96.75511691,32.8324077500167],[-96.75511728,32.8329273400167],[-96.75512737,32.8337796900167],[-96.75514239,32.8346293800167],[-96.7551411500001,32.8354788300334],[-96.75514919,32.8364356300167],[-96.7551490311446,32.836480515496],[-96.75514879,32.8365387100167],[-96.75512319,32.8374263200335],[-96.7551212699999,32.8383101300336],[-96.7551177100007,32.8391939100336],[-96.75513092,32.8395157500168],[-96.75515228,32.8397126100168],[-96.7552636200078,32.8400536800336],[-96.75529173,32.8401145500168],[-96.75544703,32.8404974800168],[-96.75552702,32.8406937900168],[-96.75575099,32.8412275100168]]},"properties":{"AADT_CUR":1408,"RTE_NM":"1057803","RTE_PRFX":"CS","RTE_NBR":"1057803","SYSTEM":"Off"}},{"type":"Feature","geometry":{"type":"LineString","coordinates":[[-96.82400827,32.73445873],[-96.82274252,32.73446069],[-96.82144148,32.73446566],[-96.82105746,32.73452806],[-96.82062614,32.73473277],[-96.82023277,32.73506991],[-96.81391661,32.74031999]]},"properties":{"AADT_CUR":6213,"RTE_NM":"263054","RTE_PRFX":"CS","RTE_NBR":"263054","SYSTEM":"Off"}},{"type":"Feature","geometry":{"type":"LineString","coordinates":[[-96.84519839,32.81394825],[-96.84506038,32.81401652],[-96.84501087,32.81405297],[-96.8449636,32.81410045],[-96.84492999,32.81415636],[-96.84482794,32.81443541],[-96.84476532,32.8145198],[-96.8446623,32.81458852],[-96.84393337,32.81487709],[-96.84368206,32.81495484],[-96.84354167,32.81497634],[-96.84342366,32.81497615],[-96.84327112,32.81495076],[-96.84270584,32.81484426],[-96.84254508,32.81482288],[-96.84239386,32.81481398],[-96.84228786,32.81482494],[-96.84225182,32.81483684],[-96.84209509,32.81486223],[-96.84204534,32.81486707],[-96.84194676,32.81487262],[-96.84185908,32.81486046],[-96.84179028,32.8148403],[-96.841728,32.81482023],[-96.84164678,32.81476691],[-96.84155534,32.8146956],[-96.84139169,32.81456832],[-96.8413363,32.81452635],[-96.84129884,32.81448462],[-96.84127368,32.81443755],[-96.84123718,32.8143436],[-96.84120559,32.81429231],[-96.84085161,32.81411441],[-96.84075112,32.81404846],[-96.84068225,32.81398843],[-96.84062688,32.81390248],[-96.84060188,32.81380318],[-96.84060212,32.81348567]]},"properties":{"AADT_CUR":292,"RTE_NM":"1264139","RTE_PRFX":"CS","RTE_NBR":"1264139","SYSTEM":"Off"}},{"type":"Feature","geometry":{"type":"LineString","coordinates":[[-96.79827027,32.82798012],[-96.79826312,32.82873464],[-96.7982781,32.82943861],[-96.798275,32.83027841],[-96.79827205,32.83089967],[-96.7982662,32.83234974]]},"properties":{"AADT_CUR":292,"RTE_NM":"1117253","RTE_PRFX":"CS","RTE_NBR":"1117253","SYSTEM":"Off"}},{"type":"Feature","geometry":{"type":"LineString","coordinates":[[-96.81618639,32.82499235],[-96.81460125,32.82488016],[-96.81311612,32.82481743],[-96.81201731,32.82481352],[-96.80930672,32.8248152],[-96.80855426,32.82483384],[-96.80820291,32.82486068],[-96.80801782,32.82492001],[-96.80788667,32.82501033],[-96.8077558,32.82521472],[-96.80761182,32.82546568]]},"properties":{"AADT_CUR":292,"RTE_NM":"1117291","RTE_PRFX":"CS","RTE_NBR":"1117291","SYSTEM":"Off"}},{"type":"Feature","geometry":{"type":"LineString","coordinates":[[-96.75010931,32.81740703],[-96.74929234,32.81752063],[-96.74876278,32.81758741],[-96.74809075,32.81765629],[-96.74743304,32.81770063],[-96.74686587,32.81773526],[-96.74646511,32.81775023],[-96.74377279,32.81790744],[-96.7429626,32.81792485],[-96.74245918,32.81794524],[-96.74217094,32.81799202],[-96.74197929,32.81805253],[-96.74176196,32.81809346],[-96.74136984,32.81820749],[-96.74115428,32.81824157],[-96.74086596,32.81825123],[-96.73985993,32.81821088]]},"properties":{"AADT_CUR":292,"RTE_NM":"1058066","RTE_PRFX":"CS","RTE_NBR":"1058066","SYSTEM":"Off"}},{"type":"Feature","geometry":{"type":"LineString","coordinates":[[-96.7335316827875,32.7929584719715],[-96.7335313655508,32.7929728705809]]},"properties":{"AADT_CUR":292,"RTE_NM":"1058501","RTE_PRFX":"CS","RTE_NBR":"1058501","SYSTEM":"Off"}},{"type":"Feature","geometry":{"type":"LineString","coordinates":[[-96.80000883,32.81916537],[-96.79972281,32.81958166],[-96.79958307,32.8197004],[-96.79952823,32.81980643],[-96.79952348,32.81994498],[-96.79950611,32.82011677],[-96.7995172,32.82030249],[-96.79953124,32.82041951],[-96.79957518,32.82050534],[-96.79971412,32.82111204],[-96.79974962,32.82146853],[-96.79976483,32.82165154],[-96.79972783,32.8217555],[-96.79960439,32.82208097],[-96.79948715,32.82225255],[-96.79942934,32.82233835],[-96.79929836,32.82246165],[-96.79895984,32.82277156],[-96.7986808,32.82321333]]},"properties":{"AADT_CUR":292,"RTE_NM":"1117299","RTE_PRFX":"CS","RTE_NBR":"1117299","SYSTEM":"Off"}},{"type":"Feature","geometry":{"type":"LineString","coordinates":[[-96.75084566,32.73982501],[-96.75083899,32.7402043],[-96.7508241,32.74104257],[-96.75081824,32.74187685],[-96.75080007,32.74271645],[-96.75076289,32.74332348]]},"properties":{"AADT_CUR":292,"RTE_NM":"1061603","RTE_PRFX":"CS","RTE_NBR":"1061603","SYSTEM":"Off"}},{"type":"Feature","geometry":{"type":"LineString","coordinates":[[-96.7795459,32.7583875900164],[-96.77929402,32.7581694500164],[-96.7784032775654,32.7574475343687],[-96.77837461,32.7574243000164],[-96.77755414,32.7567009200163],[-96.77711218,32.7563387800164],[-96.77671202,32.7560033400164],[-96.77645989,32.7557936700164],[-96.77571447,32.7551359200164],[-96.7751618395694,32.7546920912613]]},"properties":{"AADT_CUR":292,"RTE_NM":"1063533","RTE_PRFX":"CS","RTE_NBR":"1063533","SYSTEM":"Off"}},{"type":"Feature","geometry":{"type":"LineString","coordinates":[[-96.7774153064711,32.7667934309922],[-96.777393002,32.7667713710164]]},"properties":{"AADT_CUR":10305,"RTE_NM":"263030","RTE_PRFX":"CS","RTE_NBR":"263030","SYSTEM":"Off"}},{"type":"Feature","geometry":{"type":"LineString","coordinates":[[-96.74823028,32.7400356000162],[-96.7482202299983,32.7402155338566],[-96.74821984,32.7410595100163],[-96.74820479,32.7418634200326],[-96.74820382,32.7427362400163],[-96.74819074,32.7429463700163]]},"properties":{"AADT_CUR":292,"RTE_NM":"1066371","RTE_PRFX":"CS","RTE_NBR":"1066371","SYSTEM":"Off"}},{"type":"Feature","geometry":{"type":"LineString","coordinates":[[-96.8253041336625,32.7591807126124],[-96.82530905,32.7591884300164],[-96.8253199730639,32.7592218814769]]},"properties":{"AADT_CUR":292,"RTE_NM":"1058114","RTE_PRFX":"CS","RTE_NBR":"1058114","SYSTEM":"Off"}},{"type":"Feature","geometry":{"type":"LineString","coordinates":[[-96.8061832224541,32.7512203062982],[-96.8061828801532,32.7512493674792]]},"properties":{"AADT_CUR":292,"RTE_NM":"1057934","RTE_PRFX":"CS","RTE_NBR":"1057934","SYSTEM":"Off"}},{"type":"Feature","geometry":{"type":"LineString","coordinates":[[-96.75873714,32.75010207],[-96.75820935,32.7496438],[-96.75766631,32.74917573],[-96.75743804,32.74899658]]},"properties":{"AADT_CUR":6008,"RTE_NM":"1064407","RTE_PRFX":"CS","RTE_NBR":"1064407","SYSTEM":"Off"}},{"type":"Feature","geometry":{"type":"LineString","coordinates":[[-96.7620809958048,32.7838903119992],[-96.76229747,32.7839642500165],[-96.7629816150738,32.7841333344692],[-96.76412834,32.7844643700165],[-96.76439745,32.7845268800165],[-96.7645324827356,32.7846506379032],[-96.76460979,32.7847214900165],[-96.7653859,32.7853946300165],[-96.76612281,32.7860317000165],[-96.76621637,32.7861154800165],[-96.76625473,32.7861503800165],[-96.76628665,32.7862232200165]]},"properties":{"AADT_CUR":292,"RTE_NM":"1060573","RTE_PRFX":"CS","RTE_NBR":"1060573","SYSTEM":"Off"}},{"type":"Feature","geometry":{"type":"LineString","coordinates":[[-96.7537787997283,32.7879255872328],[-96.75328037,32.7874822000165],[-96.7517257,32.7861504100165],[-96.75100909,32.7855203900165],[-96.75022062,32.7848632700165],[-96.74957411,32.7843112200165],[-96.74885629,32.7836619400165],[-96.74871187,32.7835595700165],[-96.74865299,32.7835340000165],[-96.74858922,32.7835083600165],[-96.74842621,32.7834813200165],[-96.7482655545506,32.7834803660105]]},"properties":{"AADT_CUR":292,"RTE_NM":"1064273","RTE_PRFX":"CS","RTE_NBR":"1064273","SYSTEM":"Off"}},{"type":"Feature","geometry":{"type":"LineString","coordinates":[[-96.84210408,32.76190832],[-96.8415226,32.76212049],[-96.84129059,32.76230433],[-96.8409302,32.76265553],[-96.84079559,32.76276369],[-96.84070128,32.76280505],[-96.84057013,32.76281568],[-96.84043526,32.76280699],[-96.84028995,32.76274732],[-96.84017764,32.76266473],[-96.84014633,32.76259833]]},"properties":{"AADT_CUR":292,"RTE_NM":"1062994","RTE_PRFX":"CS","RTE_NBR":"1062994","SYSTEM":"Off"}},{"type":"Feature","geometry":{"type":"LineString","coordinates":[[-96.8227945691726,32.7362069402104],[-96.82156682,32.7362132900162]]},"properties":{"AADT_CUR":292,"RTE_NM":"1060137","RTE_PRFX":"CS","RTE_NBR":"1060137","SYSTEM":"Off"}},{"type":"Feature","geometry":{"type":"LineString","coordinates":[[-96.75990076,32.7716453000164],[-96.7594550686367,32.7720290848343]]},"properties":{"AADT_CUR":292,"RTE_NM":"1058370","RTE_PRFX":"CS","RTE_NBR":"1058370","SYSTEM":"Off"}},{"type":"Feature","geometry":{"type":"LineString","coordinates":[[-96.76080225,32.76881018],[-96.76056275,32.76902559],[-96.76045842,32.76922804],[-96.76010469,32.76943683],[-96.75983233,32.76968254]]},"properties":{"AADT_CUR":292,"RTE_NM":"1260619","RTE_PRFX":"CS","RTE_NBR":"1260619","SYSTEM":"Off"}},{"type":"Feature","geometry":{"type":"LineString","coordinates":[[-96.7428140313778,32.7666684894118],[-96.74278323,32.7674395100328],[-96.74265216,32.7675346800328],[-96.74195204,32.7681364700328]]},"properties":{"AADT_CUR":292,"RTE_NM":"1062863","RTE_PRFX":"CS","RTE_NBR":"1062863","SYSTEM":"Off"}},{"type":"Feature","geometry":{"type":"LineString","coordinates":[[-96.80742057,32.7839923],[-96.80694976,32.78441697],[-96.80679911,32.78455237],[-96.80643414,32.7848759],[-96.80598265,32.78525463],[-96.80551458,32.78560837],[-96.80539201,32.7857208],[-96.80528853,32.78581423],[-96.8051386,32.78597726],[-96.804969184,32.786133543],[-96.804757654,32.786310897],[-96.80438601,32.78659091],[-96.80330405,32.7874765],[-96.80310221,32.78764969],[-96.80280647,32.78788206],[-96.8025502,32.78809438],[-96.80236313,32.78825255],[-96.80199359,32.78856648],[-96.80157017,32.78892222],[-96.80131447,32.78914551],[-96.80098183,32.78943514],[-96.80059411,32.78975423],[-96.80022972,32.79004476],[-96.80001051,32.79023285],[-96.79956328,32.79064184],[-96.7986541,32.79142252],[-96.79813237,32.79185524],[-96.7974837,32.79241542],[-96.79724657,32.79264582],[-96.79674708,32.79289329],[-96.79655739,32.79298417],[-96.79614599,32.79317784],[-96.79595737,32.79326086]]},"properties":{"AADT_CUR":9594,"RTE_NM":"SS0366-AG","RTE_PRFX":"SS","RTE_NBR":"366","SYSTEM":"On"}},{"type":"Feature","geometry":{"type":"LineString","coordinates":[[-96.76848428,32.7547027700164],[-96.76761126,32.7554686100164],[-96.76721684,32.7557985000163],[-96.7670895052624,32.7559343451542]]},"properties":{"AADT_CUR":292,"RTE_NM":"1059983","RTE_PRFX":"CS","RTE_NBR":"1059983","SYSTEM":"Off"}},{"type":"Feature","geometry":{"type":"LineString","coordinates":[[-96.8033915429036,32.7817414430314],[-96.80337783,32.7817456500165],[-96.80315784,32.7818045000165],[-96.80296565,32.7818994700165],[-96.80241973,32.7822823900165],[-96.80193535,32.7825946700165],[-96.8017585014879,32.7827178284742],[-96.80162212,32.7828075700165],[-96.80058514,32.7835535300165],[-96.8004600461567,32.7836406603409],[-96.80044579,32.7836505900165],[-96.80040293,32.7836788700165],[-96.7996277322585,32.7842894666049]]},"properties":{"AADT_CUR":292,"RTE_NM":"1063555","RTE_PRFX":"CS","RTE_NBR":"1063555","SYSTEM":"Off"}},{"type":"Feature","geometry":{"type":"LineString","coordinates":[[-96.778368866898,32.7832300761368],[-96.77614654,32.78370356],[-96.77573338,32.78378305],[-96.77537136,32.78381597],[-96.77516509,32.78384675],[-96.77512173,32.78385281],[-96.7749971,32.78387524],[-96.77487457,32.7839048],[-96.77475471,32.78394135],[-96.77463808,32.78398473],[-96.77452524,32.78403473],[-96.77441669,32.78409112],[-96.77431295,32.78415363],[-96.7742145,32.78422198],[-96.77412181,32.78429585],[-96.77403529,32.78437488],[-96.77396251,32.78445073],[-96.77383009,32.7845969]]},"properties":{"AADT_CUR":12425,"RTE_NM":"263012","RTE_PRFX":"CS","RTE_NBR":"263012","SYSTEM":"Off"}},{"type":"Feature","geometry":{"type":"LineString","coordinates":[[-96.75951583,32.79517228],[-96.75945319,32.79521264],[-96.75932008,32.79531937],[-96.75893903,32.79562194],[-96.75864826,32.79588453],[-96.75846399,32.79602766],[-96.75836895,32.79610192],[-96.75822874,32.79619755],[-96.75807139,32.79633693],[-96.75788732,32.79647043],[-96.75784917,32.79650701],[-96.75766601,32.79667627]]},"properties":{"AADT_CUR":292,"RTE_NM":"1260652","RTE_PRFX":"CS","RTE_NBR":"1260652","SYSTEM":"Off"}},{"type":"Feature","geometry":{"type":"LineString","coordinates":[[-96.82535723,32.76366183],[-96.82522812,32.76399411],[-96.82517306,32.76406759],[-96.82508332,32.76412411],[-96.82499926,32.76413948],[-96.8248013,32.76415468],[-96.82472324,32.76415363],[-96.8246137,32.76418239],[-96.82451932,32.76422647],[-96.82442862,32.76429123],[-96.82438704,32.76433879],[-96.82421724,32.76445745],[-96.82406276,32.76454059],[-96.82376479,32.76463966],[-96.82372584,32.76450582],[-96.82364703,32.76428482],[-96.8236369,32.7640895],[-96.82368003,32.76357188]]},"properties":{"AADT_CUR":292,"RTE_NM":"1061125","RTE_PRFX":"CS","RTE_NBR":"1061125","SYSTEM":"Off"}},{"type":"Feature","geometry":{"type":"LineString","coordinates":[[-96.75280133,32.7721835300165],[-96.75316732,32.7724360900165],[-96.75351135,32.7726883500165],[-96.75386905,32.7729902600164],[-96.75416889,32.7732556500165],[-96.75462584,32.7735988300165],[-96.75508632,32.7739695500164],[-96.7551822933368,32.774034473387]]},"properties":{"AADT_CUR":292,"RTE_NM":"1059659","RTE_PRFX":"CS","RTE_NBR":"1059659","SYSTEM":"Off"}},{"type":"Feature","geometry":{"type":"LineString","coordinates":[[-96.8068533802971,32.8177644991134],[-96.80617599,32.8171521500333],[-96.80494093,32.8160632000333],[-96.80387192,32.8151881600333],[-96.80284781,32.8142642400332],[-96.8028168208803,32.8142345110264],[-96.80278403,32.8141946500332],[-96.80262234,32.8140628400333],[-96.80252408,32.8139095800332],[-96.80246677,32.8137695300332],[-96.80243293,32.8136334800332],[-96.80240254,32.8134046500332],[-96.802338,32.8132518400332],[-96.80228083,32.8131054600332],[-96.80217155,32.8129393800332],[-96.80203956,32.8127856400332],[-96.80181872,32.8125737300332],[-96.80141579,32.8122447400333],[-96.8013969103006,32.8122317397629]]},"properties":{"AADT_CUR":292,"RTE_NM":"1060814","RTE_PRFX":"CS","RTE_NBR":"1060814","SYSTEM":"Off"}},{"type":"Feature","geometry":{"type":"LineString","coordinates":[[-96.77003121,32.79372452],[-96.76922312,32.79439642],[-96.76906021,32.79453025],[-96.76828128,32.79516681],[-96.76724717,32.79599364],[-96.76694003,32.79626152],[-96.76587715,32.79714429],[-96.76472839,32.79808907],[-96.76422713,32.79854668],[-96.76347598,32.79913137],[-96.762921,32.7995896],[-96.76253011,32.79993603],[-96.76241604,32.80002653],[-96.76186488,32.80045455]]},"properties":{"AADT_CUR":292,"RTE_NM":"1065737","RTE_PRFX":"CS","RTE_NBR":"1065737","SYSTEM":"Off"}},{"type":"Feature","geometry":{"type":"LineString","coordinates":[[-96.7821369566513,32.7789448025411],[-96.781954339,32.77909026],[-96.781694164,32.779279125],[-96.781439354,32.779432471],[-96.78120466,32.779555374],[-96.78091364,32.779686734],[-96.780595127,32.779815274],[-96.780229676,32.779944941],[-96.779927926,32.780029507],[-96.779575886,32.780112945],[-96.77916886,32.780176651],[-96.778542563,32.780238103],[-96.777891456,32.780292788],[-96.77708478,32.780363259],[-96.775234521,32.780517815],[-96.774220427,32.780604502],[-96.773302999,32.78069712],[-96.77291676,32.780752932],[-96.772614341,32.780816074],[-96.772336732,32.780888236],[-96.772116119,32.78095758],[-96.771875391,32.781046091],[-96.771470376,32.781224804],[-96.771161922,32.781396752],[-96.770919182,32.78155235],[-96.770636208,32.781773908],[-96.770402855,32.781983063],[-96.770221135,32.782169667],[-96.77006892,32.782344995],[-96.769894576,32.782581773],[-96.769759125,32.782784724],[-96.769575769,32.783111579],[-96.769274454,32.78362037],[-96.768687866,32.784622044],[-96.768502122,32.784907297],[-96.768255628,32.785249472],[-96.768072297,32.785489075],[-96.767836933,32.785750085],[-96.7676249597348,32.7859739419542]]},"properties":{"AADT_CUR":210659,"RTE_NM":"IH0030-LG","RTE_PRFX":"IH","RTE_NBR":"30","SYSTEM":"On"}},{"type":"Feature","geometry":{"type":"LineString","coordinates":[[-96.7622216695689,32.7849280095984],[-96.76179689,32.7852757800165],[-96.76101259,32.7859383500165]]},"properties":{"AADT_CUR":292,"RTE_NM":"1058770","RTE_PRFX":"CS","RTE_NBR":"1058770","SYSTEM":"Off"}},{"type":"Feature","geometry":{"type":"LineString","coordinates":[[-96.83477281,32.73819845],[-96.83466177,32.73804851],[-96.83463383,32.73797803],[-96.83460124,32.73789375],[-96.83457868,32.73779586],[-96.83455138,32.73760443],[-96.83453376,32.73728668],[-96.83457273,32.73711675],[-96.83460064,32.7370594],[-96.83461822,32.73703215],[-96.83453426,32.73695679],[-96.83441692,32.73683976],[-96.83434471,32.73674394],[-96.83431111,32.73628164],[-96.83431233,32.73625967],[-96.83431239,32.73612635],[-96.83425805,32.73577235],[-96.83423335,32.73570192],[-96.83417494,32.73560767],[-96.8340351,32.7354766],[-96.83389283,32.73538808],[-96.83368865,32.73530562],[-96.83329139,32.73524257],[-96.83275821,32.73514194],[-96.83215928,32.73503632],[-96.83079207,32.73500835]]},"properties":{"AADT_CUR":292,"RTE_NM":"1061041","RTE_PRFX":"CS","RTE_NBR":"1061041","SYSTEM":"Off"}},{"type":"Feature","geometry":{"type":"LineString","coordinates":[[-96.77278686,32.7637316],[-96.77208904,32.76431159],[-96.77093867,32.76532238],[-96.7697906,32.76629747],[-96.76864481,32.76728082],[-96.76749496,32.76826135],[-96.76710602,32.76860351]]},"properties":{"AADT_CUR":292,"RTE_NM":"1063564","RTE_PRFX":"CS","RTE_NBR":"1063564","SYSTEM":"Off"}},{"type":"Feature","geometry":{"type":"LineString","coordinates":[[-96.78916424,32.77142487],[-96.78835208,32.77210757],[-96.78755871,32.77275094],[-96.78699088,32.77321458],[-96.78670865,32.77342237],[-96.78620873,32.77386496],[-96.785892556,32.77411902],[-96.785793641,32.774219724],[-96.785721048,32.774337509],[-96.785637725,32.774472209],[-96.785583715,32.774576472]]},"properties":{"AADT_CUR":292,"RTE_NM":"1060753","RTE_PRFX":"CS","RTE_NBR":"1060753","SYSTEM":"Off"}},{"type":"Feature","geometry":{"type":"LineString","coordinates":[[-96.7903480072315,32.7832863857876],[-96.79034844,32.7832879300165],[-96.7903390013245,32.7832881867581],[-96.7902031664492,32.78329188153],[-96.79016131,32.7832930200165],[-96.78940514,32.7833136400165],[-96.78931994,32.7833110000165],[-96.78911673,32.7833046900165],[-96.78888611,32.7832975300165],[-96.78860991,32.7832889500165],[-96.78847069,32.7832787400165],[-96.78833286,32.7832686600165],[-96.7878947,32.7832076300165],[-96.7875751894755,32.7831108632085],[-96.787552,32.7831038400165],[-96.787253,32.7829843700165],[-96.78712465,32.7829331000165],[-96.78693843,32.7828425700165],[-96.78673316,32.7827297900165],[-96.78658753,32.7826453100165],[-96.7865342855941,32.782614758113],[-96.7864632268399,32.7825739841825],[-96.78645651,32.7825701300165],[-96.78643457,32.7825572500165],[-96.78629691,32.7824713900165],[-96.7860535330683,32.7823196094555],[-96.78576768,32.7821413100164],[-96.78536304,32.7818889300165],[-96.78524004,32.7817954900165],[-96.7852376523742,32.7817938849728],[-96.78501979,32.7816474300165],[-96.7849967838172,32.7816368503689]]},"properties":{"AADT_CUR":4610,"RTE_NM":"22150","RTE_PRFX":"IH","RTE_NBR":"30","SYSTEM":"On"}},{"type":"Feature","geometry":{"type":"LineString","coordinates":[[-96.752934897912,32.83648486048],[-96.7529352,32.8364709400335],[-96.75294842,32.8358525600334],[-96.75295144,32.8355099700334],[-96.75295424,32.8351916300334],[-96.75295261,32.8346522300334],[-96.752952207696,32.8346354062968],[-96.75294285,32.8342440800334],[-96.7529335707435,32.8337736466532],[-96.7529167767341,32.8329222230582],[-96.7529028816937,32.8318844868641],[-96.75289874,32.8315732200334],[-96.75288952,32.8302376700334],[-96.7528895007291,32.8301986741119],[-96.7528890376443,32.8292615832401],[-96.75288886,32.8289021000334],[-96.7528929865749,32.8282044787329],[-96.75289676,32.8275665500334],[-96.75290542,32.8267809700334],[-96.7529043704701,32.8266164911998],[-96.752899033444,32.825780081004],[-96.752897796943,32.8255862963461],[-96.75289358,32.8249254100334],[-96.75289220194,32.8244196129954],[-96.7528911966259,32.8240506234231],[-96.7528882318233,32.8229624074172],[-96.7528879701277,32.8228663520857],[-96.75288767,32.8227561900333],[-96.7528886195777,32.8219818178],[-96.7528898091923,32.8210116788402],[-96.75289033,32.8205869500333],[-96.7528930863043,32.8200535938706],[-96.7528981449095,32.8190747167532],[-96.75290154,32.8184177300332],[-96.7529038768043,32.8181451916959],[-96.7529120694035,32.817189686968],[-96.75291512,32.8168338900332],[-96.75294693,32.8165808200333],[-96.75297382,32.8163013300333],[-96.7529830452066,32.8161604206288],[-96.75299215,32.8160213500332],[-96.7530019,32.8157410700332],[-96.75300351,32.8156103900334],[-96.75300571,32.8155378200334],[-96.7529997,32.8154591800332],[-96.75298501,32.8153813700332],[-96.75296173,32.8153050500332],[-96.75293011,32.8152309100332],[-96.75289039,32.8151596000332],[-96.75284295,32.8150917500333],[-96.7528275358033,32.815073125688],[-96.7528168346958,32.8150601959707]]},"properties":{"AADT_CUR":21301,"RTE_NM":"262900","RTE_PRFX":"CS","RTE_NBR":"262900","SYSTEM":"Off"}},{"type":"Feature","geometry":{"type":"LineString","coordinates":[[-96.78302483,32.83040842],[-96.78207028,32.83005572],[-96.78149578,32.82993858],[-96.78141503,32.8299271],[-96.78101087,32.82990639],[-96.78061372,32.82990091],[-96.77986887,32.8299016],[-96.77848011,32.82990302],[-96.77738838,32.82990852],[-96.77585392,32.82990926],[-96.77468814,32.82991372],[-96.7722287,32.82992632],[-96.77088079,32.82991997],[-96.77016678,32.82992516],[-96.7679358,32.82991061],[-96.76684542,32.82992166],[-96.76574708,32.82989937],[-96.76422331,32.82989462],[-96.763625,32.82989453],[-96.76208068,32.82989907],[-96.76177791,32.82989622],[-96.76154905,32.82990264],[-96.76120879,32.82990201],[-96.76085912,32.82988338],[-96.76060675,32.82988397],[-96.76048392,32.82987951],[-96.76011001,32.82989352]]},"properties":{"AADT_CUR":292,"RTE_NM":"1062574","RTE_PRFX":"CS","RTE_NBR":"1062574","SYSTEM":"Off"}},{"type":"Feature","geometry":{"type":"LineString","coordinates":[[-96.8104262178868,32.836611379534],[-96.81043254,32.8357664700167],[-96.81043303,32.8348867700167],[-96.8103891850475,32.8339767575462],[-96.81029406,32.8331227300167],[-96.8101224520298,32.8321688528828],[-96.80988549,32.8311529700167],[-96.80975516,32.8305161600167],[-96.80970635,32.8301732300167],[-96.8096812612825,32.8291134949918]]},"properties":{"AADT_CUR":3670,"RTE_NM":"263259","RTE_PRFX":"CS","RTE_NBR":"263259","SYSTEM":"Off"}},{"type":"Feature","geometry":{"type":"LineString","coordinates":[[-96.788251021351,32.7782715158145],[-96.78824979,32.7782722000165],[-96.7881663765059,32.7783210948495]]},"properties":{"AADT_CUR":1696,"RTE_NM":"1065307","RTE_PRFX":"CS","RTE_NBR":"1065307","SYSTEM":"Off"}},{"type":"Feature","geometry":{"type":"LineString","coordinates":[[-96.7768677447346,32.7939258425919],[-96.77686717,32.793926320033],[-96.7752196093825,32.795283691309]]},"properties":{"AADT_CUR":11873,"RTE_NM":"263225","RTE_PRFX":"CS","RTE_NBR":"263225","SYSTEM":"Off"}},{"type":"Feature","geometry":{"type":"LineString","coordinates":[[-96.7898156733897,32.7463247174458],[-96.78981768,32.7463315300163],[-96.7898175900147,32.746353513349]]},"properties":{"AADT_CUR":292,"RTE_NM":"1060016","RTE_PRFX":"CS","RTE_NBR":"1060016","SYSTEM":"Off"}},{"type":"Feature","geometry":{"type":"LineString","coordinates":[[-96.79140514,32.7988968900166],[-96.7914558521879,32.7989555280364]]},"properties":{"AADT_CUR":292,"RTE_NM":"1061923","RTE_PRFX":"CS","RTE_NBR":"1061923","SYSTEM":"Off"}},{"type":"Feature","geometry":{"type":"LineString","coordinates":[[-96.80696337,32.7758309900164],[-96.8060899915985,32.7760256601327],[-96.80533252,32.7761944900165],[-96.8034175638078,32.7766073714354],[-96.80317157,32.7766637400165],[-96.80244478,32.7767308300165],[-96.8021435158357,32.7767770003249],[-96.80094987,32.7768653900164],[-96.800007259993,32.7770474700181],[-96.7986709299944,32.7773558700177],[-96.79781075,32.7775543800165],[-96.79637684,32.7779271700165],[-96.7962409022767,32.7779832869388]]},"properties":{"AADT_CUR":12436,"RTE_NM":"268076","RTE_PRFX":"CS","RTE_NBR":"268076","SYSTEM":"Off"}},{"type":"Feature","geometry":{"type":"LineString","coordinates":[[-96.7572628377853,32.791030166774],[-96.7572672294651,32.7911026121448]]},"properties":{"AADT_CUR":3214,"RTE_NM":"1062200","RTE_PRFX":"CS","RTE_NBR":"1062200","SYSTEM":"Off"}},{"type":"Feature","geometry":{"type":"LineString","coordinates":[[-96.75563069,32.78480732],[-96.75516382,32.78521314]]},"properties":{"AADT_CUR":292,"RTE_NM":"1059395","RTE_PRFX":"CS","RTE_NBR":"1059395","SYSTEM":"Off"}},{"type":"Feature","geometry":{"type":"LineString","coordinates":[[-96.8245888210408,32.7483394786155],[-96.8245900399506,32.7483539111266]]},"properties":{"AADT_CUR":292,"RTE_NM":"1060315","RTE_PRFX":"CS","RTE_NBR":"1060315","SYSTEM":"Off"}},{"type":"Feature","geometry":{"type":"LineString","coordinates":[[-96.7889376878912,32.7463264354828],[-96.7889401,32.7463345800163],[-96.7889402135747,32.746355247616]]},"properties":{"AADT_CUR":292,"RTE_NM":"1058078","RTE_PRFX":"CS","RTE_NBR":"1058078","SYSTEM":"Off"}},{"type":"Feature","geometry":{"type":"LineString","coordinates":[[-96.8389438051999,32.7203987822179],[-96.83894377,32.7204580500162],[-96.83894401,32.7212278000162],[-96.83895408,32.7225145000162],[-96.8389647,32.7245544800162],[-96.83897082,32.7261833900162],[-96.83897528,32.7278136500162],[-96.83898376,32.7293601300162],[-96.83898584,32.7297697700162]]},"properties":{"AADT_CUR":292,"RTE_NM":"1058528","RTE_PRFX":"CS","RTE_NBR":"1058528","SYSTEM":"Off"}},{"type":"Feature","geometry":{"type":"LineString","coordinates":[[-96.74162523,32.8251141200167],[-96.74138821,32.8253265800167],[-96.74089809,32.8258653500167],[-96.74070175,32.8260371300167],[-96.74056873,32.8261369700167],[-96.74035185,32.8261957600167],[-96.74029637,32.8262430900167],[-96.74022613,32.8263781700167],[-96.74012784,32.8267781500167],[-96.74005817,32.8270479600167],[-96.73999488,32.8274071900334],[-96.73999511,32.8276010100167],[-96.74000894,32.8276424300167],[-96.74007918,32.8277946300167],[-96.7404175900109,32.8282571400295],[-96.74079469,32.8286982200167],[-96.74115226,32.8290565300167],[-96.74181671,32.8296624700167],[-96.74193267,32.8298084300167],[-96.74201528,32.8299113300167],[-96.74214065,32.8301165300167],[-96.74246322,32.8306805300167],[-96.7429997800069,32.8316612800292],[-96.7434657,32.8325104800167],[-96.74373888,32.8330215400167],[-96.7438426,32.8331687000167],[-96.74399668,32.8333220900167],[-96.74425563,32.8335236700167],[-96.74435375,32.8336666300167],[-96.74441578,32.8338228300167],[-96.74446859,32.8339926500167],[-96.74452288,32.8342106000167],[-96.7445052,32.8344055300167],[-96.74449593,32.8345029900167],[-96.74446877,32.8346002100167],[-96.74435394,32.8347264200167],[-96.74416331,32.8348969200167],[-96.74396107,32.8350796300167],[-96.74378668,32.8352531100167],[-96.74345111,32.8357129800167],[-96.74293265,32.8362829700167],[-96.74290483,32.8363306900167],[-96.74283486,32.8365345000167],[-96.7428088,32.8366166000168],[-96.74277283,32.8366655900168],[-96.74269159,32.8367386700168],[-96.74255809,32.8368206300167],[-96.7425040419893,32.8368493077471],[-96.7420307,32.8371004600167],[-96.74166072,32.8373247700167],[-96.74136974,32.8375474700167],[-96.74024407,32.8384786200168],[-96.7398437199901,32.8388385900259],[-96.73958086,32.8390795500167],[-96.7392624,32.8394145500168],[-96.73915814,32.8395395400167],[-96.73908421,32.8396140800168],[-96.73901039,32.8396831500168],[-96.73880909,32.8398576100168],[-96.73850499,32.8401254700168],[-96.73846108,32.8401633400167],[-96.73840231,32.8402119800168]]},"properties":{"AADT_CUR":292,"RTE_NM":"1064925","RTE_PRFX":"CS","RTE_NBR":"1064925","SYSTEM":"Off"}},{"type":"Feature","geometry":{"type":"LineString","coordinates":[[-96.8556758310098,32.7495478865819],[-96.85567291,32.7495871100163],[-96.85566515,32.7499622500163],[-96.85564423,32.7507399700164],[-96.8556444,32.7512581700163],[-96.85562879,32.7522325100163]]},"properties":{"AADT_CUR":292,"RTE_NM":"1065329","RTE_PRFX":"CS","RTE_NBR":"1065329","SYSTEM":"Off"}},{"type":"Feature","geometry":{"type":"LineString","coordinates":[[-96.85847348,32.78327445],[-96.85847439,32.78391269],[-96.85845484,32.78524697]]},"properties":{"AADT_CUR":292,"RTE_NM":"1061966","RTE_PRFX":"CS","RTE_NBR":"1061966","SYSTEM":"Off"}},{"type":"Feature","geometry":{"type":"LineString","coordinates":[[-96.81833896,32.81256403],[-96.81831222,32.81264339],[-96.81829565,32.81270226],[-96.81825085,32.81364871],[-96.81822726,32.81373361],[-96.81812931,32.8139206],[-96.81812096,32.8139741],[-96.8181421,32.81401837],[-96.81820028,32.81408377]]},"properties":{"AADT_CUR":292,"RTE_NM":"1059523","RTE_PRFX":"CS","RTE_NBR":"1059523","SYSTEM":"Off"}},{"type":"Feature","geometry":{"type":"LineString","coordinates":[[-96.81100287,32.80695905],[-96.81055368,32.80657137],[-96.81023191,32.80628934],[-96.80968507,32.80581731],[-96.80923817,32.80543874],[-96.80888833,32.80513571]]},"properties":{"AADT_CUR":292,"RTE_NM":"1059431","RTE_PRFX":"CS","RTE_NBR":"1059431","SYSTEM":"Off"}},{"type":"Feature","geometry":{"type":"LineString","coordinates":[[-96.84287185,32.7451395500163],[-96.84285707,32.7458444900163],[-96.84285632,32.7464506500163],[-96.84283463,32.7476998200163],[-96.84283036,32.7481024900163],[-96.84281637,32.7489833900163],[-96.8428043,32.7494986900163],[-96.8428039335004,32.7495137924509],[-96.84278666,32.7502255800163],[-96.8427851,32.7508757200163],[-96.84277884,32.7516027700163],[-96.8427779,32.7516536200163],[-96.84273177,32.7517286000163],[-96.84237467,32.7521238200163],[-96.84156164,32.7530229300163],[-96.84153323,32.7531064000164],[-96.8415191,32.7531666900163],[-96.84150368,32.7539046100163],[-96.84148515,32.7553751200163],[-96.84146301,32.7573005600164],[-96.8414552055477,32.7594555570255]]},"properties":{"AADT_CUR":292,"RTE_NM":"1063003","RTE_PRFX":"CS","RTE_NBR":"1063003","SYSTEM":"Off"}},{"type":"Feature","geometry":{"type":"LineString","coordinates":[[-96.8375839280652,32.7494919826128],[-96.83756828,32.7501545300163],[-96.83756337,32.7507207700163],[-96.83753078,32.7512880300163],[-96.837581053,32.7513844130163],[-96.837590062,32.7514807950163],[-96.8375687303251,32.7515174414345],[-96.837509163,32.7516197740163],[-96.837460359,32.7517626080163],[-96.83738109,32.7523760400163]]},"properties":{"AADT_CUR":11128,"RTE_NM":"1063099","RTE_PRFX":"CS","RTE_NBR":"1063099","SYSTEM":"Off"}},{"type":"Feature","geometry":{"type":"LineString","coordinates":[[-96.80397739,32.74965264],[-96.80340138,32.74966265]]},"properties":{"AADT_CUR":292,"RTE_NM":"1060083","RTE_PRFX":"CS","RTE_NBR":"1060083","SYSTEM":"Off"}},{"type":"Feature","geometry":{"type":"LineString","coordinates":[[-96.8127419,32.79536832],[-96.81280987,32.79538849],[-96.81290907,32.7954778],[-96.81293284,32.79551111],[-96.81295282,32.79557323],[-96.8130166,32.79568544],[-96.81303234,32.79575575],[-96.81300511,32.79586123]]},"properties":{"AADT_CUR":292,"RTE_NM":"1065715","RTE_PRFX":"CS","RTE_NBR":"1065715","SYSTEM":"Off"}},{"type":"Feature","geometry":{"type":"LineString","coordinates":[[-96.74718406,32.7585100800164],[-96.74662361,32.7589640200164],[-96.74622526,32.7592828000164],[-96.74487921,32.7603882000164],[-96.744437779923,32.7607964141021]]},"properties":{"AADT_CUR":292,"RTE_NM":"1060927","RTE_PRFX":"CS","RTE_NBR":"1060927","SYSTEM":"Off"}},{"type":"Feature","geometry":{"type":"LineString","coordinates":[[-96.8502611,32.7709100900164],[-96.85026197,32.7713004700164],[-96.85025227,32.7716907100164],[-96.85024733,32.7723064300164],[-96.8502630205163,32.7726694788398]]},"properties":{"AADT_CUR":292,"RTE_NM":"1061220","RTE_PRFX":"CS","RTE_NBR":"1061220","SYSTEM":"Off"}},{"type":"Feature","geometry":{"type":"LineString","coordinates":[[-96.76834408,32.81300248],[-96.76692915,32.81300498],[-96.76556572,32.81299127],[-96.76484033,32.81300314],[-96.76271308,32.81299133]]},"properties":{"AADT_CUR":8559,"RTE_NM":"1061906","RTE_PRFX":"CS","RTE_NBR":"1061906","SYSTEM":"Off"}},{"type":"Feature","geometry":{"type":"LineString","coordinates":[[-96.77352503,32.81113089],[-96.77350429,32.81215463],[-96.77350403,32.81329688],[-96.77351761,32.8145644],[-96.77353238,32.8151859],[-96.77353174,32.81572059],[-96.77353891,32.81627189]]},"properties":{"AADT_CUR":292,"RTE_NM":"1060383","RTE_PRFX":"CS","RTE_NBR":"1060383","SYSTEM":"Off"}},{"type":"Feature","geometry":{"type":"LineString","coordinates":[[-96.8094875247836,32.7771601757156],[-96.80949213,32.7771650900164],[-96.8095146470182,32.7771971845387]]},"properties":{"AADT_CUR":292,"RTE_NM":"1064028","RTE_PRFX":"CS","RTE_NBR":"1064028","SYSTEM":"Off"}},{"type":"Feature","geometry":{"type":"LineString","coordinates":[[-96.7857573726612,32.7805574733826],[-96.7857685037146,32.7805685135096]]},"properties":{"AADT_CUR":5553,"RTE_NM":"1064404","RTE_PRFX":"CS","RTE_NBR":"1064404","SYSTEM":"Off"}},{"type":"Feature","geometry":{"type":"LineString","coordinates":[[-96.78398274,32.80976221],[-96.78335111,32.80922018],[-96.78256862,32.80856746],[-96.78175319,32.80789366],[-96.78154063,32.80769142],[-96.78049987,32.80680282]]},"properties":{"AADT_CUR":292,"RTE_NM":"1061817","RTE_PRFX":"CS","RTE_NBR":"1061817","SYSTEM":"Off"}},{"type":"Feature","geometry":{"type":"LineString","coordinates":[[-96.8406478035833,32.8293705808746],[-96.84063932,32.8293785100167],[-96.840612110588,32.8294016213393]]},"properties":{"AADT_CUR":292,"RTE_NM":"1060229","RTE_PRFX":"CS","RTE_NBR":"1060229","SYSTEM":"Off"}},{"type":"Feature","geometry":{"type":"LineString","coordinates":[[-96.8178533008484,32.8114383303063],[-96.817793555095,32.8113861126075]]},"properties":{"AADT_CUR":292,"RTE_NM":"1058697","RTE_PRFX":"CS","RTE_NBR":"1058697","SYSTEM":"Off"}},{"type":"Feature","geometry":{"type":"LineString","coordinates":[[-96.81159444,32.7737092600165],[-96.81163358,32.7733967400164],[-96.81163738,32.7731439800164],[-96.81160494,32.7727716200164],[-96.8115680703695,32.772461094392],[-96.81154981,32.7723073000165],[-96.81150352,32.7720640100164],[-96.81143064791,32.7718735018636],[-96.81139305,32.7717752100164],[-96.81128409,32.7715220700164],[-96.8112151125738,32.771407293449],[-96.8111345663234,32.7712732662581],[-96.8111282678642,32.7712627857417],[-96.81104226,32.7711196700164],[-96.8110383809468,32.7711150258672],[-96.8108974959498,32.7709463526197],[-96.81075277,32.7707730800164],[-96.81044614,32.7704961200164],[-96.81003998,32.7702119700164],[-96.80959831,32.7699234000165],[-96.8094952847913,32.7698461985508],[-96.8094565758239,32.7698260417655]]},"properties":{"AADT_CUR":33401,"RTE_NM":"1599252532","RTE_PRFX":"IH","RTE_NBR":"30","SYSTEM":"On"}},{"type":"Feature","geometry":{"type":"LineString","coordinates":[[-96.8080443561355,32.7985813984882],[-96.80713108,32.7993057400166],[-96.80609372,32.8001493300166],[-96.80558527,32.8006111200166],[-96.8055520382092,32.8006403320891],[-96.80551905,32.8006693300166],[-96.80545394,32.8007124200166],[-96.8048239,32.8011904300166],[-96.80418738,32.8017095700166],[-96.8040141,32.8018776600166],[-96.80393518,32.8019618000166],[-96.80384175,32.8020814900166],[-96.8037537,32.8022177300166],[-96.80365195,32.8023895400166],[-96.80353613,32.8025735300166],[-96.80329189,32.8029619500166],[-96.8032106,32.8030845400166],[-96.8031408737573,32.8031801675493]]},"properties":{"AADT_CUR":292,"RTE_NM":"1058908","RTE_PRFX":"CS","RTE_NBR":"1058908","SYSTEM":"Off"}},{"type":"Feature","geometry":{"type":"LineString","coordinates":[[-96.76848977,32.81271036],[-96.76770431,32.81271551],[-96.7673285,32.81271],[-96.76692711,32.81270616]]},"properties":{"AADT_CUR":292,"RTE_NM":"1061905","RTE_PRFX":"CS","RTE_NBR":"1061905","SYSTEM":"Off"}},{"type":"Feature","geometry":{"type":"LineString","coordinates":[[-96.7928130220766,32.7917095958959],[-96.79272344,32.7911184800165],[-96.79268546,32.7908800500165],[-96.7926036,32.7903238000165],[-96.79258965,32.7902521900165],[-96.7925824166496,32.7901951173112],[-96.79256642,32.7900689000165],[-96.7925329038326,32.7899582077047],[-96.7925325615538,32.7899543788933]]},"properties":{"AADT_CUR":35110,"RTE_NM":"11004","RTE_PRFX":"IH","RTE_NBR":"345","SYSTEM":"On"}},{"type":"Feature","geometry":{"type":"LineString","coordinates":[[-96.7700924971122,32.8365849983064],[-96.77009245,32.83657782],[-96.77007129,32.83628751],[-96.77010805,32.83476229],[-96.77011909,32.83430407],[-96.77015515,32.83055525],[-96.77012149,32.82791997],[-96.7701687,32.824751],[-96.77018199,32.82406636],[-96.77015348,32.82248498],[-96.77018665,32.81942104],[-96.77019357,32.81736423],[-96.7701940874464,32.8172106268057]]},"properties":{"AADT_CUR":13816,"RTE_NM":"263250","RTE_PRFX":"CS","RTE_NBR":"263250","SYSTEM":"Off"}},{"type":"Feature","geometry":{"type":"LineString","coordinates":[[-96.74303714,32.79041142],[-96.74157013,32.79040856],[-96.74060502,32.79041415],[-96.7399606,32.79041327],[-96.73754886,32.79041348],[-96.73739398,32.79042779],[-96.73657386,32.79038317],[-96.73537306,32.79037438],[-96.73352532,32.79036876]]},"properties":{"AADT_CUR":292,"RTE_NM":"1059693","RTE_PRFX":"CS","RTE_NBR":"1059693","SYSTEM":"Off"}},{"type":"Feature","geometry":{"type":"LineString","coordinates":[[-96.769866149,32.751675136],[-96.769875835,32.751805103],[-96.769894755,32.751891056],[-96.76993284,32.7519917],[-96.77011787,32.75242862],[-96.77035027,32.75298306],[-96.77069323,32.7538773],[-96.77078912,32.7541273],[-96.77088823,32.75442559],[-96.77090275,32.7544739],[-96.77094542,32.75462157],[-96.7711018,32.75502786],[-96.77121861,32.75529477],[-96.7714482,32.75574195],[-96.77172379,32.75629284],[-96.77222945,32.7572662],[-96.77260247,32.75796907],[-96.77261232,32.75798766],[-96.77283802,32.7584279],[-96.7729163,32.75858568],[-96.77317338,32.75908411],[-96.77340959,32.75948462],[-96.7738235,32.76024362],[-96.77397456,32.76067322],[-96.7741102495816,32.761056577939]]},"properties":{"AADT_CUR":499,"RTE_NM":"IH0045-AG","RTE_PRFX":"IH","RTE_NBR":"45","SYSTEM":"On"}},{"type":"Feature","geometry":{"type":"LineString","coordinates":[[-96.74332039,32.82669543],[-96.74313616,32.82683167],[-96.74306593,32.82688428],[-96.74299662,32.82693141],[-96.74294839,32.82694172],[-96.74291978,32.82694819],[-96.74288478,32.8269477],[-96.74275884,32.82685383],[-96.74218511,32.82635364],[-96.74207266,32.82627782],[-96.74197485,32.82624344],[-96.74194717,32.82624305],[-96.74189774,32.82623136],[-96.74180671,32.82622457],[-96.74165262,32.82623752],[-96.74136678,32.82628434],[-96.74121992,32.82630151],[-96.74110838,32.82630268],[-96.74101664,32.82629039],[-96.74096085,32.82627173],[-96.74056873,32.82613697]]},"properties":{"AADT_CUR":292,"RTE_NM":"1058920","RTE_PRFX":"CS","RTE_NBR":"1058920","SYSTEM":"Off"}},{"type":"Feature","geometry":{"type":"LineString","coordinates":[[-96.8655162528406,32.8372244965302],[-96.86550415,32.8372141400167],[-96.8651428216384,32.8369145338558],[-96.86471072,32.8365562400167],[-96.86382728,32.8358776200167],[-96.8638209015153,32.835872839914],[-96.8629018572397,32.8351840900683],[-96.86288806,32.8351737500167],[-96.86268144,32.8350014400167],[-96.8626803509093,32.8350005882755],[-96.86212956,32.8345698300167],[-96.8621042895606,32.834549836625],[-96.86128819,32.8339041500167],[-96.8612442237467,32.8338640071617],[-96.86065625,32.8333271600167],[-96.86050745,32.8331203800167],[-96.8604754703379,32.833080219061],[-96.85962438,32.8320113800167],[-96.85907897,32.8313886500167],[-96.8579867884224,32.8299848141284]]},"properties":{"AADT_CUR":19274,"RTE_NM":"263283","RTE_PRFX":"CS","RTE_NBR":"263283","SYSTEM":"Off"}},{"type":"Feature","geometry":{"type":"LineString","coordinates":[[-96.7856141717849,32.7250039097259],[-96.78560937,32.7250064800162],[-96.7854908690286,32.725055038477]]},"properties":{"AADT_CUR":292,"RTE_NM":"1065681","RTE_PRFX":"CS","RTE_NBR":"1065681","SYSTEM":"Off"}},{"type":"Feature","geometry":{"type":"LineString","coordinates":[[-96.8472458597322,32.8213484843178],[-96.847221871,32.821379554],[-96.846856082,32.82173522]]},"properties":{"AADT_CUR":292,"RTE_NM":"1063018","RTE_PRFX":"CS","RTE_NBR":"1063018","SYSTEM":"Off"}},{"type":"Feature","geometry":{"type":"LineString","coordinates":[[-96.8335665357264,32.7785924315832],[-96.8335484,32.7795585000165],[-96.83354776,32.7805014200164],[-96.83354891,32.7814801100165],[-96.83354077,32.7818703700165],[-96.83356991,32.7819656000165],[-96.83364617,32.7821068300165],[-96.83367827,32.7823038100165],[-96.83361516,32.7828912700165],[-96.83357167,32.7835174800165]]},"properties":{"AADT_CUR":292,"RTE_NM":"1063539","RTE_PRFX":"CS","RTE_NBR":"1063539","SYSTEM":"Off"}},{"type":"Feature","geometry":{"type":"LineString","coordinates":[[-96.7674947519856,32.7754152788459],[-96.7674821329273,32.7754053575452]]},"properties":{"AADT_CUR":292,"RTE_NM":"1062665","RTE_PRFX":"CS","RTE_NBR":"1062665","SYSTEM":"Off"}},{"type":"Feature","geometry":{"type":"LineString","coordinates":[[-96.78426879,32.7815082],[-96.78397323,32.78156185],[-96.78288597,32.78178739],[-96.78209397,32.78193315],[-96.78158024,32.78203602],[-96.7799811,32.78233299],[-96.7798875,32.78232335],[-96.77842786,32.78261332]]},"properties":{"AADT_CUR":292,"RTE_NM":"1065785","RTE_PRFX":"CS","RTE_NBR":"1065785","SYSTEM":"Off"}},{"type":"Feature","geometry":{"type":"LineString","coordinates":[[-96.7688051193561,32.7828188998193],[-96.7685075256025,32.7835568965242]]},"properties":{"AADT_CUR":547,"RTE_NM":"1058012","RTE_PRFX":"CS","RTE_NBR":"1058012","SYSTEM":"Off"}},{"type":"Feature","geometry":{"type":"LineString","coordinates":[[-96.76411803,32.79102223],[-96.76284033,32.79207241],[-96.76215985,32.79266633],[-96.76187487,32.79292489],[-96.76145062,32.7932736],[-96.76101626,32.79363866],[-96.76052183,32.79403861],[-96.76022224,32.79429559],[-96.7600416,32.79441951],[-96.75993533,32.79448538],[-96.75931793,32.79497295],[-96.75898533,32.79525284],[-96.75862976,32.79554201],[-96.75853963,32.79561498],[-96.75835324,32.79574157],[-96.75806786,32.79597811],[-96.75741136,32.79646651]]},"properties":{"AADT_CUR":292,"RTE_NM":"1064581","RTE_PRFX":"CS","RTE_NBR":"1064581","SYSTEM":"Off"}},{"type":"Feature","geometry":{"type":"LineString","coordinates":[[-96.8405246843783,32.7594526001772],[-96.84049797,32.7599749100163],[-96.84050885,32.7605674800164],[-96.84049905,32.7610484400164],[-96.84052167,32.7614913400164]]},"properties":{"AADT_CUR":767,"RTE_NM":"1063109","RTE_PRFX":"CS","RTE_NBR":"1063109","SYSTEM":"Off"}},{"type":"Feature","geometry":{"type":"LineString","coordinates":[[-96.8282677,32.7384382700163],[-96.82827485,32.7392246000326],[-96.8282767900002,32.7401579500326],[-96.82828798,32.7411615100163],[-96.82829182,32.7412165400163],[-96.828291783919,32.7412276253855],[-96.82829165,32.7412687700163],[-96.8283002,32.7422833100163],[-96.82828713,32.7430638800163],[-96.82828202,32.7431187800163],[-96.8282823379438,32.7431523618857],[-96.82828284,32.7432053900163],[-96.82828232,32.7436644800163],[-96.8282833000003,32.7441304700326],[-96.82830183,32.7450901400163]]},"properties":{"AADT_CUR":292,"RTE_NM":"1064364","RTE_PRFX":"CS","RTE_NBR":"1064364","SYSTEM":"Off"}},{"type":"Feature","geometry":{"type":"LineString","coordinates":[[-96.8340514384186,32.734943141498],[-96.8340504584363,32.7349576114031]]},"properties":{"AADT_CUR":292,"RTE_NM":"1063194","RTE_PRFX":"CS","RTE_NBR":"1063194","SYSTEM":"Off"}},{"type":"Feature","geometry":{"type":"LineString","coordinates":[[-96.7920239841971,32.8114534580319],[-96.7919939190411,32.8114393731459]]},"properties":{"AADT_CUR":292,"RTE_NM":"1058823","RTE_PRFX":"CS","RTE_NBR":"1058823","SYSTEM":"Off"}},{"type":"Feature","geometry":{"type":"LineString","coordinates":[[-96.797107977423,32.8104995188835],[-96.79710415,32.8105092000166],[-96.7970483780669,32.8105887704953]]},"properties":{"AADT_CUR":292,"RTE_NM":"1061180","RTE_PRFX":"CS","RTE_NBR":"1061180","SYSTEM":"Off"}},{"type":"Feature","geometry":{"type":"LineString","coordinates":[[-96.79844461,32.7986126400166],[-96.798519,32.7986796400165],[-96.79875928,32.7988794800165],[-96.7997687,32.7997523800166],[-96.80008808,32.8000289000166],[-96.80021,32.8001212900166],[-96.80033966,32.8002344000165],[-96.8005338,32.8003800000166],[-96.8007793879491,32.8005475215014]]},"properties":{"AADT_CUR":292,"RTE_NM":"1059343","RTE_PRFX":"CS","RTE_NBR":"1059343","SYSTEM":"Off"}},{"type":"Feature","geometry":{"type":"LineString","coordinates":[[-96.8018793565942,32.7892143284889],[-96.8018789943955,32.7892139862987],[-96.8018669,32.7892025600165],[-96.8018442229755,32.7891825082603]]},"properties":{"AADT_CUR":1238,"RTE_NM":"263294","RTE_PRFX":"CS","RTE_NBR":"263294","SYSTEM":"Off"}},{"type":"Feature","geometry":{"type":"LineString","coordinates":[[-96.8496489708587,32.8110068355524],[-96.84965922,32.81101061],[-96.85021386,32.81118653],[-96.85112287,32.81143313],[-96.85196673,32.81159687],[-96.85284598,32.81171841],[-96.85362533,32.81178017],[-96.85473993,32.81180695],[-96.85663017,32.81183798],[-96.86030218,32.81192606],[-96.86112146,32.81197917],[-96.86161712,32.81205799],[-96.86235396,32.81220475],[-96.86316699,32.81244418],[-96.86378167,32.81269235],[-96.86455831,32.81300511],[-96.8650986,32.81329764],[-96.86566102,32.81368661],[-96.8659765,32.81393162],[-96.86635772,32.81426378],[-96.86687489,32.81479329],[-96.8670813895357,32.8150439920643]]},"properties":{"AADT_CUR":232686,"RTE_NM":"IH0035E-KG","RTE_PRFX":"IH","RTE_NBR":"35","SYSTEM":"On"}},{"type":"Feature","geometry":{"type":"LineString","coordinates":[[-96.7959235991568,32.7798314326387],[-96.7961322254367,32.7805077228106]]},"properties":{"AADT_CUR":292,"RTE_NM":"1063796","RTE_PRFX":"CS","RTE_NBR":"1063796","SYSTEM":"Off"}},{"type":"Feature","geometry":{"type":"LineString","coordinates":[[-96.74661393,32.77666546],[-96.74438557,32.77876458],[-96.74428296,32.77885248],[-96.74420206,32.77887058],[-96.74410659,32.77888435],[-96.7439484,32.7788615],[-96.7432009,32.77872998],[-96.74183722,32.77849078],[-96.74140577,32.77842145],[-96.74102223,32.77835692],[-96.74069238,32.77829314],[-96.74060906,32.7782686],[-96.74055599,32.7782376],[-96.74040491,32.77814337]]},"properties":{"AADT_CUR":292,"RTE_NM":"1058111","RTE_PRFX":"CS","RTE_NBR":"1058111","SYSTEM":"Off"}},{"type":"Feature","geometry":{"type":"LineString","coordinates":[[-96.74208876,32.76209721],[-96.74114184,32.76296354],[-96.74108237,32.76300942],[-96.74102094,32.76303056],[-96.74090262,32.76309074]]},"properties":{"AADT_CUR":292,"RTE_NM":"1060758","RTE_PRFX":"CS","RTE_NBR":"1060758","SYSTEM":"Off"}},{"type":"Feature","geometry":{"type":"LineString","coordinates":[[-96.8038095593597,32.7825231558227],[-96.8038228352411,32.7825323774269]]},"properties":{"AADT_CUR":292,"RTE_NM":"1063029","RTE_PRFX":"CS","RTE_NBR":"1063029","SYSTEM":"Off"}},{"type":"Feature","geometry":{"type":"LineString","coordinates":[[-96.74851101,32.7522278],[-96.74677862,32.75367003],[-96.74674804,32.75373557]]},"properties":{"AADT_CUR":292,"RTE_NM":"1060722","RTE_PRFX":"CS","RTE_NBR":"1060722","SYSTEM":"Off"}},{"type":"Feature","geometry":{"type":"LineString","coordinates":[[-96.75467307,32.81231384],[-96.75474909,32.8123795],[-96.75518329,32.81269075],[-96.75514395,32.81378021],[-96.75514062,32.81382553],[-96.75511464,32.81398736],[-96.75509623,32.81450943],[-96.75510218,32.8150346]]},"properties":{"AADT_CUR":1408,"RTE_NM":"1057803","RTE_PRFX":"CS","RTE_NBR":"1057803","SYSTEM":"Off"}},{"type":"Feature","geometry":{"type":"LineString","coordinates":[[-96.77155273,32.80208369],[-96.76987024,32.80348159],[-96.76821629,32.80487436],[-96.76811513,32.80497054],[-96.76676403,32.80606236]]},"properties":{"AADT_CUR":292,"RTE_NM":"1065240","RTE_PRFX":"CS","RTE_NBR":"1065240","SYSTEM":"Off"}},{"type":"Feature","geometry":{"type":"LineString","coordinates":[[-96.7671033109095,32.7784586268163],[-96.76709561,32.7784646000165],[-96.7670774114622,32.7784778351064]]},"properties":{"AADT_CUR":292,"RTE_NM":"1061080","RTE_PRFX":"CS","RTE_NBR":"1061080","SYSTEM":"Off"}},{"type":"Feature","geometry":{"type":"LineString","coordinates":[[-96.814905901,32.794600193],[-96.814802965,32.794051452],[-96.814647302,32.793404422],[-96.814370364,32.792231761],[-96.814278496,32.791906062],[-96.814103932,32.791300914],[-96.81391757,32.790545423],[-96.81370532,32.789533572],[-96.813464218,32.788762548],[-96.813064544,32.787690731],[-96.812668674,32.786499142],[-96.812579178,32.786222041],[-96.812486018,32.78587524],[-96.812445967,32.785667439],[-96.812405164,32.785356582],[-96.81239791,32.78495195],[-96.81246998,32.78422638],[-96.81250848,32.78375962],[-96.81251898,32.78344209],[-96.81249173,32.78314507],[-96.81244639,32.78292057],[-96.81238927,32.7827057],[-96.81229172,32.78250231],[-96.8121815,32.78235174],[-96.81206753,32.78222554],[-96.81199172,32.78215578],[-96.8118742,32.78206841],[-96.81175176,32.78199361],[-96.81163568,32.78193589],[-96.8115198,32.78188975],[-96.81142192,32.78185147],[-96.81128788,32.78181117],[-96.81109505,32.78177766],[-96.81089318,32.78176789],[-96.810738605,32.781768247],[-96.81058403,32.78178595],[-96.81036494,32.78183377],[-96.81014351,32.78190662],[-96.80998227,32.7819882],[-96.8095843,32.78224407],[-96.80927336,32.78248931],[-96.80904073,32.78269516],[-96.80888455,32.78284004],[-96.80860044,32.78314322],[-96.808258705,32.783582144]]},"properties":{"AADT_CUR":3611,"RTE_NM":"1599252385","RTE_PRFX":"IH","RTE_NBR":"35","SYSTEM":"On"}},{"type":"Feature","geometry":{"type":"LineString","coordinates":[[-96.8378623094212,32.7813770268309],[-96.8378626712914,32.7813915511053]]},"properties":{"AADT_CUR":292,"RTE_NM":"1059442","RTE_PRFX":"CS","RTE_NBR":"1059442","SYSTEM":"Off"}},{"type":"Feature","geometry":{"type":"LineString","coordinates":[[-96.811844478091,32.7636103090339],[-96.8118345842747,32.7636221932908]]},"properties":{"AADT_CUR":292,"RTE_NM":"1260025","RTE_PRFX":"CS","RTE_NBR":"1260025","SYSTEM":"Off"}},{"type":"Feature","geometry":{"type":"LineString","coordinates":[[-96.8058756467831,32.817545098181],[-96.8058709781854,32.8175590797916]]},"properties":{"AADT_CUR":2502,"RTE_NM":"1061843","RTE_PRFX":"CS","RTE_NBR":"1061843","SYSTEM":"Off"}},{"type":"Feature","geometry":{"type":"LineString","coordinates":[[-96.79700819,32.79971579],[-96.79697479,32.79968254],[-96.79695385,32.79967126],[-96.79692819,32.79965166],[-96.79604416,32.79890417],[-96.79551678,32.79844197],[-96.79525134,32.79819641],[-96.79471093,32.79780535]]},"properties":{"AADT_CUR":292,"RTE_NM":"1060290","RTE_PRFX":"CS","RTE_NBR":"1060290","SYSTEM":"Off"}},{"type":"Feature","geometry":{"type":"LineString","coordinates":[[-96.8156415369789,32.7433092968051],[-96.81537353,32.74344427],[-96.81478254,32.74376942],[-96.81414959,32.74414952],[-96.81349624,32.74445114],[-96.8128709,32.74476938],[-96.81253041,32.74495038],[-96.81228338,32.74511358],[-96.81205046,32.74526787],[-96.81180492,32.74543033],[-96.81163653,32.74555125],[-96.81150152,32.74565807],[-96.81134277,32.74578566],[-96.81114693,32.74595331],[-96.810802569,32.746281947],[-96.810489644,32.746617445],[-96.81033834,32.746791942],[-96.810191621,32.746967403],[-96.809846403,32.747450138],[-96.809553177,32.747923098],[-96.80939614,32.748206531],[-96.80925286,32.74851792],[-96.80912792,32.748994161],[-96.80910106,32.74914168],[-96.80901312,32.74967236],[-96.808968699,32.750388008],[-96.80894879,32.750691079],[-96.808921866,32.751016487],[-96.80890916,32.751202673],[-96.8089087167277,32.7512288927836]]},"properties":{"AADT_CUR":5311,"RTE_NM":"IH0035E-AG","RTE_PRFX":"IH","RTE_NBR":"35","SYSTEM":"On"}},{"type":"Feature","geometry":{"type":"LineString","coordinates":[[-96.80396785,32.7236749],[-96.80354974,32.72368568],[-96.80347176,32.72368187],[-96.80337614,32.72366545],[-96.80325434,32.72365691],[-96.80263304,32.72366355],[-96.8023566,32.72366389],[-96.80229228,32.72366851],[-96.8022021,32.72366453],[-96.80071087,32.7236689],[-96.799814,32.7236305]]},"properties":{"AADT_CUR":131,"RTE_NM":"1060112","RTE_PRFX":"CS","RTE_NBR":"1060112","SYSTEM":"Off"}},{"type":"Feature","geometry":{"type":"LineString","coordinates":[[-96.8277051456959,32.7786372529611],[-96.827333696,32.778646682],[-96.82708594,32.778660813],[-96.826818698,32.778685062],[-96.826386396,32.778744247],[-96.826051525,32.77881066],[-96.825208877,32.779036263],[-96.821640621,32.780266455],[-96.819450247,32.781013041],[-96.818545308,32.781338528],[-96.81771946,32.781558971],[-96.81727916,32.78165641],[-96.815487012,32.781900397],[-96.814902357,32.781971842],[-96.814296395,32.782044348],[-96.813551132,32.782148906],[-96.8128492,32.7822431],[-96.811995209,32.782348655],[-96.8118225339607,32.7823705423412]]},"properties":{"AADT_CUR":37710,"RTE_NM":"SS0366-LG","RTE_PRFX":"SS","RTE_NBR":"366","SYSTEM":"On"}},{"type":"Feature","geometry":{"type":"LineString","coordinates":[[-96.7480504799259,32.769617870193],[-96.74894059,32.7703615400164]]},"properties":{"AADT_CUR":292,"RTE_NM":"1065217","RTE_PRFX":"CS","RTE_NBR":"1065217","SYSTEM":"Off"}},{"type":"Feature","geometry":{"type":"LineString","coordinates":[[-96.78691882,32.7877783200165],[-96.7864792,32.7874121200165],[-96.78626975,32.7872195600165],[-96.7858914340054,32.786847927628]]},"properties":{"AADT_CUR":292,"RTE_NM":"1065348","RTE_PRFX":"CS","RTE_NBR":"1065348","SYSTEM":"Off"}},{"type":"Feature","geometry":{"type":"LineString","coordinates":[[-96.7859317813478,32.7810624235798],[-96.7859141116178,32.7810625639141]]},"properties":{"AADT_CUR":292,"RTE_NM":"1065635","RTE_PRFX":"CS","RTE_NBR":"1065635","SYSTEM":"Off"}},{"type":"Feature","geometry":{"type":"LineString","coordinates":[[-96.82290938,32.7589029],[-96.8204174417637,32.7585795696774]]},"properties":{"AADT_CUR":8715,"RTE_NM":"263077","RTE_PRFX":"CS","RTE_NBR":"263077","SYSTEM":"Off"}},{"type":"Feature","geometry":{"type":"LineString","coordinates":[[-96.75805603,32.78404524],[-96.75700552,32.78389907],[-96.75542741,32.78373901],[-96.75139974,32.7833954],[-96.75023566,32.7833388],[-96.7482206268129,32.783182455117]]},"properties":{"AADT_CUR":16114,"RTE_NM":"263296","RTE_PRFX":"CS","RTE_NBR":"263296","SYSTEM":"Off"}},{"type":"Feature","geometry":{"type":"LineString","coordinates":[[-96.82613179,32.76421246],[-96.8261768,32.76428455],[-96.82619972,32.7643632],[-96.82618523,32.76487296],[-96.82620494,32.76499144],[-96.82624186,32.76510465],[-96.82623199,32.76532582],[-96.82618324,32.765409],[-96.82608021,32.76548047],[-96.82596076,32.76551734],[-96.82576113,32.76553528],[-96.82439427,32.76546463],[-96.82430439,32.7654428],[-96.82424971,32.76540907],[-96.82419311,32.76534783],[-96.82407515,32.76521978],[-96.82391888,32.76500875],[-96.82378902,32.76473483],[-96.82376479,32.76463966]]},"properties":{"AADT_CUR":292,"RTE_NM":"1064116","RTE_PRFX":"CS","RTE_NBR":"1064116","SYSTEM":"Off"}},{"type":"Feature","geometry":{"type":"LineString","coordinates":[[-96.772840048,32.757230804],[-96.77306671,32.75737542],[-96.77325933,32.75750868],[-96.77328896,32.75753246],[-96.77361974,32.75779685],[-96.77452384,32.75852691]]},"properties":{"AADT_CUR":292,"RTE_NM":"1064923","RTE_PRFX":"CS","RTE_NBR":"1064923","SYSTEM":"Off"}},{"type":"Feature","geometry":{"type":"LineString","coordinates":[[-96.7944263320406,32.7314588887878],[-96.7944114288844,32.731451607419]]},"properties":{"AADT_CUR":292,"RTE_NM":"1058180","RTE_PRFX":"CS","RTE_NBR":"1058180","SYSTEM":"Off"}},{"type":"Feature","geometry":{"type":"LineString","coordinates":[[-96.85556136,32.8213294600167],[-96.8555560238786,32.8221313632088]]},"properties":{"AADT_CUR":672,"RTE_NM":"1061203","RTE_PRFX":"CS","RTE_NBR":"1061203","SYSTEM":"Off"}},{"type":"Feature","geometry":{"type":"LineString","coordinates":[[-96.8369016413438,32.7785742556697],[-96.83688616,32.7793997500165],[-96.8368839,32.7805625800165],[-96.8368982616591,32.7813945311591]]},"properties":{"AADT_CUR":292,"RTE_NM":"1063319","RTE_PRFX":"CS","RTE_NBR":"1063319","SYSTEM":"Off"}},{"type":"Feature","geometry":{"type":"LineString","coordinates":[[-96.85301313,32.75319992],[-96.85298111,32.75343454],[-96.85291723,32.75424742],[-96.85290597,32.75432837],[-96.85294409,32.75437836]]},"properties":{"AADT_CUR":292,"RTE_NM":"1065069","RTE_PRFX":"CS","RTE_NBR":"1065069","SYSTEM":"Off"}},{"type":"Feature","geometry":{"type":"LineString","coordinates":[[-96.8438249275261,32.7785351054332],[-96.84381713,32.7793864100165],[-96.84381935,32.7795733900165],[-96.84382421,32.7800971400165],[-96.84382475,32.7809837300165],[-96.84382638,32.7817246300165],[-96.8438268481484,32.7817549280791],[-96.84383817,32.7824876600165],[-96.84385268,32.7832795800165]]},"properties":{"AADT_CUR":292,"RTE_NM":"1060234","RTE_PRFX":"CS","RTE_NBR":"1060234","SYSTEM":"Off"}},{"type":"Feature","geometry":{"type":"LineString","coordinates":[[-96.83183878,32.8191745],[-96.831179,32.81859521],[-96.83090899,32.81836754],[-96.83065787,32.81817448],[-96.83027932,32.8178883],[-96.83016836,32.81780366],[-96.82974836,32.81742624]]},"properties":{"AADT_CUR":2082,"RTE_NM":"1060569","RTE_PRFX":"CS","RTE_NBR":"1060569","SYSTEM":"Off"}},{"type":"Feature","geometry":{"type":"LineString","coordinates":[[-96.78533104,32.8212530100167],[-96.78372619,32.8212553900167],[-96.78231634,32.8212606700167],[-96.77991312,32.8212824500167],[-96.77741172,32.8212890700167],[-96.77601498,32.8212889700167],[-96.77472069,32.8212943800167],[-96.77227204,32.8213085100167],[-96.7701661027587,32.8213190299041]]},"properties":{"AADT_CUR":292,"RTE_NM":"1062772","RTE_PRFX":"CS","RTE_NBR":"1062772","SYSTEM":"Off"}},{"type":"Feature","geometry":{"type":"LineString","coordinates":[[-96.8202304803586,32.8094872154027],[-96.81968032,32.80902293],[-96.81893092,32.80838027],[-96.81818765,32.80773253],[-96.8178139929064,32.8074029317305]]},"properties":{"AADT_CUR":13442,"RTE_NM":"263458","RTE_PRFX":"CS","RTE_NBR":"263458","SYSTEM":"Off"}},{"type":"Feature","geometry":{"type":"LineString","coordinates":[[-96.85197461,32.78705749],[-96.85196611,32.78782162],[-96.85197288,32.78868354]]},"properties":{"AADT_CUR":292,"RTE_NM":"1059760","RTE_PRFX":"CS","RTE_NBR":"1059760","SYSTEM":"Off"}},{"type":"Feature","geometry":{"type":"LineString","coordinates":[[-96.75681681,32.7411611300163],[-96.75535304,32.7424024400163],[-96.7544484,32.7431636200163],[-96.7540840199904,32.7434966400238],[-96.75386682,32.7436654100163],[-96.75376978,32.7437616400163],[-96.75373533,32.7438175100163],[-96.753731,32.7438724300163]]},"properties":{"AADT_CUR":292,"RTE_NM":"1064635","RTE_PRFX":"CS","RTE_NBR":"1064635","SYSTEM":"Off"}},{"type":"Feature","geometry":{"type":"LineString","coordinates":[[-96.8114796129748,32.7356448562785],[-96.8114624603286,32.7356447226619]]},"properties":{"AADT_CUR":292,"RTE_NM":"1060140","RTE_PRFX":"CS","RTE_NBR":"1060140","SYSTEM":"Off"}},{"type":"Feature","geometry":{"type":"LineString","coordinates":[[-96.82282388,32.73806802],[-96.82155888,32.73805232],[-96.82036766,32.73804722],[-96.81919727,32.7380589],[-96.81851518,32.73804967],[-96.81838896,32.73805896],[-96.81820432,32.73810457]]},"properties":{"AADT_CUR":292,"RTE_NM":"1060127","RTE_PRFX":"CS","RTE_NBR":"1060127","SYSTEM":"Off"}},{"type":"Feature","geometry":{"type":"LineString","coordinates":[[-96.769088965,32.748942894],[-96.769149338,32.749297776],[-96.76928001,32.749746056],[-96.76951499,32.750397744],[-96.769723186,32.750995085],[-96.769807751,32.751300318],[-96.769846723,32.751492158],[-96.769866149,32.751675136]]},"properties":{"AADT_CUR":9600,"RTE_NM":"2000006664","RTE_PRFX":"IH","RTE_NBR":"45","SYSTEM":"On"}},{"type":"Feature","geometry":{"type":"LineString","coordinates":[[-96.856464310559,32.7887292488822],[-96.85343963,32.7886974700165],[-96.85197288,32.7886835400165],[-96.85031816,32.7886712200165],[-96.8478932,32.7886871400165],[-96.8478713499797,32.7886870223449],[-96.84406539,32.7886664700165]]},"properties":{"AADT_CUR":292,"RTE_NM":"1058196","RTE_PRFX":"CS","RTE_NBR":"1058196","SYSTEM":"Off"}},{"type":"Feature","geometry":{"type":"LineString","coordinates":[[-96.8150472810934,32.8050961217493],[-96.81504627,32.8050969500166],[-96.81458233,32.8054865300166],[-96.81413586,32.8058557200166],[-96.81300391,32.8067943100166],[-96.81257381,32.8071582300166],[-96.81181977,32.8077802800166],[-96.81090622,32.8085293800166],[-96.81064903,32.8087444400166],[-96.81026198,32.8090690700166]]},"properties":{"AADT_CUR":292,"RTE_NM":"1064748","RTE_PRFX":"CS","RTE_NBR":"1064748","SYSTEM":"Off"}},{"type":"Feature","geometry":{"type":"LineString","coordinates":[[-96.86104926,32.8146185700166],[-96.8615493161869,32.8156113700781]]},"properties":{"AADT_CUR":292,"RTE_NM":"1059701","RTE_PRFX":"CS","RTE_NBR":"1059701","SYSTEM":"Off"}},{"type":"Feature","geometry":{"type":"LineString","coordinates":[[-96.793165496116,32.8034954120091],[-96.79316438,32.8034854],[-96.79310821,32.80263781],[-96.79309043,32.80214499],[-96.79310189,32.80140672],[-96.79311125,32.80093215],[-96.79313196,32.80032892],[-96.79307268,32.79882102],[-96.7928396,32.79534826]]},"properties":{"AADT_CUR":211921,"RTE_NM":"US0075-KG","RTE_PRFX":"US","RTE_NBR":"75","SYSTEM":"On"}},{"type":"Feature","geometry":{"type":"LineString","coordinates":[[-96.797143662901,32.788652953582],[-96.7971679834808,32.7886735594263]]},"properties":{"AADT_CUR":292,"RTE_NM":"1059645","RTE_PRFX":"CS","RTE_NBR":"1059645","SYSTEM":"Off"}},{"type":"Feature","geometry":{"type":"LineString","coordinates":[[-96.780328178834,32.779799420415],[-96.7803026535031,32.779779230949],[-96.7802259965193,32.7797185101358],[-96.7799592952389,32.7795072522284],[-96.7799494232607,32.7794994324636],[-96.7786468256189,32.7784676039798],[-96.77861569,32.7784429400329],[-96.7781930260345,32.7781292871885],[-96.77797997,32.7779711800329],[-96.777733648777,32.777791291228],[-96.77771167,32.777775240033],[-96.77741403,32.777544160033],[-96.77718526,32.7773836200329],[-96.7768645641878,32.7770624740878],[-96.77685046,32.777048350033],[-96.7762237844759,32.776277259058],[-96.7753187895966,32.7750515467377],[-96.77525181,32.7749607500328],[-96.77499727,32.7746618700328],[-96.7749936908777,32.774658567333],[-96.77467148,32.7743612400328],[-96.77404777,32.773838120033],[-96.7730231367173,32.7729463477424],[-96.7723641770416,32.7723728198083],[-96.7716137024203,32.7717196286796]]},"properties":{"AADT_CUR":6389,"RTE_NM":"263560","RTE_PRFX":"CS","RTE_NBR":"263560","SYSTEM":"Off"}},{"type":"Feature","geometry":{"type":"LineString","coordinates":[[-96.8054874326117,32.7688558176045],[-96.80559727,32.76891809],[-96.80599451,32.76914132],[-96.80627232,32.76926985],[-96.80742833,32.76973136],[-96.80920597,32.77066792],[-96.8101383555848,32.7711510002381]]},"properties":{"AADT_CUR":125909,"RTE_NM":"IH0035E-KG","RTE_PRFX":"IH","RTE_NBR":"35","SYSTEM":"On"}},{"type":"Feature","geometry":{"type":"LineString","coordinates":[[-96.79678089,32.74408217],[-96.79690731,32.74478354],[-96.7969803,32.74517629],[-96.79701722,32.74528676],[-96.79704297,32.74534347],[-96.79708032,32.74538797],[-96.79712176,32.74543252],[-96.79722708,32.74553842]]},"properties":{"AADT_CUR":292,"RTE_NM":"1060462","RTE_PRFX":"CS","RTE_NBR":"1060462","SYSTEM":"Off"}},{"type":"Feature","geometry":{"type":"LineString","coordinates":[[-96.79378165,32.7329126500163],[-96.79395233,32.7329163700162],[-96.794034,32.7329394800163],[-96.79409872,32.7329994900162],[-96.79420897,32.7331439500163],[-96.79427606,32.7332493300162],[-96.79434227,32.7333588300163],[-96.79438727,32.7334707800163],[-96.79452563,32.7339304200163],[-96.79482816,32.7348596400163],[-96.79506463,32.7352065200162],[-96.79539628,32.7357636400163],[-96.79573098,32.7362465700163],[-96.7957528710817,32.7362740894293],[-96.79577681,32.7363159300163],[-96.7958023,32.7363863900163],[-96.79582861,32.7364980800163],[-96.795845,32.7365766500163],[-96.79584465,32.7365945200163],[-96.79584863,32.7366413200163],[-96.79584895,32.7367938900163],[-96.79583313,32.7373641100163],[-96.79582678,32.7380334300163],[-96.7958391,32.7383662500163],[-96.795846,32.7386426200163],[-96.79583938,32.7386906400163],[-96.79582286,32.7387893800163],[-96.79578957,32.7389126400163],[-96.79574017,32.7390714000163],[-96.79567306,32.7392216900163],[-96.79555396,32.7394949700163],[-96.79546422,32.7396793000163],[-96.79545033,32.7397244700163],[-96.79543793,32.7397779000163],[-96.79543429,32.7397984700163],[-96.7954336269534,32.7399360326548]]},"properties":{"AADT_CUR":292,"RTE_NM":"1061493","RTE_PRFX":"CS","RTE_NBR":"1061493","SYSTEM":"Off"}},{"type":"Feature","geometry":{"type":"LineString","coordinates":[[-96.7688667483453,32.7590165720153],[-96.7684697,32.7592867100164],[-96.76711408,32.7603963600164],[-96.76634966,32.7610949500164]]},"properties":{"AADT_CUR":292,"RTE_NM":"1059779","RTE_PRFX":"CS","RTE_NBR":"1059779","SYSTEM":"Off"}},{"type":"Feature","geometry":{"type":"LineString","coordinates":[[-96.7713447530517,32.7815418799444],[-96.7713303,32.7815379100165],[-96.771318423093,32.7815251927648]]},"properties":{"AADT_CUR":3842,"RTE_NM":"263678","RTE_PRFX":"CS","RTE_NBR":"263678","SYSTEM":"Off"}},{"type":"Feature","geometry":{"type":"LineString","coordinates":[[-96.769507459179,32.7830043572148],[-96.7695070676623,32.7830042515546],[-96.76948935,32.7829994700165],[-96.7694505931415,32.7829892420983],[-96.769332517486,32.7829580818987],[-96.7691684449698,32.7829147829022],[-96.76809874,32.7826324800165],[-96.7661654142392,32.7821217480602]]},"properties":{"AADT_CUR":8158,"RTE_NM":"263170","RTE_PRFX":"CS","RTE_NBR":"263170","SYSTEM":"Off"}},{"type":"Feature","geometry":{"type":"LineString","coordinates":[[-96.7529196473988,32.8137309002668],[-96.7529197,32.8137338800166],[-96.7529534571325,32.813762756191]]},"properties":{"AADT_CUR":292,"RTE_NM":"1057732","RTE_PRFX":"CS","RTE_NBR":"1057732","SYSTEM":"Off"}},{"type":"Feature","geometry":{"type":"LineString","coordinates":[[-96.83289203,32.75447532],[-96.83152211,32.75444595]]},"properties":{"AADT_CUR":292,"RTE_NM":"1065823","RTE_PRFX":"CS","RTE_NBR":"1065823","SYSTEM":"Off"}},{"type":"Feature","geometry":{"type":"LineString","coordinates":[[-96.7893394823413,32.7393313049558],[-96.78933769,32.73933534],[-96.78759808,32.74385638],[-96.78750037,32.74412664],[-96.7873468,32.74453074],[-96.78718509,32.74493256],[-96.78701529,32.745332],[-96.78683743,32.74572892],[-96.78665158,32.74612322],[-96.78655829,32.74631406],[-96.78649705,32.74644242],[-96.78636204,32.74671111],[-96.78621917,32.74697688],[-96.78606854,32.74723956],[-96.78591023,32.74749901],[-96.78574435,32.74775505],[-96.785571,32.74800754],[-96.78539028,32.74825631],[-96.7852023,32.74850121],[-96.78516078,32.74855355],[-96.78447981,32.74955021],[-96.78218154,32.75291071],[-96.78201171,32.75315885],[-96.78189995,32.7533119],[-96.78168866,32.75361169],[-96.78148478,32.75391512],[-96.78128838,32.75422206],[-96.78109956,32.75453237],[-96.78091838,32.75484593],[-96.78077943,32.75509824],[-96.78075466,32.75514774],[-96.78064164,32.75538486],[-96.78053661,32.75562458],[-96.78043964,32.75586673],[-96.78035082,32.75611109],[-96.78027023,32.75635748],[-96.78019792,32.75660569],[-96.78013395,32.75685554],[-96.78007836,32.75710682],[-96.78003122,32.75735932],[-96.77999255,32.75761286],[-96.77997258,32.75777279],[-96.77993008,32.75800133],[-96.77981065,32.75861149],[-96.7797197,32.75904871],[-96.77970485,32.75913113],[-96.7796802,32.75922194],[-96.7796472,32.75931084],[-96.77960603,32.75939728],[-96.77957378,32.75945393]]},"properties":{"AADT_CUR":14897,"RTE_NM":"263017","RTE_PRFX":"CS","RTE_NBR":"263017","SYSTEM":"Off"}},{"type":"Feature","geometry":{"type":"LineString","coordinates":[[-96.7938078048737,32.7731911599764],[-96.7930298250347,32.7725237559864],[-96.7922753,32.7719113400164],[-96.79175519,32.7714189900164],[-96.79090503,32.7706196900164],[-96.79024895,32.7700498400164],[-96.78972104,32.7695408800164]]},"properties":{"AADT_CUR":292,"RTE_NM":"1058695","RTE_PRFX":"CS","RTE_NBR":"1058695","SYSTEM":"Off"}},{"type":"Feature","geometry":{"type":"LineString","coordinates":[[-96.8092956732944,32.7572494944291],[-96.8092840611185,32.7572604197431]]},"properties":{"AADT_CUR":292,"RTE_NM":"1063405","RTE_PRFX":"CS","RTE_NBR":"1063405","SYSTEM":"Off"}},{"type":"Feature","geometry":{"type":"LineString","coordinates":[[-96.79921229,32.75071467],[-96.79921509,32.75124803]]},"properties":{"AADT_CUR":292,"RTE_NM":"1065732","RTE_PRFX":"CS","RTE_NBR":"1065732","SYSTEM":"Off"}},{"type":"Feature","geometry":{"type":"LineString","coordinates":[[-96.76367329,32.78536808],[-96.76346508,32.78527792],[-96.76092139,32.78456208],[-96.75997207,32.78430735],[-96.75959727,32.78420285],[-96.75928565,32.78413393],[-96.75914895,32.78410033],[-96.75893227,32.78404768]]},"properties":{"AADT_CUR":11862,"RTE_NM":"290572","RTE_PRFX":"CS","RTE_NBR":"290572","SYSTEM":"Off"}},{"type":"Feature","geometry":{"type":"LineString","coordinates":[[-96.80548419,32.73181368],[-96.80486078,32.73179968],[-96.80467334,32.73182187],[-96.80458161,32.73185634],[-96.8044598,32.73193303],[-96.80417121,32.73214216],[-96.80409024,32.73216717],[-96.80398767,32.73217264],[-96.80378069,32.73215333],[-96.80345516,32.73212551],[-96.80335425,32.73212964],[-96.80325885,32.73214344]]},"properties":{"AADT_CUR":292,"RTE_NM":"1062361","RTE_PRFX":"CS","RTE_NBR":"1062361","SYSTEM":"Off"}},{"type":"Feature","geometry":{"type":"LineString","coordinates":[[-96.75387886,32.79804306],[-96.75464582,32.79868338]]},"properties":{"AADT_CUR":292,"RTE_NM":"1060955","RTE_PRFX":"CS","RTE_NBR":"1060955","SYSTEM":"Off"}},{"type":"Feature","geometry":{"type":"LineString","coordinates":[[-96.7744437804157,32.7607911684348],[-96.77444775,32.7607877700164],[-96.7744492802039,32.7607864786168],[-96.7745008756009,32.7607429351897],[-96.7746504786767,32.7606166787962],[-96.7749220461156,32.7603874901591],[-96.7763504820048,32.7591819370585],[-96.77635709,32.7591763600164],[-96.7774742631749,32.758227453289],[-96.77749912,32.7582063400164],[-96.7784032775654,32.7574475343688],[-96.7793782623066,32.7566292664732]]},"properties":{"AADT_CUR":1902,"RTE_NM":"263601","RTE_PRFX":"CS","RTE_NBR":"263601","SYSTEM":"Off"}},{"type":"Feature","geometry":{"type":"LineString","coordinates":[[-96.8103473788707,32.7572945014077],[-96.81031305,32.7572948300163]]},"properties":{"AADT_CUR":292,"RTE_NM":"1059410","RTE_PRFX":"CS","RTE_NBR":"1059410","SYSTEM":"Off"}},{"type":"Feature","geometry":{"type":"LineString","coordinates":[[-96.7530296378631,32.8085492354216],[-96.75277622,32.8086620900166],[-96.75254581,32.8087611700166],[-96.75233035,32.8088638000166],[-96.75160191,32.8094446200166],[-96.75052129,32.8103022600166],[-96.75026384,32.8105334800166],[-96.75009278,32.8106487800166],[-96.74976489,32.8107960600166],[-96.7497375742017,32.8108173360485],[-96.74963102,32.8109003300166],[-96.74956327,32.8110090600166],[-96.74946928,32.8113542700166],[-96.74937039,32.8115603700166],[-96.7493701584688,32.8115605535579]]},"properties":{"AADT_CUR":292,"RTE_NM":"1065529","RTE_PRFX":"CS","RTE_NBR":"1065529","SYSTEM":"Off"}},{"type":"Feature","geometry":{"type":"LineString","coordinates":[[-96.7493701584688,32.8115605535579],[-96.7493326025058,32.8115903252128]]},"properties":{"AADT_CUR":292,"RTE_NM":"1065529","RTE_PRFX":"CS","RTE_NBR":"1065529","SYSTEM":"Off"}},{"type":"Feature","geometry":{"type":"LineString","coordinates":[[-96.7612358072624,32.8068665257266],[-96.76123229,32.8068635000166],[-96.76058916,32.8062936800166],[-96.76017874,32.8059333100166],[-96.75984287,32.8056303400166]]},"properties":{"AADT_CUR":292,"RTE_NM":"1061487","RTE_PRFX":"CS","RTE_NBR":"1061487","SYSTEM":"Off"}},{"type":"Feature","geometry":{"type":"LineString","coordinates":[[-96.7863448498918,32.8150965596048],[-96.78627722,32.8148391300166],[-96.78579987,32.8144043700166],[-96.78501713,32.8137200500166],[-96.78472093,32.8134644300166],[-96.78422998,32.8130535300166],[-96.78380597,32.8126738100166],[-96.7832147,32.8121647700166],[-96.78319916,32.8121513600166],[-96.78222823,32.8113104700166],[-96.78213373,32.8112308200166],[-96.78080193,32.8100715500166],[-96.78007434,32.8094429400166],[-96.7792949,32.8087600100166],[-96.77847081,32.8080723200166],[-96.77665028,32.8065213800166],[-96.77648062,32.8063733200166],[-96.77627028,32.8061823700166],[-96.77521122,32.8052354700166],[-96.77438683,32.8045243900166],[-96.77363891,32.8038647100166],[-96.77356642,32.8038007200165],[-96.7735524,32.8037883900166],[-96.77236121,32.8027313500166],[-96.77155273,32.8020836900166],[-96.77147184,32.8020166000165],[-96.7706624,32.8012933300166],[-96.77035815,32.8010375600166],[-96.77015239,32.8008642500166],[-96.7693308083437,32.8001505462055],[-96.76931137,32.8001336600166],[-96.76865196,32.7995636700166],[-96.76829206,32.7992411300166],[-96.76773278,32.7987536300165],[-96.7675439,32.7985915500166],[-96.76705412,32.7981696100166],[-96.76671022,32.7978624200165],[-96.76587715,32.7971442900166],[-96.76488606,32.7962273800166],[-96.76420783,32.7956653400165],[-96.7636369014851,32.7951570913386]]},"properties":{"AADT_CUR":6796,"RTE_NM":"1063020","RTE_PRFX":"CS","RTE_NBR":"1063020","SYSTEM":"Off"}},{"type":"Feature","geometry":{"type":"LineString","coordinates":[[-96.775162329,32.787425544],[-96.774592475,32.787858853],[-96.77325693,32.78894742],[-96.772215049,32.789868233]]},"properties":{"AADT_CUR":292,"RTE_NM":"1063907","RTE_PRFX":"CS","RTE_NBR":"1063907","SYSTEM":"Off"}},{"type":"Feature","geometry":{"type":"LineString","coordinates":[[-96.8566031560986,32.7715241425608],[-96.8565515952737,32.7715238741365]]},"properties":{"AADT_CUR":292,"RTE_NM":"1063746","RTE_PRFX":"CS","RTE_NBR":"1063746","SYSTEM":"Off"}},{"type":"Feature","geometry":{"type":"LineString","coordinates":[[-96.83609066,32.73925662],[-96.83501114,32.7392353],[-96.83397117,32.73922962],[-96.8321531,32.7392176]]},"properties":{"AADT_CUR":402,"RTE_NM":"1065833","RTE_PRFX":"CS","RTE_NBR":"1065833","SYSTEM":"Off"}},{"type":"Feature","geometry":{"type":"LineString","coordinates":[[-96.84569866,32.7402535900163],[-96.84569093,32.7403194600163],[-96.84567484,32.7412704400163],[-96.845674839993,32.7412704420039]]},"properties":{"AADT_CUR":292,"RTE_NM":"1064483","RTE_PRFX":"CS","RTE_NBR":"1064483","SYSTEM":"Off"}},{"type":"Feature","geometry":{"type":"LineString","coordinates":[[-96.8371259361593,32.77854160184],[-96.83712595,32.7785424900164],[-96.8371265982497,32.7785705465891]]},"properties":{"AADT_CUR":292,"RTE_NM":"1063319","RTE_PRFX":"CS","RTE_NBR":"1063319","SYSTEM":"Off"}},{"type":"Feature","geometry":{"type":"LineString","coordinates":[[-96.85078425,32.77624611],[-96.85077984,32.77718349]]},"properties":{"AADT_CUR":292,"RTE_NM":"1061165","RTE_PRFX":"CS","RTE_NBR":"1061165","SYSTEM":"Off"}},{"type":"Feature","geometry":{"type":"LineString","coordinates":[[-96.84658614,32.74516473],[-96.84532611,32.74514612],[-96.8447373,32.74514653],[-96.84411014,32.74515468],[-96.84360214,32.74513965],[-96.84287185,32.74513955],[-96.84164718,32.74513558],[-96.84040926,32.7451438],[-96.83942121,32.7451416],[-96.83799117,32.74511699],[-96.83761381,32.74511744],[-96.83576834,32.74508588],[-96.83394904,32.74508899],[-96.83293685,32.74507267],[-96.83239367,32.74506951],[-96.83226924,32.74506921],[-96.83212987,32.74508521],[-96.8310729,32.7450724],[-96.83020577,32.74508275],[-96.82922998,32.74507789],[-96.8286769,32.74508145],[-96.82830183,32.74509014],[-96.82688887,32.74506564],[-96.82648061,32.74506564],[-96.82619525,32.74506042],[-96.82465668,32.74506582],[-96.82456128,32.74506868],[-96.8245154,32.74506529],[-96.82284414,32.74504551]]},"properties":{"AADT_CUR":292,"RTE_NM":"1065821","RTE_PRFX":"CS","RTE_NBR":"1065821","SYSTEM":"Off"}},{"type":"Feature","geometry":{"type":"LineString","coordinates":[[-96.75255726,32.74272742],[-96.75255684,32.74332672],[-96.75254376,32.74345438],[-96.7525169,32.74353785],[-96.75246389,32.74362782],[-96.75216264,32.74397685],[-96.75109891,32.74521548],[-96.7504667,32.74597359],[-96.75042981,32.74602943],[-96.75042997,32.74610366]]},"properties":{"AADT_CUR":292,"RTE_NM":"1063666","RTE_PRFX":"CS","RTE_NBR":"1063666","SYSTEM":"Off"}},{"type":"Feature","geometry":{"type":"LineString","coordinates":[[-96.7994204849793,32.797729732397],[-96.799410751,32.7977386020165],[-96.7994086838569,32.7977403811699]]},"properties":{"AADT_CUR":292,"RTE_NM":"1061271","RTE_PRFX":"CS","RTE_NBR":"1061271","SYSTEM":"Off"}},{"type":"Feature","geometry":{"type":"LineString","coordinates":[[-96.84116922,32.7749787100165],[-96.83982282,32.7749799800164],[-96.83864965,32.7749835600165],[-96.83696441,32.7750077700165],[-96.835846441036,32.7750181867698]]},"properties":{"AADT_CUR":292,"RTE_NM":"1062954","RTE_PRFX":"CS","RTE_NBR":"1062954","SYSTEM":"Off"}},{"type":"Feature","geometry":{"type":"LineString","coordinates":[[-96.850465209,32.827957829],[-96.848971551,32.826771876],[-96.8485850617258,32.8264677364693]]},"properties":{"AADT_CUR":5991,"RTE_NM":"1060640","RTE_PRFX":"CS","RTE_NBR":"1060640","SYSTEM":"Off"}},{"type":"Feature","geometry":{"type":"LineString","coordinates":[[-96.8000017025513,32.7846940503572],[-96.79938917,32.7852073900165],[-96.79923762,32.7853076400165]]},"properties":{"AADT_CUR":292,"RTE_NM":"1064525","RTE_PRFX":"CS","RTE_NBR":"1064525","SYSTEM":"Off"}},{"type":"Feature","geometry":{"type":"LineString","coordinates":[[-96.8201126275746,32.7965122837844],[-96.81777637,32.7953805600166],[-96.8169889691663,32.7949908111274],[-96.81632247,32.7946609000165],[-96.8160546004308,32.7945370329767],[-96.815936,32.7944821900165],[-96.8157133,32.7943991700165],[-96.81543934,32.7943501800165],[-96.8152828938304,32.7943340372039],[-96.8151935369368,32.7943248168751],[-96.81508144,32.7943132500165],[-96.814996500264,32.7943001008093],[-96.8148452145382,32.7942766806783],[-96.8148027278613,32.794270103398],[-96.8146664571676,32.794249007496]]},"properties":{"AADT_CUR":3819,"RTE_NM":"267893","RTE_PRFX":"CS","RTE_NBR":"267893","SYSTEM":"Off"}},{"type":"Feature","geometry":{"type":"LineString","coordinates":[[-96.82650327,32.7905839200166],[-96.82468138,32.7930946200165],[-96.8246040613782,32.7931937611337]]},"properties":{"AADT_CUR":292,"RTE_NM":"1060615","RTE_PRFX":"CS","RTE_NBR":"1060615","SYSTEM":"Off"}},{"type":"Feature","geometry":{"type":"LineString","coordinates":[[-96.83262323,32.77297267],[-96.83267281,32.77354964],[-96.83269072,32.77393888]]},"properties":{"AADT_CUR":292,"RTE_NM":"1058224","RTE_PRFX":"CS","RTE_NBR":"1058224","SYSTEM":"Off"}},{"type":"Feature","geometry":{"type":"LineString","coordinates":[[-96.8240049051899,32.7605367811013],[-96.82400224,32.7605367700164],[-96.82291115,32.7605110500164]]},"properties":{"AADT_CUR":292,"RTE_NM":"1065872","RTE_PRFX":"CS","RTE_NBR":"1065872","SYSTEM":"Off"}},{"type":"Feature","geometry":{"type":"LineString","coordinates":[[-96.7767333827916,32.7588567470254],[-96.7758031999899,32.7580704400408],[-96.7754242249295,32.757761480095],[-96.7749947399819,32.7574832900387],[-96.7743818499891,32.7571283900423],[-96.7737996299907,32.7567678600433],[-96.7732316099792,32.7564101900331],[-96.7731129985178,32.7563189426389],[-96.7727352499808,32.7560283400306],[-96.77242206,32.755726620049],[-96.7723857073007,32.7556945199236],[-96.7723541,32.755666610049],[-96.7720216672339,32.7554030118523]]},"properties":{"AADT_CUR":292,"RTE_NM":"1061411","RTE_PRFX":"CS","RTE_NBR":"1061411","SYSTEM":"Off"}},{"type":"Feature","geometry":{"type":"LineString","coordinates":[[-96.8089640750739,32.7504583973638],[-96.80893045,32.7504568200163],[-96.8089296673417,32.7504568007074]]},"properties":{"AADT_CUR":292,"RTE_NM":"1059209","RTE_PRFX":"CS","RTE_NBR":"1059209","SYSTEM":"Off"}},{"type":"Feature","geometry":{"type":"LineString","coordinates":[[-96.85357217,32.81597546],[-96.85358528,32.81667252]]},"properties":{"AADT_CUR":292,"RTE_NM":"1062708","RTE_PRFX":"CS","RTE_NBR":"1062708","SYSTEM":"Off"}},{"type":"Feature","geometry":{"type":"LineString","coordinates":[[-96.86036985,32.78972509],[-96.86037083,32.79015017]]},"properties":{"AADT_CUR":292,"RTE_NM":"1061406","RTE_PRFX":"CS","RTE_NBR":"1061406","SYSTEM":"Off"}},{"type":"Feature","geometry":{"type":"LineString","coordinates":[[-96.8042071,32.80552683],[-96.80370594,32.80509052],[-96.80321911,32.80464279],[-96.80278603,32.80425526],[-96.80269169,32.80415871],[-96.802553251624,32.8040938898314]]},"properties":{"AADT_CUR":7276,"RTE_NM":"263028","RTE_PRFX":"CS","RTE_NBR":"263028","SYSTEM":"Off"}},{"type":"Feature","geometry":{"type":"LineString","coordinates":[[-96.78735711,32.79233185],[-96.7867177,32.79179991]]},"properties":{"AADT_CUR":292,"RTE_NM":"1058369","RTE_PRFX":"CS","RTE_NBR":"1058369","SYSTEM":"Off"}},{"type":"Feature","geometry":{"type":"LineString","coordinates":[[-96.788918798,32.783578147],[-96.789351261,32.783695165],[-96.789611518,32.78378815],[-96.789891321,32.783906664],[-96.789979898,32.783957854],[-96.790066183,32.784014827],[-96.790165393,32.784093116],[-96.790314353,32.7842204],[-96.790499446,32.784373663],[-96.790836989,32.784711949],[-96.790986686,32.784912542],[-96.791121139,32.785167987],[-96.791257884,32.785550633],[-96.791376045,32.786136929],[-96.79145805,32.786607385],[-96.791485037,32.787185767],[-96.791466795,32.78815943],[-96.791471105,32.788232956],[-96.791489171,32.788323827],[-96.79156886,32.788719492],[-96.7915728597294,32.7887963856398]]},"properties":{"AADT_CUR":499,"RTE_NM":"IH0345-AG","RTE_PRFX":"IH","RTE_NBR":"345","SYSTEM":"On"}},{"type":"Feature","geometry":{"type":"LineString","coordinates":[[-96.80475552,32.7872667400165],[-96.8049306,32.7873273100165],[-96.80521362,32.7874471100165],[-96.80542644,32.7875464700165],[-96.8055702,32.7876593400165],[-96.80580116,32.7878533400165],[-96.80615649,32.7881754600165],[-96.8063462860879,32.7883082562966]]},"properties":{"AADT_CUR":292,"RTE_NM":"262916","RTE_PRFX":"CS","RTE_NBR":"262916","SYSTEM":"Off"}},{"type":"Feature","geometry":{"type":"LineString","coordinates":[[-96.86893922,32.7382556500162],[-96.86816031,32.7382495400163],[-96.86765033,32.7382552200163],[-96.86674404,32.7382776800163],[-96.8662227,32.7382831900163],[-96.86543766,32.7383003700163],[-96.86419663,32.7383060300163],[-96.86352803,32.7383151000163],[-96.86237912,32.7383095900163],[-96.86194094,32.7383024400163],[-96.86185997,32.7382835000163],[-96.86165019,32.7381941300163],[-96.86151285,32.7381455900163],[-96.86126876,32.7381533800163],[-96.8604263,32.7381532600163],[-96.85991562,32.7381534000163],[-96.85912888,32.7381746300162],[-96.85682308,32.7381098000163],[-96.8567463938391,32.7381099940402]]},"properties":{"AADT_CUR":292,"RTE_NM":"1058989","RTE_PRFX":"CS","RTE_NBR":"1058989","SYSTEM":"Off"}},{"type":"Feature","geometry":{"type":"LineString","coordinates":[[-96.7604479408051,32.7733335309929],[-96.7596342754593,32.7740101513518],[-96.75950828,32.7740512800165],[-96.7593961,32.7740901600164],[-96.75928745,32.7741356300165],[-96.75918287,32.7741874700164],[-96.75908287,32.7742454100164],[-96.75898796,32.7743091600165],[-96.75889859,32.7743784300164],[-96.75887625,32.7743973600165],[-96.75825298,32.7749489800165],[-96.75806018,32.7750669100164],[-96.7579122,32.7752284000164],[-96.75758122,32.7755536600165],[-96.75605303,32.7769384100165],[-96.75562139,32.7773337300165],[-96.75425001,32.7786024400165],[-96.75358727,32.7792061900165],[-96.75287645,32.7798144300165],[-96.75228699,32.7803315400165]]},"properties":{"AADT_CUR":292,"RTE_NM":"1063614","RTE_PRFX":"CS","RTE_NBR":"1063614","SYSTEM":"Off"}},{"type":"Feature","geometry":{"type":"LineString","coordinates":[[-96.85114226,32.71849135],[-96.85114135,32.71932843],[-96.85113718,32.72020946],[-96.85113699,32.72035103],[-96.85113295,32.72135715],[-96.8511198,32.72232739],[-96.85111373,32.72274242],[-96.85111101,32.72328258],[-96.85110318,32.72427352],[-96.85109533,32.72517787],[-96.85108591,32.72612343],[-96.85107324,32.72715553]]},"properties":{"AADT_CUR":292,"RTE_NM":"1064480","RTE_PRFX":"CS","RTE_NBR":"1064480","SYSTEM":"Off"}},{"type":"Feature","geometry":{"type":"LineString","coordinates":[[-96.7637129,32.81388637],[-96.76371002,32.81478253],[-96.76370297,32.81601541],[-96.76370315,32.81733635],[-96.76371108,32.81863679],[-96.76368878,32.81981721],[-96.76368211,32.82094838],[-96.76366004,32.82199272],[-96.76366697,32.82292751],[-96.76365981,32.82383324],[-96.7636382,32.82485423],[-96.76362395,32.82599765],[-96.7636319,32.82696408],[-96.76362519,32.82793029],[-96.76364671,32.82890645],[-96.763625,32.82989453]]},"properties":{"AADT_CUR":292,"RTE_NM":"1059424","RTE_PRFX":"CS","RTE_NBR":"1059424","SYSTEM":"Off"}},{"type":"Feature","geometry":{"type":"LineString","coordinates":[[-96.79474806,32.8288679600167],[-96.79441671,32.8289129100167],[-96.79408414,32.8289784400167],[-96.79366812,32.8290235900167],[-96.79297776,32.8291117100167],[-96.79286619,32.8291143100167],[-96.79192086,32.8290848400167],[-96.79089439,32.8290845000167],[-96.78996297,32.8291363000167],[-96.78903023,32.8291289700167],[-96.7871522237762,32.8291221354323]]},"properties":{"AADT_CUR":292,"RTE_NM":"1117259","RTE_PRFX":"CS","RTE_NBR":"1117259","SYSTEM":"Off"}},{"type":"Feature","geometry":{"type":"LineString","coordinates":[[-96.7457820328811,32.7620480974657],[-96.74576144,32.7620300800164],[-96.7450220965369,32.7613985096655],[-96.74359584,32.7601801200164],[-96.7424376199756,32.7592187155295],[-96.7407761691501,32.7578395404535],[-96.74056255,32.7576622100164],[-96.73865456,32.7560604200163],[-96.72959626,32.7482999500163],[-96.7286758813674,32.7475129688517],[-96.7286629265891,32.7475018915645]]},"properties":{"AADT_CUR":9837,"RTE_NM":"263677","RTE_PRFX":"CS","RTE_NBR":"263677","SYSTEM":"Off"}},{"type":"Feature","geometry":{"type":"LineString","coordinates":[[-96.8202540540108,32.8038292718182],[-96.82020774,32.8038650200166],[-96.81852376,32.8052622200166],[-96.81773528,32.8059443200166]]},"properties":{"AADT_CUR":292,"RTE_NM":"1065376","RTE_PRFX":"CS","RTE_NBR":"1065376","SYSTEM":"Off"}},{"type":"Feature","geometry":{"type":"LineString","coordinates":[[-96.79844766,32.7955254600496],[-96.7976963899804,32.7948581400346],[-96.79737485,32.7946104500495],[-96.79732523,32.7945671600495],[-96.7971809699806,32.7944524700356],[-96.7969939699811,32.7943165800319],[-96.7965702231379,32.7939204363052]]},"properties":{"AADT_CUR":292,"RTE_NM":"1058479","RTE_PRFX":"CS","RTE_NBR":"1058479","SYSTEM":"Off"}},{"type":"Feature","geometry":{"type":"LineString","coordinates":[[-96.8509965712283,32.8086616465809],[-96.8510736240043,32.8086943738889]]},"properties":{"AADT_CUR":292,"RTE_NM":"1061557","RTE_PRFX":"CS","RTE_NBR":"1061557","SYSTEM":"Off"}},{"type":"Feature","geometry":{"type":"LineString","coordinates":[[-96.78484726,32.78482543],[-96.78376461,32.78507094],[-96.78264266,32.78527951],[-96.78107064,32.78562067]]},"properties":{"AADT_CUR":292,"RTE_NM":"1061669","RTE_PRFX":"CS","RTE_NBR":"1061669","SYSTEM":"Off"}},{"type":"Feature","geometry":{"type":"LineString","coordinates":[[-96.77352631,32.78197609],[-96.77450712,32.78294286],[-96.77470091,32.78314486],[-96.77486872,32.78330114],[-96.77504213,32.78346299],[-96.77520062,32.78359715],[-96.77545936,32.78380555],[-96.77616004,32.78442557],[-96.77630924,32.78453484],[-96.77662824,32.78482518],[-96.77703609,32.78523219]]},"properties":{"AADT_CUR":292,"RTE_NM":"1064472","RTE_PRFX":"CS","RTE_NBR":"1064472","SYSTEM":"Off"}},{"type":"Feature","geometry":{"type":"LineString","coordinates":[[-96.7689965,32.79000018],[-96.76593036,32.78734235],[-96.7659092554092,32.7873238903062]]},"properties":{"AADT_CUR":11611,"RTE_NM":"263591","RTE_PRFX":"CS","RTE_NBR":"263591","SYSTEM":"Off"}},{"type":"Feature","geometry":{"type":"LineString","coordinates":[[-96.818886917,32.742549455],[-96.8195357,32.74342145],[-96.82045208,32.74471767],[-96.82127172,32.74584213]]},"properties":{"AADT_CUR":292,"RTE_NM":"1064467","RTE_PRFX":"CS","RTE_NBR":"1064467","SYSTEM":"Off"}},{"type":"Feature","geometry":{"type":"LineString","coordinates":[[-96.76200388,32.7679785300164],[-96.76248061,32.7683508200164],[-96.76264574,32.7684754600164],[-96.7627237200096,32.7685232900243],[-96.7635403,32.7691958500164],[-96.76380211,32.7694098200164],[-96.76429572,32.7697933400164],[-96.7643231133218,32.7698149308557],[-96.76500233,32.7703502700164],[-96.76604693,32.7711785900164],[-96.7660668944393,32.771195199623],[-96.7670803600097,32.7720383500242],[-96.76819299,32.7729191300164]]},"properties":{"AADT_CUR":383,"RTE_NM":"1062723","RTE_PRFX":"CS","RTE_NBR":"1062723","SYSTEM":"Off"}},{"type":"Feature","geometry":{"type":"LineString","coordinates":[[-96.7559471092229,32.7694996765458],[-96.75516834,32.7701714300164]]},"properties":{"AADT_CUR":2818,"RTE_NM":"1062719","RTE_PRFX":"CS","RTE_NBR":"1062719","SYSTEM":"Off"}},{"type":"Feature","geometry":{"type":"LineString","coordinates":[[-96.85460336,32.8166781000166],[-96.8546029003892,32.8176029300852]]},"properties":{"AADT_CUR":292,"RTE_NM":"1063656","RTE_PRFX":"CS","RTE_NBR":"1063656","SYSTEM":"Off"}},{"type":"Feature","geometry":{"type":"LineString","coordinates":[[-96.8311962945543,32.8258237923831],[-96.8311841506884,32.8258135209]]},"properties":{"AADT_CUR":15648,"RTE_NM":"263025","RTE_PRFX":"CS","RTE_NBR":"263025","SYSTEM":"Off"}},{"type":"Feature","geometry":{"type":"LineString","coordinates":[[-96.73455592,32.76482619],[-96.73547223,32.76554435]]},"properties":{"AADT_CUR":292,"RTE_NM":"1058144","RTE_PRFX":"CS","RTE_NBR":"1058144","SYSTEM":"Off"}},{"type":"Feature","geometry":{"type":"LineString","coordinates":[[-96.7491750568662,32.7916210144853],[-96.74926981,32.7916781300165],[-96.7494440471549,32.791836534312],[-96.74954847,32.7918988000165],[-96.75030339,32.7925495800165],[-96.7508828,32.7930415800165],[-96.75120995,32.7933279600166],[-96.75200116,32.7940153700165],[-96.75228674,32.7942654200165],[-96.7528104,32.7946975100165],[-96.75369135,32.7954975100165],[-96.75448839,32.7961794800166],[-96.75528518,32.7968751800165],[-96.75561029,32.7971436600166],[-96.75572486,32.7972346200166],[-96.75581696,32.7973101300165],[-96.75597631,32.7974415700165],[-96.756046,32.7974975400166]]},"properties":{"AADT_CUR":292,"RTE_NM":"1060428","RTE_PRFX":"CS","RTE_NBR":"1060428","SYSTEM":"Off"}},{"type":"Feature","geometry":{"type":"LineString","coordinates":[[-96.8300711846075,32.8062680273761],[-96.8300631597638,32.8062644283779],[-96.82980496,32.8061486300166],[-96.82929987,32.8059521800166],[-96.82926008,32.8059367000166],[-96.828896,32.8058203000166],[-96.8288215505673,32.8058023392494],[-96.82817994,32.8056475500166],[-96.82736365,32.8055082400166],[-96.82677205,32.8054221700166],[-96.8266806721301,32.8054080331594],[-96.8254171697738,32.8052125526714]]},"properties":{"AADT_CUR":30489,"RTE_NM":"263283","RTE_PRFX":"CS","RTE_NBR":"263283","SYSTEM":"Off"}},{"type":"Feature","geometry":{"type":"LineString","coordinates":[[-96.7494814,32.74442846],[-96.74937464,32.74443932],[-96.74927895,32.74446684],[-96.74920023,32.74450009],[-96.74911765,32.7445223],[-96.74904185,32.74453085],[-96.74893206,32.74453068],[-96.74879735,32.74451642],[-96.74800405,32.74453547],[-96.74790372,32.74455056],[-96.74781331,32.74455754],[-96.74772136,32.74456036],[-96.74763487,32.74457426],[-96.74755436,32.74457449],[-96.74747671,32.74455279],[-96.74739572,32.74453653],[-96.74728413,32.74454457]]},"properties":{"AADT_CUR":292,"RTE_NM":"1065421","RTE_PRFX":"CS","RTE_NBR":"1065421","SYSTEM":"Off"}},{"type":"Feature","geometry":{"type":"LineString","coordinates":[[-96.77763213,32.78235802],[-96.77736393,32.78217562],[-96.77694986,32.78187985],[-96.77599831,32.78119175],[-96.77585561,32.78108256],[-96.77564469,32.78095737],[-96.77514812,32.78061222],[-96.77498243,32.78049092],[-96.77471037,32.78030985],[-96.77457866,32.78020245]]},"properties":{"AADT_CUR":292,"RTE_NM":"1058192","RTE_PRFX":"CS","RTE_NBR":"1058192","SYSTEM":"Off"}},{"type":"Feature","geometry":{"type":"LineString","coordinates":[[-96.7398854718275,32.8005721613969],[-96.739873801824,32.8005615216358]]},"properties":{"AADT_CUR":292,"RTE_NM":"1065656","RTE_PRFX":"CS","RTE_NBR":"1065656","SYSTEM":"Off"}},{"type":"Feature","geometry":{"type":"LineString","coordinates":[[-96.84406533,32.78683834],[-96.84383376,32.78682151],[-96.84327572,32.78681545],[-96.84214077,32.7868127]]},"properties":{"AADT_CUR":292,"RTE_NM":"1058341","RTE_PRFX":"CS","RTE_NBR":"1058341","SYSTEM":"Off"}},{"type":"Feature","geometry":{"type":"LineString","coordinates":[[-96.75539888,32.7351454100163],[-96.75433623,32.7351373500163],[-96.7535260376474,32.7351319100676]]},"properties":{"AADT_CUR":292,"RTE_NM":"1065722","RTE_PRFX":"CS","RTE_NBR":"1065722","SYSTEM":"Off"}},{"type":"Feature","geometry":{"type":"LineString","coordinates":[[-96.809003909813,32.7698483204158],[-96.80971211,32.77026789],[-96.81022454,32.77057502],[-96.81067926,32.77101301],[-96.8109953911887,32.7714605813958]]},"properties":{"AADT_CUR":125909,"RTE_NM":"IH0035E-LG","RTE_PRFX":"IH","RTE_NBR":"35","SYSTEM":"On"}},{"type":"Feature","geometry":{"type":"LineString","coordinates":[[-96.8099231482709,32.794308871109],[-96.80927465,32.7948513100166],[-96.8085536387438,32.7954072720907],[-96.80799663,32.7958646700166],[-96.80743627,32.7963614900165],[-96.8064206758171,32.7972022065817]]},"properties":{"AADT_CUR":292,"RTE_NM":"1063938","RTE_PRFX":"CS","RTE_NBR":"1063938","SYSTEM":"Off"}},{"type":"Feature","geometry":{"type":"LineString","coordinates":[[-96.80171428,32.787387440033],[-96.80238308,32.786834390033],[-96.8024078653509,32.7868135904621],[-96.80254103,32.786701840033],[-96.80265919,32.786607220033],[-96.80300816,32.786313710033],[-96.8040164922803,32.7854994662909],[-96.80406463,32.785420470033]]},"properties":{"AADT_CUR":292,"RTE_NM":"1062957","RTE_PRFX":"CS","RTE_NBR":"1062957","SYSTEM":"Off"}},{"type":"Feature","geometry":{"type":"LineString","coordinates":[[-96.773399071751,32.7857355956406],[-96.77409751,32.78589334],[-96.774279,32.78588688],[-96.77451564,32.78578334],[-96.77493142,32.78566675],[-96.77609455,32.7854285],[-96.7789111,32.78485253],[-96.78061898,32.78451175],[-96.78218341,32.78420022],[-96.78339553,32.78396751],[-96.78635505,32.78335475]]},"properties":{"AADT_CUR":3932,"RTE_NM":"263450","RTE_PRFX":"CS","RTE_NBR":"263450","SYSTEM":"Off"}},{"type":"Feature","geometry":{"type":"LineString","coordinates":[[-96.78314735,32.7772516300165],[-96.783100637,32.7773304640164],[-96.7830779887946,32.7773626583617],[-96.783054926,32.7773954420164],[-96.783005964,32.7774548500165],[-96.782878681,32.7775626170164],[-96.782674954,32.7777448030165],[-96.782525891,32.7779058390165],[-96.782434057,32.7780108990165],[-96.782349709,32.7781254050165],[-96.782287483,32.7782220610165],[-96.782222313,32.7783446230165],[-96.782158955,32.7784933100165],[-96.78211878,32.7786343600164],[-96.7821122063861,32.7786703889641],[-96.7821020802512,32.7787258886656],[-96.7820903635436,32.7787901059518],[-96.7820879635756,32.7788032597583],[-96.78208643,32.7788116650164],[-96.7820863096999,32.7788175906501],[-96.7820858455276,32.7788404544293],[-96.782084306081,32.778916283011],[-96.7820832259542,32.7789694867827],[-96.7820828521836,32.7789878975753],[-96.782082251,32.7790175100165],[-96.7820904811073,32.779104848381],[-96.782104828,32.7792570980165],[-96.782143901,32.7794183740165],[-96.782210283,32.7795888510165],[-96.782305638,32.7797727240165],[-96.78242692,32.7799603490165],[-96.78258321,32.7801538200165],[-96.782740272,32.7803273800165],[-96.782929799,32.7805036830165],[-96.7829408010252,32.7805127683698]]},"properties":{"AADT_CUR":15610,"RTE_NM":"1599255552","RTE_PRFX":"IH","RTE_NBR":"30","SYSTEM":"On"}},{"type":"Feature","geometry":{"type":"LineString","coordinates":[[-96.75804839,32.8220022500167],[-96.7580581200001,32.8230814100334],[-96.7580619299996,32.8244216500334],[-96.75803768,32.8255731800334],[-96.7580377,32.8261106300167],[-96.7580776799998,32.8266032800334],[-96.75806989,32.8272492100167],[-96.7580873600004,32.8278927400334],[-96.75809204,32.8280687500167],[-96.75805698,32.8292737400167],[-96.75804381,32.8301931300167],[-96.75802322,32.8309928200167],[-96.75802394,32.8317845700167],[-96.75801774,32.8319343200167],[-96.75800666,32.8322915400167],[-96.75802805,32.8324045600167],[-96.75806886,32.8325233400167],[-96.75816725,32.8328188700167],[-96.75820815,32.8329747700167],[-96.75821834,32.8331192300167],[-96.7582552,32.8332324700167],[-96.75827504,32.8333413300167],[-96.75827422,32.8339213800167],[-96.7582747760948,32.8339630815204],[-96.75827521,32.8339956200167],[-96.7582496,32.8347608900167],[-96.75827239,32.8348024500167],[-96.75826722,32.8354387900167],[-96.7582618700001,32.8356696400334],[-96.75826791,32.8364394700167],[-96.7582675056168,32.8364939404377],[-96.7582683,32.8365439500167],[-96.7582318499999,32.8374465000336],[-96.7582267099994,32.8383302700334],[-96.75820484,32.8389045200167],[-96.7581953199998,32.8391820600335],[-96.7581866499982,32.8400795200336],[-96.75812988,32.8406065500168],[-96.75809289,32.8409565300168],[-96.75809287,32.8410816200167],[-96.75811969,32.8411672100168],[-96.75849071,32.8418005700168]]},"properties":{"AADT_CUR":292,"RTE_NM":"1063207","RTE_PRFX":"CS","RTE_NBR":"1063207","SYSTEM":"Off"}},{"type":"Feature","geometry":{"type":"LineString","coordinates":[[-96.7615349179196,32.8181871545356],[-96.76122202,32.8181827800167],[-96.76057993,32.8181779300166],[-96.75868614,32.8181665600166],[-96.75596464,32.8181531800167],[-96.75341174,32.8181338500166],[-96.7529077,32.8181446400167],[-96.7528122,32.8181584200167],[-96.75257385,32.8182348000167],[-96.75209802,32.8184246700166]]},"properties":{"AADT_CUR":778,"RTE_NM":"1060932","RTE_PRFX":"CS","RTE_NBR":"1060932","SYSTEM":"Off"}},{"type":"Feature","geometry":{"type":"LineString","coordinates":[[-96.74060502,32.79041415],[-96.74061026,32.79051868],[-96.74061006,32.79085682]]},"properties":{"AADT_CUR":292,"RTE_NM":"1063434","RTE_PRFX":"CS","RTE_NBR":"1063434","SYSTEM":"Off"}},{"type":"Feature","geometry":{"type":"LineString","coordinates":[[-96.84829503,32.80189351],[-96.84827226,32.80455844]]},"properties":{"AADT_CUR":292,"RTE_NM":"1057815","RTE_PRFX":"CS","RTE_NBR":"1057815","SYSTEM":"Off"}},{"type":"Feature","geometry":{"type":"LineString","coordinates":[[-96.79064674,32.76265887],[-96.79058178,32.76269509],[-96.78996272,32.76320478],[-96.78982125,32.76332792],[-96.78912624,32.76389429]]},"properties":{"AADT_CUR":292,"RTE_NM":"1062861","RTE_PRFX":"CS","RTE_NBR":"1062861","SYSTEM":"Off"}},{"type":"Feature","geometry":{"type":"LineString","coordinates":[[-96.85151327,32.77624066],[-96.85078425,32.77624611],[-96.84999337,32.77625348],[-96.84918298,32.77625922],[-96.84789962,32.77624908]]},"properties":{"AADT_CUR":292,"RTE_NM":"1060030","RTE_PRFX":"CS","RTE_NBR":"1060030","SYSTEM":"Off"}},{"type":"Feature","geometry":{"type":"LineString","coordinates":[[-96.8021893623799,32.7434828641572],[-96.80219148,32.7434930400163],[-96.8022008906417,32.7435100893594]]},"properties":{"AADT_CUR":292,"RTE_NM":"1060824","RTE_PRFX":"CS","RTE_NBR":"1060824","SYSTEM":"Off"}},{"type":"Feature","geometry":{"type":"LineString","coordinates":[[-96.8025023,32.8206789600167],[-96.8023800623715,32.8206796832597]]},"properties":{"AADT_CUR":292,"RTE_NM":"1117261","RTE_PRFX":"CS","RTE_NBR":"1117261","SYSTEM":"Off"}},{"type":"Feature","geometry":{"type":"LineString","coordinates":[[-96.81502298584,32.7623818679205],[-96.8153477500983,32.7621786701204],[-96.81570472,32.7619553200164],[-96.81590264,32.7618228000164],[-96.81627625,32.7616151000164],[-96.81673922,32.7613155300164],[-96.81743447,32.7608422800164],[-96.81812851,32.7604048700164],[-96.818284008246,32.7602835938497],[-96.81878256,32.7598947600164],[-96.81968344,32.7591993600164],[-96.82040049,32.7585773700163],[-96.82170857,32.7574792300164],[-96.8217449642508,32.7574458238313],[-96.82248257,32.7567687700164],[-96.82267244,32.7565940600164],[-96.8229485230663,32.7562509048752]]},"properties":{"AADT_CUR":6482,"RTE_NM":"263847","RTE_PRFX":"CS","RTE_NBR":"263847","SYSTEM":"Off"}},{"type":"Feature","geometry":{"type":"LineString","coordinates":[[-96.78817672,32.8035289],[-96.78787672,32.80381418],[-96.78754679,32.80408786],[-96.78730492,32.80428304],[-96.78699331,32.80444543],[-96.78665126,32.80451227],[-96.78633873,32.80451098],[-96.78608241,32.80447069],[-96.78582796,32.80437603],[-96.78559858,32.80425477],[-96.77819134,32.79789716],[-96.7751997259732,32.7953060986511]]},"properties":{"AADT_CUR":10686,"RTE_NM":"263590","RTE_PRFX":"CS","RTE_NBR":"263590","SYSTEM":"Off"}},{"type":"Feature","geometry":{"type":"LineString","coordinates":[[-96.8361317,32.72890961],[-96.83565662,32.72892249],[-96.83542735,32.7289208],[-96.83483482,32.72899533],[-96.83445828,32.7290865],[-96.83424404,32.72915099],[-96.8335951,32.72937185],[-96.83280411,32.72966638],[-96.83191278,32.7299788],[-96.83170471,32.73001726],[-96.83153784,32.73002738],[-96.83136389,32.73002367],[-96.83116019,32.73000306],[-96.82983687,32.72972138]]},"properties":{"AADT_CUR":292,"RTE_NM":"1066376","RTE_PRFX":"CS","RTE_NBR":"1066376","SYSTEM":"Off"}},{"type":"Feature","geometry":{"type":"LineString","coordinates":[[-96.73975584,32.81714001],[-96.7396478,32.8171701],[-96.73954215,32.81720297],[-96.73940079,32.8172312],[-96.73917379,32.81722662],[-96.73889291,32.81723089],[-96.7383116,32.81723915],[-96.73803593,32.817227],[-96.73788964,32.8172153],[-96.73741638,32.81719347],[-96.73718303,32.81714069],[-96.73644719,32.8170203],[-96.73609379,32.81694656],[-96.73558181,32.81678397],[-96.73530907,32.81654231],[-96.73525291,32.81650165],[-96.73512509,32.81642148],[-96.73497262,32.81635335],[-96.73478893,32.81629988],[-96.73453322,32.816266],[-96.73416383,32.81625939],[-96.73393162,32.81623135],[-96.73363599,32.81615843],[-96.73339462,32.81601754],[-96.73308809,32.81579739]]},"properties":{"AADT_CUR":292,"RTE_NM":"1066156","RTE_PRFX":"CS","RTE_NBR":"1066156","SYSTEM":"Off"}},{"type":"Feature","geometry":{"type":"LineString","coordinates":[[-96.8405466198044,32.7371087728692],[-96.8405396343873,32.7371518974957]]},"properties":{"AADT_CUR":292,"RTE_NM":"1064482","RTE_PRFX":"CS","RTE_NBR":"1064482","SYSTEM":"Off"}},{"type":"Feature","geometry":{"type":"LineString","coordinates":[[-96.77017032,32.7622162],[-96.7692516,32.76144328],[-96.76862599,32.76090674],[-96.76827822,32.76059537]]},"properties":{"AADT_CUR":12915,"RTE_NM":"1060217","RTE_PRFX":"CS","RTE_NBR":"1060217","SYSTEM":"Off"}},{"type":"Feature","geometry":{"type":"LineString","coordinates":[[-96.73806652,32.77699218],[-96.73789995,32.77696199],[-96.73756344,32.77687231],[-96.73727302,32.77675987],[-96.73708623,32.7766787],[-96.73669327,32.77642263],[-96.73652221,32.77629643],[-96.73640295,32.77614521],[-96.73634137,32.7760008]]},"properties":{"AADT_CUR":292,"RTE_NM":"1065749","RTE_PRFX":"CS","RTE_NBR":"1065749","SYSTEM":"Off"}},{"type":"Feature","geometry":{"type":"LineString","coordinates":[[-96.74551299,32.80679671],[-96.74375234,32.80529284],[-96.74286599,32.80452738],[-96.74231229,32.8040409],[-96.74182777,32.8036052],[-96.74154895,32.80338407],[-96.74126687,32.80324538],[-96.7408896,32.80314658],[-96.740565,32.80305952],[-96.73959879,32.80278467],[-96.73938518,32.80272254],[-96.73925368,32.80270556],[-96.73903887,32.80258018],[-96.7386947,32.80229078],[-96.73833985,32.80199959],[-96.73819265,32.8018962],[-96.73807875,32.80183813],[-96.73779672,32.80174322],[-96.73669394,32.80139024]]},"properties":{"AADT_CUR":292,"RTE_NM":"1059290","RTE_PRFX":"CS","RTE_NBR":"1059290","SYSTEM":"Off"}},{"type":"Feature","geometry":{"type":"LineString","coordinates":[[-96.83705495,32.8184086],[-96.83543707,32.81705367]]},"properties":{"AADT_CUR":292,"RTE_NM":"1061029","RTE_PRFX":"CS","RTE_NBR":"1061029","SYSTEM":"Off"}},{"type":"Feature","geometry":{"type":"LineString","coordinates":[[-96.74594269,32.76794266],[-96.74551594,32.76763836]]},"properties":{"AADT_CUR":292,"RTE_NM":"1058119","RTE_PRFX":"CS","RTE_NBR":"1058119","SYSTEM":"Off"}},{"type":"Feature","geometry":{"type":"LineString","coordinates":[[-96.82772686,32.778502347],[-96.8277240396056,32.7785891623005]]},"properties":{"AADT_CUR":4723,"RTE_NM":"1061075","RTE_PRFX":"CS","RTE_NBR":"1061075","SYSTEM":"Off"}},{"type":"Feature","geometry":{"type":"LineString","coordinates":[[-96.75573942,32.7706674100164],[-96.75465932,32.7716488100164],[-96.75351134999,32.7726883500257],[-96.75233475,32.7737755800164],[-96.7514461199903,32.7746153200255],[-96.75090495,32.7751190400164],[-96.750621089991,32.7753638300248],[-96.74907326,32.7767966000165],[-96.74869307,32.7771332400165],[-96.74835008,32.7774459400164],[-96.74800605,32.7777709700165],[-96.74794969,32.7778180400164]]},"properties":{"AADT_CUR":292,"RTE_NM":"1061114","RTE_PRFX":"CS","RTE_NBR":"1061114","SYSTEM":"Off"}},{"type":"Feature","geometry":{"type":"LineString","coordinates":[[-96.8356886183098,32.7674560076951],[-96.8356876046686,32.7674415176639]]},"properties":{"AADT_CUR":16921,"RTE_NM":"263726","RTE_PRFX":"CS","RTE_NBR":"263726","SYSTEM":"Off"}},{"type":"Feature","geometry":{"type":"LineString","coordinates":[[-96.8085153846754,32.7810400012079],[-96.8076514628681,32.7812333134965],[-96.8067075085214,32.7814445265148],[-96.80606279,32.7815887800165],[-96.80560522,32.7817273100165],[-96.80534107,32.7818391300165],[-96.80525505,32.7819008100165]]},"properties":{"AADT_CUR":292,"RTE_NM":"1064259","RTE_PRFX":"CS","RTE_NBR":"1064259","SYSTEM":"Off"}},{"type":"Feature","geometry":{"type":"LineString","coordinates":[[-96.8269378270334,32.7344388873866],[-96.82693786,32.7344396900163],[-96.8269373705867,32.7344826180884]]},"properties":{"AADT_CUR":292,"RTE_NM":"1260661","RTE_PRFX":"CS","RTE_NBR":"1260661","SYSTEM":"Off"}},{"type":"Feature","geometry":{"type":"LineString","coordinates":[[-96.7994721740406,32.7354723895634],[-96.79850416,32.7353988300163],[-96.79818215,32.7353276700163],[-96.79755758,32.7350724400163],[-96.79741197,32.7350425100163],[-96.79720792,32.7350797000162],[-96.79701434,32.7351751600162],[-96.79700218,32.7351903200163],[-96.79693324,32.7352513800163],[-96.79687663,32.7353193300163],[-96.79680492,32.7354118200162],[-96.79655809,32.7357740600163],[-96.79650811,32.7358366200162],[-96.7964849,32.7358596700163],[-96.7964378,32.7358988800163],[-96.79641133,32.7359218800162],[-96.79637592,32.7359447700163],[-96.79613533,32.7360665600163],[-96.7957528710817,32.7362740894293]]},"properties":{"AADT_CUR":292,"RTE_NM":"1061296","RTE_PRFX":"CS","RTE_NBR":"1061296","SYSTEM":"Off"}},{"type":"Feature","geometry":{"type":"LineString","coordinates":[[-96.78805377,32.76690766],[-96.78717574,32.76764057],[-96.78689867,32.76786122]]},"properties":{"AADT_CUR":292,"RTE_NM":"1064609","RTE_PRFX":"CS","RTE_NBR":"1064609","SYSTEM":"Off"}},{"type":"Feature","geometry":{"type":"LineString","coordinates":[[-96.8587487516916,32.7495222771388],[-96.85875215,32.7508112700163],[-96.85876501,32.7509516500163],[-96.8587727,32.7515909100163],[-96.85878264,32.7516254000163],[-96.85880488,32.7516545600164],[-96.85885928,32.7517034000163]]},"properties":{"AADT_CUR":13752,"RTE_NM":"1063022","RTE_PRFX":"CS","RTE_NBR":"1063022","SYSTEM":"Off"}},{"type":"Feature","geometry":{"type":"LineString","coordinates":[[-96.79770728,32.74259247],[-96.79777929,32.74299345],[-96.79805131,32.74424527]]},"properties":{"AADT_CUR":292,"RTE_NM":"1061186","RTE_PRFX":"CS","RTE_NBR":"1061186","SYSTEM":"Off"}},{"type":"Feature","geometry":{"type":"LineString","coordinates":[[-96.81111683,32.794987510033],[-96.8108376112715,32.7951410244264]]},"properties":{"AADT_CUR":292,"RTE_NM":"1058084","RTE_PRFX":"CS","RTE_NBR":"1058084","SYSTEM":"Off"}},{"type":"Feature","geometry":{"type":"LineString","coordinates":[[-96.7500241836456,32.7584804633025],[-96.74994815,32.7584156800164],[-96.74810397,32.7568625700164],[-96.74780961,32.7566110000164],[-96.74710074,32.7560154400164],[-96.74674231,32.7557134800163],[-96.74631091,32.7553596300164],[-96.74621737,32.7553596900164],[-96.74614362,32.7553875200164]]},"properties":{"AADT_CUR":292,"RTE_NM":"1058962","RTE_PRFX":"CS","RTE_NBR":"1058962","SYSTEM":"Off"}},{"type":"Feature","geometry":{"type":"LineString","coordinates":[[-96.78055799,32.7844905700165],[-96.7805765499874,32.7845202165442],[-96.78061876,32.7845876400165],[-96.78065882,32.7846610400165],[-96.7808202097088,32.7851980120308]]},"properties":{"AADT_CUR":292,"RTE_NM":"1063103","RTE_PRFX":"CS","RTE_NBR":"1063103","SYSTEM":"Off"}},{"type":"Feature","geometry":{"type":"LineString","coordinates":[[-96.83079071,32.73564336],[-96.8302741,32.73561306],[-96.82959964,32.73558887],[-96.82905428,32.73557467]]},"properties":{"AADT_CUR":292,"RTE_NM":"1065885","RTE_PRFX":"CS","RTE_NBR":"1065885","SYSTEM":"Off"}},{"type":"Feature","geometry":{"type":"LineString","coordinates":[[-96.76598163,32.75815788],[-96.76662735,32.75870435],[-96.76687373,32.75891672],[-96.76727585,32.75923433]]},"properties":{"AADT_CUR":292,"RTE_NM":"1063323","RTE_PRFX":"CS","RTE_NBR":"1063323","SYSTEM":"Off"}},{"type":"Feature","geometry":{"type":"LineString","coordinates":[[-96.76986697,32.7609199],[-96.7688871,32.76007189]]},"properties":{"AADT_CUR":292,"RTE_NM":"1063442","RTE_PRFX":"CS","RTE_NBR":"1063442","SYSTEM":"Off"}},{"type":"Feature","geometry":{"type":"LineString","coordinates":[[-96.80770794,32.81761841],[-96.80748163,32.81770273],[-96.80728782,32.81776988],[-96.80707459,32.81778265],[-96.80692577,32.81777902],[-96.80670283,32.81776461],[-96.80640732,32.81769451],[-96.80590104,32.81756537],[-96.80565807,32.81751453],[-96.80541418,32.81749061],[-96.80514933,32.8174572],[-96.80485198,32.81744096],[-96.8024126326584,32.8173977922597]]},"properties":{"AADT_CUR":9632,"RTE_NM":"262937","RTE_PRFX":"CS","RTE_NBR":"262937","SYSTEM":"Off"}},{"type":"Feature","geometry":{"type":"LineString","coordinates":[[-96.8057924007762,32.8025796720254],[-96.8057755516416,32.8025826320778]]},"properties":{"AADT_CUR":292,"RTE_NM":"1063490","RTE_PRFX":"CS","RTE_NBR":"1063490","SYSTEM":"Off"}},{"type":"Feature","geometry":{"type":"LineString","coordinates":[[-96.78979333,32.79398822],[-96.78911913,32.79456038],[-96.78861294,32.7949864]]},"properties":{"AADT_CUR":700,"RTE_NM":"1065699","RTE_PRFX":"CS","RTE_NBR":"1065699","SYSTEM":"Off"}},{"type":"Feature","geometry":{"type":"LineString","coordinates":[[-96.79219152,32.79664639],[-96.79215469,32.79672737],[-96.79209774,32.79679705],[-96.79138185,32.79735983]]},"properties":{"AADT_CUR":292,"RTE_NM":"1061627","RTE_PRFX":"CS","RTE_NBR":"1061627","SYSTEM":"Off"}},{"type":"Feature","geometry":{"type":"LineString","coordinates":[[-96.7809706330066,32.7803167540787],[-96.7809613451279,32.7803018038732],[-96.78092718,32.780246810033],[-96.7807644148486,32.7801340218748],[-96.7807442690486,32.7801200618032],[-96.78070829,32.780095130033],[-96.7804257407145,32.779875374754],[-96.7803507063747,32.7798170158319],[-96.7803338110443,32.7798038752551],[-96.780328178834,32.779799420415]]},"properties":{"AADT_CUR":6389,"RTE_NM":"263560","RTE_PRFX":"CS","RTE_NBR":"263560","SYSTEM":"Off"}},{"type":"Feature","geometry":{"type":"LineString","coordinates":[[-96.8376117138441,32.7414238504727],[-96.8376122843209,32.7412642290304]]},"properties":{"AADT_CUR":7646,"RTE_NM":"269965","RTE_PRFX":"CS","RTE_NBR":"269965","SYSTEM":"Off"}},{"type":"Feature","geometry":{"type":"LineString","coordinates":[[-96.820615,32.7022738400161],[-96.82061039,32.7024318500161],[-96.82061975,32.7030106600161],[-96.82060482,32.7039300300161],[-96.82060474,32.7046214200161],[-96.82060524,32.7058846500161],[-96.8206073608563,32.7059342946093],[-96.82060806,32.7059506600161],[-96.82061198,32.7060015700161],[-96.82061215,32.7065513900161],[-96.82061224,32.7075355700161],[-96.82059607,32.7090349900161],[-96.8205972099999,32.7095765800322],[-96.82058924,32.7109441400162],[-96.8205862399997,32.7113605900322],[-96.8205679,32.7123307800162],[-96.8205771344357,32.7131720820484],[-96.82057715,32.7131735000161],[-96.8205437499998,32.7150259400485],[-96.8205303399997,32.7168099200323],[-96.82052125,32.7173761100162],[-96.82053401,32.7179054900162],[-96.82050881,32.7187642400162],[-96.82052099,32.7191520300162],[-96.82049087,32.7202718700162],[-96.8204844970808,32.7203503841026],[-96.8204824,32.7203762200162],[-96.82045993,32.7214783100162],[-96.82046385,32.7228185400162],[-96.8204551299995,32.7238809500324],[-96.82041871,32.7251189300162],[-96.82042313,32.7263464600162],[-96.8203993,32.7267035200162],[-96.82038331,32.7273768300162],[-96.82038273,32.7276654700162],[-96.82038389,32.7278194400162],[-96.82040376,32.7281015000162],[-96.82038212,32.7282139100162],[-96.8203198,32.7283271600162],[-96.82014968,32.7285516600162],[-96.82012366,32.7286805200162],[-96.8201323,32.7287823500162],[-96.82015114,32.7288183400162],[-96.82020318,32.7288616600162],[-96.82028373,32.7289012400162],[-96.82046626,32.7289669300162],[-96.8205951899968,32.728985160032],[-96.82056738,32.7291236200162],[-96.82056875,32.7292226100162],[-96.82059068,32.7293094900162],[-96.82058082,32.7294440700162],[-96.82052627,32.7295766600162],[-96.82045866,32.7298410400162],[-96.82043433,32.7300963800162],[-96.82044239,32.7302710600162],[-96.82053172,32.7306640100162],[-96.82058599,32.7308475500162]]},"properties":{"AADT_CUR":255,"RTE_NM":"1063934","RTE_PRFX":"CS","RTE_NBR":"1063934","SYSTEM":"Off"}},{"type":"Feature","geometry":{"type":"LineString","coordinates":[[-96.8560304131267,32.8271963584923],[-96.8561262332817,32.8271347289577]]},"properties":{"AADT_CUR":292,"RTE_NM":"1064743","RTE_PRFX":"CS","RTE_NBR":"1064743","SYSTEM":"Off"}},{"type":"Feature","geometry":{"type":"LineString","coordinates":[[-96.81922233,32.83045986],[-96.8191737,32.83044704],[-96.81911119,32.83043795],[-96.81891811,32.83044634],[-96.81870313,32.8304503],[-96.8184923,32.83045021],[-96.81818388,32.83044466],[-96.81775119,32.83042507],[-96.81735909,32.83041151],[-96.816776,32.83038164],[-96.81636873,32.83035139],[-96.8161981,32.83033533],[-96.81607623,32.83032269],[-96.81599105,32.83030779]]},"properties":{"AADT_CUR":292,"RTE_NM":"1117293","RTE_PRFX":"CS","RTE_NBR":"1117293","SYSTEM":"Off"}},{"type":"Feature","geometry":{"type":"LineString","coordinates":[[-96.7432057948163,32.759856358363],[-96.7413781,32.7615084700164],[-96.73974672,32.7630097700164],[-96.73915216,32.7635401800164],[-96.73912725,32.7635659400164],[-96.73907298,32.7636366500164],[-96.73903689,32.7637337300164],[-96.73903026,32.7638216200164],[-96.73906731,32.7639224800164]]},"properties":{"AADT_CUR":292,"RTE_NM":"1058996","RTE_PRFX":"CS","RTE_NBR":"1058996","SYSTEM":"Off"}},{"type":"Feature","geometry":{"type":"LineString","coordinates":[[-96.82709525,32.81382158],[-96.82638462,32.81322372],[-96.82592895,32.81282997],[-96.8247681,32.81185354],[-96.8239836,32.81120381],[-96.82346424,32.81077894]]},"properties":{"AADT_CUR":292,"RTE_NM":"1061935","RTE_PRFX":"CS","RTE_NBR":"1061935","SYSTEM":"Off"}},{"type":"Feature","geometry":{"type":"LineString","coordinates":[[-96.858021872,32.747906523],[-96.8579967791625,32.7480205007485]]},"properties":{"AADT_CUR":292,"RTE_NM":"1063450","RTE_PRFX":"CS","RTE_NBR":"1063450","SYSTEM":"Off"}},{"type":"Feature","geometry":{"type":"LineString","coordinates":[[-96.83959,32.7630307600164],[-96.8395764,32.7632367500164],[-96.83949176,32.7636741000164],[-96.83947215,32.7637219600164],[-96.83938791,32.7637895500164],[-96.83933284,32.7638204400164],[-96.83924716,32.7638344100164],[-96.83871669,32.7638410600164],[-96.83834078,32.7638470400164],[-96.83756159,32.7638434900164],[-96.83696462,32.7638396300164],[-96.83647341,32.7638344400164],[-96.83580266,32.7638172100164],[-96.8357673030279,32.7638172942206]]},"properties":{"AADT_CUR":292,"RTE_NM":"1060393","RTE_PRFX":"CS","RTE_NBR":"1060393","SYSTEM":"Off"}},{"type":"Feature","geometry":{"type":"LineString","coordinates":[[-96.8476866919685,32.7591340097026],[-96.84766321,32.7591339400164],[-96.8476036467454,32.7591182234932]]},"properties":{"AADT_CUR":4299,"RTE_NM":"263076","RTE_PRFX":"CS","RTE_NBR":"263076","SYSTEM":"Off"}},{"type":"Feature","geometry":{"type":"LineString","coordinates":[[-96.7833792,32.7656281000164],[-96.78308105,32.7660294800164],[-96.78280707,32.7663995800164],[-96.78273779,32.7664907200164],[-96.78268222,32.7665463100164],[-96.7826573139006,32.7665583155793]]},"properties":{"AADT_CUR":292,"RTE_NM":"1064581","RTE_PRFX":"CS","RTE_NBR":"1064581","SYSTEM":"Off"}},{"type":"Feature","geometry":{"type":"LineString","coordinates":[[-96.82280408,32.72637586],[-96.82160509,32.72635967],[-96.82042313,32.72634646],[-96.8199052,32.72634633],[-96.81938163,32.72634337],[-96.81515873,32.72628895],[-96.81315808,32.72627142],[-96.81082822,32.7262494],[-96.80962363,32.72622889]]},"properties":{"AADT_CUR":292,"RTE_NM":"1061545","RTE_PRFX":"CS","RTE_NBR":"1061545","SYSTEM":"Off"}},{"type":"Feature","geometry":{"type":"LineString","coordinates":[[-96.79427222,32.76548937],[-96.79322306,32.76471898],[-96.79310628,32.76465827],[-96.79225787,32.76398134]]},"properties":{"AADT_CUR":292,"RTE_NM":"1064355","RTE_PRFX":"CS","RTE_NBR":"1064355","SYSTEM":"Off"}},{"type":"Feature","geometry":{"type":"LineString","coordinates":[[-96.7714582928523,32.7611170491318],[-96.77145013,32.7611239200164],[-96.7714315806072,32.7611351465751]]},"properties":{"AADT_CUR":292,"RTE_NM":"1065946","RTE_PRFX":"CS","RTE_NBR":"1065946","SYSTEM":"Off"}},{"type":"Feature","geometry":{"type":"LineString","coordinates":[[-96.75155159,32.7617880400164],[-96.75218213,32.7623591100164],[-96.75232999,32.7624505200164],[-96.7524380200101,32.7625001600237],[-96.75254228,32.7625758500164],[-96.75312872,32.7630322000164],[-96.75326916,32.7631290100164],[-96.7534067,32.7632491700164],[-96.75351038,32.7633537100164],[-96.75362934,32.7634681000164],[-96.75391375,32.7637305000164],[-96.75399422,32.7638168500164],[-96.75402322,32.7638722500164],[-96.75402314,32.7639176100164]]},"properties":{"AADT_CUR":292,"RTE_NM":"1060268","RTE_PRFX":"CS","RTE_NBR":"1060268","SYSTEM":"Off"}},{"type":"Feature","geometry":{"type":"LineString","coordinates":[[-96.812216444,32.775676798],[-96.812225124,32.775390153],[-96.812204235,32.774947747],[-96.812185889,32.774233274],[-96.812158287,32.77318347],[-96.812125357,32.77280361],[-96.812102858,32.77267288],[-96.812074993,32.77254666],[-96.811981116,32.7721689],[-96.811836276,32.771881351],[-96.811726306,32.771704311],[-96.811581466,32.771514865],[-96.811297151,32.771126953],[-96.811106714,32.770889017],[-96.810910913,32.770696187],[-96.810642423,32.770465441]]},"properties":{"AADT_CUR":9600,"RTE_NM":"1599253410","RTE_PRFX":"IH","RTE_NBR":"30","SYSTEM":"On"}},{"type":"Feature","geometry":{"type":"LineString","coordinates":[[-96.7927903725238,32.8040129498312],[-96.79255244,32.8040372100166],[-96.79205458,32.8043549600166],[-96.79107308,32.8051533900166],[-96.79064947,32.8056188000166],[-96.7906375289959,32.8056298053574],[-96.79055835,32.8057027800166],[-96.79038793,32.8058461400166],[-96.79019833,32.8060139700166],[-96.79008187,32.8061031000166],[-96.78995242,32.8061831300166],[-96.7891922908114,32.8055614534549]]},"properties":{"AADT_CUR":292,"RTE_NM":"1066012","RTE_PRFX":"CS","RTE_NBR":"1066012","SYSTEM":"Off"}},{"type":"Feature","geometry":{"type":"LineString","coordinates":[[-96.8016053198328,32.7821507868795],[-96.80052482,32.7829217900165],[-96.8002519246179,32.7829588471349]]},"properties":{"AADT_CUR":292,"RTE_NM":"1060473","RTE_PRFX":"CS","RTE_NBR":"1060473","SYSTEM":"Off"}},{"type":"Feature","geometry":{"type":"LineString","coordinates":[[-96.7727014474011,32.7973853002916],[-96.7726895729499,32.7973747241462]]},"properties":{"AADT_CUR":292,"RTE_NM":"1062876","RTE_PRFX":"CS","RTE_NBR":"1062876","SYSTEM":"Off"}},{"type":"Feature","geometry":{"type":"LineString","coordinates":[[-96.76155115,32.78286826],[-96.76110826,32.78275897],[-96.75997988,32.78246415],[-96.75935717,32.78231385]]},"properties":{"AADT_CUR":292,"RTE_NM":"1064442","RTE_PRFX":"CS","RTE_NBR":"1064442","SYSTEM":"Off"}},{"type":"Feature","geometry":{"type":"LineString","coordinates":[[-96.80089493,32.82664833],[-96.79920093,32.8266513],[-96.79836076,32.82665768],[-96.79738881,32.8266595],[-96.79690379,32.82665286],[-96.79622804,32.82661749],[-96.79590899,32.82657326],[-96.79547493,32.82649859],[-96.79513781,32.8263785],[-96.79495091,32.8263196],[-96.79470332,32.82619936],[-96.79446361,32.82605037],[-96.79410038,32.82580622],[-96.79383376,32.82561839],[-96.7935761,32.82538667],[-96.79222366,32.82439356]]},"properties":{"AADT_CUR":292,"RTE_NM":"1117272","RTE_PRFX":"CS","RTE_NBR":"1117272","SYSTEM":"Off"}},{"type":"Feature","geometry":{"type":"LineString","coordinates":[[-96.74369085,32.8137427500498],[-96.7422848,32.8135194500498],[-96.740706989989,32.8132579700478],[-96.7381771899912,32.8127781900484],[-96.73636008,32.8124775300498],[-96.7354320499914,32.812324160047],[-96.7351733,32.8122393900498],[-96.73488696,32.8121501100498],[-96.73430406,32.8118724300498],[-96.7340072,32.8116991400498],[-96.7330246,32.8110171500498],[-96.7325663999909,32.8106903700429],[-96.7311124346027,32.8095915111794]]},"properties":{"AADT_CUR":292,"RTE_NM":"1058951","RTE_PRFX":"CS","RTE_NBR":"1058951","SYSTEM":"Off"}},{"type":"Feature","geometry":{"type":"LineString","coordinates":[[-96.76960367,32.77859281],[-96.76810772,32.77821862]]},"properties":{"AADT_CUR":292,"RTE_NM":"1061590","RTE_PRFX":"CS","RTE_NBR":"1061590","SYSTEM":"Off"}},{"type":"Feature","geometry":{"type":"LineString","coordinates":[[-96.83436559,32.76007709],[-96.83438366,32.7602409],[-96.83439813,32.76111668],[-96.83443009,32.7617975],[-96.83440738,32.76227142],[-96.83437883,32.76275213],[-96.83435302,32.76300056],[-96.83426291,32.76385844],[-96.8342363,32.7641921],[-96.8342017,32.76443219],[-96.83416765,32.76477261],[-96.83415611,32.76508448],[-96.83414021,32.76523822],[-96.83404723,32.76555449],[-96.83380248,32.76601847],[-96.83372685,32.76630436]]},"properties":{"AADT_CUR":292,"RTE_NM":"1060179","RTE_PRFX":"CS","RTE_NBR":"1060179","SYSTEM":"Off"}},{"type":"Feature","geometry":{"type":"LineString","coordinates":[[-96.81391885,32.74306911],[-96.81396713,32.74318249],[-96.81404077,32.74333055],[-96.81411511,32.74348276],[-96.81412921,32.74398329],[-96.81414959,32.74414952]]},"properties":{"AADT_CUR":292,"RTE_NM":"1057704","RTE_PRFX":"CS","RTE_NBR":"1057704","SYSTEM":"Off"}},{"type":"Feature","geometry":{"type":"LineString","coordinates":[[-96.78721339,32.8174079700167],[-96.7877709718802,32.8179446089073]]},"properties":{"AADT_CUR":292,"RTE_NM":"1060257","RTE_PRFX":"CS","RTE_NBR":"1060257","SYSTEM":"Off"}},{"type":"Feature","geometry":{"type":"LineString","coordinates":[[-96.79224978,32.7813659600165],[-96.79212523,32.7809034600165],[-96.7920657,32.7807824500165],[-96.7920186058641,32.7807238560039],[-96.79197749,32.7806727000164],[-96.7912536217749,32.7798391487455]]},"properties":{"AADT_CUR":4537,"RTE_NM":"263593","RTE_PRFX":"CS","RTE_NBR":"263593","SYSTEM":"Off"}},{"type":"Feature","geometry":{"type":"LineString","coordinates":[[-96.74296991,32.7778635],[-96.74307202,32.77792542],[-96.74313822,32.77799233],[-96.7431744,32.7780547],[-96.7431956,32.77813473],[-96.74319636,32.77846601],[-96.7432009,32.77872998]]},"properties":{"AADT_CUR":292,"RTE_NM":"1058521","RTE_PRFX":"CS","RTE_NBR":"1058521","SYSTEM":"Off"}},{"type":"Feature","geometry":{"type":"LineString","coordinates":[[-96.84640792,32.75606841],[-96.8463424,32.7561486],[-96.84627053,32.75621573],[-96.84617795,32.75624219],[-96.84601081,32.7562354],[-96.84590407,32.75620237],[-96.84580973,32.7561585],[-96.84569417,32.75607449],[-96.84552233,32.75595536]]},"properties":{"AADT_CUR":292,"RTE_NM":"1057988","RTE_PRFX":"CS","RTE_NBR":"1057988","SYSTEM":"Off"}},{"type":"Feature","geometry":{"type":"LineString","coordinates":[[-96.78626269,32.76555242],[-96.78747125,32.76636494],[-96.78761799,32.76647418],[-96.78805377,32.76690766],[-96.78814518,32.76697627],[-96.78850979,32.76730431],[-96.78882213,32.76760139],[-96.78958729,32.76833493],[-96.78986689,32.76859995],[-96.79030718,32.76901149],[-96.79054716,32.76922235],[-96.79085933,32.76952904],[-96.79125488,32.76989874],[-96.7914841,32.77011906],[-96.79232194,32.77092507]]},"properties":{"AADT_CUR":292,"RTE_NM":"1060946","RTE_PRFX":"CS","RTE_NBR":"1060946","SYSTEM":"Off"}},{"type":"Feature","geometry":{"type":"LineString","coordinates":[[-96.75600278,32.737892],[-96.75586594,32.73769627],[-96.75577469,32.73753966],[-96.75571124,32.73741643],[-96.75565219,32.73735925],[-96.7555881,32.73735147],[-96.75487706,32.73736762],[-96.75428826,32.73737034]]},"properties":{"AADT_CUR":292,"RTE_NM":"1061692","RTE_PRFX":"CS","RTE_NBR":"1061692","SYSTEM":"Off"}},{"type":"Feature","geometry":{"type":"LineString","coordinates":[[-96.829700927916,32.7106955344739],[-96.829713625,32.710829805],[-96.829751452,32.711166401],[-96.829766353,32.711559899],[-96.829761768,32.711803905],[-96.82972738,32.712201257],[-96.829667775,32.712575462],[-96.82956576,32.712946771],[-96.829412104,32.713452398],[-96.829076611,32.714446208],[-96.828943647,32.714859944],[-96.828724782,32.715602051],[-96.828551699,32.716242415],[-96.828391225,32.716800803],[-96.828222727,32.717399691],[-96.828007233,32.718168305],[-96.827826126,32.718818297],[-96.827651896,32.71945671],[-96.827462766,32.720141408],[-96.827302292,32.720723879],[-96.827099407,32.721399889],[-96.826948102,32.721886883],[-96.826856402,32.722209936],[-96.826705098,32.72273357],[-96.826497628,32.723458744],[-96.826295889,32.72413859],[-96.826127391,32.724713321],[-96.825941699,32.725322763],[-96.825806442,32.725791414],[-96.825643675,32.726368063],[-96.825556561,32.726703636],[-96.825444228,32.7271366],[-96.825359406,32.727536777],[-96.825273438,32.727951417],[-96.825159959,32.728558908],[-96.825037311,32.729149039],[-96.824903201,32.729835591],[-96.8248628859899,32.7300227965304]]},"properties":{"AADT_CUR":200996,"RTE_NM":"IH0035E-RG","RTE_PRFX":"IH","RTE_NBR":"35","SYSTEM":"On"}},{"type":"Feature","geometry":{"type":"LineString","coordinates":[[-96.83238619,32.7755553800164],[-96.8323609199978,32.776250550033],[-96.8322546,32.7770601100165],[-96.83217882,32.7775855400165],[-96.83202836,32.7785786800165],[-96.8320663,32.7795468700165],[-96.83205963,32.7796416200165],[-96.8320560499998,32.780005830033],[-96.83205068,32.7805074600165]]},"properties":{"AADT_CUR":292,"RTE_NM":"1058182","RTE_PRFX":"CS","RTE_NBR":"1058182","SYSTEM":"Off"}},{"type":"Feature","geometry":{"type":"LineString","coordinates":[[-96.75348519,32.82713408],[-96.75349078,32.82759463],[-96.75351466,32.8277874],[-96.75355395,32.82790067],[-96.75363369,32.82802687],[-96.75377597,32.82820068]]},"properties":{"AADT_CUR":292,"RTE_NM":"1061584","RTE_PRFX":"CS","RTE_NBR":"1061584","SYSTEM":"Off"}},{"type":"Feature","geometry":{"type":"LineString","coordinates":[[-96.80699691,32.8232749000501],[-96.8069828290154,32.8227235251448]]},"properties":{"AADT_CUR":2378,"RTE_NM":"263131","RTE_PRFX":"CS","RTE_NBR":"263131","SYSTEM":"Off"}},{"type":"Feature","geometry":{"type":"LineString","coordinates":[[-96.83023318,32.7770907100165],[-96.83017801,32.7772989000165],[-96.83017601,32.7777950800165],[-96.8301757471228,32.7785788181825]]},"properties":{"AADT_CUR":292,"RTE_NM":"1061255","RTE_PRFX":"CS","RTE_NBR":"1061255","SYSTEM":"Off"}},{"type":"Feature","geometry":{"type":"LineString","coordinates":[[-96.85276833,32.7452523900163],[-96.85283868,32.7456504600163],[-96.85283223,32.7466341000163],[-96.8527872153069,32.7468236111581],[-96.85277332,32.7468821100163],[-96.8527506480938,32.7495662069138]]},"properties":{"AADT_CUR":775,"RTE_NM":"1063067","RTE_PRFX":"CS","RTE_NBR":"1063067","SYSTEM":"Off"}},{"type":"Feature","geometry":{"type":"LineString","coordinates":[[-96.7320068,32.81536965],[-96.73152527,32.81580267],[-96.73088872,32.81625547]]},"properties":{"AADT_CUR":292,"RTE_NM":"1061957","RTE_PRFX":"CS","RTE_NBR":"1061957","SYSTEM":"Off"}},{"type":"Feature","geometry":{"type":"LineString","coordinates":[[-96.7342949737656,32.7836380062668],[-96.73427967,32.783644],[-96.73382684,32.78368917],[-96.73339268,32.78367834],[-96.72899758,32.78366743],[-96.72843033,32.78363914],[-96.72781595,32.78352496],[-96.72712056,32.78333817],[-96.72671188,32.78326881]]},"properties":{"AADT_CUR":17162,"RTE_NM":"263507","RTE_PRFX":"CS","RTE_NBR":"263507","SYSTEM":"Off"}},{"type":"Feature","geometry":{"type":"LineString","coordinates":[[-96.8169123345492,32.8215853236242],[-96.81693246,32.82142331],[-96.817145307,32.8193162],[-96.817373258,32.81749019],[-96.817596329,32.815633607],[-96.817779675,32.814155513],[-96.81807694,32.81176804],[-96.81813145,32.81091581],[-96.81816626,32.81030937],[-96.81815323,32.80974386],[-96.818123447,32.809193801],[-96.818072292,32.808628286],[-96.818028042,32.808236225],[-96.817960868,32.80782077],[-96.817778176,32.806922558],[-96.817372488,32.80552478],[-96.817151635,32.804731213],[-96.8162654,32.80082854],[-96.8162541762594,32.8007800548724]]},"properties":{"AADT_CUR":63941,"RTE_NM":"TL0005-RG","RTE_PRFX":"TL","RTE_NBR":"5","SYSTEM":"Off"}},{"type":"Feature","geometry":{"type":"LineString","coordinates":[[-96.808672396,32.783459518],[-96.80919686,32.78317837],[-96.80931301,32.78312572],[-96.80943673,32.78308781],[-96.8096081,32.78304875],[-96.80979399,32.7830169],[-96.80996161,32.78300698],[-96.81021232,32.78301936],[-96.8104077,32.78305241],[-96.81061248,32.78310347],[-96.81079674,32.78317096],[-96.81091311,32.78323076],[-96.81105874,32.78332071],[-96.81118692,32.7834149],[-96.81134773,32.78357625],[-96.81144766,32.78371328],[-96.81152961,32.78385195],[-96.8115903,32.78397975],[-96.81162618,32.78408101],[-96.81165148,32.78419496],[-96.81169247,32.78439922],[-96.81178177,32.78499372],[-96.811855,32.78541156],[-96.81208569,32.78602906]]},"properties":{"AADT_CUR":64818,"RTE_NM":"1599253414","RTE_PRFX":"IH","RTE_NBR":"35","SYSTEM":"On"}},{"type":"Feature","geometry":{"type":"LineString","coordinates":[[-96.836721863,32.767505504],[-96.8367052892873,32.7675093219266]]},"properties":{"AADT_CUR":499,"RTE_NM":"IH0030-XG","RTE_PRFX":"IH","RTE_NBR":"30","SYSTEM":"On"}},{"type":"Feature","geometry":{"type":"LineString","coordinates":[[-96.8053440437107,32.7994392389518],[-96.80543722,32.79854524],[-96.80549127,32.79790612],[-96.80540259,32.7966692],[-96.80537578,32.79633582],[-96.8051101782141,32.7930332703813]]},"properties":{"AADT_CUR":18399,"RTE_NM":"263023","RTE_PRFX":"CS","RTE_NBR":"263023","SYSTEM":"Off"}},{"type":"Feature","geometry":{"type":"LineString","coordinates":[[-96.75739873,32.7670316],[-96.75776716,32.76732542],[-96.75803305,32.76757932],[-96.758277,32.76779167],[-96.75834626,32.76786825],[-96.75838241,32.76793335],[-96.75842528,32.76798756],[-96.75851137,32.76807673],[-96.75863936,32.76818712],[-96.75925881,32.76870576]]},"properties":{"AADT_CUR":292,"RTE_NM":"1064154","RTE_PRFX":"CS","RTE_NBR":"1064154","SYSTEM":"Off"}},{"type":"Feature","geometry":{"type":"LineString","coordinates":[[-96.79288007,32.73095666],[-96.79249208,32.73092109],[-96.79186987,32.7308878],[-96.79174269,32.73090529],[-96.79161277,32.73093787],[-96.79134739,32.73103868],[-96.79032998,32.73151266]]},"properties":{"AADT_CUR":292,"RTE_NM":"1061977","RTE_PRFX":"CS","RTE_NBR":"1061977","SYSTEM":"Off"}},{"type":"Feature","geometry":{"type":"LineString","coordinates":[[-96.8089434155143,32.7843869471444],[-96.8089425100003,32.7844068300495],[-96.80894938,32.7851127300165],[-96.808928067,32.7853008290165],[-96.8089273799216,32.7853068925981],[-96.8089137,32.7854276200165],[-96.80873807,32.7861917000165],[-96.80862973,32.7868100600165],[-96.80863032,32.7871574100165],[-96.8086382116616,32.7872619704822],[-96.80870752,32.7881802600165],[-96.8087932400022,32.7891634600319],[-96.80884794,32.7895414600165],[-96.80892432,32.7898590900165],[-96.80899695,32.7900171900165],[-96.80906568,32.7901896600165],[-96.80919488,32.7903742200165],[-96.8096330000093,32.7908875100273],[-96.81019189001,32.791539480027],[-96.81045977,32.7918208800165],[-96.81088446,32.7922578600165],[-96.8115103,32.7929245900165],[-96.81210815,32.7936400700166],[-96.81242628,32.7940098200165],[-96.8124658785726,32.7940585345372]]},"properties":{"AADT_CUR":5330,"RTE_NM":"263318","RTE_PRFX":"CS","RTE_NBR":"263318","SYSTEM":"Off"}},{"type":"Feature","geometry":{"type":"LineString","coordinates":[[-96.84313088,32.7878183100165],[-96.8431259551348,32.7886417002072]]},"properties":{"AADT_CUR":292,"RTE_NM":"1058844","RTE_PRFX":"CS","RTE_NBR":"1058844","SYSTEM":"Off"}},{"type":"Feature","geometry":{"type":"LineString","coordinates":[[-96.77141686285,32.7835129354253],[-96.7711086915044,32.7842758950893],[-96.77109937,32.7842989600165],[-96.77080662,32.7850426300165]]},"properties":{"AADT_CUR":292,"RTE_NM":"1066190","RTE_PRFX":"CS","RTE_NBR":"1066190","SYSTEM":"Off"}},{"type":"Feature","geometry":{"type":"LineString","coordinates":[[-96.78017724,32.7890227],[-96.77950604,32.78960722],[-96.77936734,32.78975238],[-96.77925077,32.7898896],[-96.77919301,32.79001526],[-96.77915594,32.79012196],[-96.77913527,32.79018077],[-96.7790659,32.79031727],[-96.77897306,32.79040533],[-96.77885734,32.79054119],[-96.77869539,32.79066815],[-96.77825517,32.79104693],[-96.77695935,32.79211763],[-96.7758607,32.79300549],[-96.77414719,32.79442087],[-96.77247807,32.79581074],[-96.77169227,32.79646648],[-96.7710847,32.79695287],[-96.76963691,32.79812996],[-96.76829206,32.79924113],[-96.76736223,32.80001856],[-96.76666104,32.80058746],[-96.76661617,32.80063494],[-96.76612536,32.80105697],[-96.76520476,32.801818],[-96.76495826,32.80202213],[-96.7648392,32.80211806],[-96.76430019,32.80254901],[-96.76351836,32.80320339]]},"properties":{"AADT_CUR":1890,"RTE_NM":"1061675","RTE_PRFX":"CS","RTE_NBR":"1061675","SYSTEM":"Off"}},{"type":"Feature","geometry":{"type":"LineString","coordinates":[[-96.79943866,32.81737905],[-96.79909135,32.81677284],[-96.7988648,32.81636085],[-96.79882768,32.81620453],[-96.7987102,32.81591476],[-96.79860687,32.81562532],[-96.79861751,32.81531477],[-96.79871262,32.81501823],[-96.79891083,32.81460466],[-96.79906416,32.81426173],[-96.79928943,32.81388469],[-96.79962542,32.81358209],[-96.79999768,32.81345969],[-96.80042407,32.81341033],[-96.80062456,32.8133435],[-96.80079879,32.81321626],[-96.8008525622215,32.8131680588796]]},"properties":{"AADT_CUR":4200,"RTE_NM":"263742","RTE_PRFX":"CS","RTE_NBR":"263742","SYSTEM":"Off"}},{"type":"Feature","geometry":{"type":"LineString","coordinates":[[-96.77940369,32.7707683500164],[-96.778304894,32.7714284870164],[-96.7781991826219,32.7714919963888]]},"properties":{"AADT_CUR":292,"RTE_NM":"1061678","RTE_PRFX":"CS","RTE_NBR":"1061678","SYSTEM":"Off"}},{"type":"Feature","geometry":{"type":"LineString","coordinates":[[-96.7893506310357,32.7651138602444],[-96.78888844,32.76492193],[-96.78831108,32.76461709],[-96.78797972,32.76437884],[-96.78785334,32.76426852],[-96.7872094,32.76370572],[-96.7858823226823,32.7624113981572]]},"properties":{"AADT_CUR":10890,"RTE_NM":"263410","RTE_PRFX":"CS","RTE_NBR":"263410","SYSTEM":"Off"}},{"type":"Feature","geometry":{"type":"LineString","coordinates":[[-96.79108408,32.79553996],[-96.79215578,32.7964784],[-96.7921863,32.79653049],[-96.79219617,32.79659483],[-96.79219152,32.79664639]]},"properties":{"AADT_CUR":292,"RTE_NM":"1065971","RTE_PRFX":"CS","RTE_NBR":"1065971","SYSTEM":"Off"}},{"type":"Feature","geometry":{"type":"LineString","coordinates":[[-96.78350346,32.72019862],[-96.78359995,32.72018567],[-96.78397912,32.72017027],[-96.78433229,32.72019578],[-96.78471993,32.7202891],[-96.78511776,32.72044441],[-96.78537125,32.72057986],[-96.78574136,32.72082278],[-96.78595208,32.72098375],[-96.78637306,32.72137168],[-96.78664974,32.72173838],[-96.78671911,32.72185067],[-96.7868287,32.72202813],[-96.7869441,32.7222414],[-96.78703067,32.72243228],[-96.78710197,32.72265594],[-96.78717427,32.72299645],[-96.78751004,32.72497907],[-96.78757334,32.72519575],[-96.78763286,32.72531341],[-96.78772,32.72543282],[-96.78781476,32.72553584],[-96.78788264,32.7256],[-96.78796593,32.72566576],[-96.78808477,32.725743],[-96.78828698,32.72584062],[-96.78903708,32.72619734],[-96.78926576,32.7263132],[-96.78958301,32.72651688],[-96.78985215,32.72672677],[-96.79034287,32.7270428],[-96.79082004,32.72747134],[-96.79097721,32.72762746],[-96.79112179,32.72780402],[-96.79132504,32.72805834],[-96.79159411,32.72840019],[-96.79180875,32.72869729],[-96.79206359,32.72910217],[-96.79222109,32.72936824],[-96.79231132,32.72958116],[-96.79241267,32.72993445],[-96.79248582,32.73018974],[-96.79254715,32.73038303],[-96.79261297,32.73055436],[-96.79288007,32.73095666],[-96.79292509,32.731026],[-96.79322334,32.73158404],[-96.79341672,32.73193034],[-96.79354536,32.73217539],[-96.79359397,32.73226954],[-96.79364587,32.73240358],[-96.79368071,32.73249478],[-96.79371384,32.73259008],[-96.79378165,32.73291265],[-96.79377384,32.73310636],[-96.79376135,32.73324915],[-96.79371478,32.7335564],[-96.79368126,32.73381986],[-96.79368124,32.73420198],[-96.79373236,32.73505353],[-96.79372395,32.73540668],[-96.79371791,32.73563615],[-96.79371478,32.73588352],[-96.79371094,32.73621061],[-96.79371922,32.73683752],[-96.79378548,32.7384649],[-96.79377182,32.73964371],[-96.79376417,32.74038036],[-96.79376529,32.74053295],[-96.7937739,32.74059354],[-96.79378264,32.74068851],[-96.79383836,32.74083636],[-96.79389018,32.74097453],[-96.79419583,32.74170036],[-96.79442075,32.74222577],[-96.79448921,32.74238753],[-96.79463187,32.74262316],[-96.7947553,32.74280217],[-96.7948929,32.74313258],[-96.79496119,32.74330259],[-96.79535312,32.74427978],[-96.79546289,32.74461942],[-96.79550962,32.74485373],[-96.795522,32.74509856],[-96.7955083,32.7453458],[-96.79545879,32.74601866],[-96.79547073,32.74624424],[-96.7955164,32.74636445]]},"properties":{"AADT_CUR":3706,"RTE_NM":"1058496","RTE_PRFX":"CS","RTE_NBR":"1058496","SYSTEM":"Off"}},{"type":"Feature","geometry":{"type":"LineString","coordinates":[[-96.81585921,32.8276476500167],[-96.81470506,32.8275564200167],[-96.81376496,32.8275519300167],[-96.8125032,32.8276406600167],[-96.8116406191256,32.8277623775572],[-96.81122713,32.8278391500167],[-96.8102392,32.8279948100167],[-96.80975237,32.8280404200167],[-96.8095971386166,32.8280351894827],[-96.80947904,32.8280312100167],[-96.806994166454,32.8280507099676],[-96.80633171,32.8280076500167],[-96.80590982,32.8279345500167],[-96.80556062,32.8278487000167],[-96.80510282,32.8276953900167],[-96.8048051,32.8275566300167],[-96.80441186,32.8273478400167],[-96.8038426506787,32.8269226392919]]},"properties":{"AADT_CUR":292,"RTE_NM":"1117230","RTE_PRFX":"CS","RTE_NBR":"1117230","SYSTEM":"Off"}},{"type":"Feature","geometry":{"type":"LineString","coordinates":[[-96.8263955336847,32.8298971829081],[-96.8168508519997,32.8215318652014]]},"properties":{"AADT_CUR":33473,"RTE_NM":"263427","RTE_PRFX":"CS","RTE_NBR":"263427","SYSTEM":"Off"}},{"type":"Feature","geometry":{"type":"LineString","coordinates":[[-96.8198978831768,32.8242026411948],[-96.81969596,32.8243649000167],[-96.81939259,32.8246095900167],[-96.8190363,32.8248975600167],[-96.81891715,32.8250004000167],[-96.81861685,32.8252547700167],[-96.81800652,32.8257991900167],[-96.81728277,32.8264105800167]]},"properties":{"AADT_CUR":292,"RTE_NM":"1062398","RTE_PRFX":"CS","RTE_NBR":"1062398","SYSTEM":"Off"}},{"type":"Feature","geometry":{"type":"LineString","coordinates":[[-96.8529997225148,32.7279724294803],[-96.8530303,32.7280337100162],[-96.85305506,32.7281013800162],[-96.85301959,32.7285668800162],[-96.85301933,32.7291510600163],[-96.85301781,32.7315564900162],[-96.85298413,32.7332838300162],[-96.85293912,32.7348777100163],[-96.85292535,32.7352252800163],[-96.85290026,32.7371479300163],[-96.85291785,32.7373248600163],[-96.85291759,32.7376025200163],[-96.85290308,32.7388669000163],[-96.85291169,32.7392793800163],[-96.8529110830896,32.739304292578],[-96.85290148,32.7396984800163],[-96.85289126,32.7402055500163],[-96.8528907704177,32.740235593119],[-96.85287368,32.7412843300163],[-96.8528730328533,32.7413136381705],[-96.85283293,32.7431297900163],[-96.8528326885953,32.7431556161426],[-96.85282219,32.7442787700163],[-96.85281225,32.7447267300163],[-96.85276833,32.7452523900163]]},"properties":{"AADT_CUR":1368,"RTE_NM":"1064439","RTE_PRFX":"CS","RTE_NBR":"1064439","SYSTEM":"Off"}},{"type":"Feature","geometry":{"type":"LineString","coordinates":[[-96.7374288093953,32.7914040046312],[-96.737403737,32.791404819],[-96.736745296,32.791424064],[-96.735932868,32.791446376],[-96.733005272,32.791525233],[-96.73192986,32.79154786],[-96.731355604,32.79156285],[-96.730985358,32.791581658],[-96.730689585,32.791609116],[-96.730447236,32.791640559],[-96.730203137,32.791675482],[-96.72995096,32.791725063],[-96.729694892,32.791781125],[-96.729418262,32.791847957],[-96.729150493,32.791930263],[-96.728936368,32.792009187],[-96.728708633,32.792096744],[-96.728417867,32.792219249],[-96.728184538,32.792332237],[-96.727971789,32.792444006],[-96.727716125,32.792594107],[-96.72712693,32.79297246],[-96.726352431,32.793470714],[-96.726134165,32.793604081],[-96.725944823,32.793716464],[-96.72571793,32.79383561],[-96.7253155,32.79402093],[-96.72497257,32.79416175],[-96.724626264,32.794275108],[-96.724366594,32.794345137],[-96.724093513,32.794410655],[-96.72385031,32.794458553],[-96.72360213,32.794496531],[-96.723374067,32.794525491],[-96.723096434,32.794550573],[-96.722588781,32.79458282],[-96.72085039,32.79468428],[-96.720057177,32.794731255],[-96.719274693,32.794775976],[-96.718641557,32.794815166],[-96.718061246,32.794847821],[-96.717496335,32.794881573],[-96.717023098,32.794909639],[-96.71655113,32.794918427],[-96.71625882,32.794921694],[-96.715982603,32.794919323],[-96.715627757,32.794909617],[-96.715305097,32.794889764],[-96.714893573,32.794852722],[-96.714511554,32.79481117],[-96.714107852,32.79475286],[-96.713751089,32.794693423],[-96.713078049,32.794564664],[-96.711908666,32.794335978],[-96.710868029,32.794135475],[-96.710494791,32.794066267],[-96.710184603,32.794015026],[-96.709900763,32.793973622],[-96.709637039,32.793942365],[-96.709234977,32.793902612],[-96.708850514,32.793873947],[-96.708479461,32.793857683],[-96.707998995,32.793848761],[-96.707450889,32.793842635],[-96.706006846,32.793832673],[-96.704403212,32.793832857],[-96.703230685,32.79384103],[-96.702146685,32.793847017],[-96.701060003,32.793862023],[-96.700129031,32.793877575],[-96.699997967,32.793881957],[-96.6999470692848,32.7938851540367]]},"properties":{"AADT_CUR":168207,"RTE_NM":"IH0030-RG","RTE_PRFX":"IH","RTE_NBR":"30","SYSTEM":"On"}},{"type":"Feature","geometry":{"type":"LineString","coordinates":[[-96.7541676990036,32.7991543162191],[-96.75416295,32.7991492900331],[-96.7541356575526,32.7991393723523],[-96.75378319,32.7990112900331],[-96.7533402,32.7988057000332],[-96.75319344,32.7987165900331],[-96.7530378570096,32.7986240798344],[-96.7529425,32.7985673800332],[-96.75273738,32.7984050400331],[-96.7523237525511,32.7980357568641],[-96.7523198896974,32.79803230812]]},"properties":{"AADT_CUR":5935,"RTE_NM":"262944","RTE_PRFX":"CS","RTE_NBR":"262944","SYSTEM":"Off"}},{"type":"Feature","geometry":{"type":"LineString","coordinates":[[-96.7903035762473,32.7944253663606],[-96.78979333,32.7939882200165],[-96.78970607,32.7939141700165],[-96.78933896,32.7935833500165],[-96.78855187,32.7929209900166],[-96.78806993,32.7925116100165],[-96.78767889,32.7922067500165],[-96.78764218,32.7921843500165],[-96.78760623,32.7921723000165],[-96.78756905,32.7921738600165],[-96.78751874,32.7921906300165]]},"properties":{"AADT_CUR":292,"RTE_NM":"1063560","RTE_PRFX":"CS","RTE_NBR":"1063560","SYSTEM":"Off"}},{"type":"Feature","geometry":{"type":"LineString","coordinates":[[-96.8116825216611,32.7512380165325],[-96.811661727282,32.7512380381307],[-96.8099239095976,32.751239831717],[-96.809725889981,32.7512400346273],[-96.8096381632771,32.7512401244249],[-96.809487830808,32.7512402781695],[-96.8094157742893,32.7512403518003]]},"properties":{"AADT_CUR":9713,"RTE_NM":"296265","RTE_PRFX":"CS","RTE_NBR":"296265","SYSTEM":"Off"}},{"type":"Feature","geometry":{"type":"LineString","coordinates":[[-96.7554690389357,32.7685983157379],[-96.75546684,32.7686003700164],[-96.7554445826084,32.7686191711037]]},"properties":{"AADT_CUR":292,"RTE_NM":"1061153","RTE_PRFX":"CS","RTE_NBR":"1061153","SYSTEM":"Off"}},{"type":"Feature","geometry":{"type":"LineString","coordinates":[[-96.76558814,32.76060461],[-96.76524033,32.76033858],[-96.76495436,32.76007068],[-96.76431399,32.75954216]]},"properties":{"AADT_CUR":292,"RTE_NM":"1062053","RTE_PRFX":"CS","RTE_NBR":"1062053","SYSTEM":"Off"}},{"type":"Feature","geometry":{"type":"LineString","coordinates":[[-96.8091966,32.7354174500162],[-96.80859001,32.7354160700162],[-96.80740239,32.7354370100162],[-96.80586023,32.7354160000163],[-96.80545936,32.7354146600163],[-96.80431368,32.7354114000162],[-96.80340226,32.7354044600163],[-96.80325181,32.7354051600163],[-96.80294607,32.7354051100162],[-96.80259283,32.7354222700163],[-96.80247135,32.7354384900162],[-96.80235701,32.7354644200162],[-96.80224727,32.7355055300163],[-96.80129412,32.7360643200162],[-96.80103795,32.7362353800162],[-96.80086086,32.7363951600163],[-96.80051023,32.7367862300163],[-96.80026796,32.7371224400163],[-96.79963577,32.7379055400163],[-96.79924406,32.7383592700163],[-96.79916527,32.7384819000163],[-96.79910209,32.7385965000163],[-96.79905135,32.7387401400163],[-96.79901637,32.7389114700163],[-96.798995977179,32.7390978891453]]},"properties":{"AADT_CUR":292,"RTE_NM":"1060140","RTE_PRFX":"CS","RTE_NBR":"1060140","SYSTEM":"Off"}},{"type":"Feature","geometry":{"type":"LineString","coordinates":[[-96.8288215505673,32.8058023392494],[-96.82879496,32.8058335500166],[-96.82848384,32.8061703400166],[-96.82820934,32.8063989300166],[-96.82758628,32.8069857400166],[-96.82739401,32.8071700900166],[-96.82732275,32.8072378500166],[-96.82687597,32.8076689400166],[-96.82645595,32.8080619100166],[-96.82603368,32.8084452300166],[-96.8257969,32.8086578500166],[-96.82522983,32.8091656600166],[-96.82471928,32.8096549900166],[-96.82425793,32.8100803800166],[-96.82346424,32.8107789400166],[-96.82300636,32.8111933900166],[-96.8226665932566,32.8115111021689],[-96.82203493,32.8120806100166],[-96.82157195,32.8125045900166],[-96.82097579,32.8130422400167],[-96.82090192,32.8131182200166],[-96.82027182,32.8136856500166],[-96.81969984,32.8141919900166],[-96.81904812,32.8147824900166],[-96.81868894,32.8150965300166],[-96.81806313,32.8157181200166],[-96.81789453,32.8160046200166],[-96.8177286295763,32.816194250371]]},"properties":{"AADT_CUR":3197,"RTE_NM":"1062336","RTE_PRFX":"CS","RTE_NBR":"1062336","SYSTEM":"Off"}},{"type":"Feature","geometry":{"type":"LineString","coordinates":[[-96.7966171095494,32.8101860797398],[-96.7966035999902,32.8101771400416]]},"properties":{"AADT_CUR":292,"RTE_NM":"1058392","RTE_PRFX":"CS","RTE_NBR":"1058392","SYSTEM":"Off"}},{"type":"Feature","geometry":{"type":"LineString","coordinates":[[-96.80315018,32.80092569],[-96.80263212,32.80044164],[-96.80170119,32.79967569]]},"properties":{"AADT_CUR":292,"RTE_NM":"1065776","RTE_PRFX":"CS","RTE_NBR":"1065776","SYSTEM":"Off"}},{"type":"Feature","geometry":{"type":"LineString","coordinates":[[-96.7926201192355,32.793191453785],[-96.79263328,32.79334137],[-96.79267875,32.79373341],[-96.79275033,32.79404327],[-96.79280382,32.7942865],[-96.79287079,32.79451631],[-96.79298406,32.79498537],[-96.79300295,32.79514679],[-96.79303029,32.79577606],[-96.79304696,32.79599372],[-96.793087339,32.796189419]]},"properties":{"AADT_CUR":7164,"RTE_NM":"864","RTE_PRFX":"IH","RTE_NBR":"345","SYSTEM":"On"}},{"type":"Feature","geometry":{"type":"LineString","coordinates":[[-96.7626260451978,32.8111764034828],[-96.76282355,32.8112054500166],[-96.76313265,32.8112728600166],[-96.76434907,32.8113029200166],[-96.76477546,32.8112536800166],[-96.76523016,32.8112051300166],[-96.76585251,32.8112205000166],[-96.76619322,32.8111930500166],[-96.76649191,32.8111526100166],[-96.7669124,32.8111323900166],[-96.76772942,32.8111369100166],[-96.76853676,32.8111371500166],[-96.76934806,32.8111429400166],[-96.7701759406621,32.8111577726186]]},"properties":{"AADT_CUR":3823,"RTE_NM":"263640","RTE_PRFX":"CS","RTE_NBR":"263640","SYSTEM":"Off"}},{"type":"Feature","geometry":{"type":"LineString","coordinates":[[-96.8189060176372,32.828629353122],[-96.8188915343184,32.8286370980288]]},"properties":{"AADT_CUR":292,"RTE_NM":"1117276","RTE_PRFX":"CS","RTE_NBR":"1117276","SYSTEM":"Off"}},{"type":"Feature","geometry":{"type":"LineString","coordinates":[[-96.7516515142843,32.8127167970276],[-96.75114017,32.81272056],[-96.74972384,32.81273802],[-96.74949751,32.81272694],[-96.74927183,32.81270858],[-96.74904715,32.81268298],[-96.74882378,32.81265018],[-96.74396769,32.81180441],[-96.74160922,32.81139937],[-96.74116693,32.81132858],[-96.74000429,32.81113738],[-96.73884332,32.81093907],[-96.73726888,32.81064988],[-96.73652665,32.81052116],[-96.73605718,32.81043284],[-96.73601504,32.81042414],[-96.73590329,32.81039584],[-96.73579436,32.81036057],[-96.73568885,32.81031853],[-96.73558736,32.81026994],[-96.73549045,32.81021509],[-96.73539867,32.81015428],[-96.73535325,32.81012049],[-96.73230859,32.80782212]]},"properties":{"AADT_CUR":1344,"RTE_NM":"268369","RTE_PRFX":"CS","RTE_NBR":"268369","SYSTEM":"Off"}},{"type":"Feature","geometry":{"type":"LineString","coordinates":[[-96.8166488950465,32.802042789557],[-96.816651108,32.802038711],[-96.816718164,32.80189419],[-96.81676688,32.801746779],[-96.816808717,32.801567572],[-96.816848262,32.80130695],[-96.816903282,32.801099802],[-96.816937096,32.801007789],[-96.817069763,32.800755621],[-96.817349937,32.800380798],[-96.81800578,32.7994464],[-96.81820605,32.7991852],[-96.81875626,32.79845735],[-96.8187569707188,32.7984563308373]]},"properties":{"AADT_CUR":44844,"RTE_NM":"263553","RTE_PRFX":"CS","RTE_NBR":"263553","SYSTEM":"Off"}},{"type":"Feature","geometry":{"type":"LineString","coordinates":[[-96.85135077,32.7773243800329],[-96.85078561,32.7773113900329],[-96.8507798399999,32.777183490033],[-96.84997861,32.777178350033],[-96.84917327,32.777174530033],[-96.8479277254553,32.7771716406661]]},"properties":{"AADT_CUR":292,"RTE_NM":"1057781","RTE_PRFX":"CS","RTE_NBR":"1057781","SYSTEM":"Off"}},{"type":"Feature","geometry":{"type":"LineString","coordinates":[[-96.792261181,32.789595063],[-96.7922724322159,32.789622507218]]},"properties":{"AADT_CUR":499,"RTE_NM":"IH0345-XG","RTE_PRFX":"IH","RTE_NBR":"345","SYSTEM":"On"}},{"type":"Feature","geometry":{"type":"LineString","coordinates":[[-96.8340548,32.77355855],[-96.83267281,32.77354964]]},"properties":{"AADT_CUR":292,"RTE_NM":"1066436","RTE_PRFX":"CS","RTE_NBR":"1066436","SYSTEM":"Off"}},{"type":"Feature","geometry":{"type":"LineString","coordinates":[[-96.7767183032284,32.7619955634507],[-96.7767188948094,32.7619950456751],[-96.7782103403441,32.7607190762245],[-96.77822309,32.7607081700164],[-96.779004144036,32.7600554335935],[-96.77912633,32.7599533200164],[-96.77929426,32.7598020400164],[-96.77944866,32.7596324900164],[-96.77957378,32.7594539300164]]},"properties":{"AADT_CUR":12817,"RTE_NM":"263473","RTE_PRFX":"CS","RTE_NBR":"263473","SYSTEM":"Off"}},{"type":"Feature","geometry":{"type":"LineString","coordinates":[[-96.7647055518194,32.7480437830427],[-96.7646709817683,32.7480760429281]]},"properties":{"AADT_CUR":292,"RTE_NM":"1058133","RTE_PRFX":"CS","RTE_NBR":"1058133","SYSTEM":"Off"}},{"type":"Feature","geometry":{"type":"LineString","coordinates":[[-96.8421767845731,32.8037805467155],[-96.8421847419542,32.803793391891]]},"properties":{"AADT_CUR":1477,"RTE_NM":"1060460","RTE_PRFX":"CS","RTE_NBR":"1060460","SYSTEM":"Off"}},{"type":"Feature","geometry":{"type":"LineString","coordinates":[[-96.7846948964242,32.7828918596529],[-96.78469704,32.7828994200165],[-96.7847069647822,32.782934005602]]},"properties":{"AADT_CUR":292,"RTE_NM":"1061251","RTE_PRFX":"CS","RTE_NBR":"1061251","SYSTEM":"Off"}},{"type":"Feature","geometry":{"type":"LineString","coordinates":[[-96.7493892,32.76720774],[-96.74893062,32.76760953],[-96.74826983,32.76819953],[-96.74756019,32.76875034],[-96.74750702,32.76880595],[-96.74746468,32.76884935],[-96.74732919,32.76895465],[-96.74667104,32.76953368],[-96.7465761,32.76960382],[-96.74649773,32.76965907],[-96.74638035,32.76975364],[-96.74622482,32.76984353],[-96.7460951,32.76990357],[-96.7458987,32.76996265],[-96.74576307,32.76999235],[-96.7455957,32.77002298],[-96.74540099,32.7700381],[-96.74497272,32.77001556],[-96.7441719,32.7699094]]},"properties":{"AADT_CUR":292,"RTE_NM":"1063674","RTE_PRFX":"CS","RTE_NBR":"1063674","SYSTEM":"Off"}},{"type":"Feature","geometry":{"type":"LineString","coordinates":[[-96.7795048618396,32.7870995814183],[-96.778390286,32.787190866],[-96.776694043,32.787066257],[-96.776031636,32.786989958],[-96.775816387,32.786922159],[-96.775587628,32.786778852],[-96.775414379,32.786600165],[-96.77533381,32.786335301]]},"properties":{"AADT_CUR":292,"RTE_NM":"1066383","RTE_PRFX":"CS","RTE_NBR":"1066383","SYSTEM":"Off"}},{"type":"Feature","geometry":{"type":"LineString","coordinates":[[-96.7636472021561,32.7951486782275],[-96.7636113703657,32.7951173817189]]},"properties":{"AADT_CUR":5696,"RTE_NM":"1064394","RTE_PRFX":"CS","RTE_NBR":"1064394","SYSTEM":"Off"}},{"type":"Feature","geometry":{"type":"LineString","coordinates":[[-96.7604861,32.78548563],[-96.76017776,32.78573286],[-96.75987103,32.78598149],[-96.75956984,32.78623843],[-96.75950135,32.78628697],[-96.75906814,32.78663691]]},"properties":{"AADT_CUR":6277,"RTE_NM":"1061081","RTE_PRFX":"CS","RTE_NBR":"1061081","SYSTEM":"Off"}},{"type":"Feature","geometry":{"type":"LineString","coordinates":[[-96.8303194154896,32.7494682196919],[-96.83031128,32.7500668800163],[-96.8303143,32.7506841000163],[-96.83031621,32.7522263600163],[-96.83031087,32.7537644100164],[-96.83030368,32.7546220100163],[-96.83030082,32.7553793500163],[-96.83027636,32.7561171600164],[-96.83022875,32.7563996700164],[-96.83010228,32.7568103300163],[-96.82994096,32.7571710500164],[-96.82965841,32.7576634700164],[-96.82898832,32.7587802100164],[-96.82883105,32.7590543800164],[-96.828628229209,32.7593452673867]]},"properties":{"AADT_CUR":292,"RTE_NM":"1066341","RTE_PRFX":"CS","RTE_NBR":"1066341","SYSTEM":"Off"}},{"type":"Feature","geometry":{"type":"LineString","coordinates":[[-96.84591616,32.7713540700164],[-96.84590126,32.7716287700164],[-96.8459055252541,32.7726509456347]]},"properties":{"AADT_CUR":292,"RTE_NM":"1063140","RTE_PRFX":"CS","RTE_NBR":"1063140","SYSTEM":"Off"}},{"type":"Feature","geometry":{"type":"LineString","coordinates":[[-96.76933303,32.80941081],[-96.76934269,32.81004185],[-96.76935275,32.81065229],[-96.76936334,32.81115278],[-96.76935531,32.81139733],[-96.76935626,32.81214097],[-96.76934592,32.81271265],[-96.76933873,32.81387404]]},"properties":{"AADT_CUR":292,"RTE_NM":"1061430","RTE_PRFX":"CS","RTE_NBR":"1061430","SYSTEM":"Off"}},{"type":"Feature","geometry":{"type":"LineString","coordinates":[[-96.8442681,32.77675169],[-96.84307906,32.77674544],[-96.84283678,32.77673494]]},"properties":{"AADT_CUR":292,"RTE_NM":"1060030","RTE_PRFX":"CS","RTE_NBR":"1060030","SYSTEM":"Off"}},{"type":"Feature","geometry":{"type":"LineString","coordinates":[[-96.7932450446351,32.8073027535254],[-96.79323454,32.8073009600166],[-96.793086799712,32.807269910992],[-96.7928461960444,32.807219345444],[-96.79261849,32.8071714900166],[-96.79231184,32.8070324800166],[-96.79208346,32.8068620700166],[-96.7915498924094,32.8064090160624],[-96.79139404,32.8062766800166],[-96.79091841,32.8058728700166],[-96.7906375290051,32.8056298053655],[-96.79061663,32.8056117200166],[-96.79007202,32.8051561300166],[-96.7898706283244,32.804969120094],[-96.78883963,32.8040739000166],[-96.7886791039791,32.803936488034],[-96.788189,32.8035169500166]]},"properties":{"AADT_CUR":22956,"RTE_NM":"262971","RTE_PRFX":"CS","RTE_NBR":"262971","SYSTEM":"Off"}},{"type":"Feature","geometry":{"type":"LineString","coordinates":[[-96.81009804,32.77833599],[-96.8078686778993,32.7788168565232]]},"properties":{"AADT_CUR":292,"RTE_NM":"1065044","RTE_PRFX":"CS","RTE_NBR":"1065044","SYSTEM":"Off"}},{"type":"Feature","geometry":{"type":"LineString","coordinates":[[-96.7827592850289,32.7856451641434],[-96.78275191,32.7856466500165],[-96.7827092244694,32.7856553601007]]},"properties":{"AADT_CUR":292,"RTE_NM":"1061526","RTE_PRFX":"CS","RTE_NBR":"1061526","SYSTEM":"Off"}},{"type":"Feature","geometry":{"type":"LineString","coordinates":[[-96.8191875951669,32.8322913872851],[-96.81918006,32.83134643],[-96.81918006,32.8304625758193]]},"properties":{"AADT_CUR":2491,"RTE_NM":"289889","RTE_PRFX":"CS","RTE_NBR":"289889","SYSTEM":"Off"}},{"type":"Feature","geometry":{"type":"LineString","coordinates":[[-96.84416299,32.8227631],[-96.84351589,32.82328643],[-96.84213695,32.82446665],[-96.84172553,32.82484012],[-96.84148569,32.82503665],[-96.84117088,32.82530325]]},"properties":{"AADT_CUR":406,"RTE_NM":"1058481","RTE_PRFX":"CS","RTE_NBR":"1058481","SYSTEM":"Off"}},{"type":"Feature","geometry":{"type":"LineString","coordinates":[[-96.837801037685,32.7715310207934],[-96.83780217,32.7715413900164],[-96.83779964,32.7715894600164],[-96.83778508,32.7721500800164],[-96.837777045,32.7728525090165],[-96.8377712351318,32.7729820600886]]},"properties":{"AADT_CUR":292,"RTE_NM":"1063399","RTE_PRFX":"CS","RTE_NBR":"1063399","SYSTEM":"Off"}},{"type":"Feature","geometry":{"type":"LineString","coordinates":[[-96.78504637,32.8017674100166],[-96.78425891,32.8010802600166],[-96.78382089,32.8007095400166],[-96.7833549325941,32.8002992948287]]},"properties":{"AADT_CUR":292,"RTE_NM":"1064117","RTE_PRFX":"CS","RTE_NBR":"1064117","SYSTEM":"Off"}},{"type":"Feature","geometry":{"type":"LineString","coordinates":[[-96.75913883,32.78672449],[-96.75874811,32.78706541],[-96.75815705,32.78753961],[-96.75786491,32.78778981],[-96.7564679,32.78894822],[-96.75504892,32.79014617],[-96.75495795,32.7902205],[-96.75433491,32.79068579]]},"properties":{"AADT_CUR":6277,"RTE_NM":"1061081","RTE_PRFX":"CS","RTE_NBR":"1061081","SYSTEM":"Off"}},{"type":"Feature","geometry":{"type":"LineString","coordinates":[[-96.8115686722272,32.7373046448241],[-96.81155299,32.7373065000163],[-96.81029633,32.7373224100163],[-96.80939511,32.7373335300163],[-96.80931388,32.7373296700163],[-96.8092442,32.7373163400162],[-96.80916174,32.7372904800163],[-96.80907171,32.7372782600163],[-96.80847098,32.7372673400163],[-96.80813817,32.7372793100163],[-96.80741111,32.7372831500163],[-96.80546997,32.7372869400163],[-96.80527825,32.7372774600162],[-96.80507272,32.7372664100163],[-96.8040877,32.7372804600163],[-96.80309009,32.7372723400163],[-96.80295907,32.7372774200163],[-96.80264009,32.7372881900163],[-96.8010013,32.7373001600163],[-96.80084514,32.7373021500163],[-96.80069175,32.7372863100162],[-96.80056222,32.7372556600163],[-96.80026796,32.7371224400163]]},"properties":{"AADT_CUR":292,"RTE_NM":"1065137","RTE_PRFX":"CS","RTE_NBR":"1065137","SYSTEM":"Off"}},{"type":"Feature","geometry":{"type":"LineString","coordinates":[[-96.7654954485108,32.768748268918],[-96.76548929,32.7687433400164],[-96.76472217,32.7681195900164],[-96.76395837,32.7674518900164],[-96.76349213,32.7670426400164],[-96.76327684,32.7668623100164],[-96.76289366,32.7665325600164],[-96.7622932,32.7660403300164],[-96.76165377,32.7655035500164],[-96.76144009,32.7653246300164]]},"properties":{"AADT_CUR":321,"RTE_NM":"1061611","RTE_PRFX":"CS","RTE_NBR":"1061611","SYSTEM":"Off"}},{"type":"Feature","geometry":{"type":"LineString","coordinates":[[-96.76703023,32.7637738200164],[-96.76566801,32.7649259500164],[-96.76526366,32.7652625700164],[-96.7645940402418,32.7658314579409]]},"properties":{"AADT_CUR":292,"RTE_NM":"1062150","RTE_PRFX":"CS","RTE_NBR":"1062150","SYSTEM":"Off"}},{"type":"Feature","geometry":{"type":"LineString","coordinates":[[-96.80069281,32.74211649],[-96.80058995,32.74205186],[-96.80052678,32.74203862],[-96.80008033,32.74203802],[-96.79892923,32.74204976],[-96.79860519,32.74206317]]},"properties":{"AADT_CUR":292,"RTE_NM":"1063636","RTE_PRFX":"CS","RTE_NBR":"1063636","SYSTEM":"Off"}},{"type":"Feature","geometry":{"type":"LineString","coordinates":[[-96.80551652,32.73279118],[-96.80516065,32.73278794],[-96.8050888,32.73280347],[-96.80491311,32.7329344],[-96.80478581,32.73300001],[-96.80462833,32.73307209],[-96.80443513,32.73313956],[-96.80429558,32.73316514],[-96.80417179,32.73317582],[-96.8040743,32.73317174],[-96.80398377,32.73314302],[-96.80391541,32.7331036]]},"properties":{"AADT_CUR":292,"RTE_NM":"1064021","RTE_PRFX":"CS","RTE_NBR":"1064021","SYSTEM":"Off"}},{"type":"Feature","geometry":{"type":"LineString","coordinates":[[-96.7891922908114,32.8055614534549],[-96.7891799503683,32.8055513606343]]},"properties":{"AADT_CUR":292,"RTE_NM":"1066012","RTE_PRFX":"CS","RTE_NBR":"1066012","SYSTEM":"Off"}},{"type":"Feature","geometry":{"type":"LineString","coordinates":[[-96.79882813,32.72813765],[-96.79826963,32.72816381],[-96.79793125,32.72806928],[-96.79729128,32.72790245],[-96.79604125,32.72758016],[-96.79470603,32.72724942]]},"properties":{"AADT_CUR":292,"RTE_NM":"1060375","RTE_PRFX":"CS","RTE_NBR":"1060375","SYSTEM":"Off"}},{"type":"Feature","geometry":{"type":"LineString","coordinates":[[-96.816263425,32.7983134960166],[-96.81630464,32.7983100100166],[-96.81632597,32.7983103900166],[-96.8163733,32.7983164600166],[-96.81641859,32.7983295700165],[-96.81646038,32.7983492900166],[-96.81649733,32.7983750100166],[-96.8165275,32.7984049900166],[-96.81670729,32.7986247200166],[-96.8168986,32.7988459600166],[-96.81703261,32.7989915700166],[-96.81709768,32.7990470000165],[-96.81716863,32.7990970600166],[-96.81729067,32.7991662100166],[-96.81743982,32.7992425200166],[-96.81757408,32.7993037600166],[-96.81766049,32.7993351200166],[-96.81772838,32.7993583800166],[-96.81785415,32.7993983500165],[-96.8180090538185,32.7994421301885]]},"properties":{"AADT_CUR":292,"RTE_NM":"1057786","RTE_PRFX":"CS","RTE_NBR":"1057786","SYSTEM":"Off"}},{"type":"Feature","geometry":{"type":"LineString","coordinates":[[-96.85580297,32.81483936],[-96.85509203,32.81481758],[-96.85490808,32.81481791],[-96.85480993,32.8148441],[-96.85475215,32.81488733],[-96.85469393,32.81495528],[-96.85464874,32.81506601],[-96.85462821,32.81520732],[-96.85460336,32.8166781]]},"properties":{"AADT_CUR":292,"RTE_NM":"1063658","RTE_PRFX":"CS","RTE_NBR":"1063658","SYSTEM":"Off"}},{"type":"Feature","geometry":{"type":"LineString","coordinates":[[-96.84637566,32.78546156],[-96.84560268,32.78546365]]},"properties":{"AADT_CUR":292,"RTE_NM":"1064739","RTE_PRFX":"CS","RTE_NBR":"1064739","SYSTEM":"Off"}},{"type":"Feature","geometry":{"type":"LineString","coordinates":[[-96.74832039,32.75456627],[-96.74805822,32.75434282]]},"properties":{"AADT_CUR":292,"RTE_NM":"1064258","RTE_PRFX":"CS","RTE_NBR":"1064258","SYSTEM":"Off"}},{"type":"Feature","geometry":{"type":"LineString","coordinates":[[-96.86224863,32.82967701],[-96.86076199,32.82967962],[-96.85978328,32.82969284],[-96.85922683,32.82971849]]},"properties":{"AADT_CUR":1435,"RTE_NM":"1057932","RTE_PRFX":"CS","RTE_NBR":"1057932","SYSTEM":"Off"}},{"type":"Feature","geometry":{"type":"LineString","coordinates":[[-96.7913175428618,32.7830924973206],[-96.79132693,32.783090620033],[-96.7914089358756,32.7830741311098],[-96.79246974,32.782860830033],[-96.7924706136226,32.7828606457852]]},"properties":{"AADT_CUR":15286,"RTE_NM":"263157","RTE_PRFX":"CS","RTE_NBR":"263157","SYSTEM":"Off"}},{"type":"Feature","geometry":{"type":"LineString","coordinates":[[-96.787926101,32.778046315],[-96.787905311,32.777849822],[-96.787875133,32.777682647],[-96.78787815,32.777519762],[-96.787889046,32.777398854],[-96.787905306,32.777277947],[-96.78792174,32.777141176],[-96.78794718,32.77697556],[-96.7879785,32.77681318],[-96.78798624,32.77666734],[-96.787956384,32.776505127],[-96.787886337,32.776364886],[-96.787799785,32.77625557],[-96.787719355,32.77618041],[-96.787585688,32.77611327],[-96.78744934,32.77605515],[-96.787284285,32.776004763],[-96.787142675,32.775971021],[-96.78701391,32.77592954],[-96.786880403,32.775874957],[-96.785148767,32.774814369],[-96.784190748,32.774222615],[-96.783842831,32.77400708],[-96.783637357,32.773868302],[-96.783549372,32.7738147],[-96.783460452,32.773773804],[-96.783398355,32.773750949]]},"properties":{"AADT_CUR":2231,"RTE_NM":"263594","RTE_PRFX":"CS","RTE_NBR":"263594","SYSTEM":"Off"}},{"type":"Feature","geometry":{"type":"LineString","coordinates":[[-96.77677487,32.78044614],[-96.77617082,32.78102233],[-96.77599831,32.78119175],[-96.77523479,32.78196466],[-96.77489083,32.78233102]]},"properties":{"AADT_CUR":292,"RTE_NM":"1059789","RTE_PRFX":"CS","RTE_NBR":"1059789","SYSTEM":"Off"}},{"type":"Feature","geometry":{"type":"LineString","coordinates":[[-96.7545555571526,32.7836646409248],[-96.75455418,32.7837365500165],[-96.75446662,32.7841751900165],[-96.75447515,32.7843210000165],[-96.75460001,32.7843846100165],[-96.7546948,32.7844464200165],[-96.75485006,32.7845778100165],[-96.75467806,32.7847183500165]]},"properties":{"AADT_CUR":292,"RTE_NM":"1060596","RTE_PRFX":"CS","RTE_NBR":"1060596","SYSTEM":"Off"}},{"type":"Feature","geometry":{"type":"LineString","coordinates":[[-96.8564889906045,32.7839396265852],[-96.85545383,32.7840644500165],[-96.85471163,32.7841192400165],[-96.85338883,32.7841127300165],[-96.85236867,32.7841074700165],[-96.85173068,32.7841141200165]]},"properties":{"AADT_CUR":292,"RTE_NM":"1061866","RTE_PRFX":"CS","RTE_NBR":"1061866","SYSTEM":"Off"}},{"type":"Feature","geometry":{"type":"LineString","coordinates":[[-96.81227301,32.7467415600163],[-96.81182864,32.7476729700163],[-96.81172582,32.7477609000163],[-96.81162963,32.7478145900163],[-96.81150924,32.7478583000163],[-96.81115001,32.7478905500163],[-96.8107628249385,32.747899210126]]},"properties":{"AADT_CUR":292,"RTE_NM":"1058331","RTE_PRFX":"CS","RTE_NBR":"1058331","SYSTEM":"Off"}},{"type":"Feature","geometry":{"type":"LineString","coordinates":[[-96.8444406734096,32.7297556635934],[-96.8444339,32.7297572500162],[-96.8444065865528,32.7297565912341]]},"properties":{"AADT_CUR":1257,"RTE_NM":"1060311","RTE_PRFX":"CS","RTE_NBR":"1060311","SYSTEM":"Off"}},{"type":"Feature","geometry":{"type":"LineString","coordinates":[[-96.7528935460332,32.8249129430766],[-96.75281914,32.8249130700167],[-96.75274832,32.8249134600167],[-96.75270104,32.8249169100167],[-96.75263903,32.8249242800167],[-96.75236178,32.8249905000167],[-96.75229136,32.8250115000167],[-96.75216932,32.8250496500167],[-96.75211532,32.8250640000167],[-96.75205201,32.8250961000167],[-96.75191001,32.8251559700167],[-96.75168807,32.8252655600167],[-96.75123497,32.8255396000167],[-96.75106262,32.8256526500167],[-96.75087912,32.8257119100167],[-96.75071236,32.8257466900167],[-96.75054207,32.8257552800167],[-96.75005601,32.8257195800167],[-96.74939632,32.8256965600167],[-96.74843837,32.8256899400167],[-96.74825521,32.8256901200167],[-96.74811801,32.8257129300167],[-96.74769938,32.8257661400167],[-96.74740738,32.8257963900167],[-96.74576524,32.8258117400167],[-96.74532699,32.8258275500167],[-96.74436378,32.8258813100167]]},"properties":{"AADT_CUR":292,"RTE_NM":"1065695","RTE_PRFX":"CS","RTE_NBR":"1065695","SYSTEM":"Off"}},{"type":"Feature","geometry":{"type":"LineString","coordinates":[[-96.8110566506007,32.8012948378412],[-96.81104707,32.8013025800166],[-96.81080464,32.8014271200166],[-96.8106223,32.8015153700166],[-96.8104501,32.8015845100166],[-96.81019779,32.8016291800166],[-96.80993322,32.8016764400166],[-96.80951729,32.8017244000166],[-96.80917041,32.8018214100166],[-96.80885467,32.8019490600166],[-96.808587,32.8021172400166],[-96.80808524,32.8024829200166],[-96.80785732,32.8026145200165],[-96.80721531,32.8030373900166],[-96.80693293,32.8032081200166],[-96.80674164,32.8033388500166],[-96.8065262,32.8034555000166],[-96.80635837,32.8035508000166],[-96.80626798,32.8035963000166],[-96.80619578,32.8036269400166],[-96.8061181,32.8036465000165],[-96.80605178,32.8036675900165],[-96.80592289,32.8036837000166],[-96.8054903578063,32.8036700302633]]},"properties":{"AADT_CUR":2946,"RTE_NM":"1065585","RTE_PRFX":"CS","RTE_NBR":"1065585","SYSTEM":"Off"}},{"type":"Feature","geometry":{"type":"LineString","coordinates":[[-96.80443077,32.74695097],[-96.80384865,32.74706811]]},"properties":{"AADT_CUR":292,"RTE_NM":"1063211","RTE_PRFX":"CS","RTE_NBR":"1063211","SYSTEM":"Off"}},{"type":"Feature","geometry":{"type":"LineString","coordinates":[[-96.82648061,32.7450656400163],[-96.8264642700007,32.7463643700326],[-96.8264999699998,32.7471882000326],[-96.82649593,32.7476183800163],[-96.82648621,32.7477886800163],[-96.8265148,32.7480406100163],[-96.82649595,32.7481778100163],[-96.82648097,32.7483686700163],[-96.82647622,32.7485775500163],[-96.8264971,32.7489365800163],[-96.82654109,32.7494498800163],[-96.82654091,32.7498485000163],[-96.826603,32.7506960400163],[-96.82658795,32.7512786500163],[-96.82659498,32.7518986700163],[-96.82659592,32.7522368100163],[-96.8265967,32.7527124200163],[-96.82658068,32.7537788500164],[-96.8265792899997,32.7546282900326],[-96.826568,32.7552700600164],[-96.82657362,32.7557924600164],[-96.82656486,32.7561277300164],[-96.82611095,32.7566054600164],[-96.82558982,32.7571097700164],[-96.82517995,32.7574946200164],[-96.82468911,32.7579819400164],[-96.8245641999891,32.7580141500151],[-96.8229250710868,32.7578186294916],[-96.82287176,32.7578122700164],[-96.82213502,32.7576825500164],[-96.82193863,32.7576196300164],[-96.8217449642598,32.7574458238394]]},"properties":{"AADT_CUR":292,"RTE_NM":"1063053","RTE_PRFX":"CS","RTE_NBR":"1063053","SYSTEM":"Off"}},{"type":"Feature","geometry":{"type":"LineString","coordinates":[[-96.8109953911887,32.7714605813958],[-96.81103587,32.77151789],[-96.81128539,32.77195787],[-96.81141511,32.77229628],[-96.81148755,32.77259527],[-96.81153795,32.77303055],[-96.81159444,32.77370926],[-96.811594784465,32.7737123525212]]},"properties":{"AADT_CUR":125909,"RTE_NM":"IH0035E-LG","RTE_PRFX":"IH","RTE_NBR":"35","SYSTEM":"On"}},{"type":"Feature","geometry":{"type":"LineString","coordinates":[[-96.8472183031521,32.7589426305472],[-96.84721362,32.7589509900164],[-96.8472003688716,32.7589671863049]]},"properties":{"AADT_CUR":292,"RTE_NM":"1061720","RTE_PRFX":"CS","RTE_NBR":"1061720","SYSTEM":"Off"}},{"type":"Feature","geometry":{"type":"LineString","coordinates":[[-96.7641778569899,32.7654804533756],[-96.7641655090885,32.7654905698463]]},"properties":{"AADT_CUR":292,"RTE_NM":"1065289","RTE_PRFX":"CS","RTE_NBR":"1065289","SYSTEM":"Off"}},{"type":"Feature","geometry":{"type":"LineString","coordinates":[[-96.80789888,32.74010624],[-96.80544296,32.74010852],[-96.80484609,32.74010726],[-96.80296819,32.74011874]]},"properties":{"AADT_CUR":292,"RTE_NM":"1059250","RTE_PRFX":"CS","RTE_NBR":"1059250","SYSTEM":"Off"}},{"type":"Feature","geometry":{"type":"LineString","coordinates":[[-96.7696939364326,32.8069064793333],[-96.76852268,32.80689647],[-96.76769666,32.80689596],[-96.7675136,32.806896296],[-96.76734834,32.8068966],[-96.76689896,32.80690409],[-96.76516786,32.80690883],[-96.764231403,32.806922681],[-96.764106475,32.806920271]]},"properties":{"AADT_CUR":2729,"RTE_NM":"1058710","RTE_PRFX":"CS","RTE_NBR":"1058710","SYSTEM":"Off"}},{"type":"Feature","geometry":{"type":"LineString","coordinates":[[-96.79096974,32.79699816],[-96.79064216,32.79727544],[-96.7902928,32.79758541],[-96.79022082,32.79764627],[-96.79016492,32.79767574],[-96.79010827,32.79770245],[-96.79002583,32.79771507],[-96.78992288,32.79773702],[-96.7898298,32.79775361],[-96.78976825,32.79778025],[-96.78974072,32.79781561],[-96.78958163,32.79796325],[-96.78929887,32.79819441],[-96.78924426,32.79824176],[-96.78911024,32.79835538],[-96.78894,32.7984905],[-96.78863768,32.79876536],[-96.78822677,32.79910198],[-96.78791184,32.79935468],[-96.78699821,32.80014484],[-96.78675998,32.80034499],[-96.78623581,32.80077213],[-96.78550062,32.80138054],[-96.78504637,32.80176741],[-96.78388083,32.80274649],[-96.78295261,32.80352137],[-96.78212899,32.80424669]]},"properties":{"AADT_CUR":292,"RTE_NM":"1062957","RTE_PRFX":"CS","RTE_NBR":"1062957","SYSTEM":"Off"}},{"type":"Feature","geometry":{"type":"LineString","coordinates":[[-96.7373803245595,32.7929730870643],[-96.7373936605929,32.7921454741224],[-96.7373996842209,32.7917716524277],[-96.7374020600968,32.7916242065601]]},"properties":{"AADT_CUR":6006,"RTE_NM":"263129","RTE_PRFX":"CS","RTE_NBR":"263129","SYSTEM":"Off"}},{"type":"Feature","geometry":{"type":"LineString","coordinates":[[-96.7730134058468,32.7866117238074],[-96.77228077,32.7859277200165]]},"properties":{"AADT_CUR":292,"RTE_NM":"263813","RTE_PRFX":"CS","RTE_NBR":"263813","SYSTEM":"Off"}},{"type":"Feature","geometry":{"type":"LineString","coordinates":[[-96.74245982,32.77022336],[-96.74241915,32.77022278],[-96.74239494,32.77021282],[-96.74178763,32.76974238]]},"properties":{"AADT_CUR":292,"RTE_NM":"1065227","RTE_PRFX":"CS","RTE_NBR":"1065227","SYSTEM":"Off"}},{"type":"Feature","geometry":{"type":"LineString","coordinates":[[-96.7550492497649,32.7675654691793],[-96.75502288,32.7675936200164],[-96.75500017,32.7676255400164],[-96.75496031,32.7676622800164],[-96.7546322606795,32.7679210620719],[-96.7544881438104,32.768034748091],[-96.7544054,32.7681000200164],[-96.7543695630672,32.7681282750372],[-96.75401286,32.7684095100164],[-96.75356039,32.7687907800164]]},"properties":{"AADT_CUR":292,"RTE_NM":"1058506","RTE_PRFX":"CS","RTE_NBR":"1058506","SYSTEM":"Off"}},{"type":"Feature","geometry":{"type":"LineString","coordinates":[[-96.76441171,32.76165759],[-96.76384186,32.76118229],[-96.7630798,32.76055447]]},"properties":{"AADT_CUR":292,"RTE_NM":"1059896","RTE_PRFX":"CS","RTE_NBR":"1059896","SYSTEM":"Off"}},{"type":"Feature","geometry":{"type":"LineString","coordinates":[[-96.83543407,32.77132688],[-96.83542513,32.77215013],[-96.8354249,32.77298584],[-96.83542337,32.77410881]]},"properties":{"AADT_CUR":29,"RTE_NM":"1060389","RTE_PRFX":"CS","RTE_NBR":"1060389","SYSTEM":"Off"}},{"type":"Feature","geometry":{"type":"LineString","coordinates":[[-96.84982883,32.83020724],[-96.84960403,32.82999533],[-96.84932908,32.82976626]]},"properties":{"AADT_CUR":292,"RTE_NM":"1062832","RTE_PRFX":"CS","RTE_NBR":"1062832","SYSTEM":"Off"}},{"type":"Feature","geometry":{"type":"LineString","coordinates":[[-96.7992876648071,32.8066365312271],[-96.7992793877612,32.806649237887]]},"properties":{"AADT_CUR":292,"RTE_NM":"1059377","RTE_PRFX":"CS","RTE_NBR":"1059377","SYSTEM":"Off"}},{"type":"Feature","geometry":{"type":"LineString","coordinates":[[-96.78557934,32.80728668],[-96.78512037,32.80766385],[-96.78420989,32.80841142],[-96.78381595,32.80870838]]},"properties":{"AADT_CUR":292,"RTE_NM":"1064319","RTE_PRFX":"CS","RTE_NBR":"1064319","SYSTEM":"Off"}},{"type":"Feature","geometry":{"type":"LineString","coordinates":[[-96.81562829,32.74425415],[-96.81562307,32.74458634],[-96.81563295,32.74492324],[-96.81561784,32.74606253],[-96.81561701,32.74623434],[-96.8156137,32.74675251],[-96.81559901,32.74722652],[-96.81561903,32.74827144]]},"properties":{"AADT_CUR":10262,"RTE_NM":"1064426","RTE_PRFX":"CS","RTE_NBR":"1064426","SYSTEM":"Off"}},{"type":"Feature","geometry":{"type":"LineString","coordinates":[[-96.76496638,32.76112101],[-96.76442526,32.7606736],[-96.76370387,32.76004497],[-96.76121996,32.75795942]]},"properties":{"AADT_CUR":292,"RTE_NM":"1058042","RTE_PRFX":"CS","RTE_NBR":"1058042","SYSTEM":"Off"}},{"type":"Feature","geometry":{"type":"LineString","coordinates":[[-96.85667302,32.82955558],[-96.8552249,32.83078314],[-96.85315082,32.83253297]]},"properties":{"AADT_CUR":202,"RTE_NM":"1062401","RTE_PRFX":"CS","RTE_NBR":"1062401","SYSTEM":"Off"}},{"type":"Feature","geometry":{"type":"LineString","coordinates":[[-96.8625195635364,32.747692982319],[-96.86251682,32.747693750034],[-96.86245446,32.7477112000163],[-96.86221091,32.7477716700163],[-96.86196509,32.7478251200163],[-96.86171725,32.7478714900163],[-96.8614677,32.7479107200163],[-96.86121671,32.7479427600163],[-96.86096457,32.7479675800163],[-96.86071159,32.7479851500163],[-96.86055261,32.7479924600163],[-96.86034617,32.7480085900163],[-96.8600716,32.7480236900163],[-96.85979661,32.7480315500163],[-96.85952146,32.7480321700163],[-96.85924643,32.7480255700163],[-96.85897176,32.7480117500163],[-96.85869774,32.7479907200163],[-96.85842463,32.7479624800163],[-96.85815269,32.7479270900163],[-96.85788218,32.7478845600163],[-96.85761337,32.7478349500163],[-96.85734651,32.7477782900163],[-96.85708188,32.7477146500163],[-96.856887489332,32.7476629280397]]},"properties":{"AADT_CUR":12212,"RTE_NM":"263350","RTE_PRFX":"CS","RTE_NBR":"263350","SYSTEM":"Off"}},{"type":"Feature","geometry":{"type":"LineString","coordinates":[[-96.7376424957574,32.7818623258982],[-96.73642934,32.7818533500165],[-96.73570522,32.7818540700165],[-96.73452502,32.7818785500165]]},"properties":{"AADT_CUR":292,"RTE_NM":"1059879","RTE_PRFX":"CS","RTE_NBR":"1059879","SYSTEM":"Off"}},{"type":"Feature","geometry":{"type":"LineString","coordinates":[[-96.8425450262651,32.8160777305146],[-96.84255856,32.81606615],[-96.84351826,32.8153335],[-96.8467484,32.81404897],[-96.8472991,32.81377821],[-96.84768886,32.81354689],[-96.84821775,32.81307823],[-96.8486781,32.81261273],[-96.8496538454575,32.811019386538]]},"properties":{"AADT_CUR":55165,"RTE_NM":"263339","RTE_PRFX":"CS","RTE_NBR":"263339","SYSTEM":"Off"}},{"type":"Feature","geometry":{"type":"LineString","coordinates":[[-96.81981688,32.7641424],[-96.81982902,32.7651336],[-96.81982163,32.76603934]]},"properties":{"AADT_CUR":292,"RTE_NM":"1063729","RTE_PRFX":"CS","RTE_NBR":"1063729","SYSTEM":"Off"}},{"type":"Feature","geometry":{"type":"LineString","coordinates":[[-96.8104148632566,32.7709192723042],[-96.810207393,32.770838553],[-96.8099120528125,32.7706989636296]]},"properties":{"AADT_CUR":100508,"RTE_NM":"IH0030-KG","RTE_PRFX":"IH","RTE_NBR":"30","SYSTEM":"On"}},{"type":"Feature","geometry":{"type":"LineString","coordinates":[[-96.81028193,32.74085899],[-96.81016933,32.74086996],[-96.80969325,32.74086349],[-96.80944543,32.74083012],[-96.80934795,32.74079261]]},"properties":{"AADT_CUR":292,"RTE_NM":"1060968","RTE_PRFX":"CS","RTE_NBR":"1060968","SYSTEM":"Off"}},{"type":"Feature","geometry":{"type":"LineString","coordinates":[[-96.77227562,32.75104972],[-96.77210469,32.75114082],[-96.77196032,32.75124466],[-96.77187576,32.75132732],[-96.77185412,32.75139437],[-96.77187092,32.7514922],[-96.77193832,32.75166496]]},"properties":{"AADT_CUR":292,"RTE_NM":"1065949","RTE_PRFX":"CS","RTE_NBR":"1065949","SYSTEM":"Off"}},{"type":"Feature","geometry":{"type":"LineString","coordinates":[[-96.859712411,32.7160101070162],[-96.85970333,32.7168095000323],[-96.85970219,32.7171352500162],[-96.85968713,32.7172024000161],[-96.85965708,32.7172886000162],[-96.85958926,32.7174389100162],[-96.8594386499913,32.7176705800322],[-96.85928463,32.7179544600162],[-96.85923419,32.7180885000162],[-96.8591959999999,32.7185264700324],[-96.8591921300001,32.7194404900324],[-96.8591963,32.7202267800162],[-96.8591935050016,32.7203138640536],[-96.859184931,32.7205810040162],[-96.859150949,32.7207567270162],[-96.859078846,32.7209840670162],[-96.85901932,32.7212251100162],[-96.85900894,32.7214779000162],[-96.8590123999998,32.7220827300324],[-96.859006956,32.7226346470162],[-96.859023253,32.7228796260162],[-96.859027081,32.7229433510162],[-96.859057886,32.7229936700162],[-96.8590658975881,32.7230010613174]]},"properties":{"AADT_CUR":292,"RTE_NM":"1064397","RTE_PRFX":"CS","RTE_NBR":"1064397","SYSTEM":"Off"}},{"type":"Feature","geometry":{"type":"LineString","coordinates":[[-96.76820416,32.81329056],[-96.76692086,32.81329416],[-96.76671646,32.81329062],[-96.76665636,32.81328978],[-96.76660704,32.81331447],[-96.76658547,32.81336018],[-96.76657806,32.81341361]]},"properties":{"AADT_CUR":292,"RTE_NM":"1061442","RTE_PRFX":"CS","RTE_NBR":"1061442","SYSTEM":"Off"}},{"type":"Feature","geometry":{"type":"LineString","coordinates":[[-96.7842508727421,32.7928909262264],[-96.78424567,32.7928864000165],[-96.78357137,32.7922846700165],[-96.78310409,32.7918754700165],[-96.78258585,32.7914092200165]]},"properties":{"AADT_CUR":292,"RTE_NM":"1060586","RTE_PRFX":"CS","RTE_NBR":"1060586","SYSTEM":"Off"}},{"type":"Feature","geometry":{"type":"LineString","coordinates":[[-96.7923278372667,32.7944713625773],[-96.792155592,32.7946030920166],[-96.79161839,32.7950909500165],[-96.79135089,32.7953333200165],[-96.791180619,32.7954675720165],[-96.79108408,32.7955399600165],[-96.79013623,32.7962939300166]]},"properties":{"AADT_CUR":292,"RTE_NM":"1060582","RTE_PRFX":"CS","RTE_NBR":"1060582","SYSTEM":"Off"}},{"type":"Feature","geometry":{"type":"LineString","coordinates":[[-96.8228447484893,32.745074523194],[-96.82284414,32.7450455100163]]},"properties":{"AADT_CUR":5697,"RTE_NM":"262949","RTE_PRFX":"CS","RTE_NBR":"262949","SYSTEM":"Off"}},{"type":"Feature","geometry":{"type":"LineString","coordinates":[[-96.82015917,32.75276167],[-96.81906098,32.75277295],[-96.81830067,32.7527654],[-96.81754324,32.75277716],[-96.81664161,32.75275945],[-96.81615605,32.75275975],[-96.81562808,32.75276634]]},"properties":{"AADT_CUR":292,"RTE_NM":"1060081","RTE_PRFX":"CS","RTE_NBR":"1060081","SYSTEM":"Off"}},{"type":"Feature","geometry":{"type":"LineString","coordinates":[[-96.7704725032141,32.7727120796707],[-96.7704598968118,32.7727021685514]]},"properties":{"AADT_CUR":321,"RTE_NM":"1061611","RTE_PRFX":"CS","RTE_NBR":"1061611","SYSTEM":"Off"}},{"type":"Feature","geometry":{"type":"LineString","coordinates":[[-96.7353757906718,32.8306135008795],[-96.73536676,32.8306213200167],[-96.7353385755857,32.8306436481338]]},"properties":{"AADT_CUR":292,"RTE_NM":"1059496","RTE_PRFX":"CS","RTE_NBR":"1059496","SYSTEM":"Off"}},{"type":"Feature","geometry":{"type":"LineString","coordinates":[[-96.74256173,32.82340916],[-96.74254907,32.82330864],[-96.74253373,32.82322045],[-96.74251491,32.82314321],[-96.74248421,32.82309054],[-96.74244821,32.82305842],[-96.74237211,32.82299687],[-96.74228609,32.82294204],[-96.74229666,32.82290233],[-96.74229469,32.82287756],[-96.74227323,32.82285252],[-96.74224333,32.8228411],[-96.74221737,32.82283661],[-96.74218716,32.82284167],[-96.74216724,32.82286064],[-96.74214399,32.82288368],[-96.74213938,32.82291111],[-96.74214781,32.82293734],[-96.7421613,32.8229554],[-96.74217812,32.82296937],[-96.74220407,32.82297387],[-96.74223993,32.82297164],[-96.742273035127,32.8229515954053]]},"properties":{"AADT_CUR":292,"RTE_NM":"1062621","RTE_PRFX":"CS","RTE_NBR":"1062621","SYSTEM":"Off"}},{"type":"Feature","geometry":{"type":"LineString","coordinates":[[-96.7701342032483,32.8289153228216],[-96.76885711,32.8289186500167],[-96.76795029,32.8289184000167],[-96.76676936,32.8289074500167],[-96.76575438,32.8289015500167],[-96.76486826,32.8288837000167],[-96.76364671,32.8289064500167],[-96.76155006,32.8288857700167],[-96.76119189,32.8288956000167],[-96.76099568,32.8288969800167],[-96.76012267,32.8288975000167]]},"properties":{"AADT_CUR":292,"RTE_NM":"1062888","RTE_PRFX":"CS","RTE_NBR":"1062888","SYSTEM":"Off"}},{"type":"Feature","geometry":{"type":"LineString","coordinates":[[-96.8346553973458,32.8140687672253],[-96.834452755,32.813898809],[-96.834323299,32.813782507],[-96.833920383,32.812443757],[-96.833668936,32.811584109],[-96.833596386,32.811423224],[-96.83355913,32.811363104],[-96.833361401,32.811189521]]},"properties":{"AADT_CUR":292,"RTE_NM":"1065344","RTE_PRFX":"CS","RTE_NBR":"1065344","SYSTEM":"Off"}},{"type":"Feature","geometry":{"type":"LineString","coordinates":[[-96.81608765,32.82586247],[-96.81490103,32.82576805],[-96.814439,32.8257508],[-96.81394872,32.82572215],[-96.81175833,32.82571857],[-96.81075802,32.82575722],[-96.81033591,32.82578173],[-96.80963317,32.82583817],[-96.80938584,32.82587467],[-96.80908931,32.82597235],[-96.80898273,32.82605475]]},"properties":{"AADT_CUR":292,"RTE_NM":"1117234","RTE_PRFX":"CS","RTE_NBR":"1117234","SYSTEM":"Off"}},{"type":"Feature","geometry":{"type":"LineString","coordinates":[[-96.8168251149332,32.8268964846082],[-96.8168351954583,32.826908251658]]},"properties":{"AADT_CUR":292,"RTE_NM":"1117308","RTE_PRFX":"CS","RTE_NBR":"1117308","SYSTEM":"Off"}},{"type":"Feature","geometry":{"type":"LineString","coordinates":[[-96.7703502715698,32.7529830641094],[-96.77029083,32.7530276000163],[-96.77019561,32.7531142400164],[-96.76977383,32.7534726300163]]},"properties":{"AADT_CUR":292,"RTE_NM":"1062583","RTE_PRFX":"CS","RTE_NBR":"1062583","SYSTEM":"Off"}},{"type":"Feature","geometry":{"type":"LineString","coordinates":[[-96.76010781,32.81502636],[-96.76008436,32.81618065]]},"properties":{"AADT_CUR":292,"RTE_NM":"1059286","RTE_PRFX":"CS","RTE_NBR":"1059286","SYSTEM":"Off"}},{"type":"Feature","geometry":{"type":"LineString","coordinates":[[-96.8183803284913,32.7929157600334],[-96.81809516,32.7930147600165],[-96.81742535,32.7932366300165],[-96.81722167,32.7933355800165],[-96.81711096,32.7934674200165],[-96.81635903,32.7945431300166],[-96.8162957886065,32.7946485621664]]},"properties":{"AADT_CUR":788,"RTE_NM":"1060221","RTE_PRFX":"CS","RTE_NBR":"1060221","SYSTEM":"Off"}},{"type":"Feature","geometry":{"type":"LineString","coordinates":[[-96.7752167124758,32.775105289142],[-96.77520389,32.7751120400164],[-96.77489631999,32.7753950900245],[-96.7740103599903,32.7761072000244],[-96.7731686799905,32.7768006600248],[-96.77268861,32.7772228500164],[-96.77262123,32.7772988800165],[-96.77252982,32.7774392000165],[-96.7724557,32.7775275200164],[-96.77236974,32.7775964200165],[-96.77207463,32.7778369900165],[-96.77094517,32.7787683500165],[-96.77086862,32.7788552700164],[-96.7708156599978,32.7789425000311],[-96.77081006,32.7789795400165],[-96.77080114,32.7792651000165],[-96.7707959799979,32.7794095800324],[-96.77078832,32.7794685800165],[-96.77076568,32.7795452400165],[-96.77073716,32.7796314400164],[-96.7704970799941,32.7803418900313],[-96.77033877,32.7807405800165],[-96.77032171,32.7807733800165],[-96.77030447,32.7807934700165],[-96.77028337,32.7808107200165],[-96.77025903,32.7808246100165],[-96.77023222,32.7808347300165],[-96.77020373,32.7808407500165],[-96.77018618,32.7808423200165],[-96.76990617,32.7808591900165],[-96.76976172,32.7808571800165],[-96.76903177,32.7807795100165],[-96.76900409,32.7807734000165],[-96.76895452,32.7807567300165],[-96.76890876,32.7807335500165],[-96.76886799,32.7807044700165],[-96.76885242,32.7806904900165],[-96.76883955,32.7806773300165]]},"properties":{"AADT_CUR":292,"RTE_NM":"1063279","RTE_PRFX":"CS","RTE_NBR":"1063279","SYSTEM":"Off"}},{"type":"Feature","geometry":{"type":"LineString","coordinates":[[-96.79427222,32.7654893700164],[-96.793504348934,32.7662682837923],[-96.7927141399907,32.7670294800261],[-96.79201104,32.7677638300164]]},"properties":{"AADT_CUR":817,"RTE_NM":"1062592","RTE_PRFX":"CS","RTE_NBR":"1062592","SYSTEM":"Off"}},{"type":"Feature","geometry":{"type":"LineString","coordinates":[[-96.7890858185243,32.7653855625143],[-96.7890486078474,32.7653558989897]]},"properties":{"AADT_CUR":292,"RTE_NM":"1065914","RTE_PRFX":"CS","RTE_NBR":"1065914","SYSTEM":"Off"}},{"type":"Feature","geometry":{"type":"LineString","coordinates":[[-96.7707808336664,32.7541056963253],[-96.7706403982121,32.7542412158843],[-96.770519631,32.7543792110164],[-96.76999637,32.7548241700163],[-96.76930729,32.7554166200164]]},"properties":{"AADT_CUR":292,"RTE_NM":"1064231","RTE_PRFX":"CS","RTE_NBR":"1064231","SYSTEM":"Off"}},{"type":"Feature","geometry":{"type":"LineString","coordinates":[[-96.74381595,32.81276857],[-96.74110915,32.81230834],[-96.74019672,32.81214837],[-96.73988615,32.81209036],[-96.73844731,32.81184044],[-96.73677335,32.81154456],[-96.73624724,32.81143951],[-96.73575576,32.81135281],[-96.73535583,32.8112468],[-96.7349788,32.81109299],[-96.73445337,32.81070891],[-96.73396178,32.81038304],[-96.73333175,32.80993837],[-96.73181258,32.8088641],[-96.7317566,32.8086783],[-96.72972686,32.80709953],[-96.72858875,32.80622285]]},"properties":{"AADT_CUR":292,"RTE_NM":"1059500","RTE_PRFX":"CS","RTE_NBR":"1059500","SYSTEM":"Off"}},{"type":"Feature","geometry":{"type":"LineString","coordinates":[[-96.74047102,32.77640961],[-96.73968914,32.77719167],[-96.7393943,32.77745417],[-96.73856093,32.77824784]]},"properties":{"AADT_CUR":292,"RTE_NM":"1058557","RTE_PRFX":"CS","RTE_NBR":"1058557","SYSTEM":"Off"}},{"type":"Feature","geometry":{"type":"LineString","coordinates":[[-96.7733545476382,32.758034465843],[-96.7733427002121,32.7580450812492]]},"properties":{"AADT_CUR":292,"RTE_NM":"1062150","RTE_PRFX":"CS","RTE_NBR":"1062150","SYSTEM":"Off"}},{"type":"Feature","geometry":{"type":"LineString","coordinates":[[-96.7501444256107,32.7658661139736],[-96.74980812,32.7662492900164],[-96.74970702,32.7665261900164],[-96.74968242,32.7666266400164],[-96.7496875960849,32.766724735438],[-96.7496909,32.7667873500164]]},"properties":{"AADT_CUR":2307,"RTE_NM":"268073","RTE_PRFX":"CS","RTE_NBR":"268073","SYSTEM":"Off"}},{"type":"Feature","geometry":{"type":"LineString","coordinates":[[-96.75342934,32.74019124],[-96.75083899,32.7402043],[-96.74879924,32.74021544],[-96.74754526,32.74021564],[-96.74662905,32.74020133],[-96.74566083,32.74022617],[-96.74547022,32.74020149],[-96.74528792,32.74016729]]},"properties":{"AADT_CUR":292,"RTE_NM":"1064172","RTE_PRFX":"CS","RTE_NBR":"1064172","SYSTEM":"Off"}},{"type":"Feature","geometry":{"type":"LineString","coordinates":[[-96.84118424,32.77421879],[-96.84116922,32.77497871],[-96.84115373,32.77567677],[-96.84113773,32.77640232]]},"properties":{"AADT_CUR":292,"RTE_NM":"1059662","RTE_PRFX":"CS","RTE_NBR":"1059662","SYSTEM":"Off"}},{"type":"Feature","geometry":{"type":"LineString","coordinates":[[-96.7797017425829,32.7593334149835],[-96.77970093,32.7593342400164],[-96.779633806858,32.7593389601038]]},"properties":{"AADT_CUR":2445,"RTE_NM":"1060618","RTE_PRFX":"CS","RTE_NBR":"1060618","SYSTEM":"Off"}},{"type":"Feature","geometry":{"type":"LineString","coordinates":[[-96.7514853,32.82287511],[-96.75145007,32.82296946],[-96.75140697,32.82304995],[-96.75125288,32.8232691],[-96.75113736,32.82343104],[-96.75100238,32.82354735],[-96.75091504,32.8236011],[-96.75081877,32.82365336],[-96.75068937,32.82369416],[-96.75050568,32.82372181],[-96.75005261,32.82374818],[-96.74992865,32.82374976],[-96.74984723,32.82375929],[-96.74968288,32.8237556],[-96.74939799,32.82375571],[-96.74927664,32.823754],[-96.74879175,32.82374717],[-96.74854691,32.82377948],[-96.74835105,32.82380558],[-96.74798737,32.82387881],[-96.74772234,32.82394518],[-96.7475952,32.82395301],[-96.7475011,32.82393656]]},"properties":{"AADT_CUR":292,"RTE_NM":"1058405","RTE_PRFX":"CS","RTE_NBR":"1058405","SYSTEM":"Off"}},{"type":"Feature","geometry":{"type":"LineString","coordinates":[[-96.7701492862362,32.8260541752348],[-96.76898581,32.8260366300167],[-96.76794892,32.8260290700167],[-96.76576692,32.8260124300167],[-96.76362395,32.8259976500167],[-96.76242005,32.8259973400167],[-96.76183303,32.8260042600167],[-96.76155784,32.8260072900167],[-96.76125901,32.8260113700167],[-96.7601474,32.8259958200167]]},"properties":{"AADT_CUR":292,"RTE_NM":"1062501","RTE_PRFX":"CS","RTE_NBR":"1062501","SYSTEM":"Off"}},{"type":"Feature","geometry":{"type":"LineString","coordinates":[[-96.81703475,32.81777513],[-96.81699579,32.8178983],[-96.81696813,32.81794055],[-96.81692089,32.81798527],[-96.81657431,32.81827748],[-96.81562632,32.81899452],[-96.81477698,32.81974451],[-96.81474795,32.81977299],[-96.81469023,32.81985227],[-96.81379201,32.82056834],[-96.81281431,32.82134124],[-96.81194606,32.82205661],[-96.81176897,32.82220952],[-96.81136011,32.82252149],[-96.81123022,32.82263244],[-96.81110878,32.82268302],[-96.81082,32.82271001],[-96.81078683,32.82270615],[-96.80932362,32.82269039],[-96.80836799,32.82269253],[-96.80696413,32.8226803],[-96.8051312,32.82267458],[-96.80450908,32.8226881],[-96.80439485,32.82268859]]},"properties":{"AADT_CUR":292,"RTE_NM":"1061207","RTE_PRFX":"CS","RTE_NBR":"1061207","SYSTEM":"Off"}},{"type":"Feature","geometry":{"type":"LineString","coordinates":[[-96.7500095894325,32.7913530150547],[-96.749407045,32.791378501],[-96.748090079,32.791435998],[-96.746769088,32.79149575],[-96.745276437,32.791560012],[-96.744737312,32.791583687],[-96.743542398,32.79164138],[-96.74221612,32.791696897],[-96.740893699,32.791734757],[-96.739575391,32.791757306],[-96.738126996,32.791769707],[-96.7374280060051,32.7917715768234]]},"properties":{"AADT_CUR":183639,"RTE_NM":"IH0030-LG","RTE_PRFX":"IH","RTE_NBR":"30","SYSTEM":"On"}},{"type":"Feature","geometry":{"type":"LineString","coordinates":[[-96.84338167,32.7254464],[-96.8432327,32.72532483],[-96.84306575,32.7252525],[-96.84254774,32.72521397],[-96.8419957,32.72521212],[-96.84121672,32.72521546],[-96.840053049,32.725213064]]},"properties":{"AADT_CUR":292,"RTE_NM":"1063170","RTE_PRFX":"CS","RTE_NBR":"1063170","SYSTEM":"Off"}},{"type":"Feature","geometry":{"type":"LineString","coordinates":[[-96.795730392957,32.7734309190892],[-96.79573738,32.7734377500164],[-96.7957415023153,32.7734419832001]]},"properties":{"AADT_CUR":5184,"RTE_NM":"262915","RTE_PRFX":"CS","RTE_NBR":"262915","SYSTEM":"Off"}},{"type":"Feature","geometry":{"type":"LineString","coordinates":[[-96.78565487,32.78969213],[-96.78486969,32.79032322]]},"properties":{"AADT_CUR":292,"RTE_NM":"1065015","RTE_PRFX":"CS","RTE_NBR":"1065015","SYSTEM":"Off"}},{"type":"Feature","geometry":{"type":"LineString","coordinates":[[-96.7702053188783,32.8138764616232],[-96.76933873,32.8138740400166],[-96.76802274,32.8138708500166],[-96.76656874,32.8138492200166],[-96.76592149,32.8138641200166],[-96.76582263,32.8138755300166],[-96.7656165,32.8139009800166],[-96.76503424,32.8139048500166],[-96.7637129,32.8138863700167],[-96.76268791,32.8138610600166],[-96.76193681,32.8138959300166],[-96.76190915,32.8138955300167],[-96.76156576,32.8138921100166],[-96.7615449139182,32.8138917570854],[-96.76110037,32.8138842300166],[-96.76051318,32.8138622800166],[-96.75888932,32.8138285700166],[-96.75828303,32.8138255700166],[-96.75758165,32.8138157500166],[-96.75636324,32.8138165500166],[-96.75514062,32.8138255300166],[-96.75414771,32.8138239600166],[-96.75408106,32.8138189000166],[-96.75332807,32.8138262100166],[-96.75292098,32.8138342400167],[-96.7528608508735,32.8138399532245]]},"properties":{"AADT_CUR":292,"RTE_NM":"1063379","RTE_PRFX":"CS","RTE_NBR":"1063379","SYSTEM":"Off"}},{"type":"Feature","geometry":{"type":"LineString","coordinates":[[-96.7826786801857,32.7855485527551],[-96.78221004,32.7856460400165],[-96.78113223,32.7858854400165],[-96.77934417,32.7862483300165]]},"properties":{"AADT_CUR":292,"RTE_NM":"1061526","RTE_PRFX":"CS","RTE_NBR":"1061526","SYSTEM":"Off"}},{"type":"Feature","geometry":{"type":"LineString","coordinates":[[-96.78007003,32.78775388],[-96.77873004,32.78884048],[-96.77797198,32.78949665],[-96.77772233,32.78969938],[-96.77714696,32.79016562],[-96.77591675,32.79120972],[-96.77479301,32.79213296],[-96.7739808,32.79281033],[-96.77376336,32.79298739],[-96.77312367,32.79353658],[-96.77228199,32.79422179],[-96.77164618,32.79478064],[-96.77145464,32.79496354]]},"properties":{"AADT_CUR":292,"RTE_NM":"1066383","RTE_PRFX":"CS","RTE_NBR":"1066383","SYSTEM":"Off"}},{"type":"Feature","geometry":{"type":"LineString","coordinates":[[-96.8430019362841,32.7352324853973],[-96.8430058551031,32.7352466231873]]},"properties":{"AADT_CUR":292,"RTE_NM":"1064378","RTE_PRFX":"CS","RTE_NBR":"1064378","SYSTEM":"Off"}},{"type":"Feature","geometry":{"type":"LineString","coordinates":[[-96.7562373508855,32.7692490221817],[-96.75622591,32.7692584400164],[-96.756212906604,32.7692693989887]]},"properties":{"AADT_CUR":2818,"RTE_NM":"1062719","RTE_PRFX":"CS","RTE_NBR":"1062719","SYSTEM":"Off"}},{"type":"Feature","geometry":{"type":"LineString","coordinates":[[-96.81703475,32.8177751300167],[-96.8170901,32.8174322300167],[-96.81708997,32.8173525100166],[-96.81706277,32.8172848000166],[-96.81700238,32.8172083800167],[-96.81691194,32.8171274300166],[-96.81651485,32.8167784300166],[-96.81582082,32.8162096000167],[-96.81525016,32.8157015300166],[-96.81457508,32.8151205800166],[-96.8140009903531,32.8146104646488]]},"properties":{"AADT_CUR":292,"RTE_NM":"1065694","RTE_PRFX":"CS","RTE_NBR":"1065694","SYSTEM":"Off"}},{"type":"Feature","geometry":{"type":"LineString","coordinates":[[-96.82770801,32.81127867],[-96.82757097,32.81112289],[-96.82720268,32.81080041],[-96.82660024,32.81029198],[-96.82576802,32.80962787],[-96.82522983,32.80916566]]},"properties":{"AADT_CUR":292,"RTE_NM":"1057771","RTE_PRFX":"CS","RTE_NBR":"1057771","SYSTEM":"Off"}},{"type":"Feature","geometry":{"type":"LineString","coordinates":[[-96.8193323850782,32.7976311842017],[-96.82098018,32.79526814],[-96.82158846,32.79442687],[-96.8223753230965,32.7933527505675]]},"properties":{"AADT_CUR":11730,"RTE_NM":"263553","RTE_PRFX":"CS","RTE_NBR":"263553","SYSTEM":"Off"}},{"type":"Feature","geometry":{"type":"LineString","coordinates":[[-96.81903143,32.7809495],[-96.81859423,32.781011],[-96.8176462,32.78117392],[-96.81676947,32.78126303],[-96.81541608,32.78141027],[-96.8145022,32.78157981],[-96.81337504,32.78174997],[-96.81312279,32.78177049],[-96.81282584,32.78177073],[-96.81259056,32.78175995],[-96.81241076,32.78174425],[-96.81220405,32.78171584],[-96.81098536,32.78140732],[-96.81077936,32.78134636],[-96.81061384,32.78128279],[-96.81048921,32.78120577],[-96.81035069,32.78107008],[-96.81027399,32.78096723],[-96.81019774,32.78081991],[-96.8101457,32.78066544],[-96.81014669,32.78051099],[-96.81019582,32.78036551],[-96.81032199,32.78021249],[-96.81044922,32.78014092],[-96.81055974,32.78010188],[-96.81070825,32.78009233],[-96.8108396,32.78012847],[-96.81095232,32.78017733],[-96.81104069,32.78025416],[-96.81109714,32.78035216],[-96.81110928,32.78045348],[-96.81111819,32.78114077],[-96.81112013,32.78190998],[-96.81113036,32.78267266],[-96.81118206,32.78294064]]},"properties":{"AADT_CUR":3088,"RTE_NM":"1599253336","RTE_PRFX":"IH","RTE_NBR":"35","SYSTEM":"On"}},{"type":"Feature","geometry":{"type":"LineString","coordinates":[[-96.8102433737621,32.8075529653531],[-96.81024605,32.8075554800166],[-96.810267390368,32.8075736917074]]},"properties":{"AADT_CUR":1298,"RTE_NM":"1060820","RTE_PRFX":"CS","RTE_NBR":"1060820","SYSTEM":"Off"}},{"type":"Feature","geometry":{"type":"LineString","coordinates":[[-96.7851527480779,32.7921268967283],[-96.78515217,32.7921264],[-96.78499609,32.7919923],[-96.78496883,32.79197131],[-96.78462916,32.79169583],[-96.78439784,32.79149746],[-96.78419766,32.79132975],[-96.78398886,32.79114542],[-96.78326538,32.79060487],[-96.78323734,32.79058248],[-96.78305902,32.79042058],[-96.78286628,32.79024747],[-96.78250701,32.789892],[-96.782109087,32.78953531],[-96.78196972,32.78944334],[-96.78156231,32.78909546],[-96.78147172,32.78902547],[-96.78137017,32.78893335],[-96.78087294,32.78847563],[-96.78047261,32.7881402],[-96.78007003,32.78775388],[-96.77991966,32.78761985],[-96.77974905,32.78748141],[-96.77961785,32.7873655],[-96.77955696,32.78731655],[-96.77953867,32.78729431],[-96.7795163,32.78727338],[-96.77951322,32.78722248],[-96.77950474,32.78715638],[-96.77950376,32.787099672],[-96.77949899,32.78682366],[-96.77948524,32.7867355],[-96.77948485,32.78671351],[-96.77946163,32.78661009],[-96.77934417,32.78624833],[-96.77913971,32.78558833],[-96.778911733,32.784852404],[-96.77890925,32.78484439]]},"properties":{"AADT_CUR":7183,"RTE_NM":"1063030","RTE_PRFX":"CS","RTE_NBR":"1063030","SYSTEM":"Off"}},{"type":"Feature","geometry":{"type":"LineString","coordinates":[[-96.85622983,32.8138952000166],[-96.85622925,32.8139708000167],[-96.85619325,32.8140252900166],[-96.85609061,32.8141174100167],[-96.85602642,32.8142004200166],[-96.85597066,32.8143096300166],[-96.85580297,32.8148393600166],[-96.85567021,32.8151949900166],[-96.85564869,32.8153898900166],[-96.85564896,32.8158146200166],[-96.85565331,32.8166338900166],[-96.85563917,32.8166941800166],[-96.8559887649112,32.8173395386626]]},"properties":{"AADT_CUR":292,"RTE_NM":"1064138","RTE_PRFX":"CS","RTE_NBR":"1064138","SYSTEM":"Off"}},{"type":"Feature","geometry":{"type":"LineString","coordinates":[[-96.85093285,32.71418212],[-96.85092192,32.71455174],[-96.8509217,32.71513316],[-96.85093439,32.71554431],[-96.85094892,32.71568058],[-96.85104108,32.71583988],[-96.85115098,32.71596368],[-96.85161419,32.71636844],[-96.85230399,32.71696039],[-96.85301075,32.71755944],[-96.85347571,32.71795735],[-96.8536594,32.7182237],[-96.85371192,32.71832886],[-96.85375308,32.71852046],[-96.85374526,32.71933683],[-96.85375765,32.72020296],[-96.85375482,32.7203555],[-96.85373371,32.72136275],[-96.85372407,32.72232205],[-96.85370206,32.72328944],[-96.85367595,32.72412757],[-96.85366159,32.72420023],[-96.85363314,32.72428782]]},"properties":{"AADT_CUR":292,"RTE_NM":"1064429","RTE_PRFX":"CS","RTE_NBR":"1064429","SYSTEM":"Off"}},{"type":"Feature","geometry":{"type":"LineString","coordinates":[[-96.74738864,32.82493153],[-96.74739813,32.82539901],[-96.74740738,32.82579639],[-96.74740693,32.82627198],[-96.74740726,32.82670909],[-96.74740731,32.8275297],[-96.74742525,32.8284344],[-96.74743373,32.82854037],[-96.74741632,32.82888651],[-96.74741634,32.82900884],[-96.74747976,32.82917743],[-96.74752476,32.82933064],[-96.74758393,32.82946755],[-96.74762412,32.82953411],[-96.7477431,32.82969248],[-96.7479413,32.82991932],[-96.74816995,32.83017133],[-96.74820769,32.83019798]]},"properties":{"AADT_CUR":292,"RTE_NM":"1063301","RTE_PRFX":"CS","RTE_NBR":"1063301","SYSTEM":"Off"}},{"type":"Feature","geometry":{"type":"LineString","coordinates":[[-96.79033734,32.72843354],[-96.78928288,32.72883114],[-96.78820697,32.72926461]]},"properties":{"AADT_CUR":292,"RTE_NM":"1060386","RTE_PRFX":"CS","RTE_NBR":"1060386","SYSTEM":"Off"}},{"type":"Feature","geometry":{"type":"LineString","coordinates":[[-96.84767412,32.76309589],[-96.8469226,32.76285232],[-96.84684295,32.76283719],[-96.84678012,32.76284089],[-96.84669734,32.76286559],[-96.84640737,32.76296606],[-96.84627385,32.7630058],[-96.84603,32.76306299],[-96.8458308,32.76310158],[-96.84552261,32.76314008],[-96.84523693,32.76315004],[-96.84498364,32.76316727],[-96.84470486,32.76315532],[-96.84447802,32.76314955],[-96.84425705,32.76313423],[-96.84411411,32.76312271],[-96.84384769,32.76305867],[-96.843443,32.76303817],[-96.8433786,32.76304556],[-96.843297,32.76305959],[-96.84309176,32.76311733],[-96.84285698,32.76318843]]},"properties":{"AADT_CUR":292,"RTE_NM":"1061733","RTE_PRFX":"CS","RTE_NBR":"1061733","SYSTEM":"Off"}},{"type":"Feature","geometry":{"type":"LineString","coordinates":[[-96.79566877,32.72868568],[-96.79568931,32.72888665],[-96.79572006,32.72906302],[-96.79580704,32.7293185]]},"properties":{"AADT_CUR":292,"RTE_NM":"1260607","RTE_PRFX":"CS","RTE_NBR":"1260607","SYSTEM":"Off"}},{"type":"Feature","geometry":{"type":"LineString","coordinates":[[-96.79482816,32.73485964],[-96.79407433,32.73524242],[-96.79398727,32.73528659],[-96.79387808,32.73534144],[-96.79372395,32.73540668]]},"properties":{"AADT_CUR":292,"RTE_NM":"1060745","RTE_PRFX":"CS","RTE_NBR":"1060745","SYSTEM":"Off"}},{"type":"Feature","geometry":{"type":"LineString","coordinates":[[-96.7860855286395,32.8282991627107],[-96.78613566,32.8281710800501],[-96.78632523,32.8278396800501],[-96.78657899,32.8273442200501],[-96.786580036447,32.8273422210295],[-96.7875695294724,32.8254519560161],[-96.7877760468303,32.8250532739651],[-96.78794404,32.82477474005],[-96.78820434,32.82440446005],[-96.78860672,32.8237570800501],[-96.7889626415665,32.8231956217229],[-96.78927711,32.8225924500501],[-96.78953951,32.8220709700501],[-96.7897973127158,32.8215550273759],[-96.78994802,32.8212724800501],[-96.79024524,32.8207171200499],[-96.79067423,32.8199134100499],[-96.7906814017208,32.8199006452666],[-96.79109648,32.81916185005],[-96.79130158,32.8187399300499],[-96.791536748887,32.8182856868223],[-96.79169937,32.8179907600501],[-96.79194557,32.8175061800499],[-96.7924017666107,32.8166270292338]]},"properties":{"AADT_CUR":3697,"RTE_NM":"263073","RTE_PRFX":"CS","RTE_NBR":"263073","SYSTEM":"Off"}},{"type":"Feature","geometry":{"type":"LineString","coordinates":[[-96.8116772234219,32.7823150014855],[-96.81167743,32.78231868],[-96.81168333,32.78242391],[-96.81169005,32.78254246],[-96.81176231,32.78337654],[-96.81186996,32.78432878],[-96.8119564,32.78518245],[-96.81200037,32.78553424],[-96.81204283,32.7858102],[-96.81211409,32.78617411],[-96.81227915,32.7868],[-96.81238763,32.78712724],[-96.81293872,32.78899724],[-96.81343406,32.79060789],[-96.81392413,32.79224016],[-96.81445398,32.79393356],[-96.81467248,32.79458479],[-96.81484798,32.79515145],[-96.81496152,32.79547849],[-96.81509447,32.7957735],[-96.81528112,32.79608675],[-96.81541956,32.79628492],[-96.81571652,32.7966333],[-96.81584073,32.79675072],[-96.81595815,32.79686524],[-96.8160649,32.79695937],[-96.8162619,32.79711173],[-96.81657244,32.79732134],[-96.81685871,32.79750572],[-96.81738954,32.79781626],[-96.81805615,32.79820067],[-96.8185904,32.79850716],[-96.8186619525919,32.7985478914612]]},"properties":{"AADT_CUR":280794,"RTE_NM":"IH0035E-RG","RTE_PRFX":"IH","RTE_NBR":"35","SYSTEM":"On"}},{"type":"Feature","geometry":{"type":"LineString","coordinates":[[-96.8001816831439,32.7827646426835],[-96.8001758,32.7827657800165],[-96.79971584,32.7831485200165],[-96.7989571,32.7837656900165],[-96.798199,32.7843937400165]]},"properties":{"AADT_CUR":292,"RTE_NM":"1060473","RTE_PRFX":"CS","RTE_NBR":"1060473","SYSTEM":"Off"}},{"type":"Feature","geometry":{"type":"LineString","coordinates":[[-96.82979616,32.77147946],[-96.82981098,32.77318755]]},"properties":{"AADT_CUR":292,"RTE_NM":"1066163","RTE_PRFX":"CS","RTE_NBR":"1066163","SYSTEM":"Off"}},{"type":"Feature","geometry":{"type":"LineString","coordinates":[[-96.8217643213846,32.7494403173662],[-96.82177683,32.7506983400163],[-96.82175404,32.7522509500163],[-96.82174219,32.7537901700164],[-96.82172288,32.7547992400163],[-96.82171004,32.7572430100164],[-96.821724,32.7573641700163],[-96.8217454669375,32.7574031696089]]},"properties":{"AADT_CUR":292,"RTE_NM":"1063007","RTE_PRFX":"CS","RTE_NBR":"1063007","SYSTEM":"Off"}},{"type":"Feature","geometry":{"type":"LineString","coordinates":[[-96.7882481609299,32.8170320493037],[-96.7876747899799,32.8168219100421],[-96.7867489699897,32.8164641400473],[-96.78662341,32.8164335500498],[-96.78650362,32.81639891005],[-96.78637826,32.8163573200498],[-96.78597983,32.8162116300499],[-96.7856703799844,32.8160932800356],[-96.78536574,32.8158114100499],[-96.7849118499925,32.8154189100431],[-96.78472309,32.8152472400499],[-96.78462809,32.8151510800498],[-96.78456837,32.8150829200498],[-96.7845407,32.8149986700499],[-96.784541,32.8149409600498],[-96.78458088,32.8147724300498]]},"properties":{"AADT_CUR":292,"RTE_NM":"1062126","RTE_PRFX":"CS","RTE_NBR":"1062126","SYSTEM":"Off"}},{"type":"Feature","geometry":{"type":"LineString","coordinates":[[-96.8556837244099,32.7626523840095],[-96.8556381,32.7625746500164],[-96.8554902,32.7623472700164],[-96.85540402,32.7622567900164],[-96.85530997,32.7621964400164],[-96.85522978,32.7621788800164],[-96.85471113,32.7621623900164],[-96.85408369,32.7621788300164],[-96.85270578,32.7621798200164],[-96.85089914,32.7622273400164]]},"properties":{"AADT_CUR":292,"RTE_NM":"1058043","RTE_PRFX":"CS","RTE_NBR":"1058043","SYSTEM":"Off"}},{"type":"Feature","geometry":{"type":"LineString","coordinates":[[-96.73354691,32.7922673400165],[-96.7335316827875,32.7929584719715]]},"properties":{"AADT_CUR":292,"RTE_NM":"1058501","RTE_PRFX":"CS","RTE_NBR":"1058501","SYSTEM":"Off"}},{"type":"Feature","geometry":{"type":"LineString","coordinates":[[-96.8029348304149,32.7798477593139],[-96.80120485,32.7802094700165],[-96.80107169,32.7802379000165],[-96.80099487,32.7802560900165],[-96.80096708,32.7802625800165],[-96.80092061,32.7802674500165],[-96.80018937,32.7804292700165],[-96.799584009899,32.7805556004939],[-96.79950322,32.7805724600165],[-96.79907436,32.7806628300165],[-96.79834254,32.7808165100165],[-96.79711135,32.7810785600165],[-96.79569238,32.7813793800165],[-96.7941809917635,32.7817037236003],[-96.79414508,32.7817114300164],[-96.7924404573931,32.7820740026222],[-96.79203573,32.7821608000165],[-96.7912094154095,32.782340468189],[-96.79111172,32.7823617100165],[-96.79032164,32.7825199800165],[-96.7901290060642,32.782561426239],[-96.7894143690634,32.7827151814091],[-96.7884489976937,32.7829228754168],[-96.7883078443985,32.7829532430473],[-96.7881678200502,32.7829833676264],[-96.7875751894437,32.7831108631989],[-96.78735162,32.7831589600165],[-96.78646989,32.7833334700165],[-96.78635505,32.7833547500165]]},"properties":{"AADT_CUR":11628,"RTE_NM":"1062403","RTE_PRFX":"CS","RTE_NBR":"1062403","SYSTEM":"Off"}},{"type":"Feature","geometry":{"type":"LineString","coordinates":[[-96.83792402,32.7278971900162],[-96.8367842132058,32.7279025588717]]},"properties":{"AADT_CUR":292,"RTE_NM":"1063694","RTE_PRFX":"CS","RTE_NBR":"1063694","SYSTEM":"Off"}},{"type":"Feature","geometry":{"type":"LineString","coordinates":[[-96.82804263,32.72508566],[-96.82736484,32.72506965],[-96.82668587,32.72507289]]},"properties":{"AADT_CUR":292,"RTE_NM":"1063603","RTE_PRFX":"CS","RTE_NBR":"1063603","SYSTEM":"Off"}},{"type":"Feature","geometry":{"type":"LineString","coordinates":[[-96.76593349,32.78651974],[-96.76559344,32.78680223],[-96.764669145,32.787589297],[-96.763794876,32.788330909]]},"properties":{"AADT_CUR":499,"RTE_NM":"IH0030-AG","RTE_PRFX":"IH","RTE_NBR":"30","SYSTEM":"On"}},{"type":"Feature","geometry":{"type":"LineString","coordinates":[[-96.7914558521879,32.7989555280364],[-96.79145927,32.7989594800165],[-96.79125588,32.7991257600166],[-96.79106223,32.7992935500166],[-96.79096772,32.7993843400166],[-96.7908394,32.7994980300166],[-96.79074415,32.7995847000166],[-96.79067464,32.7996442200166],[-96.79064635,32.7996768300166],[-96.79050567,32.7997986000165],[-96.79036174,32.7999189600166],[-96.79020797,32.8000446800165],[-96.79017476,32.8000785900166],[-96.78966717,32.8004908400166],[-96.78961714,32.8005533800166],[-96.78957207,32.8006118700166],[-96.78954173,32.8006664300166],[-96.7895289,32.8007404800166]]},"properties":{"AADT_CUR":292,"RTE_NM":"1061923","RTE_PRFX":"CS","RTE_NBR":"1061923","SYSTEM":"Off"}},{"type":"Feature","geometry":{"type":"LineString","coordinates":[[-96.7763504820048,32.7591819370585],[-96.77724083,32.7599286400164],[-96.77819066,32.7607014400164],[-96.7782103403441,32.7607190762245],[-96.77882787,32.7612724600164],[-96.77919597,32.7615854400164],[-96.77975725,32.7620454400164],[-96.78008292,32.7623234800164],[-96.78032763,32.7625399200164],[-96.7807046,32.7628571600164],[-96.7813491908848,32.7634219909252]]},"properties":{"AADT_CUR":292,"RTE_NM":"1061411","RTE_PRFX":"CS","RTE_NBR":"1061411","SYSTEM":"Off"}},{"type":"Feature","geometry":{"type":"LineString","coordinates":[[-96.8068789471425,32.7692881761685],[-96.806703103,32.769230498],[-96.806461033,32.769165656],[-96.806157272,32.769103634],[-96.805892404,32.769059091],[-96.805887016181,32.7690585473467]]},"properties":{"AADT_CUR":100508,"RTE_NM":"IH0030-LG","RTE_PRFX":"IH","RTE_NBR":"30","SYSTEM":"On"}},{"type":"Feature","geometry":{"type":"LineString","coordinates":[[-96.78810708,32.7435217800163],[-96.7889376878912,32.7463264354828]]},"properties":{"AADT_CUR":292,"RTE_NM":"1058078","RTE_PRFX":"CS","RTE_NBR":"1058078","SYSTEM":"Off"}},{"type":"Feature","geometry":{"type":"LineString","coordinates":[[-96.79373236,32.73505353],[-96.79363017,32.73503976],[-96.7935896,32.73503508],[-96.793567,32.73502653],[-96.79353887,32.73500963],[-96.79350915,32.73498998],[-96.7930538,32.73474795],[-96.79240301,32.73442902]]},"properties":{"AADT_CUR":292,"RTE_NM":"1060745","RTE_PRFX":"CS","RTE_NBR":"1060745","SYSTEM":"Off"}},{"type":"Feature","geometry":{"type":"LineString","coordinates":[[-96.7645967618552,32.7533810934423],[-96.7643518,32.75311593],[-96.76378277,32.75251003],[-96.76332449,32.75202548],[-96.76287028,32.75152896],[-96.76244858,32.7510538],[-96.76199031,32.7505889],[-96.76156861,32.75011289],[-96.76118451,32.74969071],[-96.76072928,32.74917196],[-96.76028015,32.74864039],[-96.75985236,32.74807121],[-96.75946521,32.74756185],[-96.75918719,32.74716948],[-96.75892945,32.74679968],[-96.75876741,32.74650268],[-96.75861151,32.74621573],[-96.7584359851437,32.7458817466243]]},"properties":{"AADT_CUR":14710,"RTE_NM":"SH0310-LG","RTE_PRFX":"SH","RTE_NBR":"310","SYSTEM":"On"}},{"type":"Feature","geometry":{"type":"LineString","coordinates":[[-96.77776319,32.78792951],[-96.77770368,32.78789295],[-96.777072534,32.787367668],[-96.776978392,32.78724122],[-96.776934685,32.787083935]]},"properties":{"AADT_CUR":292,"RTE_NM":"1063556","RTE_PRFX":"CS","RTE_NBR":"1063556","SYSTEM":"Off"}},{"type":"Feature","geometry":{"type":"LineString","coordinates":[[-96.76793695,32.79367201],[-96.76729713,32.79314351],[-96.76673683,32.79266835]]},"properties":{"AADT_CUR":292,"RTE_NM":"1063005","RTE_PRFX":"CS","RTE_NBR":"1063005","SYSTEM":"Off"}},{"type":"Feature","geometry":{"type":"LineString","coordinates":[[-96.8738548,32.77110675],[-96.87366968,32.77110233],[-96.87365141,32.7711028],[-96.87351472,32.77111043],[-96.87337887,32.7711253],[-96.8732444,32.77114734],[-96.87311182,32.77117648],[-96.87298167,32.77121258],[-96.87285446,32.77125552],[-96.8727307,32.77130514],[-96.87269906,32.77131914],[-96.87169014,32.77194198],[-96.87162769,32.77198304],[-96.87154537,32.77204505],[-96.87146897,32.77211225],[-96.87139897,32.77218424],[-96.87133579,32.77226061],[-96.87127979,32.77234088],[-96.87123134,32.77242458],[-96.87119071,32.7725112],[-96.87115813,32.77260021],[-96.87113398,32.77269041],[-96.87111759,32.7742865],[-96.87111923,32.77431039],[-96.87112037,32.77440675],[-96.87111278,32.77450289],[-96.8710965,32.77459826],[-96.87107162,32.77469229],[-96.87103831,32.77478443],[-96.87099674,32.77487416],[-96.87094716,32.77496094],[-96.87088986,32.77504424],[-96.87082517,32.7751236],[-96.8707535,32.77519855],[-96.87067524,32.77526864],[-96.87059086,32.77533347],[-96.87050085,32.77539264],[-96.87040574,32.77544582],[-96.8703061,32.7754927],[-96.87020249,32.77553299],[-96.87009555,32.77556647],[-96.86998588,32.77559293],[-96.86987414,32.77561223],[-96.86976097,32.77562423],[-96.86965222,32.77562883],[-96.86962136,32.77562835],[-96.86950525,32.77562191],[-96.86939004,32.77560814],[-96.86927637,32.77558714],[-96.86916487,32.77555902],[-96.86914831,32.77555418],[-96.86892756,32.77550717],[-96.86587805,32.77510029],[-96.86547462,32.77497585],[-96.86538889,32.77495039],[-96.86524,32.77490009],[-96.86509455,32.77484306],[-96.86495298,32.77477945],[-96.86481568,32.77470947],[-96.86468308,32.7746333],[-96.86455554,32.77455118],[-96.86443346,32.77446336],[-96.86431718,32.77437007],[-96.86420706,32.77427161],[-96.86410593,32.77417091],[-96.86329647,32.77326458],[-96.86322243,32.77319631],[-96.86313604,32.77312709],[-96.86304391,32.77306339],[-96.86294651,32.77300552],[-96.86284437,32.77295383],[-96.86273803,32.77290856],[-96.86262808,32.77286998],[-96.86251508,32.77283828],[-96.86240991,32.77281552],[-96.86143461,32.77280258],[-96.85847028,32.77280452],[-96.8565966665587,32.7727699579174]]},"properties":{"AADT_CUR":2450,"RTE_NM":"263082","RTE_PRFX":"CS","RTE_NBR":"263082","SYSTEM":"Off"}},{"type":"Feature","geometry":{"type":"LineString","coordinates":[[-96.77224161,32.76278382],[-96.77159249,32.76215762],[-96.77122302,32.76174976],[-96.77102204,32.76150228],[-96.7702509,32.76058711],[-96.76940384,32.75964199],[-96.76885189,32.75899927],[-96.76860375,32.75871127],[-96.76833159,32.75836109],[-96.76782763,32.75771766],[-96.76734152,32.75703734],[-96.7670135,32.75663278],[-96.76680698,32.75642097],[-96.76641951,32.75601969],[-96.76620456,32.75578163],[-96.76556114,32.75495206],[-96.76514395,32.7544074],[-96.76491707,32.75411558],[-96.764383373115,32.7534751791897]]},"properties":{"AADT_CUR":685,"RTE_NM":"SH0310-XG","RTE_PRFX":"SH","RTE_NBR":"310","SYSTEM":"On"}},{"type":"Feature","geometry":{"type":"LineString","coordinates":[[-96.76613266,32.75625623],[-96.76597963,32.75613726],[-96.76551431,32.75572527],[-96.76506081,32.75533269]]},"properties":{"AADT_CUR":292,"RTE_NM":"1058067","RTE_PRFX":"CS","RTE_NBR":"1058067","SYSTEM":"Off"}},{"type":"Feature","geometry":{"type":"LineString","coordinates":[[-96.7489232357218,32.8165094255044],[-96.74892325,32.8165092600166],[-96.74888599,32.8163355500167],[-96.74882721,32.8161793900166],[-96.74875789,32.8159804700166],[-96.74867966,32.8158199300167],[-96.74857215,32.8156589700166],[-96.74849274,32.8155588800166],[-96.74835469,32.8154194800166],[-96.74824693,32.8153533600166],[-96.7480801,32.8152699200167],[-96.74787025,32.8151803600167],[-96.74768666,32.8151214200166],[-96.74746184,32.8150893900166],[-96.74675375,32.8150477900166],[-96.7464108,32.8150223400166],[-96.74622442,32.8150224600166],[-96.74605706,32.8150063600166],[-96.74590977,32.8150056600166],[-96.74581281,32.8150111600166],[-96.74569137,32.8150190700166],[-96.74556861,32.8150530700166],[-96.74546732,32.8150722600166],[-96.74533009,32.8151376900166],[-96.74516324,32.8152205500167],[-96.74508378,32.8152867900166],[-96.7449472,32.8154030800166],[-96.74487803,32.8154845700166],[-96.74480037,32.8155838100166],[-96.74468199,32.8157251000167],[-96.74456383,32.8158980000166],[-96.74444597,32.8160956400166],[-96.7444211105413,32.8162469651462]]},"properties":{"AADT_CUR":292,"RTE_NM":"1059532","RTE_PRFX":"CS","RTE_NBR":"1059532","SYSTEM":"Off"}},{"type":"Feature","geometry":{"type":"LineString","coordinates":[[-96.7856247,32.7177275000162],[-96.78804598,32.7185473200161],[-96.7903068204261,32.7194001583122],[-96.79103192,32.7196736700162],[-96.79125973,32.7197496400162],[-96.79145224,32.7198004000162],[-96.79167959,32.7198585100162],[-96.79198624,32.7199355700162],[-96.79220593,32.7199688400162],[-96.79226064,32.7199984600162],[-96.79226768,32.7200549100162],[-96.79226828,32.7201085200162],[-96.79222525,32.7201904100162],[-96.79212504,32.7202852500162],[-96.79201394,32.7203552000162],[-96.79151069,32.7205654600162],[-96.78812483,32.7219786400162],[-96.78703067,32.7224322800162],[-96.78677327,32.7225414400162],[-96.7865227,32.7226754400162],[-96.78640802,32.7227618400162],[-96.78632064,32.7228664800162],[-96.78621271,32.7231082900162],[-96.7860951,32.7233884500162],[-96.78605223,32.7236297800162],[-96.78604974,32.7240957100162],[-96.78601691,32.7247014400162],[-96.78599861,32.7247644200162],[-96.78593394,32.7248295000162],[-96.78581969,32.7248939000162],[-96.7856141717849,32.7250039097259]]},"properties":{"AADT_CUR":292,"RTE_NM":"1065681","RTE_PRFX":"CS","RTE_NBR":"1065681","SYSTEM":"Off"}},{"type":"Feature","geometry":{"type":"LineString","coordinates":[[-96.7376309788417,32.7825961336966],[-96.73658135,32.7825964000165],[-96.73571275,32.7826211800165],[-96.73492276,32.7826196000165]]},"properties":{"AADT_CUR":292,"RTE_NM":"1058208","RTE_PRFX":"CS","RTE_NBR":"1058208","SYSTEM":"Off"}},{"type":"Feature","geometry":{"type":"LineString","coordinates":[[-96.7341578,32.76517105],[-96.733843,32.76492603],[-96.73295161,32.76414223],[-96.7325357,32.76378718],[-96.73204289,32.76337193],[-96.73180467,32.76316236],[-96.73178719,32.76314149]]},"properties":{"AADT_CUR":292,"RTE_NM":"1058144","RTE_PRFX":"CS","RTE_NBR":"1058144","SYSTEM":"Off"}},{"type":"Feature","geometry":{"type":"LineString","coordinates":[[-96.856812719038,32.7348525116352],[-96.85520334,32.7346369],[-96.85489431,32.73463088],[-96.85295695,32.73488068],[-96.8523504,32.73498813],[-96.85165126,32.73500083],[-96.85042717,32.7350162],[-96.84921012,32.7350028],[-96.8442975026989,32.735012596753]]},"properties":{"AADT_CUR":8987,"RTE_NM":"263051","RTE_PRFX":"CS","RTE_NBR":"263051","SYSTEM":"Off"}},{"type":"Feature","geometry":{"type":"LineString","coordinates":[[-96.82745926,32.80949393],[-96.82706728,32.80986666],[-96.82660024,32.81029198],[-96.82610222,32.81072101],[-96.82557303,32.81116199],[-96.8247681,32.81185354],[-96.82440787,32.81218133],[-96.82394462,32.81257782],[-96.82281273,32.81355773],[-96.8221636,32.81414141],[-96.82157211,32.81469011],[-96.8209878,32.81524579],[-96.82035275,32.8158585]]},"properties":{"AADT_CUR":292,"RTE_NM":"1061207","RTE_PRFX":"CS","RTE_NBR":"1061207","SYSTEM":"Off"}},{"type":"Feature","geometry":{"type":"LineString","coordinates":[[-96.80779285,32.72775035],[-96.80779689,32.72954419],[-96.8078022,32.72992928]]},"properties":{"AADT_CUR":292,"RTE_NM":"1066099","RTE_PRFX":"CS","RTE_NBR":"1066099","SYSTEM":"Off"}},{"type":"Feature","geometry":{"type":"LineString","coordinates":[[-96.807074451725,32.7691997066382],[-96.806904565,32.769134681],[-96.806493611,32.769017377],[-96.806205226,32.768961119],[-96.805847102,32.768895839],[-96.805587256,32.768866531],[-96.8055002992574,32.7688652421373]]},"properties":{"AADT_CUR":100508,"RTE_NM":"IH0030-KG","RTE_PRFX":"IH","RTE_NBR":"30","SYSTEM":"On"}},{"type":"Feature","geometry":{"type":"LineString","coordinates":[[-96.758616408534,32.7458003647136],[-96.75834974,32.74527603],[-96.75815386,32.74487736],[-96.75798115,32.74454908],[-96.75778007,32.74396747],[-96.75769103,32.74357163],[-96.75765483,32.7433494],[-96.75762101,32.74301037],[-96.75762272,32.74206703],[-96.75762831,32.74111225],[-96.75764939,32.74045821],[-96.75771127,32.73879377],[-96.75779272,32.73611611],[-96.75780353,32.7355016],[-96.75782585,32.73493544],[-96.7578918,32.73371693],[-96.75790834,32.73326498],[-96.7579297400801,32.7328456301637]]},"properties":{"AADT_CUR":12762,"RTE_NM":"SH0310-RG","RTE_PRFX":"SH","RTE_NBR":"310","SYSTEM":"On"}},{"type":"Feature","geometry":{"type":"LineString","coordinates":[[-96.8607979,32.82764854],[-96.86076199,32.82967962]]},"properties":{"AADT_CUR":292,"RTE_NM":"1063540","RTE_PRFX":"CS","RTE_NBR":"1063540","SYSTEM":"Off"}},{"type":"Feature","geometry":{"type":"LineString","coordinates":[[-96.76727006,32.791321850033],[-96.7671747499901,32.7912435500246],[-96.7665680699901,32.7907278800246],[-96.76569566,32.789985840033],[-96.76564603,32.789943910033],[-96.7654579299902,32.7897845900246],[-96.7651762599901,32.7895428600245],[-96.76466387,32.789103690033],[-96.76440341,32.788858020033],[-96.7643115482006,32.7887760390787],[-96.76427976,32.788747670033],[-96.764232702632,32.7887049927684],[-96.76420982,32.788684240033],[-96.7641364962797,32.7886245647837],[-96.76410232,32.788596750033],[-96.76380042,32.788335440033],[-96.7635633299903,32.7881416700247],[-96.76284717,32.787525490033],[-96.7627621699905,32.7874624500247],[-96.76193982,32.786743070033],[-96.7617151699904,32.7865406100248],[-96.7612030599905,32.7861004600249],[-96.76101259,32.785938350033],[-96.7607882899907,32.7857592700246],[-96.76048609999,32.7854856300245],[-96.76020203,32.785242490033],[-96.7599948876553,32.7850595223609],[-96.7595806099911,32.7846935900244],[-96.7592692,32.784392330033],[-96.75906009,32.784227210033],[-96.75899033,32.7841753700329],[-96.7589061853127,32.7840831751687]]},"properties":{"AADT_CUR":3160,"RTE_NM":"1064372","RTE_PRFX":"CS","RTE_NBR":"1064372","SYSTEM":"Off"}},{"type":"Feature","geometry":{"type":"LineString","coordinates":[[-96.77562314,32.78881669],[-96.77438765,32.78988132],[-96.77324379,32.79079327],[-96.772385,32.79148098],[-96.77155609,32.79217873],[-96.77069402,32.79286639],[-96.7701617,32.79333321],[-96.76986227,32.79358334]]},"properties":{"AADT_CUR":292,"RTE_NM":"1065737","RTE_PRFX":"CS","RTE_NBR":"1065737","SYSTEM":"Off"}},{"type":"Feature","geometry":{"type":"LineString","coordinates":[[-96.8515857308781,32.7602132340386],[-96.85158623,32.7602255200164],[-96.8515863859282,32.7602422241856]]},"properties":{"AADT_CUR":292,"RTE_NM":"1062558","RTE_PRFX":"CS","RTE_NBR":"1062558","SYSTEM":"Off"}},{"type":"Feature","geometry":{"type":"LineString","coordinates":[[-96.76156824,32.79391441],[-96.76096683,32.79441734],[-96.76050162,32.79482045],[-96.76042476,32.79488123],[-96.76036264,32.79493672],[-96.75978309,32.79540283]]},"properties":{"AADT_CUR":292,"RTE_NM":"1057860","RTE_PRFX":"CS","RTE_NBR":"1057860","SYSTEM":"Off"}},{"type":"Feature","geometry":{"type":"LineString","coordinates":[[-96.8566035406395,32.7663274598481],[-96.85660348,32.76629226],[-96.85661157,32.7640832],[-96.85663563,32.76219015],[-96.8566544,32.76146375],[-96.85668019,32.76019239],[-96.85670527,32.75675481],[-96.8567178925143,32.7556731915996]]},"properties":{"AADT_CUR":25497,"RTE_NM":"263272","RTE_PRFX":"CS","RTE_NBR":"263272","SYSTEM":"Off"}},{"type":"Feature","geometry":{"type":"LineString","coordinates":[[-96.83755167,32.74949185],[-96.8375707446997,32.7472571991384]]},"properties":{"AADT_CUR":8519,"RTE_NM":"269965","RTE_PRFX":"CS","RTE_NBR":"269965","SYSTEM":"Off"}},{"type":"Feature","geometry":{"type":"LineString","coordinates":[[-96.83713431,32.7986754600166],[-96.83842863,32.7994322600166],[-96.83908522,32.7998286500166],[-96.83970659,32.8001943200165],[-96.83987905,32.8002846000166],[-96.84003118,32.8004172100166],[-96.84017239,32.8006115300166],[-96.84045412,32.8010372700166],[-96.84082463,32.8016332700166],[-96.84144967,32.8026312700166],[-96.84177319,32.8031290400166],[-96.8421767845731,32.8037805467155]]},"properties":{"AADT_CUR":1477,"RTE_NM":"1060460","RTE_PRFX":"CS","RTE_NBR":"1060460","SYSTEM":"Off"}},{"type":"Feature","geometry":{"type":"LineString","coordinates":[[-96.7910951701145,32.7739107799735],[-96.790875991,32.7739789000165],[-96.790821117928,32.7740045140194],[-96.790741229,32.7740418050164],[-96.790672916,32.7740934140165],[-96.7905451336554,32.7742106780451],[-96.790530268,32.7742243200164],[-96.790440839,32.7743123250164],[-96.790377349,32.7743692950164],[-96.790294413,32.7744273930165],[-96.790211368,32.7744605060164],[-96.790102172,32.7744868530164],[-96.789952244,32.7745003120164],[-96.789599809,32.7745250460164],[-96.788928174,32.7745678990164],[-96.78860767,32.7745894100165],[-96.78826867,32.7746191100164],[-96.787897638,32.7746552510164],[-96.78772218,32.7746654280164],[-96.787600646,32.7746568370164]]},"properties":{"AADT_CUR":8380,"RTE_NM":"1574888622","RTE_PRFX":"IH","RTE_NBR":"30","SYSTEM":"On"}},{"type":"Feature","geometry":{"type":"LineString","coordinates":[[-96.74497121,32.8291627],[-96.74550394,32.82918532],[-96.74565882,32.82921638],[-96.74576765,32.82927015],[-96.74583224,32.82933841],[-96.74587813,32.82944626],[-96.74590484,32.82957723],[-96.7459142,32.82972168],[-96.74585911,32.83024324],[-96.74573596,32.83128342]]},"properties":{"AADT_CUR":292,"RTE_NM":"1061350","RTE_PRFX":"CS","RTE_NBR":"1061350","SYSTEM":"Off"}},{"type":"Feature","geometry":{"type":"LineString","coordinates":[[-96.847938871465,32.7755294434329],[-96.84792502,32.7755291300165],[-96.847904471845,32.7755290312207]]},"properties":{"AADT_CUR":292,"RTE_NM":"1058194","RTE_PRFX":"CS","RTE_NBR":"1058194","SYSTEM":"Off"}},{"type":"Feature","geometry":{"type":"LineString","coordinates":[[-96.84365002,32.76837689],[-96.84357177,32.76838546],[-96.84347817,32.76838835],[-96.84291193,32.7683918],[-96.84189337,32.76839746],[-96.84013775,32.76840703],[-96.83923231,32.76841006]]},"properties":{"AADT_CUR":292,"RTE_NM":"1060562","RTE_PRFX":"CS","RTE_NBR":"1060562","SYSTEM":"Off"}},{"type":"Feature","geometry":{"type":"LineString","coordinates":[[-96.83940106,32.76726044],[-96.83936811,32.76719539],[-96.83936238,32.76715409],[-96.83936181,32.76688054],[-96.83937892,32.76679142],[-96.8394344,32.76673994],[-96.8395281,32.76673157],[-96.83990372,32.7666981],[-96.839981,32.76669776],[-96.84001417,32.76670782],[-96.8400423,32.76672606],[-96.84008633,32.76676377],[-96.84013581,32.76720565],[-96.84011464,32.7673813],[-96.84011486,32.76776068],[-96.84013775,32.76840703],[-96.84015661,32.7693997],[-96.84017317,32.77042807]]},"properties":{"AADT_CUR":767,"RTE_NM":"1063109","RTE_PRFX":"CS","RTE_NBR":"1063109","SYSTEM":"Off"}},{"type":"Feature","geometry":{"type":"LineString","coordinates":[[-96.75291267,32.8171894000167],[-96.75218879,32.8175352500167],[-96.75141761,32.8178446700166],[-96.75110529,32.8179571200167],[-96.75049573,32.8181602300167],[-96.74993204,32.8183474800166],[-96.74861913,32.8186795300167],[-96.74796008,32.8188324400167],[-96.74707537,32.8189959200166],[-96.74641161,32.8191391300166],[-96.74555487,32.8192865100166],[-96.7437829999998,32.8195707800167],[-96.74333394,32.8196414200167],[-96.74271659,32.8197426600167],[-96.74232377,32.8198085900167],[-96.74197668,32.8199081500167],[-96.74178511,32.8199645500167],[-96.74163536,32.8200462900166],[-96.74148415,32.8201596000166],[-96.74132734,32.8203099600167],[-96.74108083,32.8205910200167],[-96.7409296499898,32.8208266700255],[-96.74069113,32.8210336100166],[-96.74060196,32.8210969500166],[-96.74054106,32.8211304600167],[-96.74048595,32.8211599100167],[-96.74030119,32.8212411500167],[-96.74015786,32.8212858600167],[-96.74000067,32.8213317500167],[-96.73963125,32.8214076200167],[-96.73861936,32.8215788500166],[-96.73815607,32.8216685100167],[-96.73671817,32.8218955500167],[-96.73598662,32.8220075300166],[-96.73568486,32.8220376200167],[-96.73552137,32.8220724100167],[-96.73535707,32.8221072000167],[-96.73520721,32.8221531800167],[-96.73499527,32.8222505100167],[-96.73483666,32.8223266100167],[-96.734769,32.8223723900167],[-96.7345357,32.8225615100167],[-96.73364137,32.8232855800167],[-96.7332917,32.8235953800167],[-96.73202562,32.8246330600167]]},"properties":{"AADT_CUR":292,"RTE_NM":"1061971","RTE_PRFX":"CS","RTE_NBR":"1061971","SYSTEM":"Off"}},{"type":"Feature","geometry":{"type":"LineString","coordinates":[[-96.84146323,32.8286321300167],[-96.84110232,32.8289530800167],[-96.84076112,32.8292646700167],[-96.8406478035833,32.8293705808746]]},"properties":{"AADT_CUR":292,"RTE_NM":"1060229","RTE_PRFX":"CS","RTE_NBR":"1060229","SYSTEM":"Off"}},{"type":"Feature","geometry":{"type":"LineString","coordinates":[[-96.7534178687298,32.7449944585506],[-96.7534056263471,32.7450046500972]]},"properties":{"AADT_CUR":292,"RTE_NM":"1060075","RTE_PRFX":"CS","RTE_NBR":"1060075","SYSTEM":"Off"}},{"type":"Feature","geometry":{"type":"LineString","coordinates":[[-96.74119463,32.7760624700165],[-96.7405369466615,32.7755990922141]]},"properties":{"AADT_CUR":292,"RTE_NM":"1064556","RTE_PRFX":"CS","RTE_NBR":"1064556","SYSTEM":"Off"}},{"type":"Feature","geometry":{"type":"LineString","coordinates":[[-96.7466052,32.77438907],[-96.74617178,32.77405031],[-96.74592679,32.7738503],[-96.74564714,32.77363467],[-96.74534341,32.77344344]]},"properties":{"AADT_CUR":292,"RTE_NM":"1065226","RTE_PRFX":"CS","RTE_NBR":"1065226","SYSTEM":"Off"}},{"type":"Feature","geometry":{"type":"LineString","coordinates":[[-96.807606093,32.768817378],[-96.807547909,32.768730261],[-96.80741194,32.76861608],[-96.806967515,32.768357045],[-96.806756594,32.768232009],[-96.806606733,32.768126229],[-96.80649174,32.76802496],[-96.806374621,32.767916135],[-96.80627896,32.76777799],[-96.806177647,32.767593502],[-96.806109144,32.767409846],[-96.806076099,32.767249924],[-96.80606317,32.767069703],[-96.806059791,32.766905381],[-96.806088561,32.766723147],[-96.806130741,32.766579255],[-96.806241264,32.76636398],[-96.806370562,32.766129534],[-96.80670639,32.7656062]]},"properties":{"AADT_CUR":9600,"RTE_NM":"1599252533","RTE_PRFX":"IH","RTE_NBR":"30","SYSTEM":"On"}},{"type":"Feature","geometry":{"type":"LineString","coordinates":[[-96.79852761,32.7846951300165],[-96.7975785608546,32.7855008265268]]},"properties":{"AADT_CUR":292,"RTE_NM":"1066022","RTE_PRFX":"CS","RTE_NBR":"1066022","SYSTEM":"Off"}},{"type":"Feature","geometry":{"type":"LineString","coordinates":[[-96.7528168346958,32.8150601959707],[-96.75280905,32.8150507900332],[-96.75277822,32.8150061900332],[-96.75270877,32.8149164500334],[-96.75263232,32.8148308700332],[-96.7525492,32.8147498400332],[-96.7524598,32.8146737400332],[-96.75236452,32.8146029000333],[-96.75226379,32.8145376600333],[-96.75215807,32.8144783100332],[-96.7521442304633,32.814471291363]]},"properties":{"AADT_CUR":21301,"RTE_NM":"262900","RTE_PRFX":"CS","RTE_NBR":"262900","SYSTEM":"Off"}},{"type":"Feature","geometry":{"type":"LineString","coordinates":[[-96.76205919,32.80391152],[-96.76125309,32.80318686],[-96.76047974,32.8025355],[-96.7603971,32.80247524],[-96.75973883,32.8018901],[-96.75957104,32.80173243],[-96.75872761,32.80100448],[-96.75762839,32.80004178]]},"properties":{"AADT_CUR":292,"RTE_NM":"1062980","RTE_PRFX":"CS","RTE_NBR":"1062980","SYSTEM":"Off"}},{"type":"Feature","geometry":{"type":"LineString","coordinates":[[-96.8246320297338,32.7494231559368],[-96.8246318514971,32.7494376241648]]},"properties":{"AADT_CUR":292,"RTE_NM":"1060315","RTE_PRFX":"CS","RTE_NBR":"1060315","SYSTEM":"Off"}},{"type":"Feature","geometry":{"type":"LineString","coordinates":[[-96.76188259,32.7734639800164],[-96.7614872178947,32.7737973518421]]},"properties":{"AADT_CUR":292,"RTE_NM":"1063564","RTE_PRFX":"CS","RTE_NBR":"1063564","SYSTEM":"Off"}},{"type":"Feature","geometry":{"type":"LineString","coordinates":[[-96.78670706,32.7618321400164],[-96.78757079,32.7625546800164],[-96.78795628,32.7628953800164],[-96.78891681,32.7637030900164],[-96.78912624,32.7638942900164],[-96.78929129,32.7640670100164],[-96.7898961434823,32.7645293305348],[-96.7906778,32.7652695700164],[-96.79085214,32.7654671500164],[-96.79092114,32.7655588100164],[-96.79101425,32.7656659400164],[-96.79145361,32.7660829700164],[-96.79189578,32.7664395600164],[-96.79271414,32.7670294800164],[-96.7949298212188,32.7685980002989]]},"properties":{"AADT_CUR":292,"RTE_NM":"1059364","RTE_PRFX":"CS","RTE_NBR":"1059364","SYSTEM":"Off"}},{"type":"Feature","geometry":{"type":"LineString","coordinates":[[-96.7450220965369,32.7613985096655],[-96.74498582,32.7614331300164],[-96.74375018,32.7625688000164],[-96.74317369,32.7630500000164],[-96.74242224,32.7637404000164],[-96.74067966,32.7653102400164]]},"properties":{"AADT_CUR":292,"RTE_NM":"1064799","RTE_PRFX":"CS","RTE_NBR":"1064799","SYSTEM":"Off"}},{"type":"Feature","geometry":{"type":"LineString","coordinates":[[-96.7703709,32.75146734],[-96.77037118,32.75121401],[-96.76948272,32.74827934],[-96.76937596,32.74808077],[-96.76889003,32.7475555],[-96.76828228,32.74700972],[-96.76702404,32.74584755],[-96.766238,32.74537476],[-96.76546872,32.74504519],[-96.76501865,32.74490569],[-96.76413486,32.74473896],[-96.7635392,32.74468319],[-96.76322736,32.74466839],[-96.76289283,32.74466112],[-96.76252423,32.74467053],[-96.76210046,32.74471351],[-96.7616848,32.74477469],[-96.76121884,32.74488858],[-96.75967628,32.74540965],[-96.75689248,32.74642213],[-96.75609543,32.74670692],[-96.75558293,32.74685416],[-96.7549868,32.74700815],[-96.75417263,32.74713992],[-96.7534463,32.74720673],[-96.75313203,32.74722475],[-96.75215887,32.74723348],[-96.75034183,32.74722151],[-96.7501876049106,32.7472213360131]]},"properties":{"AADT_CUR":65096,"RTE_NM":"US0175-KG","RTE_PRFX":"US","RTE_NBR":"175","SYSTEM":"On"}},{"type":"Feature","geometry":{"type":"LineString","coordinates":[[-96.8360027200598,32.7697736985844],[-96.8359764937546,32.7697362172553]]},"properties":{"AADT_CUR":21374,"RTE_NM":"263726","RTE_PRFX":"CS","RTE_NBR":"263726","SYSTEM":"Off"}},{"type":"Feature","geometry":{"type":"LineString","coordinates":[[-96.75959301,32.79848042],[-96.75997909,32.79885157],[-96.76071305,32.79947627],[-96.76171503,32.80033563],[-96.76186488,32.80045455],[-96.76248899,32.8009966],[-96.76271771,32.80116061],[-96.76323729,32.80163934],[-96.76356186,32.80193665],[-96.76407171,32.80237263],[-96.76430019,32.80254901]]},"properties":{"AADT_CUR":8552,"RTE_NM":"1063036","RTE_PRFX":"CS","RTE_NBR":"1063036","SYSTEM":"Off"}},{"type":"Feature","geometry":{"type":"LineString","coordinates":[[-96.8024004736729,32.8197022862687],[-96.80699389,32.81971886],[-96.8069979345606,32.8197190563903]]},"properties":{"AADT_CUR":8040,"RTE_NM":"263841","RTE_PRFX":"CS","RTE_NBR":"263841","SYSTEM":"Off"}},{"type":"Feature","geometry":{"type":"LineString","coordinates":[[-96.7934307193039,32.8024435348043],[-96.7934168393113,32.8024518938877]]},"properties":{"AADT_CUR":292,"RTE_NM":"1058815","RTE_PRFX":"CS","RTE_NBR":"1058815","SYSTEM":"Off"}},{"type":"Feature","geometry":{"type":"LineString","coordinates":[[-96.7832142627452,32.7937385934701],[-96.7832257490429,32.7937493355107]]},"properties":{"AADT_CUR":292,"RTE_NM":"1057750","RTE_PRFX":"CS","RTE_NBR":"1057750","SYSTEM":"Off"}},{"type":"Feature","geometry":{"type":"LineString","coordinates":[[-96.77383009,32.7845969],[-96.77377948,32.78463894],[-96.77372561,32.78469311],[-96.77367861,32.78475168],[-96.773639,32.78481402],[-96.77360717,32.78487946],[-96.7735981,32.78490257],[-96.77358847,32.78493114],[-96.77352637,32.78513046],[-96.7734726,32.78533148],[-96.77342721,32.78553399],[-96.7733909,32.78573375]]},"properties":{"AADT_CUR":16645,"RTE_NM":"263401","RTE_PRFX":"CS","RTE_NBR":"263401","SYSTEM":"Off"}},{"type":"Feature","geometry":{"type":"LineString","coordinates":[[-96.81176897,32.82220952],[-96.81243041,32.82278205],[-96.81246091,32.82280731]]},"properties":{"AADT_CUR":292,"RTE_NM":"1060814","RTE_PRFX":"CS","RTE_NBR":"1060814","SYSTEM":"Off"}},{"type":"Feature","geometry":{"type":"LineString","coordinates":[[-96.8579967791625,32.7480205007485],[-96.85799434,32.74803158],[-96.85797019,32.74854533],[-96.85796776,32.74907312],[-96.85796163,32.74944829],[-96.8579647,32.749512472]]},"properties":{"AADT_CUR":292,"RTE_NM":"1063450","RTE_PRFX":"CS","RTE_NBR":"1063450","SYSTEM":"Off"}},{"type":"Feature","geometry":{"type":"LineString","coordinates":[[-96.8144379152242,32.7271511964722],[-96.81440731,32.7271529600162],[-96.81435269,32.7271604800162],[-96.8131574,32.7271635000162],[-96.81197786,32.7271502300162],[-96.81157863,32.7271503100162],[-96.81145304,32.7271705900162],[-96.81135082,32.7272008200162],[-96.81125783,32.7271308200162],[-96.81114675,32.7270715800162],[-96.81104016,32.7270330200162],[-96.81073806,32.7269285700162],[-96.80966264,32.7266143000162],[-96.80944101,32.7265535500162],[-96.80917287,32.7265018000162],[-96.80891986,32.7264667400162],[-96.80878266,32.7264552500162],[-96.80872211,32.7264324300162],[-96.80866294,32.7263807700162]]},"properties":{"AADT_CUR":292,"RTE_NM":"1065721","RTE_PRFX":"CS","RTE_NBR":"1065721","SYSTEM":"Off"}},{"type":"Feature","geometry":{"type":"LineString","coordinates":[[-96.84328134,32.7859042],[-96.84327572,32.78681545]]},"properties":{"AADT_CUR":292,"RTE_NM":"1059168","RTE_PRFX":"CS","RTE_NBR":"1059168","SYSTEM":"Off"}},{"type":"Feature","geometry":{"type":"LineString","coordinates":[[-96.76005473,32.77781645],[-96.75977262,32.77809703],[-96.75971762,32.77812238],[-96.75967868,32.77811635],[-96.75940812,32.77805757],[-96.75898465,32.77795405],[-96.75809716,32.77749352],[-96.75805614,32.77746958],[-96.75799727,32.77740139],[-96.75786992,32.77713295],[-96.75770365,32.77669351],[-96.75769793,32.77665356],[-96.75771567,32.77661946],[-96.75818583,32.77625902]]},"properties":{"AADT_CUR":292,"RTE_NM":"1065355","RTE_PRFX":"CS","RTE_NBR":"1065355","SYSTEM":"Off"}},{"type":"Feature","geometry":{"type":"LineString","coordinates":[[-96.763578270488,32.7649747613444],[-96.7622932,32.7660403300164]]},"properties":{"AADT_CUR":292,"RTE_NM":"1058738","RTE_PRFX":"CS","RTE_NBR":"1058738","SYSTEM":"Off"}},{"type":"Feature","geometry":{"type":"LineString","coordinates":[[-96.7747790634929,32.7604894795834],[-96.77478345,32.76049862],[-96.775078838,32.761118413],[-96.775232435,32.761604226],[-96.775602687,32.762971979]]},"properties":{"AADT_CUR":499,"RTE_NM":"IH0045-XG","RTE_PRFX":"IH","RTE_NBR":"45","SYSTEM":"On"}},{"type":"Feature","geometry":{"type":"LineString","coordinates":[[-96.74540206,32.77566143],[-96.74492482,32.77605744],[-96.74462322,32.77633359],[-96.74396488,32.77695935],[-96.74338087,32.77748855],[-96.74296991,32.7778635],[-96.74275967,32.77808595]]},"properties":{"AADT_CUR":788,"RTE_NM":"1060691","RTE_PRFX":"CS","RTE_NBR":"1060691","SYSTEM":"Off"}},{"type":"Feature","geometry":{"type":"LineString","coordinates":[[-96.74992529,32.76790807],[-96.7497335,32.76795209],[-96.74961284,32.76797672],[-96.74955926,32.76798536],[-96.74951043,32.7679825],[-96.74943059,32.76796475],[-96.74937307,32.76794702],[-96.74931786,32.76792555],[-96.7492695,32.76789478],[-96.74921036,32.76784695],[-96.74893062,32.76760953]]},"properties":{"AADT_CUR":292,"RTE_NM":"1061234","RTE_PRFX":"CS","RTE_NBR":"1061234","SYSTEM":"Off"}},{"type":"Feature","geometry":{"type":"LineString","coordinates":[[-96.76272337,32.81213374],[-96.76272209,32.81267305],[-96.76271308,32.81299133],[-96.76268791,32.81386106]]},"properties":{"AADT_CUR":292,"RTE_NM":"1062659","RTE_PRFX":"CS","RTE_NBR":"1062659","SYSTEM":"Off"}},{"type":"Feature","geometry":{"type":"LineString","coordinates":[[-96.78189436,32.79967994],[-96.7812117,32.7990877],[-96.78022193,32.79826167]]},"properties":{"AADT_CUR":292,"RTE_NM":"1062593","RTE_PRFX":"CS","RTE_NBR":"1062593","SYSTEM":"Off"}},{"type":"Feature","geometry":{"type":"LineString","coordinates":[[-96.7939958001822,32.7809934235835],[-96.792261072078,32.7813633812638]]},"properties":{"AADT_CUR":6997,"RTE_NM":"263082","RTE_PRFX":"CS","RTE_NBR":"263082","SYSTEM":"Off"}},{"type":"Feature","geometry":{"type":"LineString","coordinates":[[-96.7731137,32.7992751900166],[-96.77284227,32.7990473600166],[-96.77232477,32.7985852000166],[-96.7718194633929,32.7981141152371]]},"properties":{"AADT_CUR":292,"RTE_NM":"1057927","RTE_PRFX":"CS","RTE_NBR":"1057927","SYSTEM":"Off"}},{"type":"Feature","geometry":{"type":"LineString","coordinates":[[-96.86336742,32.7893306400165],[-96.8630288100683,32.7893195179095],[-96.86195009,32.7892840800165],[-96.86047162,32.7892879600165],[-96.8589869,32.7892780000165],[-96.85869804,32.7892783100165],[-96.85810733,32.7892787600165],[-96.85804438,32.7891624700165],[-96.85798388,32.7890901900165],[-96.85786124,32.7889909800165],[-96.85773372,32.7889343200165],[-96.85759902,32.7889146700165],[-96.85744267,32.7889222300165],[-96.85733313,32.7889496400165],[-96.85720421,32.7890125400165],[-96.85711111,32.7890759200165],[-96.85703225,32.7891601000165],[-96.85694864,32.7893253000165],[-96.85693366,32.7895189200165],[-96.85646321,32.7895278200165],[-96.85342632,32.7895027700165],[-96.85225329,32.7894886100165],[-96.85031935,32.7894822200165],[-96.8478829288874,32.789452726545]]},"properties":{"AADT_CUR":292,"RTE_NM":"1062115","RTE_PRFX":"CS","RTE_NBR":"1062115","SYSTEM":"Off"}},{"type":"Feature","geometry":{"type":"LineString","coordinates":[[-96.8668111585464,32.8080121466246],[-96.86680873,32.80801282],[-96.86658606,32.80796661],[-96.86639491,32.80793506],[-96.8662023,32.80791061],[-96.86600861,32.80789333],[-96.8658142,32.80788327],[-96.86561946,32.80788041],[-96.86544056,32.80788416],[-96.86522905,32.80789407],[-96.86474484,32.80791152],[-96.86426035,32.80792171],[-96.86377572,32.80792464],[-96.86329111,32.8079203],[-96.86302898,32.80791493],[-96.86280052,32.80792671],[-96.8624756,32.80794964],[-96.86215152,32.80797977],[-96.86182847,32.80801709],[-96.86150671,32.80806157],[-96.86118643,32.80811316],[-96.86090349,32.80816493],[-96.85982122,32.80831092],[-96.85728538,32.8086582],[-96.85639228,32.80878224],[-96.85475175,32.80901244],[-96.85264798,32.80931212],[-96.85255712,32.80932249],[-96.85237338,32.80933799],[-96.85218899,32.80934624],[-96.85200434,32.80934726],[-96.85181983,32.809341],[-96.85163587,32.80932751],[-96.85145285,32.8093068],[-96.85127117,32.80927892],[-96.85109122,32.80924394],[-96.8509134,32.80920194],[-96.85073808,32.80915298],[-96.8507223288788,32.8091481766996]]},"properties":{"AADT_CUR":15518,"RTE_NM":"263344","RTE_PRFX":"CS","RTE_NBR":"263344","SYSTEM":"Off"}},{"type":"Feature","geometry":{"type":"LineString","coordinates":[[-96.797178,32.8221646],[-96.79666909,32.82217414],[-96.79618085,32.82216745],[-96.79597365,32.82214812],[-96.79554,32.82205421],[-96.79523685,32.8219456],[-96.79465185,32.82176438],[-96.79370664,32.82143666]]},"properties":{"AADT_CUR":292,"RTE_NM":"1059568","RTE_PRFX":"CS","RTE_NBR":"1059568","SYSTEM":"Off"}},{"type":"Feature","geometry":{"type":"LineString","coordinates":[[-96.8508542045985,32.822790403698],[-96.85085228,32.82279218],[-96.84742868,32.82570526],[-96.844456,32.82804115],[-96.84167434,32.83029325],[-96.83908084,32.8324463],[-96.83546694,32.83551862],[-96.83497325,32.83594922],[-96.8349107556485,32.83599086017]]},"properties":{"AADT_CUR":36703,"RTE_NM":"263511","RTE_PRFX":"CS","RTE_NBR":"263511","SYSTEM":"Off"}},{"type":"Feature","geometry":{"type":"LineString","coordinates":[[-96.7351271452006,32.7929747539161],[-96.7351602,32.7934668700165],[-96.7352077,32.7936970900165],[-96.73532528,32.7938815800165],[-96.73538792,32.7939635700165],[-96.73552508,32.7941043400165],[-96.73569603,32.7942236000165],[-96.73650674,32.7946612200166],[-96.73681475,32.7948855100166],[-96.73704017,32.7950893900165],[-96.73720584,32.7953515400165],[-96.73733924,32.7955994700165],[-96.7374089,32.7957791500165],[-96.73748469,32.7961018800165],[-96.73766611,32.7965951600165],[-96.73783917,32.7968546500165],[-96.73805273,32.7971229700165],[-96.73834621,32.7974240300166],[-96.73842101,32.7975089300165],[-96.73884072,32.7978873800165],[-96.73917292,32.7981642600165],[-96.73944458,32.7983756600166],[-96.73973098,32.7985831400165],[-96.74002495,32.7986959000165],[-96.74017311,32.7987337400166],[-96.74063605,32.7987787600166],[-96.74082291,32.7988350200166],[-96.74091881,32.7988831200166],[-96.7411416905744,32.7990823952822],[-96.74115467,32.7990940000166],[-96.741232814799,32.7991761270668],[-96.7413133962388,32.7992608147243],[-96.74131637,32.7992639400166]]},"properties":{"AADT_CUR":4568,"RTE_NM":"1065328","RTE_PRFX":"CS","RTE_NBR":"1065328","SYSTEM":"Off"}},{"type":"Feature","geometry":{"type":"LineString","coordinates":[[-96.873798280637,32.7926523484058],[-96.8737770600138,32.792652457654],[-96.87375134,32.7926525900661],[-96.87292804,32.792689960066],[-96.8719695982011,32.7926872106905],[-96.87131541,32.7926853300661],[-96.86993793,32.7926810300662],[-96.86847635,32.792692110066],[-96.8672959785268,32.7926711845362],[-96.8654870627609,32.7926391069784],[-96.86401847,32.792633550066],[-96.861937100002,32.7926322598996],[-96.86045214,32.792631950066],[-96.8589687601764,32.7926343862769],[-96.8566746116131,32.7926523383482],[-96.85656292,32.793017700066],[-96.85636496,32.7934260900661],[-96.8560383480567,32.7935071216585]]},"properties":{"AADT_CUR":2219,"RTE_NM":"263010","RTE_PRFX":"CS","RTE_NBR":"263010","SYSTEM":"Off"}},{"type":"Feature","geometry":{"type":"LineString","coordinates":[[-96.8565176224859,32.7821623258166],[-96.8565004578126,32.7821624061662]]},"properties":{"AADT_CUR":292,"RTE_NM":"1059862","RTE_PRFX":"CS","RTE_NBR":"1059862","SYSTEM":"Off"}},{"type":"Feature","geometry":{"type":"LineString","coordinates":[[-96.80024916,32.7877720700165],[-96.79958229,32.7883580600165],[-96.79882204,32.7889757600165],[-96.7972393,32.7902345900165],[-96.7967048173841,32.7906748861245],[-96.7958006851503,32.79141967751]]},"properties":{"AADT_CUR":1989,"RTE_NM":"268095","RTE_PRFX":"CS","RTE_NBR":"268095","SYSTEM":"Off"}},{"type":"Feature","geometry":{"type":"LineString","coordinates":[[-96.74614362,32.7553875200164],[-96.74570718,32.7557827300163],[-96.74455019,32.7567890600164],[-96.74398925,32.7572691200164],[-96.7421616982701,32.7588677716073]]},"properties":{"AADT_CUR":292,"RTE_NM":"1065700","RTE_PRFX":"CS","RTE_NBR":"1065700","SYSTEM":"Off"}},{"type":"Feature","geometry":{"type":"LineString","coordinates":[[-96.8565515952737,32.7715238741365],[-96.8565412,32.7715238200164],[-96.85632546,32.7715100100164],[-96.85604779,32.7715035400164],[-96.85488524,32.7715074200165]]},"properties":{"AADT_CUR":292,"RTE_NM":"1063746","RTE_PRFX":"CS","RTE_NBR":"1063746","SYSTEM":"Off"}},{"type":"Feature","geometry":{"type":"LineString","coordinates":[[-96.82425555,32.76937945],[-96.82285803,32.76969252]]},"properties":{"AADT_CUR":499,"RTE_NM":"IH0030-YG","RTE_PRFX":"IH","RTE_NBR":"30","SYSTEM":"On"}},{"type":"Feature","geometry":{"type":"LineString","coordinates":[[-96.7578522236738,32.7706649512917],[-96.7578405619277,32.7706755699359]]},"properties":{"AADT_CUR":292,"RTE_NM":"1058904","RTE_PRFX":"CS","RTE_NBR":"1058904","SYSTEM":"Off"}},{"type":"Feature","geometry":{"type":"LineString","coordinates":[[-96.76297127,32.76065466],[-96.76242181,32.7602195],[-96.76194111,32.75980316],[-96.76112091,32.75911267],[-96.76051286,32.75855434]]},"properties":{"AADT_CUR":292,"RTE_NM":"1061872","RTE_PRFX":"CS","RTE_NBR":"1061872","SYSTEM":"Off"}},{"type":"Feature","geometry":{"type":"LineString","coordinates":[[-96.78885397,32.78814172],[-96.78794281,32.7888948],[-96.7871994,32.78951273],[-96.78705694,32.78964273]]},"properties":{"AADT_CUR":292,"RTE_NM":"1065626","RTE_PRFX":"CS","RTE_NBR":"1065626","SYSTEM":"Off"}},{"type":"Feature","geometry":{"type":"LineString","coordinates":[[-96.812100372,32.782335657],[-96.812321315,32.782384732],[-96.81277418,32.78237431],[-96.81306121,32.78240064],[-96.81332048,32.78247329],[-96.81346794,32.78256256],[-96.81362854,32.78274612],[-96.81369519,32.78290252],[-96.81371981,32.78304408],[-96.81368834,32.78320409],[-96.81363769,32.78334359],[-96.81352868,32.78346783],[-96.81342284,32.7835606],[-96.81330818,32.78361848],[-96.81316205,32.78366978],[-96.81300105,32.78368439],[-96.81279519,32.78367661],[-96.81269768,32.78365025],[-96.81260038,32.78361672],[-96.81253296,32.7835846],[-96.81240863,32.7834986],[-96.81232963,32.78341653],[-96.81223907,32.78328995],[-96.81217849,32.78314752],[-96.81214046,32.783012],[-96.81209156,32.78272252],[-96.812028325,32.78190125],[-96.812072277,32.781416442],[-96.81215734,32.78070129]]},"properties":{"AADT_CUR":16990,"RTE_NM":"1599252386","RTE_PRFX":"IH","RTE_NBR":"35","SYSTEM":"On"}},{"type":"Feature","geometry":{"type":"LineString","coordinates":[[-96.8378413402108,32.7785587593853],[-96.83784963,32.7795624500165],[-96.8378488,32.7800407900165],[-96.83784839,32.7805837200165],[-96.83784727,32.7807733900165],[-96.8378623094212,32.7813770268309]]},"properties":{"AADT_CUR":292,"RTE_NM":"1059442","RTE_PRFX":"CS","RTE_NBR":"1059442","SYSTEM":"Off"}},{"type":"Feature","geometry":{"type":"LineString","coordinates":[[-96.80569467,32.78422942],[-96.80625676,32.78376698],[-96.80665483,32.78345764],[-96.8067848,32.78333981],[-96.80684424,32.78329527],[-96.80691288,32.7832371],[-96.80712884,32.78304761],[-96.80721711,32.78294159],[-96.80739565,32.78287941],[-96.80805196,32.7827234]]},"properties":{"AADT_CUR":292,"RTE_NM":"1062957","RTE_PRFX":"CS","RTE_NBR":"1062957","SYSTEM":"Off"}},{"type":"Feature","geometry":{"type":"LineString","coordinates":[[-96.7545991,32.74178567],[-96.75453658,32.74194561],[-96.75443414,32.74215174],[-96.75430686,32.74233826],[-96.75418132,32.74247807],[-96.75403814,32.7426039],[-96.75388788,32.74267739],[-96.75374504,32.74270426],[-96.75357899,32.74271154],[-96.75341312,32.74271058]]},"properties":{"AADT_CUR":292,"RTE_NM":"1058721","RTE_PRFX":"CS","RTE_NBR":"1058721","SYSTEM":"Off"}},{"type":"Feature","geometry":{"type":"LineString","coordinates":[[-96.7701994421832,32.8126984889345],[-96.76934592,32.8127126500166],[-96.76848977,32.8127103600166]]},"properties":{"AADT_CUR":8559,"RTE_NM":"1061906","RTE_PRFX":"CS","RTE_NBR":"1061906","SYSTEM":"Off"}},{"type":"Feature","geometry":{"type":"LineString","coordinates":[[-96.85489439,32.78101933],[-96.8534162,32.78101488],[-96.85030119,32.7810066],[-96.8484529,32.78099855],[-96.84812163,32.78100652],[-96.84755102,32.7810223],[-96.84673775,32.781006],[-96.84637569,32.78100668]]},"properties":{"AADT_CUR":531,"RTE_NM":"1063195","RTE_PRFX":"CS","RTE_NBR":"1063195","SYSTEM":"Off"}},{"type":"Feature","geometry":{"type":"LineString","coordinates":[[-96.76517626,32.78954286],[-96.76376018,32.79068047]]},"properties":{"AADT_CUR":292,"RTE_NM":"1058360","RTE_PRFX":"CS","RTE_NBR":"1058360","SYSTEM":"Off"}},{"type":"Feature","geometry":{"type":"LineString","coordinates":[[-96.73400892,32.8242035],[-96.73333278,32.82476159],[-96.73263502,32.82538261]]},"properties":{"AADT_CUR":292,"RTE_NM":"1059675","RTE_PRFX":"CS","RTE_NBR":"1059675","SYSTEM":"Off"}},{"type":"Feature","geometry":{"type":"LineString","coordinates":[[-96.81755257,32.82236498],[-96.81749383,32.82245066],[-96.81744688,32.82252285],[-96.81742203,32.82258852],[-96.81727279,32.82333288],[-96.81722903,32.82370889],[-96.81722672,32.82378858],[-96.81723663,32.82382309],[-96.81725472,32.82385632],[-96.81728586,32.82388836],[-96.81731882,32.82391079],[-96.81736973,32.82392936],[-96.81743681,32.82395499]]},"properties":{"AADT_CUR":292,"RTE_NM":"1117277","RTE_PRFX":"CS","RTE_NBR":"1117277","SYSTEM":"Off"}},{"type":"Feature","geometry":{"type":"LineString","coordinates":[[-96.8468744264825,32.8261407988594],[-96.848260122,32.8273647800167],[-96.8484235417212,32.8275230273061]]},"properties":{"AADT_CUR":292,"RTE_NM":"1061221","RTE_PRFX":"CS","RTE_NBR":"1061221","SYSTEM":"Off"}},{"type":"Feature","geometry":{"type":"LineString","coordinates":[[-96.81122178,32.79451883],[-96.8112068,32.79449389],[-96.8109377,32.79426756],[-96.81087123,32.79421168]]},"properties":{"AADT_CUR":292,"RTE_NM":"1062857","RTE_PRFX":"CS","RTE_NBR":"1062857","SYSTEM":"Off"}},{"type":"Feature","geometry":{"type":"LineString","coordinates":[[-96.7645695745733,32.7876737600545],[-96.764557405623,32.7876635245443]]},"properties":{"AADT_CUR":292,"RTE_NM":"1057921","RTE_PRFX":"CS","RTE_NBR":"1057921","SYSTEM":"Off"}},{"type":"Feature","geometry":{"type":"LineString","coordinates":[[-96.7716716348157,32.7807002992008],[-96.7716402107496,32.7806886401871]]},"properties":{"AADT_CUR":292,"RTE_NM":"1057713","RTE_PRFX":"CS","RTE_NBR":"1057713","SYSTEM":"Off"}},{"type":"Feature","geometry":{"type":"LineString","coordinates":[[-96.77191095,32.78569853],[-96.77187991,32.78570497],[-96.77183967,32.78572365],[-96.77180585,32.78574792],[-96.77177514,32.78577912],[-96.77088878,32.78683894]]},"properties":{"AADT_CUR":292,"RTE_NM":"1058286","RTE_PRFX":"CS","RTE_NBR":"1058286","SYSTEM":"Off"}},{"type":"Feature","geometry":{"type":"LineString","coordinates":[[-96.7673978260893,32.7858242843084],[-96.767396897,32.785825217],[-96.767299002,32.785929703],[-96.767062754,32.786152239],[-96.766784931,32.786388304],[-96.766328476,32.786784675],[-96.76580114,32.787229322],[-96.765223709,32.787719523],[-96.764136496,32.788624565],[-96.763867505,32.788835317],[-96.763648611,32.788998581],[-96.763307534,32.789227566],[-96.763044577,32.789387431],[-96.762717248,32.789571201],[-96.762371573,32.789744559],[-96.762043092,32.789892681],[-96.761702932,32.790034568],[-96.761339169,32.790170238],[-96.761055226,32.790270797],[-96.760852062,32.790337684],[-96.76058543,32.790414722],[-96.760300108,32.79048564],[-96.759974553,32.790563323],[-96.759653045,32.790625025],[-96.759354434,32.790669766],[-96.759068775,32.790707405],[-96.7586848,32.790745945],[-96.7585945009542,32.7907518833379]]},"properties":{"AADT_CUR":187533,"RTE_NM":"IH0030-RG","RTE_PRFX":"IH","RTE_NBR":"30","SYSTEM":"On"}},{"type":"Feature","geometry":{"type":"LineString","coordinates":[[-96.83213496,32.74416571],[-96.83211611,32.74573106],[-96.83211222,32.74585198],[-96.83211333,32.74639906],[-96.83211162,32.74722513],[-96.8321118,32.74808148],[-96.83211221,32.74831928],[-96.83210698,32.74846765],[-96.83208327,32.74860479],[-96.83206393,32.7487255],[-96.83203533,32.74881857],[-96.831945,32.74895207],[-96.83177985,32.74917116],[-96.83162334,32.74944947]]},"properties":{"AADT_CUR":292,"RTE_NM":"1063051","RTE_PRFX":"CS","RTE_NBR":"1063051","SYSTEM":"Off"}},{"type":"Feature","geometry":{"type":"LineString","coordinates":[[-96.80435029,32.73376743],[-96.80431368,32.7354114]]},"properties":{"AADT_CUR":95,"RTE_NM":"1066370","RTE_PRFX":"CS","RTE_NBR":"1066370","SYSTEM":"Off"}},{"type":"Feature","geometry":{"type":"LineString","coordinates":[[-96.8489596005414,32.8267818361937],[-96.848260122,32.82736478],[-96.847092514,32.82825055],[-96.845853434,32.829206572]]},"properties":{"AADT_CUR":672,"RTE_NM":"1061203","RTE_PRFX":"CS","RTE_NBR":"1061203","SYSTEM":"Off"}},{"type":"Feature","geometry":{"type":"LineString","coordinates":[[-96.8645723957825,32.8265982538626],[-96.86446498,32.8263236600166],[-96.8643511,32.8261434700167],[-96.86420595,32.8259793700167],[-96.86400892,32.8258063300166],[-96.863579,32.8254611600167],[-96.86336926,32.8252701000167],[-96.86327724,32.8250957000167],[-96.86322166,32.8248874100167],[-96.86310188,32.8247181500167],[-96.86307625,32.8246958300167],[-96.86296475,32.8246063700167],[-96.86278676,32.8245036900167],[-96.8624378,32.8243589000167],[-96.8622337,32.8242586200167],[-96.86168372,32.8240685700167],[-96.86139414,32.8240139000167],[-96.86117888,32.8239904400167],[-96.86106965,32.8239986200167],[-96.86023564,32.8239821400167],[-96.85967893,32.8239802900167],[-96.85902679,32.8239881900167],[-96.85883271,32.8240076200167],[-96.85869314,32.8240277800167],[-96.8580681,32.8240236500167],[-96.85731881,32.8240027600167],[-96.85723271,32.8239933800167],[-96.8570148,32.8239368900167]]},"properties":{"AADT_CUR":292,"RTE_NM":"1063859","RTE_PRFX":"CS","RTE_NBR":"1063859","SYSTEM":"Off"}},{"type":"Feature","geometry":{"type":"LineString","coordinates":[[-96.73650579,32.80563979],[-96.73515721,32.80672152]]},"properties":{"AADT_CUR":292,"RTE_NM":"1065814","RTE_PRFX":"CS","RTE_NBR":"1065814","SYSTEM":"Off"}},{"type":"Feature","geometry":{"type":"LineString","coordinates":[[-96.85484681,32.78341039],[-96.85338961,32.78341311],[-96.85103704,32.7833943]]},"properties":{"AADT_CUR":339,"RTE_NM":"1062891","RTE_PRFX":"CS","RTE_NBR":"1062891","SYSTEM":"Off"}},{"type":"Feature","geometry":{"type":"LineString","coordinates":[[-96.8149152081458,32.7621526239255],[-96.81414595,32.7625089900164],[-96.8133580233153,32.76271586688]]},"properties":{"AADT_CUR":292,"RTE_NM":"1260025","RTE_PRFX":"CS","RTE_NBR":"1260025","SYSTEM":"Off"}},{"type":"Feature","geometry":{"type":"LineString","coordinates":[[-96.7701903434827,32.8111637519474],[-96.77017224,32.80810996],[-96.77017558,32.80681036],[-96.77013706,32.80672159]]},"properties":{"AADT_CUR":8610,"RTE_NM":"263250","RTE_PRFX":"CS","RTE_NBR":"263250","SYSTEM":"Off"}},{"type":"Feature","geometry":{"type":"LineString","coordinates":[[-96.8065977,32.73234981],[-96.80654675,32.73233537],[-96.80649538,32.73234292],[-96.80636274,32.73243321],[-96.80614989,32.73263649],[-96.80585974,32.73297067],[-96.80579608,32.73302479],[-96.80573238,32.73303903],[-96.80552821,32.73305662]]},"properties":{"AADT_CUR":292,"RTE_NM":"1064021","RTE_PRFX":"CS","RTE_NBR":"1064021","SYSTEM":"Off"}},{"type":"Feature","geometry":{"type":"LineString","coordinates":[[-96.75110397,32.7737720100164],[-96.75070775,32.7734434300164],[-96.75044586,32.7732335600164],[-96.75012039,32.7729485600165],[-96.74978929,32.7726593700164],[-96.74939721,32.7723280800164],[-96.74912912,32.7721030100164],[-96.74870091,32.7717066000164],[-96.74841012,32.7714372100164],[-96.74823623,32.7712615700164],[-96.74779124,32.7708498100164],[-96.747246224292,32.7703708138108]]},"properties":{"AADT_CUR":292,"RTE_NM":"1060807","RTE_PRFX":"CS","RTE_NBR":"1060807","SYSTEM":"Off"}},{"type":"Feature","geometry":{"type":"LineString","coordinates":[[-96.7798562924709,32.7964882187795],[-96.77999237,32.79637825],[-96.78192836,32.79480825],[-96.78385835,32.793233],[-96.78476481,32.79248966],[-96.7885177993889,32.789373633237]]},"properties":{"AADT_CUR":13191,"RTE_NM":"263435","RTE_PRFX":"CS","RTE_NBR":"263435","SYSTEM":"Off"}},{"type":"Feature","geometry":{"type":"LineString","coordinates":[[-96.75255684,32.74332672],[-96.75212862,32.74330833],[-96.75099768,32.74333641],[-96.75076289,32.74332348],[-96.74994284,32.74338067],[-96.74886371,32.74341908],[-96.7481836,32.74343149],[-96.74776929,32.74345039],[-96.74729414,32.74346156]]},"properties":{"AADT_CUR":292,"RTE_NM":"1059414","RTE_PRFX":"CS","RTE_NBR":"1059414","SYSTEM":"Off"}},{"type":"Feature","geometry":{"type":"LineString","coordinates":[[-96.7483235066772,32.781766452754],[-96.7482548829653,32.7817623004741]]},"properties":{"AADT_CUR":292,"RTE_NM":"1260024","RTE_PRFX":"CS","RTE_NBR":"1260024","SYSTEM":"Off"}},{"type":"Feature","geometry":{"type":"LineString","coordinates":[[-96.82291048,32.75223687],[-96.82175404,32.75225095],[-96.82018207,32.75223966]]},"properties":{"AADT_CUR":292,"RTE_NM":"1060090","RTE_PRFX":"CS","RTE_NBR":"1060090","SYSTEM":"Off"}},{"type":"Feature","geometry":{"type":"LineString","coordinates":[[-96.8201414433651,32.7351458284816],[-96.82048063,32.7354714800163],[-96.82052837,32.7357415300162],[-96.82049867,32.7358071000162],[-96.82039235,32.7360118500163],[-96.82038035,32.7360872900163],[-96.820392,32.7366317700163],[-96.82036766,32.7380472200163],[-96.82039435,32.7394303800163],[-96.82038833,32.7401354400163],[-96.82037037,32.7406973900163],[-96.820363704,32.7408448510163],[-96.8203359870273,32.740979136884]]},"properties":{"AADT_CUR":292,"RTE_NM":"1059694","RTE_PRFX":"CS","RTE_NBR":"1059694","SYSTEM":"Off"}},{"type":"Feature","geometry":{"type":"LineString","coordinates":[[-96.85728483,32.8213549800334],[-96.85665502,32.8213452800333],[-96.85556136,32.8213294600333],[-96.85425966,32.8212971200334],[-96.8513671799998,32.8212821900333],[-96.85090563,32.8212843200334],[-96.85078909,32.8212924000333],[-96.85070186,32.8212994800334],[-96.85063311,32.8213205600334],[-96.85057726,32.8213473200333],[-96.85050893,32.8213890200334],[-96.8504113,32.8214743200332],[-96.85016178,32.8217170600333],[-96.85006582,32.8217996300334],[-96.85001293,32.8218429200333],[-96.8498879436031,32.82192863729]]},"properties":{"AADT_CUR":292,"RTE_NM":"1063706","RTE_PRFX":"CS","RTE_NBR":"1063706","SYSTEM":"Off"}},{"type":"Feature","geometry":{"type":"LineString","coordinates":[[-96.7562930905293,32.8011555678617],[-96.75629068,32.8011545300166],[-96.75580699,32.8015010000166],[-96.75545805,32.8018232500166],[-96.75467269,32.8024885200166]]},"properties":{"AADT_CUR":292,"RTE_NM":"1059405","RTE_PRFX":"CS","RTE_NBR":"1059405","SYSTEM":"Off"}},{"type":"Feature","geometry":{"type":"LineString","coordinates":[[-96.74449965,32.7821283700165],[-96.744471,32.7828358600165],[-96.7444707136999,32.7828896367207],[-96.74447529,32.7829486300165],[-96.7444903,32.7835880200165],[-96.74447016,32.7838653900165],[-96.74444466,32.7846609000165],[-96.74442597,32.7854826300165],[-96.74439766,32.7864196700165],[-96.74440494,32.7864623900165],[-96.74438661,32.7871425200165],[-96.74438236,32.7873569000165],[-96.74437431,32.7880935500165],[-96.7443647,32.7890721000165],[-96.74435074,32.7900244800165],[-96.7443460597197,32.7909948549087]]},"properties":{"AADT_CUR":1632,"RTE_NM":"1058239","RTE_PRFX":"CS","RTE_NBR":"1058239","SYSTEM":"Off"}},{"type":"Feature","geometry":{"type":"LineString","coordinates":[[-96.847925177,32.820566719],[-96.847432747,32.820977784],[-96.847336011,32.821099149],[-96.847331106,32.821238075],[-96.8472458597322,32.8213484843178]]},"properties":{"AADT_CUR":292,"RTE_NM":"1063018","RTE_PRFX":"CS","RTE_NBR":"1063018","SYSTEM":"Off"}},{"type":"Feature","geometry":{"type":"LineString","coordinates":[[-96.8463956751413,32.7785335608286],[-96.84636925,32.7794313800165],[-96.84637407,32.7802204300165],[-96.84637569,32.7810066800165],[-96.84637721,32.7817984400165],[-96.846376949473,32.781838906013],[-96.84637206,32.7825983500165],[-96.84637125,32.7833845600165],[-96.8463728,32.7840869800165],[-96.84637461,32.7847756500165],[-96.84637566,32.7854615600165],[-96.84637497,32.7858477800165],[-96.84637001,32.7862449700165],[-96.8463563,32.7869801600165],[-96.84634093,32.7877180900165]]},"properties":{"AADT_CUR":292,"RTE_NM":"1063137","RTE_PRFX":"CS","RTE_NBR":"1063137","SYSTEM":"Off"}},{"type":"Feature","geometry":{"type":"LineString","coordinates":[[-96.81187491,32.7712242700492],[-96.8118273078483,32.7711174561386],[-96.8117768212078,32.7710041694635],[-96.8117345852068,32.7709093961172],[-96.8117119198707,32.7708585372914],[-96.8115824239585,32.7705679597978],[-96.81142442,32.7702134100493],[-96.81125345,32.7698984200492],[-96.81102245,32.7695544100492],[-96.81074364,32.7692441100492],[-96.81046344,32.7690066100492],[-96.81012868,32.7687739000492],[-96.8099212142594,32.7686691492683],[-96.8098891060845,32.7686529375942],[-96.80988717,32.7686519600492],[-96.80959604,32.7685068600492],[-96.8088415599803,32.7681433500423],[-96.80880739,32.7681314200492],[-96.8086368442085,32.7680718510883],[-96.80841977,32.7679960300492],[-96.80733881,32.7677325200493],[-96.80715867,32.7676926400492],[-96.80693541,32.7676431900492],[-96.8063085874678,32.767507008117],[-96.8061693346075,32.767476753918],[-96.8061309932546,32.7674684238123],[-96.8060131,32.7674428100492],[-96.8059085493311,32.76742009998],[-96.80585174,32.7674077600492],[-96.80554685,32.7673187200492],[-96.8053807960642,32.7672698575076],[-96.80514088,32.7671992600492],[-96.8050474945951,32.7671642385404],[-96.80475685,32.7670552400492],[-96.80442285,32.7668916700492],[-96.804252483114,32.7667951269486],[-96.8041427138314,32.7667329229272],[-96.80404807,32.7666792900492],[-96.8038704642786,32.7665347865665],[-96.80377422,32.7664564800492],[-96.8035971721896,32.7662978055167]]},"properties":{"AADT_CUR":15266,"RTE_NM":"263337","RTE_PRFX":"CS","RTE_NBR":"263337","SYSTEM":"Off"}},{"type":"Feature","geometry":{"type":"LineString","coordinates":[[-96.80232275,32.7391271200163],[-96.8023178586399,32.7391569001015],[-96.80222611,32.7397154900163],[-96.80215582,32.7401172700163],[-96.80210485,32.7402306600163],[-96.80204474,32.7403123100163],[-96.80196188,32.7404348900163],[-96.80184486,32.7406009900163],[-96.80159499,32.7410800500163],[-96.80143717,32.7413376800163],[-96.80133001,32.7414984000163],[-96.80111675,32.7417635300163],[-96.80094698,32.7419234100163],[-96.80069281,32.7421164900163],[-96.80041837,32.7423065500163],[-96.80012832,32.7425472600163],[-96.79988483,32.7427776000163],[-96.79969284,32.7429664500163],[-96.79937206,32.7431869900163],[-96.79914499,32.7432587900163],[-96.798869253046,32.7433023795348]]},"properties":{"AADT_CUR":292,"RTE_NM":"1066307","RTE_PRFX":"CS","RTE_NBR":"1066307","SYSTEM":"Off"}},{"type":"Feature","geometry":{"type":"LineString","coordinates":[[-96.82100261,32.740531418],[-96.820706398,32.74069971],[-96.820458214,32.740892097],[-96.820324059,32.740987631],[-96.820032824,32.741167129],[-96.819420478,32.74144714],[-96.818796492,32.741719776],[-96.818162909,32.74203944],[-96.8156415369789,32.7433092968051]]},"properties":{"AADT_CUR":5311,"RTE_NM":"IH0035E-AG","RTE_PRFX":"IH","RTE_NBR":"35","SYSTEM":"On"}},{"type":"Feature","geometry":{"type":"LineString","coordinates":[[-96.8400610933796,32.7339212000775],[-96.8390649,32.7340195500163],[-96.83801061,32.7341745100162],[-96.83777985,32.7342085400162],[-96.83771217,32.7342186400163],[-96.8376729893043,32.7342196891964],[-96.83764383,32.7342204700163],[-96.8372697,32.7342250800162],[-96.8342797,32.7345314400163],[-96.83417882,32.7345768100162],[-96.83411015,32.7346405000162],[-96.83406518,32.7347402400163],[-96.8340514384186,32.734943141498]]},"properties":{"AADT_CUR":292,"RTE_NM":"1063194","RTE_PRFX":"CS","RTE_NBR":"1063194","SYSTEM":"Off"}},{"type":"Feature","geometry":{"type":"LineString","coordinates":[[-96.8307974766427,32.7347205705003],[-96.83079207,32.7350083500163],[-96.83079071,32.7356433600162],[-96.83079083,32.7361986800163],[-96.83079069,32.7365959200162],[-96.83078525,32.7369284900163],[-96.83078129,32.7375717300163]]},"properties":{"AADT_CUR":1284,"RTE_NM":"1064349","RTE_PRFX":"CS","RTE_NBR":"1064349","SYSTEM":"Off"}},{"type":"Feature","geometry":{"type":"LineString","coordinates":[[-96.7861058762947,32.7755449905634],[-96.7860887200282,32.7755328166422],[-96.7860639191727,32.7755152181847],[-96.7860494254157,32.7755049335435],[-96.785912315,32.7754076410164],[-96.785808565,32.7753415420164],[-96.785683676,32.7752619750164],[-96.7856581282296,32.7752464758503],[-96.78523912,32.7749922730164],[-96.783967387,32.7742063180165],[-96.783656988,32.7739988030164],[-96.783551779,32.7739108150164],[-96.78345395,32.7738120820164],[-96.783398356,32.7737509490164],[-96.783348857,32.7736965190164],[-96.78329443,32.7736366700165],[-96.7830395609034,32.7733417736862]]},"properties":{"AADT_CUR":2231,"RTE_NM":"263030","RTE_PRFX":"CS","RTE_NBR":"263030","SYSTEM":"Off"}},{"type":"Feature","geometry":{"type":"LineString","coordinates":[[-96.79307417,32.7692034600164],[-96.79260062,32.7695474600164],[-96.7921454140152,32.7699236034845]]},"properties":{"AADT_CUR":292,"RTE_NM":"1065152","RTE_PRFX":"CS","RTE_NBR":"1065152","SYSTEM":"Off"}},{"type":"Feature","geometry":{"type":"LineString","coordinates":[[-96.75435759,32.73434041],[-96.75436375,32.73485458],[-96.75433707,32.73501227],[-96.75433623,32.73513735],[-96.75435498,32.73600359]]},"properties":{"AADT_CUR":292,"RTE_NM":"1058841","RTE_PRFX":"CS","RTE_NBR":"1058841","SYSTEM":"Off"}},{"type":"Feature","geometry":{"type":"LineString","coordinates":[[-96.77708961,32.80225399],[-96.77641073,32.80280815],[-96.77583377,32.80331011],[-96.77513168,32.80392717],[-96.77438683,32.80452439]]},"properties":{"AADT_CUR":292,"RTE_NM":"1065786","RTE_PRFX":"CS","RTE_NBR":"1065786","SYSTEM":"Off"}},{"type":"Feature","geometry":{"type":"LineString","coordinates":[[-96.7970483780669,32.8105887704953],[-96.79703579,32.8106067300166],[-96.796906671,32.8107158290166],[-96.79677524,32.8108268800166],[-96.796579388,32.8110005440166]]},"properties":{"AADT_CUR":292,"RTE_NM":"1061180","RTE_PRFX":"CS","RTE_NBR":"1061180","SYSTEM":"Off"}},{"type":"Feature","geometry":{"type":"LineString","coordinates":[[-96.78751569,32.7944146],[-96.78747515,32.79440717],[-96.78739398,32.7943552],[-96.78704069,32.79406717],[-96.78663505,32.7937097],[-96.78631073,32.79343858],[-96.78617066,32.79331844]]},"properties":{"AADT_CUR":292,"RTE_NM":"1064924","RTE_PRFX":"CS","RTE_NBR":"1064924","SYSTEM":"Off"}},{"type":"Feature","geometry":{"type":"LineString","coordinates":[[-96.8059158894815,32.7907985193564],[-96.80566638,32.7907828600165],[-96.8054633,32.7907649700165],[-96.80498364,32.7907859400165],[-96.8037162,32.7907727800165],[-96.80356321,32.7907308200165],[-96.80346272,32.7906676000165],[-96.80267496,32.7899503300165],[-96.80224629,32.7895609900165],[-96.8021489874058,32.7894690634328],[-96.802037721789,32.7893639449725],[-96.8019723061037,32.789302143188],[-96.8018793565942,32.7892143284889]]},"properties":{"AADT_CUR":2072,"RTE_NM":"263294","RTE_PRFX":"CS","RTE_NBR":"263294","SYSTEM":"Off"}},{"type":"Feature","geometry":{"type":"LineString","coordinates":[[-96.78124006,32.8097216000166],[-96.78102722,32.8095331000166],[-96.78093523,32.8094507200166],[-96.78050521,32.8090887700166],[-96.77969833,32.8083944600166],[-96.77888979,32.8077015000166],[-96.7767295407316,32.8057996200849]]},"properties":{"AADT_CUR":292,"RTE_NM":"1066043","RTE_PRFX":"CS","RTE_NBR":"1066043","SYSTEM":"Off"}},{"type":"Feature","geometry":{"type":"LineString","coordinates":[[-96.7987173810101,32.8150082961175],[-96.7986908,32.8150115600332],[-96.79862316,32.8150161400332],[-96.79833683,32.8150507100332],[-96.79796112,32.8151184300333],[-96.7977956,32.8151766500333],[-96.79762378,32.8152663800332],[-96.79755225,32.8153038900333],[-96.79743609,32.8153765300332],[-96.79735992,32.8154442200333],[-96.79729508,32.8155574100332],[-96.79725422,32.8156503200332],[-96.7972486,32.8157313400333],[-96.79706465,32.8157315800332],[-96.79695601,32.8157520800333],[-96.79680421,32.8158159800333],[-96.79669302,32.8158845600333],[-96.79662877,32.8159675300333],[-96.79659491,32.8161196400333],[-96.79660728,32.8163232400333],[-96.79660039,32.8164276100333],[-96.79636174,32.8169026800334],[-96.79633376,32.8170040200333],[-96.79632478,32.8171743400333],[-96.79633937,32.8172625100333],[-96.79636895,32.8173742500333],[-96.79628164,32.8173868000334],[-96.79620637,32.8174063800332],[-96.79613871,32.8174549400334],[-96.79610116,32.8175025300333],[-96.79606775,32.8175474400333],[-96.79602983,32.8176142700333],[-96.7959104000256,32.8178128922878]]},"properties":{"AADT_CUR":412,"RTE_NM":"1065099","RTE_PRFX":"CS","RTE_NBR":"1065099","SYSTEM":"Off"}},{"type":"Feature","geometry":{"type":"LineString","coordinates":[[-96.7787624978565,32.8363546964166],[-96.77884551,32.83624808],[-96.77910163,32.83588926],[-96.77941632,32.83535724],[-96.779586,32.83499044],[-96.77973134,32.83461414],[-96.7802806,32.83270926],[-96.78060143,32.83170211],[-96.78076905,32.83131588],[-96.78095361,32.83096253],[-96.78133372,32.83035987],[-96.78178738,32.82975456],[-96.78227432,32.82904954],[-96.7828629,32.82809466],[-96.78328137,32.82734298],[-96.78348103,32.82696346],[-96.78382354,32.82621131],[-96.78453562,32.82448594],[-96.78487912,32.82374551],[-96.78534813,32.82291954],[-96.78590707,32.82194035],[-96.78650717,32.82075013],[-96.78705477,32.81956948],[-96.78738111,32.81899638],[-96.78820236,32.81764515],[-96.78865335,32.81682874],[-96.78896365,32.81622531],[-96.78939498,32.81546578],[-96.79083057,32.81260424],[-96.79238467,32.80965226],[-96.79254485,32.8093225],[-96.79275047,32.8088205],[-96.79297586,32.80809953],[-96.79315434,32.80676483],[-96.79320931,32.80574322],[-96.79316552,32.8046796],[-96.7930996,32.80387071],[-96.7930597798961,32.803450855999]]},"properties":{"AADT_CUR":233239,"RTE_NM":"US0075-LG","RTE_PRFX":"US","RTE_NBR":"75","SYSTEM":"On"}},{"type":"Feature","geometry":{"type":"LineString","coordinates":[[-96.820109645,32.823666068],[-96.82064058,32.82395566],[-96.821604055,32.824484719],[-96.821862766,32.824618107]]},"properties":{"AADT_CUR":292,"RTE_NM":"1063952","RTE_PRFX":"CS","RTE_NBR":"1063952","SYSTEM":"Off"}},{"type":"Feature","geometry":{"type":"LineString","coordinates":[[-96.7353385523265,32.7921354110883],[-96.7353249012885,32.7929602014214]]},"properties":{"AADT_CUR":292,"RTE_NM":"1066248","RTE_PRFX":"CS","RTE_NBR":"1066248","SYSTEM":"Off"}},{"type":"Feature","geometry":{"type":"LineString","coordinates":[[-96.8566876108826,32.7591752768857],[-96.85660467,32.7591785900164],[-96.85467916,32.7591916000164],[-96.85365114,32.7591876100164],[-96.85268475,32.7591926800164],[-96.8520998,32.7592000400164]]},"properties":{"AADT_CUR":292,"RTE_NM":"1063347","RTE_PRFX":"CS","RTE_NBR":"1063347","SYSTEM":"Off"}},{"type":"Feature","geometry":{"type":"LineString","coordinates":[[-96.8307534488034,32.8165850258673],[-96.83074118439,32.8165952743496]]},"properties":{"AADT_CUR":292,"RTE_NM":"1060570","RTE_PRFX":"CS","RTE_NBR":"1060570","SYSTEM":"Off"}},{"type":"Feature","geometry":{"type":"LineString","coordinates":[[-96.811594784465,32.7737123525212],[-96.8116782,32.77446123],[-96.81175718,32.77484089],[-96.81186516,32.77540787],[-96.81203331,32.77613656],[-96.81211035,32.77651518],[-96.81213429,32.77677696],[-96.81214395,32.77753891],[-96.8120275,32.77874731],[-96.81194245,32.77978597],[-96.81188039,32.78183428],[-96.8118921407134,32.7822739292575]]},"properties":{"AADT_CUR":229347,"RTE_NM":"IH0035E-LG","RTE_PRFX":"IH","RTE_NBR":"35","SYSTEM":"On"}},{"type":"Feature","geometry":{"type":"LineString","coordinates":[[-96.8093007431215,32.756693116518],[-96.80932237,32.7567397700164],[-96.8093378,32.7568691900164],[-96.80934599,32.7571222200164],[-96.80933037,32.7572168500164],[-96.8092956732944,32.7572494944291]]},"properties":{"AADT_CUR":292,"RTE_NM":"1063405","RTE_PRFX":"CS","RTE_NBR":"1063405","SYSTEM":"Off"}},{"type":"Feature","geometry":{"type":"LineString","coordinates":[[-96.78370531,32.7801886],[-96.78362045,32.77994739],[-96.7834755,32.77965948],[-96.78341463,32.779433255],[-96.783382846,32.779267132],[-96.783380567,32.779154003],[-96.783394358,32.778933491],[-96.783443018,32.778727636],[-96.783516973,32.778544025],[-96.783624456,32.778377327],[-96.783871608,32.778057461],[-96.784113619,32.777706628]]},"properties":{"AADT_CUR":26436,"RTE_NM":"1581015872","RTE_PRFX":"IH","RTE_NBR":"30","SYSTEM":"On"}},{"type":"Feature","geometry":{"type":"LineString","coordinates":[[-96.7809781478223,32.7852106411305],[-96.78107064,32.7856206700165],[-96.78113223,32.7858854400165],[-96.7813142,32.7865880800165]]},"properties":{"AADT_CUR":292,"RTE_NM":"1063103","RTE_PRFX":"CS","RTE_NBR":"1063103","SYSTEM":"Off"}},{"type":"Feature","geometry":{"type":"LineString","coordinates":[[-96.74248669,32.80690381],[-96.74176772,32.80753833],[-96.74112187,32.80817799]]},"properties":{"AADT_CUR":292,"RTE_NM":"1063552","RTE_PRFX":"CS","RTE_NBR":"1063552","SYSTEM":"Off"}},{"type":"Feature","geometry":{"type":"LineString","coordinates":[[-96.84790415,32.74024856],[-96.84665822,32.74021138],[-96.8459806,32.74022298],[-96.84572971,32.74020177],[-96.84569866,32.74025359]]},"properties":{"AADT_CUR":292,"RTE_NM":"1065875","RTE_PRFX":"CS","RTE_NBR":"1065875","SYSTEM":"Off"}},{"type":"Feature","geometry":{"type":"LineString","coordinates":[[-96.7740048473165,32.7643404858954],[-96.77400516,32.7643402100164],[-96.774050922199,32.7643011716768],[-96.7740531979286,32.7642992303199]]},"properties":{"AADT_CUR":12355,"RTE_NM":"263473","RTE_PRFX":"CS","RTE_NBR":"263473","SYSTEM":"Off"}},{"type":"Feature","geometry":{"type":"LineString","coordinates":[[-96.777569543,32.769730354],[-96.777412714,32.769494285],[-96.7774108935331,32.7694895024121]]},"properties":{"AADT_CUR":9866,"RTE_NM":"SH0310-LG","RTE_PRFX":"SH","RTE_NBR":"310","SYSTEM":"On"}},{"type":"Feature","geometry":{"type":"LineString","coordinates":[[-96.83440188,32.77717136],[-96.83438397,32.77712851],[-96.83436174,32.77709935],[-96.83431495,32.7770781],[-96.83312807,32.77707457],[-96.8322546,32.77706011],[-96.83125483,32.77705631]]},"properties":{"AADT_CUR":292,"RTE_NM":"1057781","RTE_PRFX":"CS","RTE_NBR":"1057781","SYSTEM":"Off"}},{"type":"Feature","geometry":{"type":"LineString","coordinates":[[-96.8478984747961,32.7764192000395],[-96.84714536,32.7764190900165],[-96.84691176,32.7764256000165]]},"properties":{"AADT_CUR":292,"RTE_NM":"1060030","RTE_PRFX":"CS","RTE_NBR":"1060030","SYSTEM":"Off"}},{"type":"Feature","geometry":{"type":"LineString","coordinates":[[-96.7701892949592,32.8186348980887],[-96.76799703,32.8186470500167],[-96.76583127,32.8186416200167],[-96.76467884,32.8186365400166],[-96.76371108,32.8186367900166],[-96.76182512,32.8186406900167],[-96.7615336124218,32.818633916256]]},"properties":{"AADT_CUR":778,"RTE_NM":"1060932","RTE_PRFX":"CS","RTE_NBR":"1060932","SYSTEM":"Off"}},{"type":"Feature","geometry":{"type":"LineString","coordinates":[[-96.7976559199066,32.8069669422051],[-96.7976593,32.8069614200332],[-96.7976605270506,32.8069595103423],[-96.798369,32.8058568800332],[-96.7994161598378,32.8042733257404],[-96.8002480400079,32.8030152800203],[-96.8002547941657,32.803004216054],[-96.80095999,32.8018490200332],[-96.8009612426724,32.8018446964987],[-96.80099851,32.8017160700332],[-96.80098276,32.8015148500332],[-96.80088827,32.8009674100332],[-96.8008578386545,32.8007704434897],[-96.80085119,32.8007274100332],[-96.8008100272714,32.8005521277274],[-96.8007769800656,32.800411403068]]},"properties":{"AADT_CUR":6520,"RTE_NM":"263481","RTE_PRFX":"CS","RTE_NBR":"263481","SYSTEM":"Off"}},{"type":"Feature","geometry":{"type":"LineString","coordinates":[[-96.79180805,32.79153761],[-96.79124106,32.79203702],[-96.79057602,32.79259968],[-96.78933896,32.79358335],[-96.78888974,32.79396617],[-96.78813066,32.79459352],[-96.78721193,32.79539734],[-96.78668366,32.79582718],[-96.78647512,32.79600712],[-96.78599116,32.79641831],[-96.78573674,32.79665673],[-96.78524203,32.79707602]]},"properties":{"AADT_CUR":292,"RTE_NM":"1064526","RTE_PRFX":"CS","RTE_NBR":"1064526","SYSTEM":"Off"}},{"type":"Feature","geometry":{"type":"LineString","coordinates":[[-96.799831371,32.7973553300166],[-96.7994204849793,32.797729732397]]},"properties":{"AADT_CUR":292,"RTE_NM":"1061271","RTE_PRFX":"CS","RTE_NBR":"1061271","SYSTEM":"Off"}},{"type":"Feature","geometry":{"type":"LineString","coordinates":[[-96.79475701,32.73097794],[-96.79444031,32.73143845],[-96.79331143,32.73308908],[-96.79218993,32.73474331],[-96.79165454,32.73553817],[-96.79138708,32.73590106],[-96.79113192,32.73626114],[-96.79088418,32.73662489],[-96.79064392,32.73699221],[-96.79041121,32.737363],[-96.79018613,32.73773713],[-96.78996873,32.7381145],[-96.78985514,32.73831854],[-96.78975885,32.73848794],[-96.78962041,32.73874541],[-96.78948982,32.73900581],[-96.78936718,32.73926895],[-96.7893394823413,32.7393313049558]]},"properties":{"AADT_CUR":3905,"RTE_NM":"263017","RTE_PRFX":"CS","RTE_NBR":"263017","SYSTEM":"Off"}},{"type":"Feature","geometry":{"type":"LineString","coordinates":[[-96.8362149024289,32.7586245425843],[-96.83620267,32.7586242400164],[-96.8355372084636,32.7586250902093],[-96.834238650018,32.7586267395065],[-96.8308387605877,32.7586309967053]]},"properties":{"AADT_CUR":6659,"RTE_NM":"263076","RTE_PRFX":"CS","RTE_NBR":"263076","SYSTEM":"Off"}},{"type":"Feature","geometry":{"type":"LineString","coordinates":[[-96.7615323319954,32.8229330874912],[-96.7615151431285,32.8229332878468]]},"properties":{"AADT_CUR":292,"RTE_NM":"1065735","RTE_PRFX":"CS","RTE_NBR":"1065735","SYSTEM":"Off"}},{"type":"Feature","geometry":{"type":"LineString","coordinates":[[-96.82157195,32.81250459],[-96.8218892,32.81277141],[-96.82242507,32.81322674],[-96.82281273,32.81355773],[-96.82343367,32.81403344],[-96.82415922,32.81461641]]},"properties":{"AADT_CUR":2604,"RTE_NM":"1060425","RTE_PRFX":"CS","RTE_NBR":"1060425","SYSTEM":"Off"}},{"type":"Feature","geometry":{"type":"LineString","coordinates":[[-96.8150842453416,32.8050658413675],[-96.8150472810934,32.8050961217493]]},"properties":{"AADT_CUR":292,"RTE_NM":"1064748","RTE_PRFX":"CS","RTE_NBR":"1064748","SYSTEM":"Off"}},{"type":"Feature","geometry":{"type":"LineString","coordinates":[[-96.8009159953496,32.7854695020693],[-96.80091701,32.7854752400165],[-96.80114897,32.7856438600165],[-96.80187325,32.7862730200165],[-96.8024078653509,32.7868135904456],[-96.80253051,32.7869376000165],[-96.80301244,32.7875978900165],[-96.8030850936506,32.7876631387928],[-96.8031975924608,32.7877641714373],[-96.8032963720481,32.787852882892],[-96.8033798766172,32.7879278760449]]},"properties":{"AADT_CUR":8723,"RTE_NM":"270066","RTE_PRFX":"CS","RTE_NBR":"270066","SYSTEM":"Off"}},{"type":"Feature","geometry":{"type":"LineString","coordinates":[[-96.779004144036,32.7600554335935],[-96.77904048,32.7600899000164],[-96.7800232,32.7609137400164],[-96.78059991,32.7614165600164],[-96.78112767,32.7618444700164],[-96.78186291,32.7624786800164],[-96.7821637790851,32.7627357819908]]},"properties":{"AADT_CUR":292,"RTE_NM":"1059292","RTE_PRFX":"CS","RTE_NBR":"1059292","SYSTEM":"Off"}},{"type":"Feature","geometry":{"type":"LineString","coordinates":[[-96.7665014113284,32.7494159586261],[-96.76609229,32.7497457700163],[-96.7654029,32.7503134600163],[-96.76489413,32.7507530900163],[-96.7643161,32.7512398700163],[-96.7635862310531,32.7518602236456]]},"properties":{"AADT_CUR":292,"RTE_NM":"1065112","RTE_PRFX":"CS","RTE_NBR":"1065112","SYSTEM":"Off"}},{"type":"Feature","geometry":{"type":"LineString","coordinates":[[-96.79656141,32.74407778],[-96.79649791,32.74403842],[-96.79647088,32.74400644],[-96.79646079,32.74398157],[-96.79644013,32.74391392],[-96.79629326,32.74334559]]},"properties":{"AADT_CUR":292,"RTE_NM":"1060462","RTE_PRFX":"CS","RTE_NBR":"1060462","SYSTEM":"Off"}},{"type":"Feature","geometry":{"type":"LineString","coordinates":[[-96.78620515,32.7810015900165],[-96.78605973,32.7810325600165],[-96.78593223,32.7810624200165],[-96.7859317813478,32.7810624235798]]},"properties":{"AADT_CUR":292,"RTE_NM":"1065635","RTE_PRFX":"CS","RTE_NBR":"1065635","SYSTEM":"Off"}},{"type":"Feature","geometry":{"type":"LineString","coordinates":[[-96.7761145583275,32.7854244086558],[-96.7763231752812,32.786145167395]]},"properties":{"AADT_CUR":292,"RTE_NM":"1062972","RTE_PRFX":"CS","RTE_NBR":"1062972","SYSTEM":"Off"}},{"type":"Feature","geometry":{"type":"LineString","coordinates":[[-96.7589278831258,32.7840477563185],[-96.75883938,32.7840493],[-96.75852829,32.7840416],[-96.75830225,32.78403003],[-96.75805603,32.78404524]]},"properties":{"AADT_CUR":16114,"RTE_NM":"263296","RTE_PRFX":"CS","RTE_NBR":"263296","SYSTEM":"Off"}},{"type":"Feature","geometry":{"type":"LineString","coordinates":[[-96.76519219,32.7775441200165],[-96.7653131804425,32.777431775991],[-96.7657795051155,32.7769987729266],[-96.7658934487738,32.7768929703242],[-96.7669438515396,32.7759176005294],[-96.76705136,32.7758177700165],[-96.7670641563084,32.7758061541781],[-96.7674947519759,32.7754152788547],[-96.7681036171863,32.7748625703172],[-96.7694750260331,32.7736176138031],[-96.770267717386,32.7728979913383],[-96.7704725032044,32.7727120796795],[-96.77050817,32.7726797000164],[-96.7711162402887,32.7721496153268],[-96.7716115888363,32.7717177890418],[-96.7722767952472,32.7711378776286],[-96.7734328097362,32.7701300655225],[-96.77363919,32.7699501400164],[-96.7739055481844,32.7697280301852],[-96.7746839602093,32.7690789213509],[-96.77508227,32.7687467700164],[-96.7755867637919,32.7682987867959],[-96.7755898822333,32.7682961383202]]},"properties":{"AADT_CUR":5475,"RTE_NM":"263246","RTE_PRFX":"CS","RTE_NBR":"263246","SYSTEM":"Off"}},{"type":"Feature","geometry":{"type":"LineString","coordinates":[[-96.7527367122927,32.8115999236759],[-96.75282084,32.8117696200166],[-96.75288088,32.8121924500166],[-96.75290123,32.8126875800166],[-96.7529015831981,32.8127075884252],[-96.7529196473988,32.8137309002668]]},"properties":{"AADT_CUR":292,"RTE_NM":"1057732","RTE_PRFX":"CS","RTE_NBR":"1057732","SYSTEM":"Off"}},{"type":"Feature","geometry":{"type":"LineString","coordinates":[[-96.8126984185358,32.7441344907336],[-96.81269016,32.7441342000163],[-96.8115289,32.7441321800163],[-96.81100404,32.7441484100163],[-96.8099812,32.7441372600163],[-96.80985288,32.7441286400163],[-96.80974686,32.7441010900163]]},"properties":{"AADT_CUR":292,"RTE_NM":"1060078","RTE_PRFX":"CS","RTE_NBR":"1060078","SYSTEM":"Off"}},{"type":"Feature","geometry":{"type":"LineString","coordinates":[[-96.7944114288844,32.731451607419],[-96.79440337,32.7314476700163],[-96.79394707,32.7312008600163]]},"properties":{"AADT_CUR":292,"RTE_NM":"1058180","RTE_PRFX":"CS","RTE_NBR":"1058180","SYSTEM":"Off"}},{"type":"Feature","geometry":{"type":"LineString","coordinates":[[-96.77228362,32.8192097400166],[-96.7722846499998,32.8202434100333],[-96.77227204,32.8213085100334],[-96.7722721,32.8223916600334],[-96.77226936,32.8234940100334],[-96.77226864,32.8239063600167],[-96.7722757199997,32.8245043900334],[-96.77225571,32.8254896600334],[-96.7722564000002,32.8264573600334],[-96.7722696799997,32.8273633600334],[-96.7722557299998,32.8282043900334],[-96.7722421499997,32.8290687900334],[-96.7722287,32.8299263200167],[-96.7722289699998,32.8308733800334],[-96.77222167,32.8317076300334],[-96.7722219699999,32.8326533300334],[-96.7722152799999,32.8336236600334],[-96.77220762,32.8346434700334],[-96.7722084,32.8355644200168]]},"properties":{"AADT_CUR":292,"RTE_NM":"1066377","RTE_PRFX":"CS","RTE_NBR":"1066377","SYSTEM":"Off"}},{"type":"Feature","geometry":{"type":"LineString","coordinates":[[-96.8237024641876,32.8275371024166],[-96.82365129,32.8275824400167],[-96.82284099,32.8282477900167],[-96.82185177,32.8290756700167],[-96.8210248,32.8297600200167]]},"properties":{"AADT_CUR":292,"RTE_NM":"1064476","RTE_PRFX":"CS","RTE_NBR":"1064476","SYSTEM":"Off"}},{"type":"Feature","geometry":{"type":"LineString","coordinates":[[-96.73640743,32.80385101],[-96.73617784,32.804173],[-96.73514529,32.80515444],[-96.73483664,32.80544058],[-96.73460616,32.8056776],[-96.73443083,32.80586087],[-96.73427886,32.80602589],[-96.73390196,32.80651969],[-96.73371153,32.80679068]]},"properties":{"AADT_CUR":292,"RTE_NM":"1060163","RTE_PRFX":"CS","RTE_NBR":"1060163","SYSTEM":"Off"}},{"type":"Feature","geometry":{"type":"LineString","coordinates":[[-96.87380592,32.7854162300165],[-96.87287102,32.7854417200165],[-96.87247388,32.7854681000165],[-96.87211755,32.7855432700165],[-96.87178871,32.7856430000165],[-96.87044266,32.7861129300165],[-96.87017038,32.7862140100165],[-96.86987102,32.7862785800165],[-96.86954458,32.7863066400165],[-96.86911995,32.7863084500165],[-96.86878096,32.7862883900165],[-96.86847106,32.7862451100165],[-96.86814862,32.7861537200165],[-96.8676046770902,32.7859763966591],[-96.86609073,32.7854828400165],[-96.86571173,32.7853900900165],[-96.86533113,32.7853451100165],[-96.86499135,32.7853489300165],[-96.86464996,32.7854005300165],[-96.8643498,32.7854889800165],[-96.86409205,32.7855784400165],[-96.86383351,32.7856917900165],[-96.86300983,32.7861980600165],[-96.8628960386665,32.7862651242561],[-96.86262,32.7864278100165],[-96.86218815,32.7866446000165],[-96.86175789,32.7868136000165],[-96.86134299,32.7869471100165],[-96.86092888,32.7870567300165],[-96.8605588,32.7871195800165],[-96.86018993,32.7871466000165],[-96.8581096950128,32.7871377289626],[-96.8565557598789,32.7871310807272]]},"properties":{"AADT_CUR":4112,"RTE_NM":"262968","RTE_PRFX":"CS","RTE_NBR":"262968","SYSTEM":"Off"}},{"type":"Feature","geometry":{"type":"LineString","coordinates":[[-96.78363814,32.81003237],[-96.78420666,32.81055566]]},"properties":{"AADT_CUR":292,"RTE_NM":"1061042","RTE_PRFX":"CS","RTE_NBR":"1061042","SYSTEM":"Off"}},{"type":"Feature","geometry":{"type":"LineString","coordinates":[[-96.78988499,32.77236555],[-96.78994529,32.77266178],[-96.78999584,32.77284888],[-96.79007343,32.77296807],[-96.79016275,32.77307051],[-96.79027218,32.77316603],[-96.79055663,32.77335794],[-96.79081581,32.77353023],[-96.79090006,32.77359888],[-96.79097845,32.77367708],[-96.79103444,32.77375671],[-96.79106422,32.77381566],[-96.79109613,32.77391373],[-96.79114736,32.77399413],[-96.79135484,32.77438251],[-96.79152284,32.77463677],[-96.79165856,32.77485742],[-96.7917236,32.77493455],[-96.79182734,32.77506194],[-96.79189035,32.77512117],[-96.79242978,32.77559452],[-96.79278889,32.77591422],[-96.79318572,32.77626193],[-96.79362615,32.77662673],[-96.79395024,32.77690746],[-96.79413991,32.77707089],[-96.79426737,32.77721146],[-96.7943096,32.7773],[-96.79469684,32.77831699],[-96.79504527,32.77932106],[-96.79524906,32.77993554],[-96.79549579,32.78064406],[-96.79562592,32.78115441],[-96.79569238,32.78137938]]},"properties":{"AADT_CUR":292,"RTE_NM":"1064465","RTE_PRFX":"CS","RTE_NBR":"1064465","SYSTEM":"Off"}},{"type":"Feature","geometry":{"type":"LineString","coordinates":[[-96.87378597,32.7651541870164],[-96.873868261,32.7651052210164],[-96.873912411,32.7650429190164],[-96.873930778,32.7649812510164],[-96.873935328,32.7645640610164],[-96.873920632,32.7644593430164],[-96.873883739,32.7643981620164],[-96.873819926,32.7643410810164],[-96.873732282,32.7643029900164],[-96.87362318,32.7642773050164],[-96.873468628,32.7642663060164],[-96.872811691,32.7642422940164],[-96.872559058,32.7642356830164],[-96.872297306,32.7642129230164],[-96.871844525,32.7641919600164],[-96.870154308,32.7641176900164],[-96.8687719,32.7640919500164],[-96.86759094,32.7640847100164],[-96.86697635,32.7640656500164],[-96.8664338,32.7640653900164],[-96.86573916,32.7640645000164],[-96.86502603,32.7640523800164],[-96.86413588,32.7640667900164],[-96.8637589,32.7640865700164],[-96.86318881,32.7640804400164],[-96.86188778,32.7640564400164],[-96.86147771,32.7640620200164],[-96.85954584,32.7640626700164],[-96.85891631,32.7640598500164],[-96.85820914,32.7640766400164],[-96.85742818,32.7640800700164],[-96.85725986,32.7640778400164],[-96.8567235,32.7640717100164],[-96.856611650018,32.7640769043038],[-96.85657492,32.7640786100164],[-96.85275812,32.7640925000164],[-96.85248395,32.7640957400164],[-96.85238828,32.7640779800164],[-96.85233911,32.7640539600164],[-96.85229629,32.7639942900164],[-96.8522604199264,32.763925558904]]},"properties":{"AADT_CUR":987,"RTE_NM":"1064015","RTE_PRFX":"CS","RTE_NBR":"1064015","SYSTEM":"Off"}},{"type":"Feature","geometry":{"type":"LineString","coordinates":[[-96.7669438515493,32.7759176005204],[-96.766931191241,32.7759078700852]]},"properties":{"AADT_CUR":292,"RTE_NM":"1064472","RTE_PRFX":"CS","RTE_NBR":"1064472","SYSTEM":"Off"}},{"type":"Feature","geometry":{"type":"LineString","coordinates":[[-96.78037684,32.7587825800164],[-96.78124263,32.7595203200164],[-96.7813453,32.7595945900163],[-96.7814760800153,32.7596458800203],[-96.78159424,32.7596763800164],[-96.78168517,32.7597271100163],[-96.7826611,32.7605749600164],[-96.78318283,32.7610618900164],[-96.78362091,32.7614583100164],[-96.7836749420707,32.7615035042595],[-96.78379301,32.7616022600164],[-96.7844558000093,32.7621983400253],[-96.78488063,32.7626069500164],[-96.78526981,32.7630095600164]]},"properties":{"AADT_CUR":292,"RTE_NM":"1063533","RTE_PRFX":"CS","RTE_NBR":"1063533","SYSTEM":"Off"}},{"type":"Feature","geometry":{"type":"LineString","coordinates":[[-96.78965325,32.76959767],[-96.78886599,32.76895455],[-96.78849325,32.7686264],[-96.78806202,32.76829332],[-96.78786325,32.76813938],[-96.787665,32.76800058],[-96.78717574,32.76764057],[-96.78668726,32.76728196],[-96.78528988,32.76634862]]},"properties":{"AADT_CUR":292,"RTE_NM":"1058695","RTE_PRFX":"CS","RTE_NBR":"1058695","SYSTEM":"Off"}},{"type":"Feature","geometry":{"type":"LineString","coordinates":[[-96.8167777115478,32.8065249131169],[-96.8167654966916,32.8065351683145]]},"properties":{"AADT_CUR":292,"RTE_NM":"1065376","RTE_PRFX":"CS","RTE_NBR":"1065376","SYSTEM":"Off"}},{"type":"Feature","geometry":{"type":"LineString","coordinates":[[-96.8179340722299,32.8071880966896],[-96.81792415,32.8071964400166],[-96.8178364688238,32.8072091588101]]},"properties":{"AADT_CUR":2502,"RTE_NM":"1061843","RTE_PRFX":"CS","RTE_NBR":"1061843","SYSTEM":"Off"}},{"type":"Feature","geometry":{"type":"LineString","coordinates":[[-96.83710564,32.7772391500165],[-96.8371259361593,32.77854160184]]},"properties":{"AADT_CUR":292,"RTE_NM":"1063319","RTE_PRFX":"CS","RTE_NBR":"1063319","SYSTEM":"Off"}},{"type":"Feature","geometry":{"type":"LineString","coordinates":[[-96.8499600141172,32.7785661779512],[-96.8499597436069,32.7785806342419]]},"properties":{"AADT_CUR":292,"RTE_NM":"1061165","RTE_PRFX":"CS","RTE_NBR":"1061165","SYSTEM":"Off"}},{"type":"Feature","geometry":{"type":"LineString","coordinates":[[-96.7530520750571,32.7560816953603],[-96.75304237,32.7560734900327],[-96.7522589593873,32.7554124971928],[-96.7517138648464,32.7549525720927],[-96.7513616818583,32.7546554129897],[-96.7503910870459,32.7538364456729],[-96.74951534,32.7530974900327]]},"properties":{"AADT_CUR":3088,"RTE_NM":"263560","RTE_PRFX":"CS","RTE_NBR":"263560","SYSTEM":"Off"}},{"type":"Feature","geometry":{"type":"LineString","coordinates":[[-96.8008525622215,32.8131680588796],[-96.80103247,32.81300679],[-96.80116919,32.81273517],[-96.80132169,32.81241612],[-96.80139895,32.81222674],[-96.80158137,32.8118606],[-96.80173181,32.81160128],[-96.8020116,32.81128534],[-96.80226188,32.81100454],[-96.80257077,32.8106654],[-96.80279193,32.8104078],[-96.80291327,32.81017167],[-96.80297597,32.80999388],[-96.8030514576785,32.8098196081661]]},"properties":{"AADT_CUR":10963,"RTE_NM":"263742","RTE_PRFX":"CS","RTE_NBR":"263742","SYSTEM":"Off"}},{"type":"Feature","geometry":{"type":"LineString","coordinates":[[-96.85459198,32.75437406],[-96.85423293,32.7542621],[-96.85386899,32.75423941],[-96.85307203,32.75436493],[-96.85294409,32.75437836]]},"properties":{"AADT_CUR":292,"RTE_NM":"1065070","RTE_PRFX":"CS","RTE_NBR":"1065070","SYSTEM":"Off"}},{"type":"Feature","geometry":{"type":"LineString","coordinates":[[-96.85581308,32.74526879],[-96.85531791,32.74526362],[-96.85404138,32.74524946],[-96.8528751,32.74525326],[-96.85145598,32.74524178],[-96.8502623,32.74523282],[-96.84903566,32.74524677],[-96.84860755,32.74526582],[-96.84835263,32.74528581],[-96.84820664,32.74530861],[-96.84809788,32.74534015],[-96.84799024,32.74539921],[-96.84790532,32.74550083]]},"properties":{"AADT_CUR":292,"RTE_NM":"1065821","RTE_PRFX":"CS","RTE_NBR":"1065821","SYSTEM":"Off"}},{"type":"Feature","geometry":{"type":"LineString","coordinates":[[-96.8227712741284,32.7285967099585],[-96.82202723,32.7285893900162],[-96.82183376,32.7285867800162],[-96.82169085,32.7285766100162],[-96.8215960513922,32.7285664116358],[-96.82145036,32.7285664800162],[-96.82128587,32.7285793800162],[-96.82112272,32.7286074200162],[-96.82094689,32.7286614000162],[-96.8207877,32.7287376000162],[-96.8206994,32.7288065000162],[-96.82063278,32.7288894600162],[-96.82059519,32.7289851600162]]},"properties":{"AADT_CUR":292,"RTE_NM":"1059635","RTE_PRFX":"CS","RTE_NBR":"1059635","SYSTEM":"Off"}},{"type":"Feature","geometry":{"type":"LineString","coordinates":[[-96.82394537,32.7284146000162],[-96.82385345,32.7284109900162],[-96.8227744938723,32.7283946764269]]},"properties":{"AADT_CUR":292,"RTE_NM":"1065843","RTE_PRFX":"CS","RTE_NBR":"1065843","SYSTEM":"Off"}},{"type":"Feature","geometry":{"type":"LineString","coordinates":[[-96.85181228,32.81664629],[-96.8517287,32.81654484],[-96.85164627,32.81646953],[-96.85074077,32.81570566],[-96.85021611,32.81529597],[-96.85014584,32.81522356],[-96.85009591,32.81515004],[-96.85008032,32.81507011],[-96.85009162,32.81489982],[-96.85008005,32.81486531],[-96.85004741,32.81482639],[-96.84997159,32.81478965],[-96.84987333,32.81477734],[-96.8491501,32.81476088],[-96.84897633,32.81473932],[-96.84888861,32.81472991],[-96.84880693,32.81470133],[-96.84872761,32.81467829],[-96.84818509,32.81435358],[-96.84801416,32.81426745]]},"properties":{"AADT_CUR":292,"RTE_NM":"1057994","RTE_PRFX":"CS","RTE_NBR":"1057994","SYSTEM":"Off"}},{"type":"Feature","geometry":{"type":"LineString","coordinates":[[-96.8126030128069,32.80265112846],[-96.8125906622671,32.8026612303177]]},"properties":{"AADT_CUR":292,"RTE_NM":"1061427","RTE_PRFX":"CS","RTE_NBR":"1061427","SYSTEM":"Off"}},{"type":"Feature","geometry":{"type":"LineString","coordinates":[[-96.84625042,32.7213733500162],[-96.84625863,32.7223287800162],[-96.84625871,32.7228483500162],[-96.84625212,32.7232894900162],[-96.84625434,32.7239561700162],[-96.84624934,32.7242681300162],[-96.84627196,32.7248869700162],[-96.84635301,32.7253375300162],[-96.84642416,32.7256216300162],[-96.84651277,32.7259279600162],[-96.84654204,32.7261455300162],[-96.84655124,32.7263504500162],[-96.84651173,32.7265506100162],[-96.84645395,32.7267285400162],[-96.8462508,32.7270708400162],[-96.8461944,32.7271745600162],[-96.84601633,32.7274361000162],[-96.84591337,32.7275515600162],[-96.84578969,32.7276873700162],[-96.84555982,32.7278492500162],[-96.84522817,32.7280194000162],[-96.8450551,32.7280995800162],[-96.84488112,32.7281426200162],[-96.84462802,32.7281983500162],[-96.8444750418676,32.7282246922582]]},"properties":{"AADT_CUR":292,"RTE_NM":"1065330","RTE_PRFX":"CS","RTE_NBR":"1065330","SYSTEM":"Off"}},{"type":"Feature","geometry":{"type":"LineString","coordinates":[[-96.75206701,32.82751553],[-96.75205911,32.82766799],[-96.75203521,32.82822023],[-96.75203535,32.82829583]]},"properties":{"AADT_CUR":292,"RTE_NM":"1063847","RTE_PRFX":"CS","RTE_NBR":"1063847","SYSTEM":"Off"}},{"type":"Feature","geometry":{"type":"LineString","coordinates":[[-96.78781476,32.72553584],[-96.78708513,32.72593128]]},"properties":{"AADT_CUR":292,"RTE_NM":"1059309","RTE_PRFX":"CS","RTE_NBR":"1059309","SYSTEM":"Off"}},{"type":"Feature","geometry":{"type":"LineString","coordinates":[[-96.7637222608464,32.8047845391095],[-96.76371538,32.8047786200166],[-96.763384,32.8044963500166],[-96.7624201,32.8036416500166]]},"properties":{"AADT_CUR":292,"RTE_NM":"1060035","RTE_PRFX":"CS","RTE_NBR":"1060035","SYSTEM":"Off"}},{"type":"Feature","geometry":{"type":"LineString","coordinates":[[-96.84557613,32.75420355],[-96.8455161,32.75428247],[-96.84526485,32.75458427],[-96.84520514,32.75468932],[-96.84518898,32.7552073],[-96.84520194,32.75538061],[-96.84528107,32.75554666],[-96.84534376,32.75567396],[-96.84543262,32.75583733],[-96.84552233,32.75595536],[-96.84531693,32.75621611],[-96.84527071,32.75666953],[-96.84512875,32.7576958],[-96.84515476,32.75782809],[-96.84519232,32.75795094],[-96.84521284,32.75821833],[-96.84521285,32.7583844],[-96.84527843,32.75860425],[-96.8453323,32.75867197],[-96.84543705,32.7588829]]},"properties":{"AADT_CUR":292,"RTE_NM":"1062073","RTE_PRFX":"CS","RTE_NBR":"1062073","SYSTEM":"Off"}},{"type":"Feature","geometry":{"type":"LineString","coordinates":[[-96.76574489,32.77285545],[-96.76484342,32.77364607]]},"properties":{"AADT_CUR":292,"RTE_NM":"1064888","RTE_PRFX":"CS","RTE_NBR":"1064888","SYSTEM":"Off"}},{"type":"Feature","geometry":{"type":"LineString","coordinates":[[-96.7774108935331,32.7694895024121],[-96.77721297,32.76896953],[-96.77698296,32.76847651],[-96.77681908,32.76816208],[-96.77658366,32.76777601],[-96.77625134,32.76734619],[-96.77598991,32.76703558],[-96.77562703,32.76668669],[-96.775278293,32.766346484],[-96.77509856,32.766149315],[-96.7749832,32.7659747],[-96.77480437,32.765704],[-96.77435767,32.76492798],[-96.77388416,32.76419229],[-96.77336593,32.76360184],[-96.77294525,32.76314811],[-96.77245649,32.76265593],[-96.77182852,32.76204924],[-96.77113754,32.7612896],[-96.77063964,32.76071964],[-96.76986738,32.75981215],[-96.76911036,32.75892944],[-96.76863379,32.75836459],[-96.76809829,32.75769208],[-96.76765119,32.75714005],[-96.76717056,32.75652563],[-96.76668383,32.75592403],[-96.76618999,32.75531815],[-96.76571512,32.75473392],[-96.76519214,32.75410552],[-96.76476943,32.753568],[-96.7645967618552,32.7533810934423]]},"properties":{"AADT_CUR":9866,"RTE_NM":"SH0310-LG","RTE_PRFX":"SH","RTE_NBR":"310","SYSTEM":"On"}},{"type":"Feature","geometry":{"type":"LineString","coordinates":[[-96.8083253387323,32.7803838082505],[-96.80815055,32.7803832300495],[-96.80785509,32.7804092400495],[-96.80742139,32.7805059200495],[-96.8064958,32.7807063800495],[-96.80582933,32.7808416300495],[-96.80500095,32.7810067500495],[-96.8047037944429,32.7810544015077],[-96.80443484,32.7810975300495],[-96.80341298,32.7812733400495],[-96.8033398099611,32.7812902984671],[-96.80328423,32.7813031800495],[-96.8026461,32.7815061200495],[-96.8014954855964,32.7817442025479],[-96.8000021041398,32.7820367163694],[-96.79997466,32.7820420900495],[-96.7996692799456,32.7821168100607],[-96.79867737,32.7823208100495],[-96.7975588128656,32.7825758100305],[-96.79616936,32.7828511900495],[-96.79604268,32.7828810600495],[-96.7946208,32.7832052100495],[-96.7943473261042,32.7832667957639],[-96.7935932668655,32.783424254432],[-96.79356611,32.7834299200495],[-96.79302467,32.7835352000495],[-96.79282031,32.7835846300495],[-96.7925563,32.7836483600495],[-96.79234612,32.7837045700495],[-96.79213662,32.7837676800495],[-96.79178329,32.7838631600495],[-96.7916120409936,32.7839102680734],[-96.7915739,32.7839207600495],[-96.79113738,32.7840341600495],[-96.79108010554,32.7840496481607],[-96.7909574156946,32.7840828257431],[-96.7907804579293,32.7841306781204],[-96.79057865,32.7841852500495],[-96.79055779,32.7841907800495],[-96.79035747,32.7842423600495],[-96.79032272,32.7842513300495],[-96.79017293,32.7842973700495],[-96.78996979,32.7843688100495],[-96.78977531,32.7844541100495],[-96.78962031,32.7845193100495],[-96.7895137446071,32.7845664210637]]},"properties":{"AADT_CUR":9237,"RTE_NM":"1063441","RTE_PRFX":"CS","RTE_NBR":"1063441","SYSTEM":"Off"}},{"type":"Feature","geometry":{"type":"LineString","coordinates":[[-96.75958061,32.78469359],[-96.75820127,32.78590864]]},"properties":{"AADT_CUR":292,"RTE_NM":"1063651","RTE_PRFX":"CS","RTE_NBR":"1063651","SYSTEM":"Off"}},{"type":"Feature","geometry":{"type":"LineString","coordinates":[[-96.86235934,32.75908682],[-96.86200214,32.75927043],[-96.86154486,32.75949945],[-96.86095163,32.7597789],[-96.85997722,32.76026226],[-96.8585433,32.76096223]]},"properties":{"AADT_CUR":292,"RTE_NM":"1064179","RTE_PRFX":"CS","RTE_NBR":"1064179","SYSTEM":"Off"}},{"type":"Feature","geometry":{"type":"LineString","coordinates":[[-96.8616785242736,32.8222799525674],[-96.86168492,32.8221085000167],[-96.86171201,32.8219645400167],[-96.86181471,32.8217803200167],[-96.86196,32.8215375700166],[-96.86204911,32.8213408100167],[-96.86211785,32.8211437900167],[-96.86216619,32.8209066400167],[-96.86217302,32.8207569000167],[-96.86214474,32.8206135700166],[-96.86206269,32.8204283100167],[-96.86174707,32.8198894600167],[-96.86167762,32.8197277200167],[-96.86160876,32.8195783700167],[-96.86155902,32.8194952400167],[-96.86151263,32.8194506400167],[-96.86146523,32.8194170200167],[-96.86140961,32.8193874300167],[-96.8612888,32.8193624800167],[-96.86116768,32.8193540100167],[-96.86020179,32.8193412800167],[-96.8562231,32.8193093800167],[-96.85485205,32.8192871500167],[-96.85358518,32.8192648800167],[-96.85170123,32.8192495500167],[-96.851366,32.8192437500167]]},"properties":{"AADT_CUR":292,"RTE_NM":"1061375","RTE_PRFX":"CS","RTE_NBR":"1061375","SYSTEM":"Off"}},{"type":"Feature","geometry":{"type":"LineString","coordinates":[[-96.78854375,32.82755255],[-96.78791195,32.82705315]]},"properties":{"AADT_CUR":292,"RTE_NM":"1117226","RTE_PRFX":"CS","RTE_NBR":"1117226","SYSTEM":"Off"}},{"type":"Feature","geometry":{"type":"LineString","coordinates":[[-96.835335231,32.822246351],[-96.83538768,32.82228724],[-96.83602421,32.82280708],[-96.8360682,32.82284891],[-96.83608696,32.8228904],[-96.8360934,32.82293721],[-96.83608031,32.82298377],[-96.83604361,32.82303139],[-96.83598128,32.82309928],[-96.83472806,32.8241684]]},"properties":{"AADT_CUR":292,"RTE_NM":"1064491","RTE_PRFX":"CS","RTE_NBR":"1064491","SYSTEM":"Off"}},{"type":"Feature","geometry":{"type":"LineString","coordinates":[[-96.80524336,32.74362052],[-96.8052816,32.74430757]]},"properties":{"AADT_CUR":292,"RTE_NM":"1064315","RTE_PRFX":"CS","RTE_NBR":"1064315","SYSTEM":"Off"}},{"type":"Feature","geometry":{"type":"LineString","coordinates":[[-96.7701821125829,32.8198401771767],[-96.770164911808,32.8198400444125]]},"properties":{"AADT_CUR":292,"RTE_NM":"1063468","RTE_PRFX":"CS","RTE_NBR":"1063468","SYSTEM":"Off"}},{"type":"Feature","geometry":{"type":"LineString","coordinates":[[-96.78766762,32.80197395],[-96.78750709,32.80181642],[-96.78698065,32.80139131],[-96.78659121,32.80107805],[-96.78623581,32.80077213]]},"properties":{"AADT_CUR":292,"RTE_NM":"1062339","RTE_PRFX":"CS","RTE_NBR":"1062339","SYSTEM":"Off"}},{"type":"Feature","geometry":{"type":"LineString","coordinates":[[-96.82285407789,32.7232748144881],[-96.82283689,32.72327471]]},"properties":{"AADT_CUR":1228,"RTE_NM":"1065861","RTE_PRFX":"CS","RTE_NBR":"1065861","SYSTEM":"Off"}},{"type":"Feature","geometry":{"type":"LineString","coordinates":[[-96.73566517,32.78101412],[-96.73566865,32.78115472],[-96.73570522,32.78185407],[-96.73571275,32.78262118]]},"properties":{"AADT_CUR":292,"RTE_NM":"1060813","RTE_PRFX":"CS","RTE_NBR":"1060813","SYSTEM":"Off"}},{"type":"Feature","geometry":{"type":"LineString","coordinates":[[-96.7376197572843,32.7830361037899],[-96.7376189426681,32.7830248598835],[-96.73761708,32.7829991500165],[-96.73763084,32.7826049800165],[-96.7376360265769,32.7822745154158],[-96.7376424957574,32.7818623258982],[-96.7376538685986,32.7811376862433],[-96.7376560496288,32.7809987169231],[-96.7376655,32.7803965600165],[-96.73777498,32.7784769300165],[-96.73779739,32.7783256700164]]},"properties":{"AADT_CUR":13585,"RTE_NM":"263129","RTE_PRFX":"CS","RTE_NBR":"263129","SYSTEM":"Off"}},{"type":"Feature","geometry":{"type":"LineString","coordinates":[[-96.83915382,32.7620421400164],[-96.8382217,32.7620393000164],[-96.8378079,32.7620282700164],[-96.83704078,32.7620317600164],[-96.83575583,32.7620200600164],[-96.8356673614872,32.7620240671381]]},"properties":{"AADT_CUR":2073,"RTE_NM":"1065849","RTE_PRFX":"CS","RTE_NBR":"1065849","SYSTEM":"Off"}},{"type":"Feature","geometry":{"type":"LineString","coordinates":[[-96.81760283,32.74323271],[-96.81823396,32.74409524],[-96.81918621,32.74538646],[-96.82000674,32.74650543]]},"properties":{"AADT_CUR":292,"RTE_NM":"1064383","RTE_PRFX":"CS","RTE_NBR":"1064383","SYSTEM":"Off"}},{"type":"Feature","geometry":{"type":"LineString","coordinates":[[-96.8564497698218,32.7904156533735],[-96.85374711,32.7904114600165],[-96.85341284,32.7904042900165],[-96.85284674,32.7903926700165],[-96.85031009,32.7903741700165],[-96.8478935243756,32.7903544035822]]},"properties":{"AADT_CUR":292,"RTE_NM":"1057909","RTE_PRFX":"CS","RTE_NBR":"1057909","SYSTEM":"Off"}},{"type":"Feature","geometry":{"type":"LineString","coordinates":[[-96.7325553817683,32.8272133907866],[-96.73255403,32.8272075800167],[-96.7325421291218,32.8271867648323]]},"properties":{"AADT_CUR":4714,"RTE_NM":"268398","RTE_PRFX":"CS","RTE_NBR":"268398","SYSTEM":"Off"}},{"type":"Feature","geometry":{"type":"LineString","coordinates":[[-96.8069836539017,32.8250302494246],[-96.8069835729952,32.8250258237818],[-96.80698123,32.8248976600167],[-96.80700387,32.8237543500166],[-96.80699691,32.8232749000167]]},"properties":{"AADT_CUR":2378,"RTE_NM":"263263","RTE_PRFX":"CS","RTE_NBR":"263263","SYSTEM":"Off"}},{"type":"Feature","geometry":{"type":"LineString","coordinates":[[-96.7391370059169,32.8012940545116],[-96.73913013,32.8012884500166],[-96.7390994039961,32.8012643133096]]},"properties":{"AADT_CUR":292,"RTE_NM":"1059489","RTE_PRFX":"CS","RTE_NBR":"1059489","SYSTEM":"Off"}},{"type":"Feature","geometry":{"type":"LineString","coordinates":[[-96.7932831401357,32.7710838646244],[-96.79327378,32.7710907100164],[-96.79264631,32.7716126600164],[-96.7922753,32.7719113400164],[-96.79117481,32.7727470800164]]},"properties":{"AADT_CUR":292,"RTE_NM":"1058404","RTE_PRFX":"CS","RTE_NBR":"1058404","SYSTEM":"Off"}},{"type":"Feature","geometry":{"type":"LineString","coordinates":[[-96.81290431,32.73316547],[-96.81288479,32.73393632],[-96.81290262,32.73449601]]},"properties":{"AADT_CUR":292,"RTE_NM":"1061502","RTE_PRFX":"CS","RTE_NBR":"1061502","SYSTEM":"Off"}},{"type":"Feature","geometry":{"type":"LineString","coordinates":[[-96.839258744,32.740809774],[-96.839179127,32.740646143],[-96.839055954,32.740486368],[-96.83877767,32.7401653],[-96.838483412,32.739894601],[-96.838203149,32.739640259],[-96.837895894,32.73930495],[-96.837865316,32.739132309],[-96.83781677,32.739029992],[-96.83773363,32.738763909],[-96.83768543,32.738542293],[-96.83765567,32.73840886]]},"properties":{"AADT_CUR":7416,"RTE_NM":"269959","RTE_PRFX":"CS","RTE_NBR":"269959","SYSTEM":"Off"}},{"type":"Feature","geometry":{"type":"LineString","coordinates":[[-96.7851110256822,32.7685455007057],[-96.7857699952523,32.7689989077267],[-96.7861680813934,32.7692728089115],[-96.7866171773296,32.7695818036937],[-96.7874812743517,32.7701763244752],[-96.7883363575274,32.7707646302184],[-96.78840736,32.7708134800328],[-96.78888001,32.7711703800328],[-96.7891642376308,32.7714248720244],[-96.7892430835161,32.7714954687619],[-96.7892698,32.7715193900329],[-96.78945436,32.7717931400328],[-96.7896839338728,32.7720982995515],[-96.789884990004,32.7723655500362],[-96.79003324,32.7724862300328],[-96.7911467665096,32.7727863613502]]},"properties":{"AADT_CUR":4187,"RTE_NM":"268100","RTE_PRFX":"CS","RTE_NBR":"268100","SYSTEM":"Off"}},{"type":"Feature","geometry":{"type":"LineString","coordinates":[[-96.7439307367875,32.7733564775706],[-96.74349467,32.7729719800165],[-96.74307663,32.7725963100164],[-96.74267737,32.7722594000164],[-96.74221773,32.7718487800164]]},"properties":{"AADT_CUR":292,"RTE_NM":"1060695","RTE_PRFX":"CS","RTE_NBR":"1060695","SYSTEM":"Off"}},{"type":"Feature","geometry":{"type":"LineString","coordinates":[[-96.7533891530177,32.7472302361064],[-96.75338911,32.7472212700163],[-96.7533912748097,32.7471134404386],[-96.753392016699,32.7470764867357],[-96.7534051706784,32.7464212785085],[-96.75340574,32.7463929200163],[-96.7534057386784,32.746376776674],[-96.7534057066173,32.7459851544351],[-96.75340544,32.7427283300163],[-96.753405719503,32.7427107256533],[-96.7534139825612,32.7421902778641],[-96.7534324507508,32.7410270394459],[-96.7534457320814,32.7401904823966],[-96.753459851775,32.7393011020941],[-96.753474887215,32.7384048907432]]},"properties":{"AADT_CUR":5986,"RTE_NM":"262966","RTE_PRFX":"CS","RTE_NBR":"262966","SYSTEM":"Off"}},{"type":"Feature","geometry":{"type":"LineString","coordinates":[[-96.83926579,32.77062076],[-96.83815301,32.77061688]]},"properties":{"AADT_CUR":292,"RTE_NM":"1065016","RTE_PRFX":"CS","RTE_NBR":"1065016","SYSTEM":"Off"}},{"type":"Feature","geometry":{"type":"LineString","coordinates":[[-96.74167761,32.8061721200166],[-96.7402625799913,32.8075156700252],[-96.73960428,32.8081675100166],[-96.73955979,32.8082356100166],[-96.73950839,32.8083242400166],[-96.73945104,32.8084251300166],[-96.73916419,32.8092238200166],[-96.7390256,32.8096452200166],[-96.73897169,32.8098190200166]]},"properties":{"AADT_CUR":1468,"RTE_NM":"1064584","RTE_PRFX":"CS","RTE_NBR":"1064584","SYSTEM":"Off"}},{"type":"Feature","geometry":{"type":"LineString","coordinates":[[-96.86449081,32.79149424],[-96.86434597,32.7914876],[-96.86420422,32.79150098],[-96.8638856,32.79150884],[-96.86353714,32.79150264],[-96.86193772,32.79150394],[-96.86159149,32.7914601],[-96.86140254,32.79141286],[-96.86123139,32.7913584],[-96.86112302,32.79131505],[-96.86092086,32.79120144],[-96.86076363,32.79110989],[-96.86052304,32.79099112],[-96.86027768,32.79089095],[-96.86014183,32.79083695],[-96.85991345,32.79077428],[-96.85970258,32.79071929],[-96.85958041,32.79070476],[-96.85941192,32.79067585],[-96.85923071,32.79065576],[-96.85904861,32.79061903],[-96.85895286,32.79057542],[-96.85878254,32.79046894],[-96.85867305,32.79034755],[-96.85858751,32.79018912],[-96.85857425,32.79002573],[-96.85856784,32.78986834],[-96.85857163,32.78972902]]},"properties":{"AADT_CUR":292,"RTE_NM":"1065276","RTE_PRFX":"CS","RTE_NBR":"1065276","SYSTEM":"Off"}},{"type":"Feature","geometry":{"type":"LineString","coordinates":[[-96.86121162,32.74314219],[-96.86052365,32.74314137],[-96.85954299,32.74313667],[-96.85891371,32.74312837],[-96.85809338,32.74311616],[-96.8575143,32.7431195],[-96.85688886,32.74312361],[-96.85671075,32.743124],[-96.85534986,32.74314449],[-96.85410962,32.74314732],[-96.85289206,32.74315593],[-96.85271805,32.74315501],[-96.85151287,32.74315414],[-96.85111282,32.74315021],[-96.85027901,32.7431639],[-96.84905928,32.74315869],[-96.84784367,32.74314942],[-96.84695707,32.74315961],[-96.84659519,32.74315893],[-96.84537079,32.74314126],[-96.84413284,32.74315364],[-96.8436953,32.74315469],[-96.84290013,32.74314545]]},"properties":{"AADT_CUR":292,"RTE_NM":"1066030","RTE_PRFX":"CS","RTE_NBR":"1066030","SYSTEM":"Off"}},{"type":"Feature","geometry":{"type":"LineString","coordinates":[[-96.84409667,32.72473155],[-96.84423299,32.72483371],[-96.84433083,32.72495047],[-96.84461221,32.72533908]]},"properties":{"AADT_CUR":292,"RTE_NM":"1058107","RTE_PRFX":"CS","RTE_NBR":"1058107","SYSTEM":"Off"}},{"type":"Feature","geometry":{"type":"LineString","coordinates":[[-96.8229053182926,32.7688180467987],[-96.821592316,32.769083891],[-96.820522521,32.769303572],[-96.81715366,32.76998356],[-96.816028673,32.770219021],[-96.815433618,32.770319649],[-96.814887484,32.770386255],[-96.81438992,32.7704158],[-96.813811922,32.770420686],[-96.813115587,32.770396286],[-96.81269797,32.770387166],[-96.812392576,32.770402926],[-96.812069559,32.770428849],[-96.811786009,32.770468874],[-96.811556104,32.770508899]]},"properties":{"AADT_CUR":499,"RTE_NM":"IH0030-AG","RTE_PRFX":"IH","RTE_NBR":"30","SYSTEM":"On"}},{"type":"Feature","geometry":{"type":"LineString","coordinates":[[-96.76539326,32.76320942],[-96.76517074,32.76306611],[-96.76480793,32.76277652],[-96.76395976,32.76205815]]},"properties":{"AADT_CUR":292,"RTE_NM":"1064320","RTE_PRFX":"CS","RTE_NBR":"1064320","SYSTEM":"Off"}},{"type":"Feature","geometry":{"type":"LineString","coordinates":[[-96.79715817,32.76634404],[-96.79715122,32.76636731],[-96.79712792,32.76639449],[-96.79662382,32.76689066],[-96.79649014,32.76703179],[-96.79568907,32.76782767],[-96.79492581,32.76860207],[-96.79432208,32.76920134],[-96.79395538,32.76953032],[-96.79367082,32.76977659],[-96.79273401,32.77056372],[-96.79232194,32.77092507],[-96.79175519,32.77141899]]},"properties":{"AADT_CUR":292,"RTE_NM":"1058259","RTE_PRFX":"CS","RTE_NBR":"1058259","SYSTEM":"Off"}},{"type":"Feature","geometry":{"type":"LineString","coordinates":[[-96.7924341918191,32.7463170939626],[-96.79243731,32.7463263100163],[-96.7924372230248,32.7463602391561]]},"properties":{"AADT_CUR":292,"RTE_NM":"1058075","RTE_PRFX":"CS","RTE_NBR":"1058075","SYSTEM":"Off"}},{"type":"Feature","geometry":{"type":"LineString","coordinates":[[-96.7942352970498,32.7463203455889],[-96.7942386,32.7463304300163],[-96.7942385158022,32.7463635244254]]},"properties":{"AADT_CUR":292,"RTE_NM":"1058073","RTE_PRFX":"CS","RTE_NBR":"1058073","SYSTEM":"Off"}},{"type":"Feature","geometry":{"type":"LineString","coordinates":[[-96.8085146335683,32.7990086323943],[-96.80757377,32.7996897700166]]},"properties":{"AADT_CUR":292,"RTE_NM":"1061835","RTE_PRFX":"CS","RTE_NBR":"1061835","SYSTEM":"Off"}},{"type":"Feature","geometry":{"type":"LineString","coordinates":[[-96.7565181404944,32.7590120056585],[-96.7565059898139,32.7590222673491]]},"properties":{"AADT_CUR":292,"RTE_NM":"1063990","RTE_PRFX":"CS","RTE_NBR":"1063990","SYSTEM":"Off"}},{"type":"Feature","geometry":{"type":"LineString","coordinates":[[-96.8338776324582,32.7959503765156],[-96.83387694,32.79595027],[-96.83340985,32.7958992],[-96.83278472,32.79582448],[-96.83216085,32.79574261],[-96.83153836,32.79565357],[-96.83091735,32.79555742],[-96.83029794,32.79545415],[-96.82968026,32.79534379],[-96.82912465,32.79523817],[-96.82896903,32.79520303],[-96.82875193,32.79514759],[-96.82853746,32.79508525],[-96.82832594,32.79501609],[-96.82811766,32.79494022],[-96.82791294,32.79485776],[-96.82771206,32.79476881],[-96.82751531,32.79467349],[-96.82746796,32.79464929],[-96.82737922,32.79460653],[-96.82670738,32.79427805],[-96.82603987,32.79394335],[-96.82537679,32.79360245],[-96.82471819,32.79325539],[-96.82406417,32.79290222],[-96.8234148,32.79254297],[-96.8231308,32.79238312],[-96.82294375,32.79228622],[-96.82271489,32.79215999],[-96.82249083,32.79202774],[-96.82227181,32.79188962],[-96.82205804,32.79174575],[-96.82184971,32.79159629],[-96.82164705,32.79144137],[-96.82145025,32.79128114],[-96.82125951,32.79111578],[-96.82118419,32.79104753]]},"properties":{"AADT_CUR":15585,"RTE_NM":"263344","RTE_PRFX":"CS","RTE_NBR":"263344","SYSTEM":"Off"}},{"type":"Feature","geometry":{"type":"LineString","coordinates":[[-96.75341312,32.74271058],[-96.75255726,32.74272742],[-96.75080007,32.74271645],[-96.74896672,32.74273187],[-96.74820382,32.74273624],[-96.7473321,32.74273357],[-96.7462513,32.74273344]]},"properties":{"AADT_CUR":292,"RTE_NM":"1059953","RTE_PRFX":"CS","RTE_NBR":"1059953","SYSTEM":"Off"}},{"type":"Feature","geometry":{"type":"LineString","coordinates":[[-96.75544447,32.80463504],[-96.75528949,32.80460057],[-96.75474763,32.8041298]]},"properties":{"AADT_CUR":292,"RTE_NM":"1062333","RTE_PRFX":"CS","RTE_NBR":"1062333","SYSTEM":"Off"}},{"type":"Feature","geometry":{"type":"LineString","coordinates":[[-96.80608321,32.77917776],[-96.80616619,32.77947579],[-96.80627828,32.77995429],[-96.8064958,32.78070638],[-96.80657498,32.780948],[-96.80661665,32.78110939],[-96.80670109,32.78141706],[-96.80671237,32.78146533],[-96.80673323,32.78152335],[-96.80683131,32.78184082],[-96.80694188,32.78218597],[-96.80697725,32.78229366],[-96.80714268,32.78262031],[-96.80721711,32.78294159]]},"properties":{"AADT_CUR":292,"RTE_NM":"1063055","RTE_PRFX":"CS","RTE_NBR":"1063055","SYSTEM":"Off"}},{"type":"Feature","geometry":{"type":"LineString","coordinates":[[-96.787011227,32.774342148],[-96.786813185,32.774414026],[-96.78663526,32.774478011],[-96.786536396,32.774531756],[-96.786450942,32.77460016],[-96.786391596,32.774668248],[-96.786347147,32.774751803],[-96.786313402,32.774849802],[-96.786259,32.77510738],[-96.78621138,32.77540706],[-96.786182569,32.775677402],[-96.786186612,32.775795636],[-96.786210502,32.775893795],[-96.786254826,32.776010378],[-96.78631261,32.77611583],[-96.78638195,32.77622746],[-96.78646956,32.77634507],[-96.7864799192458,32.7763569478001]]},"properties":{"AADT_CUR":3906,"RTE_NM":"1638316806","RTE_PRFX":"IH","RTE_NBR":"30","SYSTEM":"On"}},{"type":"Feature","geometry":{"type":"LineString","coordinates":[[-96.8020241475874,32.7680749622213],[-96.80197796,32.7683783000164],[-96.80190322,32.7685436100164],[-96.80176952,32.7688649700164],[-96.80158607,32.7691950100164],[-96.80155375,32.7692777000164],[-96.80153411,32.7693398000164],[-96.80152421,32.7694072100164],[-96.80153018,32.7694800300164],[-96.80154488,32.7695477900164],[-96.80156707,32.7696104500164],[-96.80159434,32.7696627700164],[-96.80161698,32.7697015400164],[-96.80164817,32.7697424900164],[-96.80169278,32.7697898600164],[-96.8017288258331,32.7698272414224],[-96.80176997,32.7698699100164],[-96.80187272,32.7699648400164],[-96.8018857489059,32.7699758262539],[-96.8019018660206,32.769989416526],[-96.8019630150971,32.7700409785906],[-96.80198045,32.7700556800164],[-96.8020118087729,32.7700796869618],[-96.80204955,32.7701085800164],[-96.8021420058359,32.7701820886112],[-96.80215861,32.7701952900164],[-96.8022013526607,32.7702299911638],[-96.80222521,32.7702493600164],[-96.80240641,32.7703690700164],[-96.80272188,32.7705618900164],[-96.80357372,32.7710650800164],[-96.80426917,32.7714754600164],[-96.8043976,32.7715535700164],[-96.80455724,32.7716249500164],[-96.8047733,32.7716994800164],[-96.80537593,32.7720356200164],[-96.80554817,32.7721328000164],[-96.80568718,32.7722226700164]]},"properties":{"AADT_CUR":292,"RTE_NM":"1061444","RTE_PRFX":"CS","RTE_NBR":"1061444","SYSTEM":"Off"}},{"type":"Feature","geometry":{"type":"LineString","coordinates":[[-96.8602801501638,32.7349252502826],[-96.86027175,32.7355134900163],[-96.86027177,32.7359973200163],[-96.86026413,32.7364549300163],[-96.860264,32.7366817400163],[-96.86026416,32.7371573300163]]},"properties":{"AADT_CUR":292,"RTE_NM":"1066442","RTE_PRFX":"CS","RTE_NBR":"1066442","SYSTEM":"Off"}},{"type":"Feature","geometry":{"type":"LineString","coordinates":[[-96.86730761,32.73282988],[-96.86639838,32.73288907],[-96.86547464,32.73293466],[-96.86487297,32.73297623],[-96.86433669,32.73299941],[-96.86355921,32.73300567],[-96.86191338,32.73300872],[-96.86144175,32.73300939],[-96.86065702,32.73301278],[-96.85917298,32.73301657],[-96.85777379,32.73300496],[-96.85714634,32.73301186],[-96.85688211,32.73300918]]},"properties":{"AADT_CUR":292,"RTE_NM":"1060337","RTE_PRFX":"CS","RTE_NBR":"1060337","SYSTEM":"Off"}},{"type":"Feature","geometry":{"type":"LineString","coordinates":[[-96.86883226,32.7337210200163],[-96.86806665,32.7337453400162],[-96.86745784,32.7337772000163],[-96.86648739,32.7338414300162],[-96.86548213,32.7338969300163],[-96.86450459,32.7339486800162],[-96.86354589,32.7339498000163],[-96.86246178,32.7339602700162],[-96.86143395,32.7339604600163],[-96.860645,32.7339720600162],[-96.85994013,32.7339655000162],[-96.85916183,32.7339717300163],[-96.85736978,32.7339659100163],[-96.85691209,32.7339598600162],[-96.8568445876941,32.7339610469314]]},"properties":{"AADT_CUR":292,"RTE_NM":"1061808","RTE_PRFX":"CS","RTE_NBR":"1061808","SYSTEM":"Off"}},{"type":"Feature","geometry":{"type":"LineString","coordinates":[[-96.7528117173996,32.8113476483216],[-96.75281593,32.8113261600332],[-96.75283978,32.8109967900332],[-96.7528533948175,32.8107087844547],[-96.75285603,32.8106530400332],[-96.7528637,32.8103090600332],[-96.75286277,32.8099650300332],[-96.7528583481172,32.8098052712598],[-96.75285325,32.8096210800332],[-96.75284867,32.8095168400332],[-96.75284763,32.8094869500332],[-96.75284807,32.8093504400332],[-96.75285711,32.8092141200332],[-96.75287473,32.8090784200332],[-96.75290087,32.8089437000332],[-96.75293548,32.8088103400332],[-96.75297844,32.8086787300332],[-96.75302964,32.8085492300332],[-96.75308891,32.8084222200332],[-96.75315611,32.8082980600332],[-96.75323105,32.8081770800332],[-96.75331349,32.8080596500332],[-96.75340322,32.8079460900332],[-96.75347128,32.8078679300332],[-96.75362149,32.8077504100332],[-96.7538190787222,32.8075924456925],[-96.75401962,32.8074321200332],[-96.75441177,32.8071086000332],[-96.75469775,32.8068661700332],[-96.75475947,32.8068082900332],[-96.75486659,32.8066994300332],[-96.754967,32.8065860900332],[-96.755008050742,32.8065344603358],[-96.75506044,32.8064685700332],[-96.75514663,32.8063471600332],[-96.75522538,32.8062222000332],[-96.75529647,32.8060940100332],[-96.75535972,32.8059629200332],[-96.75541495,32.8058292700332],[-96.75546204,32.8056934200332],[-96.75550085,32.8055557100332],[-96.75553129,32.8054165100332],[-96.75555325,32.8052761800332],[-96.75556672,32.8051350800332],[-96.75556902,32.8050943700332],[-96.75557928,32.8050172800332],[-96.7556195426004,32.8047120283963],[-96.7557744964448,32.8035372237156],[-96.7558129680338,32.8032455411277],[-96.755858187076,32.802902698515],[-96.75594227,32.8022651900332],[-96.7559521,32.8022141500332],[-96.7559712395345,32.802131089496],[-96.75598748,32.8020606100332],[-96.75603128,32.8019086100332],[-96.7560834,32.8017585200331],[-96.75614375,32.8016106200331],[-96.75621217,32.8014652600332],[-96.75628853,32.8013227500332],[-96.7563695684683,32.8011884951565]]},"properties":{"AADT_CUR":17483,"RTE_NM":"262900","RTE_PRFX":"CS","RTE_NBR":"262900","SYSTEM":"Off"}},{"type":"Feature","geometry":{"type":"LineString","coordinates":[[-96.75512148,32.80002425],[-96.75344574,32.80140189]]},"properties":{"AADT_CUR":292,"RTE_NM":"1057860","RTE_PRFX":"CS","RTE_NBR":"1057860","SYSTEM":"Off"}},{"type":"Feature","geometry":{"type":"LineString","coordinates":[[-96.76616038,32.7731994],[-96.76553192,32.77376244],[-96.76519875,32.77407669],[-96.76510792,32.77418676]]},"properties":{"AADT_CUR":292,"RTE_NM":"1065537","RTE_PRFX":"CS","RTE_NBR":"1065537","SYSTEM":"Off"}},{"type":"Feature","geometry":{"type":"LineString","coordinates":[[-96.78183295,32.76125355],[-96.78112767,32.76184447],[-96.78032763,32.76253992],[-96.78004264,32.76276553]]},"properties":{"AADT_CUR":292,"RTE_NM":"1063506","RTE_PRFX":"CS","RTE_NBR":"1063506","SYSTEM":"Off"}},{"type":"Feature","geometry":{"type":"LineString","coordinates":[[-96.7993238803762,32.7486406094815],[-96.79869045,32.75009792],[-96.79790658,32.75168042]]},"properties":{"AADT_CUR":12639,"RTE_NM":"1317028","RTE_PRFX":"CS","RTE_NBR":"1317028","SYSTEM":"Off"}},{"type":"Feature","geometry":{"type":"LineString","coordinates":[[-96.7557718216774,32.7538717451778],[-96.75630393,32.7534252000163],[-96.757376290924,32.7525706622953],[-96.7580992,32.7519945800164],[-96.7585048168809,32.7516615399098],[-96.7596790627449,32.7506973802609],[-96.76061466,32.7499291500163],[-96.760987962926,32.749687323489],[-96.7611113781451,32.7496073742977],[-96.7611926121697,32.7495547502215]]},"properties":{"AADT_CUR":15715,"RTE_NM":"263298","RTE_PRFX":"CS","RTE_NBR":"263298","SYSTEM":"Off"}},{"type":"Feature","geometry":{"type":"LineString","coordinates":[[-96.7806046829956,32.7801548368323],[-96.780611169,32.7801540770165],[-96.7806595263511,32.7801417187706],[-96.7807442690486,32.7801200618032],[-96.7809156,32.7800762760165],[-96.781233443,32.7799522460165],[-96.781433268,32.7798372370165],[-96.781610293,32.7796895280165],[-96.781733675,32.7795485850165],[-96.781834259,32.7793805800165],[-96.78192143,32.7791663450165],[-96.7819333563489,32.7791054916912],[-96.781960323,32.7789677112624],[-96.781960323,32.7789423366469],[-96.781960323,32.778934802981],[-96.781960323,32.7789157653395],[-96.781960323,32.778837762938],[-96.781960323,32.7787977157875],[-96.781960323,32.7787958074527],[-96.781960323,32.7787746172577],[-96.781960323,32.7787063020165],[-96.7819480274564,32.7786236036867],[-96.781934841,32.7785349130164],[-96.781885221,32.7783669060165],[-96.781798049,32.7782022810165],[-96.781692101,32.7780387840164],[-96.78155665,32.7778730310165],[-96.78130318,32.7775832460165],[-96.780911577,32.7771502560165],[-96.7808393007618,32.7770649508714],[-96.7806086702397,32.7767927443002],[-96.780556184,32.7767307960165],[-96.7801458757347,32.7762616986724],[-96.780082773,32.7761895540165],[-96.7799525037197,32.7760519283897]]},"properties":{"AADT_CUR":5887,"RTE_NM":"1599256065","RTE_PRFX":"IH","RTE_NBR":"30","SYSTEM":"On"}},{"type":"Feature","geometry":{"type":"LineString","coordinates":[[-96.8229019085658,32.7494844338206],[-96.8229017364852,32.7494554161802]]},"properties":{"AADT_CUR":6916,"RTE_NM":"262949","RTE_PRFX":"CS","RTE_NBR":"262949","SYSTEM":"Off"}},{"type":"Feature","geometry":{"type":"LineString","coordinates":[[-96.75288162,32.82661702],[-96.75242073,32.82662566],[-96.75107875,32.82660956],[-96.75001367,32.82658633],[-96.74838338,32.82657851],[-96.74822773,32.82658731],[-96.74767972,32.82667856],[-96.74740726,32.82670909],[-96.74537223,32.82670926],[-96.74435882,32.82670734],[-96.7443451,32.82674289],[-96.7443307,32.82677156],[-96.74429602,32.82679581],[-96.74381298,32.82710102]]},"properties":{"AADT_CUR":2135,"RTE_NM":"297129","RTE_PRFX":"CS","RTE_NBR":"297129","SYSTEM":"Off"}},{"type":"Feature","geometry":{"type":"LineString","coordinates":[[-96.8355893998066,32.8092931182127],[-96.83549102,32.8091906800166],[-96.83546566,32.8091546000166],[-96.83544459,32.8091062100166],[-96.83543323,32.8090607000166],[-96.83542003,32.8089835500166],[-96.83541618,32.8089285200166],[-96.83542034,32.8088364700166],[-96.83544106,32.8086869300166],[-96.83546593,32.8085759300166],[-96.83548271,32.8085060500166],[-96.83551617,32.8083704100166],[-96.8354906,32.8083453400166],[-96.83547796,32.8083245500166],[-96.83547035,32.8082969600166],[-96.83547005,32.8082694600166],[-96.83547804,32.8082338300166],[-96.83551594,32.8082095900166],[-96.83556089,32.8081991900166],[-96.83560315,32.8082025200166],[-96.8356362,32.8082194400166],[-96.83565262,32.8082554100166],[-96.83565286,32.8082856500166],[-96.83564003,32.8083184800166],[-96.83561519,32.8083415000166],[-96.83558229,32.8083603000166],[-96.8355331528771,32.8083678132735]]},"properties":{"AADT_CUR":292,"RTE_NM":"1057881","RTE_PRFX":"CS","RTE_NBR":"1057881","SYSTEM":"Off"}},{"type":"Feature","geometry":{"type":"LineString","coordinates":[[-96.84082463,32.80163327],[-96.83994681,32.80201192],[-96.83970537,32.80212966],[-96.83958593,32.80220641],[-96.8394906,32.80229998],[-96.83915321,32.80271747],[-96.83911262,32.80275541]]},"properties":{"AADT_CUR":292,"RTE_NM":"1059140","RTE_PRFX":"CS","RTE_NBR":"1059140","SYSTEM":"Off"}},{"type":"Feature","geometry":{"type":"LineString","coordinates":[[-96.75347303,32.73838841],[-96.75334169,32.73828075],[-96.75324776,32.73821895],[-96.75314294,32.73821472],[-96.75301832,32.73822535],[-96.75098624,32.73830261],[-96.74948276,32.73842028],[-96.74878733,32.73842835],[-96.7476457,32.73842325],[-96.747385,32.73844706],[-96.74712512,32.73851213],[-96.74680122,32.73864776],[-96.7465169,32.73883894],[-96.74600834,32.73926612],[-96.74570191,32.73954634],[-96.74551018,32.73974294],[-96.74538939,32.73992955],[-96.74528792,32.74016729],[-96.74519788,32.74060864],[-96.74518809,32.74122704],[-96.74519779,32.74159969],[-96.74522811,32.7418764],[-96.74524572,32.74205535],[-96.7453328,32.74246344],[-96.74538727,32.74275287],[-96.74542988,32.74298303],[-96.74552771,32.74354661],[-96.74561392,32.74432857],[-96.74565694,32.74610236],[-96.7457351,32.74679559]]},"properties":{"AADT_CUR":630,"RTE_NM":"297016","RTE_PRFX":"CS","RTE_NBR":"297016","SYSTEM":"Off"}},{"type":"Feature","geometry":{"type":"LineString","coordinates":[[-96.7570249,32.74377708],[-96.75646217,32.74331971],[-96.75590526,32.74285555],[-96.75535304,32.74240244],[-96.7548218,32.74195787],[-96.75476187,32.74190342],[-96.7545991,32.74178567],[-96.7542599,32.74145927],[-96.75371159,32.74101444]]},"properties":{"AADT_CUR":127,"RTE_NM":"1065185","RTE_PRFX":"CS","RTE_NBR":"1065185","SYSTEM":"Off"}},{"type":"Feature","geometry":{"type":"LineString","coordinates":[[-96.8607088387921,32.749468767478],[-96.86070668,32.7494803900163],[-96.8607065876433,32.7495265761513]]},"properties":{"AADT_CUR":292,"RTE_NM":"1058313","RTE_PRFX":"CS","RTE_NBR":"1058313","SYSTEM":"Off"}},{"type":"Feature","geometry":{"type":"LineString","coordinates":[[-96.8120150077609,32.7587768392429],[-96.81201623,32.7587789500328],[-96.81222965,32.7591383900328],[-96.81245913,32.7594545100328],[-96.81256332,32.7596208600328],[-96.8126906187335,32.7599306061008]]},"properties":{"AADT_CUR":10461,"RTE_NM":"263358","RTE_PRFX":"CS","RTE_NBR":"263358","SYSTEM":"Off"}},{"type":"Feature","geometry":{"type":"LineString","coordinates":[[-96.8014279239429,32.7974199198448],[-96.8014405398584,32.7974297667688]]},"properties":{"AADT_CUR":292,"RTE_NM":"1058479","RTE_PRFX":"CS","RTE_NBR":"1058479","SYSTEM":"Off"}},{"type":"Feature","geometry":{"type":"LineString","coordinates":[[-96.8047112140582,32.7823473717096],[-96.80523816,32.7828280400165],[-96.80575002,32.7832913600165],[-96.80625676,32.7837669800165],[-96.80641899,32.7839204000165],[-96.8069489988832,32.7844176540884]]},"properties":{"AADT_CUR":292,"RTE_NM":"1062085","RTE_PRFX":"CS","RTE_NBR":"1062085","SYSTEM":"Off"}},{"type":"Feature","geometry":{"type":"LineString","coordinates":[[-96.8028562187032,32.7791263232362],[-96.8028519558279,32.7791122716593]]},"properties":{"AADT_CUR":5302,"RTE_NM":"263255","RTE_PRFX":"CS","RTE_NBR":"263255","SYSTEM":"Off"}},{"type":"Feature","geometry":{"type":"LineString","coordinates":[[-96.8367814143396,32.7586385538933],[-96.83677407,32.7589890800164],[-96.83674458,32.7591302700164],[-96.83667106,32.7592777300163],[-96.83657192,32.7594028700164],[-96.83645517,32.7595126300164],[-96.83634807,32.7595854300164],[-96.83613817,32.7596747200164],[-96.83607117,32.7596916900164],[-96.83599771,32.7597044400164],[-96.83591465,32.7597102100164],[-96.83586586,32.7597095600164],[-96.83565677,32.7597122600164],[-96.8355798941215,32.7597101964937]]},"properties":{"AADT_CUR":292,"RTE_NM":"1059324","RTE_PRFX":"CS","RTE_NBR":"1059324","SYSTEM":"Off"}},{"type":"Feature","geometry":{"type":"LineString","coordinates":[[-96.78627939,32.82840482],[-96.7862115,32.82834508],[-96.7860965360224,32.8283031749521]]},"properties":{"AADT_CUR":6544,"RTE_NM":"263312","RTE_PRFX":"CS","RTE_NBR":"263312","SYSTEM":"Off"}},{"type":"Feature","geometry":{"type":"LineString","coordinates":[[-96.8380598,32.80222314],[-96.83880679,32.8026606],[-96.83897665,32.80275909],[-96.83902859,32.80276665],[-96.83911262,32.80275541]]},"properties":{"AADT_CUR":292,"RTE_NM":"1059450","RTE_PRFX":"CS","RTE_NBR":"1059450","SYSTEM":"Off"}},{"type":"Feature","geometry":{"type":"LineString","coordinates":[[-96.81122178,32.79451883],[-96.81121399,32.79454347],[-96.81095305,32.79474336],[-96.81093104,32.79478843]]},"properties":{"AADT_CUR":292,"RTE_NM":"1059116","RTE_PRFX":"CS","RTE_NBR":"1059116","SYSTEM":"Off"}},{"type":"Feature","geometry":{"type":"LineString","coordinates":[[-96.84126029,32.78325052],[-96.8412487,32.78391427],[-96.84124805,32.7855156],[-96.84126137,32.78580443]]},"properties":{"AADT_CUR":292,"RTE_NM":"1059662","RTE_PRFX":"CS","RTE_NBR":"1059662","SYSTEM":"Off"}},{"type":"Feature","geometry":{"type":"LineString","coordinates":[[-96.7536738268563,32.7566073626757],[-96.7536616836586,32.7566176177991]]},"properties":{"AADT_CUR":467,"RTE_NM":"1064898","RTE_PRFX":"CS","RTE_NBR":"1064898","SYSTEM":"Off"}},{"type":"Feature","geometry":{"type":"LineString","coordinates":[[-96.79183631,32.7680923100164],[-96.7924310500096,32.768636570026],[-96.79259308,32.7687982400164],[-96.79286918,32.7690343300164],[-96.7930741700096,32.7692034600257],[-96.79367082,32.7697765900164]]},"properties":{"AADT_CUR":292,"RTE_NM":"1065914","RTE_PRFX":"CS","RTE_NBR":"1065914","SYSTEM":"Off"}},{"type":"Feature","geometry":{"type":"LineString","coordinates":[[-96.7581845129423,32.744865052919],[-96.75818025,32.7448681900163],[-96.7581538978655,32.7448774370834]]},"properties":{"AADT_CUR":292,"RTE_NM":"1060468","RTE_PRFX":"CS","RTE_NBR":"1060468","SYSTEM":"Off"}},{"type":"Feature","geometry":{"type":"LineString","coordinates":[[-96.7565299833827,32.7469131641243],[-96.7560852,32.7473157700163],[-96.75519009,32.7480454700163],[-96.75467393,32.7484863200163],[-96.7533899789891,32.7495534541345]]},"properties":{"AADT_CUR":292,"RTE_NM":"1065036","RTE_PRFX":"CS","RTE_NBR":"1065036","SYSTEM":"Off"}},{"type":"Feature","geometry":{"type":"LineString","coordinates":[[-96.8479336844348,32.7696208391411],[-96.84590991,32.7695066000164],[-96.84446636,32.7694434100164],[-96.84366634,32.7694203800164],[-96.8429636,32.7694151400164],[-96.84189728,32.7694078000164],[-96.84015661,32.7693997000164],[-96.83984815,32.7694079400164],[-96.83923801,32.7694094100164]]},"properties":{"AADT_CUR":524,"RTE_NM":"1065920","RTE_PRFX":"CS","RTE_NBR":"1065920","SYSTEM":"Off"}},{"type":"Feature","geometry":{"type":"LineString","coordinates":[[-96.7919091678446,32.7914289472542],[-96.79194285,32.79176213],[-96.79196864,32.79214985],[-96.79202948,32.79269056],[-96.79204309,32.79284917],[-96.79208787,32.79320976],[-96.79214845,32.79347317],[-96.79229038,32.79383091],[-96.79247862,32.79409367],[-96.79251928,32.79415043],[-96.7926615,32.79427986],[-96.79269904,32.79431402],[-96.79290526,32.79446544],[-96.7929527,32.79450027],[-96.79297962,32.79452004],[-96.79329652,32.79467397],[-96.79330898,32.79468002],[-96.79357624,32.79472707],[-96.7937914,32.79475111],[-96.79414404,32.79474902],[-96.79435533,32.79470054],[-96.79455104,32.79464363],[-96.7948447,32.79450863],[-96.79534046,32.79422299],[-96.79622362,32.79366244],[-96.79697297,32.79320594],[-96.79750138,32.79289426],[-96.797734777,32.792811207]]},"properties":{"AADT_CUR":18893,"RTE_NM":"11003","RTE_PRFX":"IH","RTE_NBR":"345","SYSTEM":"On"}},{"type":"Feature","geometry":{"type":"LineString","coordinates":[[-96.83423865,32.75862674],[-96.83426387,32.7579122],[-96.83432028,32.75780985],[-96.83444626,32.75768509],[-96.83454668,32.75753524],[-96.83459827,32.75734349],[-96.83479017,32.7567825],[-96.83487176,32.75650869],[-96.83487297,32.75618431],[-96.83486202,32.75568383],[-96.8348101,32.75563365],[-96.83473794,32.75562169],[-96.83461362,32.75561452],[-96.8345679,32.75562352],[-96.83451511,32.75566269],[-96.83448784,32.75572967],[-96.834518,32.75589915],[-96.8346613,32.75654161],[-96.8347830911397,32.7567692678913]]},"properties":{"AADT_CUR":292,"RTE_NM":"1061734","RTE_PRFX":"CS","RTE_NBR":"1061734","SYSTEM":"Off"}},{"type":"Feature","geometry":{"type":"LineString","coordinates":[[-96.83541863,32.73092742],[-96.83560716,32.73112661],[-96.83603237,32.73160651],[-96.83630478,32.7318672]]},"properties":{"AADT_CUR":292,"RTE_NM":"1062846","RTE_PRFX":"CS","RTE_NBR":"1062846","SYSTEM":"Off"}},{"type":"Feature","geometry":{"type":"LineString","coordinates":[[-96.7554436642485,32.7837406587055],[-96.75543727,32.7837613200165],[-96.75542093,32.7838064500165],[-96.75531184,32.7844715800165]]},"properties":{"AADT_CUR":292,"RTE_NM":"1061209","RTE_PRFX":"CS","RTE_NBR":"1061209","SYSTEM":"Off"}},{"type":"Feature","geometry":{"type":"LineString","coordinates":[[-96.84412712,32.75983889],[-96.8440103,32.75989963],[-96.84392372,32.75995569],[-96.84386531,32.7600302],[-96.84381709,32.76013194],[-96.84374569,32.76037284],[-96.84371411,32.76045353],[-96.84366995,32.76055328],[-96.84362138,32.76062824],[-96.84358495,32.76066211],[-96.84351121,32.76067288],[-96.84338984,32.76068331],[-96.84316439,32.76062076]]},"properties":{"AADT_CUR":292,"RTE_NM":"1058257","RTE_PRFX":"CS","RTE_NBR":"1058257","SYSTEM":"Off"}},{"type":"Feature","geometry":{"type":"LineString","coordinates":[[-96.8168491458379,32.821527730506],[-96.81686976,32.82135554],[-96.8169036,32.82102738],[-96.81701422,32.81984227],[-96.817313268,32.817434126],[-96.817404107,32.816590016],[-96.817459842,32.816153508],[-96.817512139,32.815686172],[-96.817579765,32.815084788],[-96.817620455,32.814742671],[-96.817664584,32.814356239],[-96.817756757,32.81364894],[-96.81785337,32.8128985],[-96.81795605,32.81207853],[-96.81801307,32.81160174],[-96.818066462,32.81085543],[-96.81808988,32.8103147],[-96.81809202,32.80987343],[-96.818061489,32.809406159],[-96.818034872,32.808951312],[-96.81799556,32.80852566],[-96.817895444,32.807861606],[-96.81769988,32.806954524],[-96.817584846,32.806496574],[-96.81746746,32.80609223],[-96.8173263,32.80562532],[-96.81719349,32.80515668],[-96.81706906,32.8046864],[-96.81695303,32.80421459],[-96.81684543,32.80374135],[-96.81674629,32.8032668],[-96.81663729,32.802787196],[-96.81649557,32.80216384],[-96.816370138,32.801569907],[-96.816290305,32.80120074],[-96.81620317,32.80077574],[-96.81607901,32.80036531],[-96.81593864,32.80004871],[-96.81580035,32.79966216],[-96.8156539,32.79927777],[-96.81549931,32.79889565],[-96.81545367,32.79878693],[-96.81543078,32.79866965],[-96.81538442,32.7984002],[-96.81534658,32.7981298],[-96.81531728,32.79785864],[-96.81529654,32.79758692],[-96.81528436,32.79731483],[-96.81528077,32.79704257],[-96.81528576,32.79677032],[-96.81529933,32.79649828],[-96.81532146,32.79622664],[-96.81534705,32.79599586]]},"properties":{"AADT_CUR":63941,"RTE_NM":"TL0005-KG","RTE_PRFX":"TL","RTE_NBR":"5","SYSTEM":"Off"}},{"type":"Feature","geometry":{"type":"LineString","coordinates":[[-96.8225503733583,32.8047582684543],[-96.82249274,32.8047944900166],[-96.82184272,32.8052905400166],[-96.82127828,32.8057887600166],[-96.82087307,32.8061296700166],[-96.8202513,32.8066889600166],[-96.81982083,32.8070309100166],[-96.8192718,32.8074880800166],[-96.8185948234334,32.8080873724831]]},"properties":{"AADT_CUR":292,"RTE_NM":"1059958","RTE_PRFX":"CS","RTE_NBR":"1059958","SYSTEM":"Off"}},{"type":"Feature","geometry":{"type":"LineString","coordinates":[[-96.8518055283395,32.8073033474804],[-96.85173997,32.8073095100166],[-96.85110831,32.8073061200166],[-96.85018119,32.8073055000166],[-96.8492303,32.8073026800166]]},"properties":{"AADT_CUR":292,"RTE_NM":"1062349","RTE_PRFX":"CS","RTE_NBR":"1062349","SYSTEM":"Off"}},{"type":"Feature","geometry":{"type":"LineString","coordinates":[[-96.73746469,32.81529454],[-96.73729606,32.81538423],[-96.73651731,32.81603161],[-96.73558181,32.81678397],[-96.73498885,32.81725529],[-96.73453622,32.81762823],[-96.73352191,32.81845369]]},"properties":{"AADT_CUR":745,"RTE_NM":"1066109","RTE_PRFX":"CS","RTE_NBR":"1066109","SYSTEM":"Off"}},{"type":"Feature","geometry":{"type":"LineString","coordinates":[[-96.7901933,32.7717136700328],[-96.79021527,32.7717978100328],[-96.79027486,32.7718714900328],[-96.79037109,32.7719442800329],[-96.79049539,32.7720367200328],[-96.79059582,32.7721439300328],[-96.79065686,32.7722272500328],[-96.79069175,32.7722744600328],[-96.79081131,32.7724025600329],[-96.79097073,32.7725724500328],[-96.79117481,32.7727470800328]]},"properties":{"AADT_CUR":292,"RTE_NM":"1063401","RTE_PRFX":"CS","RTE_NBR":"1063401","SYSTEM":"Off"}},{"type":"Feature","geometry":{"type":"LineString","coordinates":[[-96.8089720572435,32.7538177480263],[-96.8089548081799,32.7538168040471]]},"properties":{"AADT_CUR":558,"RTE_NM":"1060080","RTE_PRFX":"CS","RTE_NBR":"1060080","SYSTEM":"Off"}},{"type":"Feature","geometry":{"type":"LineString","coordinates":[[-96.81271075,32.74578944],[-96.81269385,32.74633627],[-96.81269168,32.74674999],[-96.81268062,32.74724604],[-96.81267709,32.74828791]]},"properties":{"AADT_CUR":292,"RTE_NM":"1064392","RTE_PRFX":"CS","RTE_NBR":"1064392","SYSTEM":"Off"}},{"type":"Feature","geometry":{"type":"LineString","coordinates":[[-96.80071891,32.72265457],[-96.80071087,32.7236689],[-96.80070138,32.72467493]]},"properties":{"AADT_CUR":292,"RTE_NM":"1057739","RTE_PRFX":"CS","RTE_NBR":"1057739","SYSTEM":"Off"}},{"type":"Feature","geometry":{"type":"LineString","coordinates":[[-96.86211303,32.78975179],[-96.8620298,32.78971713],[-96.86127493,32.78971837],[-96.86036985,32.78972509],[-96.85945603,32.78972795],[-96.85857163,32.78972902]]},"properties":{"AADT_CUR":292,"RTE_NM":"1059187","RTE_PRFX":"CS","RTE_NBR":"1059187","SYSTEM":"Off"}},{"type":"Feature","geometry":{"type":"LineString","coordinates":[[-96.8568073533218,32.7447149394175],[-96.85671872,32.7447144600163],[-96.85590304,32.7447146600163],[-96.85583929,32.7447316900163],[-96.85581896,32.7447754000163]]},"properties":{"AADT_CUR":292,"RTE_NM":"1065894","RTE_PRFX":"CS","RTE_NBR":"1065894","SYSTEM":"Off"}},{"type":"Feature","geometry":{"type":"LineString","coordinates":[[-96.8580019819622,32.7349516942588],[-96.85799372,32.7355342600162],[-96.85800168,32.7359838500163],[-96.85800199,32.7367137300163],[-96.85799366,32.7371644700163]]},"properties":{"AADT_CUR":292,"RTE_NM":"1060364","RTE_PRFX":"CS","RTE_NBR":"1060364","SYSTEM":"Off"}},{"type":"Feature","geometry":{"type":"LineString","coordinates":[[-96.800905182,32.77116543],[-96.80130021,32.770940545],[-96.801762232,32.770595862],[-96.802142436,32.770277297],[-96.802395235,32.770074317],[-96.802495147,32.770012859],[-96.802611824,32.769964932],[-96.802739229,32.769935613],[-96.802908209,32.769914751],[-96.803279695,32.769888814],[-96.803555963,32.769848218],[-96.803741707,32.769800293],[-96.803899286,32.769742218],[-96.80420832,32.76958517],[-96.80460739,32.769389819],[-96.804762959,32.769322722],[-96.804891705,32.769266902],[-96.805037886,32.769226869],[-96.805315495,32.769165975],[-96.805465699,32.769146804],[-96.80559981,32.76913891],[-96.805857973,32.769138346],[-96.806068824,32.769158901],[-96.806370804,32.769147233]]},"properties":{"AADT_CUR":7590,"RTE_NM":"1599252568","RTE_PRFX":"IH","RTE_NBR":"30","SYSTEM":"On"}},{"type":"Feature","geometry":{"type":"LineString","coordinates":[[-96.80155138,32.75118101],[-96.80157509,32.75278956]]},"properties":{"AADT_CUR":292,"RTE_NM":"1063585","RTE_PRFX":"CS","RTE_NBR":"1063585","SYSTEM":"Off"}},{"type":"Feature","geometry":{"type":"LineString","coordinates":[[-96.7839414335905,32.783090760355],[-96.78415624194,32.7838100140003]]},"properties":{"AADT_CUR":292,"RTE_NM":"1063861","RTE_PRFX":"CS","RTE_NBR":"1063861","SYSTEM":"Off"}},{"type":"Feature","geometry":{"type":"LineString","coordinates":[[-96.83908482,32.76016497],[-96.83858429,32.76018164],[-96.83829937,32.76015034],[-96.83817933,32.76013225],[-96.83796863,32.76004696],[-96.83780117,32.75995537],[-96.83764925,32.7598585],[-96.83731709,32.75961351],[-96.83723427,32.75956292]]},"properties":{"AADT_CUR":292,"RTE_NM":"1062117","RTE_PRFX":"CS","RTE_NBR":"1062117","SYSTEM":"Off"}},{"type":"Feature","geometry":{"type":"LineString","coordinates":[[-96.81660422,32.74962772],[-96.81661388,32.75117697],[-96.81664999,32.7526606],[-96.81664161,32.75275945],[-96.81663095,32.75285002],[-96.81662067,32.75379064]]},"properties":{"AADT_CUR":292,"RTE_NM":"1062007","RTE_PRFX":"CS","RTE_NBR":"1062007","SYSTEM":"Off"}},{"type":"Feature","geometry":{"type":"LineString","coordinates":[[-96.81213843,32.77710317],[-96.81225024,32.77677723],[-96.81227694,32.77643051],[-96.81232548,32.77623589],[-96.81241501,32.77614913],[-96.81254506,32.77608549],[-96.81271158,32.77606713],[-96.81287588,32.77611411],[-96.81300518,32.77621442],[-96.81304991,32.7763295],[-96.81305746,32.77643246],[-96.81302263,32.7765456],[-96.81295756,32.77663745],[-96.81286825,32.77672684],[-96.81277579,32.77677878],[-96.8126323,32.77683509],[-96.81238859,32.77691137],[-96.8121921,32.77712283]]},"properties":{"AADT_CUR":6411,"RTE_NM":"1599252389","RTE_PRFX":"IH","RTE_NBR":"35","SYSTEM":"On"}},{"type":"Feature","geometry":{"type":"LineString","coordinates":[[-96.78199394,32.77900776],[-96.78216156,32.77917633],[-96.78292523,32.7800402],[-96.78348524,32.78066921],[-96.78420698,32.78116122],[-96.78487545,32.78155531],[-96.78500092,32.78163963],[-96.78501979,32.78164743],[-96.78534031,32.78177987],[-96.78600982,32.78205649],[-96.78606012,32.78207727],[-96.78643726,32.78223308],[-96.78668112,32.78233384],[-96.78695517,32.78245356],[-96.78816089,32.78298034],[-96.78870967,32.78322009],[-96.78888611,32.78329753],[-96.78890017,32.78330371],[-96.78929822,32.78349604],[-96.78991642,32.78379241],[-96.7901219,32.78389557],[-96.79037338,32.78406122],[-96.79053926,32.78419271],[-96.79086056,32.78449266],[-96.79108018,32.78474859],[-96.79129603,32.78507458],[-96.79132153,32.78512403],[-96.79149445,32.78545942],[-96.79160035,32.78587599],[-96.79163301,32.78603864],[-96.79167628,32.7865382],[-96.79167991,32.78666648],[-96.79170686,32.78706232],[-96.79175788,32.78779427],[-96.7917675,32.78798091],[-96.79176984,32.78802277],[-96.79180387,32.78861694],[-96.79181356,32.78879022],[-96.79182275,32.78891911],[-96.79188018,32.78972444],[-96.79197135,32.7904682],[-96.79198565,32.79058499],[-96.79199387,32.79062358],[-96.792054,32.79094235],[-96.79218495,32.7916218],[-96.7923274,32.79254133],[-96.79233357,32.79259948],[-96.79247862,32.79409367],[-96.79262688,32.79544029]]},"properties":{"AADT_CUR":195958,"RTE_NM":"IH0345-RG","RTE_PRFX":"IH","RTE_NBR":"345","SYSTEM":"On"}},{"type":"Feature","geometry":{"type":"LineString","coordinates":[[-96.74271659,32.81974266],[-96.74271101,32.82084634],[-96.74271497,32.82113918],[-96.74271138,32.82156663],[-96.74272986,32.82199025]]},"properties":{"AADT_CUR":292,"RTE_NM":"1059473","RTE_PRFX":"CS","RTE_NBR":"1059473","SYSTEM":"Off"}},{"type":"Feature","geometry":{"type":"LineString","coordinates":[[-96.816193493,32.800525244],[-96.815985053,32.800048162],[-96.815868136,32.799798616],[-96.815730587,32.799570267],[-96.81559533,32.799366005],[-96.815434856,32.799173304],[-96.815244579,32.79896615],[-96.814907583,32.798678061],[-96.814175132,32.798161619],[-96.81352865,32.797713583],[-96.812994499,32.797317575],[-96.812584144,32.796989976],[-96.812043116,32.796495685],[-96.81183786,32.796185884]]},"properties":{"AADT_CUR":14505,"RTE_NM":"2000026241","RTE_PRFX":"TL","RTE_NBR":"5","SYSTEM":"Off"}},{"type":"Feature","geometry":{"type":"LineString","coordinates":[[-96.7450148471986,32.7723863304574],[-96.74376178,32.7712726800164]]},"properties":{"AADT_CUR":292,"RTE_NM":"1062880","RTE_PRFX":"CS","RTE_NBR":"1062880","SYSTEM":"Off"}},{"type":"Feature","geometry":{"type":"LineString","coordinates":[[-96.75528584,32.75293887],[-96.75438199,32.75295091],[-96.75328068,32.75295469],[-96.75290263,32.75294663],[-96.75269435,32.75295057],[-96.75257124,32.75296534],[-96.75197172,32.75297066],[-96.751704,32.75297652],[-96.75160774,32.75295042],[-96.75153898,32.75289034]]},"properties":{"AADT_CUR":292,"RTE_NM":"1062463","RTE_PRFX":"CS","RTE_NBR":"1062463","SYSTEM":"Off"}},{"type":"Feature","geometry":{"type":"LineString","coordinates":[[-96.84115373,32.7756767700164],[-96.84069336,32.7756720000165],[-96.83983408,32.7756825200164],[-96.8386834,32.7757015300164],[-96.8377939,32.7757185100164],[-96.83696869,32.7757335900164],[-96.8358447169289,32.7757362200002]]},"properties":{"AADT_CUR":292,"RTE_NM":"1058194","RTE_PRFX":"CS","RTE_NBR":"1058194","SYSTEM":"Off"}},{"type":"Feature","geometry":{"type":"LineString","coordinates":[[-96.8209781360124,32.8251494468541],[-96.82093795,32.8251885300167],[-96.82083365,32.8252805800167],[-96.82051786,32.8255361100167],[-96.8204633,32.8255807300166],[-96.82014336,32.8258403100167],[-96.82000289,32.8259511300167],[-96.81909776,32.8266797800167],[-96.81841485,32.8272794700167]]},"properties":{"AADT_CUR":292,"RTE_NM":"1066085","RTE_PRFX":"CS","RTE_NBR":"1066085","SYSTEM":"Off"}},{"type":"Feature","geometry":{"type":"LineString","coordinates":[[-96.80909964,32.72953581],[-96.80910501,32.72989464],[-96.80908806,32.73133906],[-96.80910508,32.73215302],[-96.80909728,32.73256254],[-96.80909472,32.7331673],[-96.80911393,32.73462941],[-96.80911424,32.73481481],[-96.80911451,32.73489386],[-96.80913333,32.73493962],[-96.80920611,32.73496123],[-96.80918898,32.73500636],[-96.8091966,32.73541745],[-96.80919917,32.73566627],[-96.80918939,32.73626545],[-96.80920825,32.73634268],[-96.80923036,32.73646256],[-96.80924071,32.73651769],[-96.8092442,32.73731634],[-96.80923117,32.73821375],[-96.80922636,32.73880749],[-96.80925245,32.73915398],[-96.80929012,32.73997511],[-96.8092694,32.74060024],[-96.80930517,32.74074072],[-96.80934795,32.74079261]]},"properties":{"AADT_CUR":292,"RTE_NM":"1060501","RTE_PRFX":"CS","RTE_NBR":"1060501","SYSTEM":"Off"}},{"type":"Feature","geometry":{"type":"LineString","coordinates":[[-96.7444744031739,32.7919396392836],[-96.74441222,32.7919380200165],[-96.74436679,32.7919601800165],[-96.74435296,32.7920093600165],[-96.74434108,32.7921164100165],[-96.74433273,32.7924145700166],[-96.744333360312,32.792956325851]]},"properties":{"AADT_CUR":1632,"RTE_NM":"1058239","RTE_PRFX":"CS","RTE_NBR":"1058239","SYSTEM":"Off"}},{"type":"Feature","geometry":{"type":"LineString","coordinates":[[-96.77191885,32.76072851],[-96.77178134,32.76060563],[-96.771607,32.76045201],[-96.77106089,32.75996744],[-96.77003837,32.75909549]]},"properties":{"AADT_CUR":6008,"RTE_NM":"1064407","RTE_PRFX":"CS","RTE_NBR":"1064407","SYSTEM":"Off"}},{"type":"Feature","geometry":{"type":"LineString","coordinates":[[-96.7792204087771,32.836612958533],[-96.77923594,32.83659377],[-96.77931241,32.83645204],[-96.77963252,32.83593601],[-96.78000698,32.83523984],[-96.78038026,32.83409389],[-96.78083376,32.83257558],[-96.78092944,32.83228485],[-96.78114689,32.83158728],[-96.78149581,32.83092756],[-96.78205717,32.83010513],[-96.78267637,32.82922031],[-96.7829913,32.82875858],[-96.78311241,32.82855819],[-96.78353826,32.82779569],[-96.78398792,32.82697855],[-96.78425199,32.82647353],[-96.78440458,32.82611825],[-96.78459011,32.82569404],[-96.78486045,32.82504462],[-96.78524848,32.82409799],[-96.78563171,32.82329081],[-96.78618161,32.82232372],[-96.78633764,32.82199927],[-96.78670936,32.82129512],[-96.78676083,32.82120236],[-96.78690891,32.8208881],[-96.78707521,32.82056306],[-96.78726803,32.82016144],[-96.78752832,32.81964728],[-96.7879779,32.81890923],[-96.78863491,32.81767567],[-96.78874421,32.81749575],[-96.78913309,32.81681526],[-96.78927218,32.81658694],[-96.78956247,32.8161051],[-96.78978387,32.81568068],[-96.78999875,32.81523455],[-96.79022187,32.81475978],[-96.79063287,32.81391011],[-96.79087597,32.81343247],[-96.79135014,32.81248024],[-96.79152366,32.81217553],[-96.7918601,32.81164307],[-96.79200346,32.81142485],[-96.79224803,32.81100106],[-96.79244813,32.81060622],[-96.79262283,32.81027811],[-96.79278418,32.80997982],[-96.79290761,32.8097444],[-96.79312453,32.80933327],[-96.79325176,32.80898712],[-96.79333944,32.80863328],[-96.79346034,32.80823996],[-96.79364096,32.80735148],[-96.79369408,32.8070203],[-96.79373473,32.80574932],[-96.79372445,32.80500603],[-96.79368801,32.80450391],[-96.79364958,32.80423346],[-96.79356217,32.803652],[-96.7935569959848,32.8036208930459]]},"properties":{"AADT_CUR":5893,"RTE_NM":"US0075-AG","RTE_PRFX":"US","RTE_NBR":"75","SYSTEM":"On"}},{"type":"Feature","geometry":{"type":"LineString","coordinates":[[-96.8294211245401,32.7785644715043],[-96.82942117,32.7785656800165],[-96.8294211794396,32.7785935009387]]},"properties":{"AADT_CUR":292,"RTE_NM":"1062604","RTE_PRFX":"CS","RTE_NBR":"1062604","SYSTEM":"Off"}},{"type":"Feature","geometry":{"type":"LineString","coordinates":[[-96.7483747669159,32.7817711033161],[-96.74837454,32.7817710200165],[-96.7483233818776,32.7817679245671]]},"properties":{"AADT_CUR":5696,"RTE_NM":"1064394","RTE_PRFX":"CS","RTE_NBR":"1064394","SYSTEM":"Off"}},{"type":"Feature","geometry":{"type":"LineString","coordinates":[[-96.789770765388,32.7720516743209],[-96.789683933864,32.7720982995233]]},"properties":{"AADT_CUR":292,"RTE_NM":"1065152","RTE_PRFX":"CS","RTE_NBR":"1065152","SYSTEM":"Off"}},{"type":"Feature","geometry":{"type":"LineString","coordinates":[[-96.790363806,32.774237791],[-96.790268095,32.774214898],[-96.790213159053,32.7742106067666]]},"properties":{"AADT_CUR":122303,"RTE_NM":"IH0030-SG","RTE_PRFX":"IH","RTE_NBR":"30","SYSTEM":"On"}},{"type":"Feature","geometry":{"type":"LineString","coordinates":[[-96.7935569959848,32.8036208930459],[-96.79342125,32.80280476],[-96.79340374,32.8014039],[-96.79343993,32.80017562],[-96.79343381,32.79965912],[-96.79343848,32.79911862],[-96.7934075,32.79851432],[-96.79339548,32.79814826],[-96.79341124,32.7976234],[-96.79341275,32.79731866],[-96.79349856,32.79681701],[-96.79353678,32.79648546],[-96.79351325,32.79610732],[-96.79342747,32.79557156],[-96.7933982,32.79542621],[-96.79337866,32.79532928],[-96.79335199,32.79512886]]},"properties":{"AADT_CUR":17216,"RTE_NM":"US0075-AG","RTE_PRFX":"US","RTE_NBR":"75","SYSTEM":"On"}},{"type":"Feature","geometry":{"type":"LineString","coordinates":[[-96.78914375,32.79703903],[-96.78867536,32.79664359],[-96.78818727,32.79621351],[-96.78721193,32.79539734],[-96.78625498,32.79459792],[-96.78565723,32.79407561],[-96.78554833,32.79398476],[-96.78545695,32.7939134]]},"properties":{"AADT_CUR":292,"RTE_NM":"1062577","RTE_PRFX":"CS","RTE_NBR":"1062577","SYSTEM":"Off"}},{"type":"Feature","geometry":{"type":"LineString","coordinates":[[-96.768160365,32.744549921],[-96.768229821,32.745334458],[-96.768476539,32.746394177],[-96.768634354,32.747110907],[-96.768775022,32.74774769],[-96.768957824,32.748484385],[-96.769095442,32.748965542],[-96.769265155,32.749458266],[-96.769506554,32.750067346],[-96.769973259,32.751538145],[-96.770236483,32.752346762],[-96.770592577,32.753237874],[-96.770740821,32.753710901],[-96.770889066,32.754193565],[-96.771049835,32.754724654],[-96.771115466,32.755059088]]},"properties":{"AADT_CUR":499,"RTE_NM":"IH0045-BG","RTE_PRFX":"IH","RTE_NBR":"45","SYSTEM":"On"}},{"type":"Feature","geometry":{"type":"LineString","coordinates":[[-96.7787008527208,32.836614515314],[-96.77876061,32.8365393],[-96.77915818,32.83606628],[-96.779377,32.83570955],[-96.77957995,32.83535245],[-96.77983882,32.83475532],[-96.78025378,32.83331713],[-96.78072795,32.83182405],[-96.78086696,32.83144366],[-96.78129826,32.83066619],[-96.78181495,32.82996248],[-96.78244303,32.82899138],[-96.78275342,32.82849998],[-96.78301233,32.82806316],[-96.78379619,32.82653471],[-96.78417723,32.82570081],[-96.78451043,32.82490566],[-96.78491796,32.82392583],[-96.78598157,32.82199304],[-96.78641355,32.82114773],[-96.78705483,32.81982405],[-96.78734977,32.81930487],[-96.78783491,32.81849206],[-96.78823828,32.81784102],[-96.7885629,32.81726408],[-96.78945047,32.81562472],[-96.7904054,32.81373284],[-96.79113993,32.81223455],[-96.79198972,32.81059299],[-96.79228658,32.81002598],[-96.79266786,32.80930899],[-96.79284689,32.80888506],[-96.7930885,32.80811598],[-96.79322592,32.80734143],[-96.7932729,32.8069384],[-96.79331752,32.80644712],[-96.79335029,32.80589693],[-96.79334105,32.80535743],[-96.79329462,32.80468807],[-96.79321734,32.80396047],[-96.793165496116,32.8034954120091]]},"properties":{"AADT_CUR":233239,"RTE_NM":"US0075-KG","RTE_PRFX":"US","RTE_NBR":"75","SYSTEM":"On"}},{"type":"Feature","geometry":{"type":"LineString","coordinates":[[-96.72682982328,32.8127915658584],[-96.72683458,32.8127964000166],[-96.72732183,32.8132576300166],[-96.72769721,32.8135750300166],[-96.72842912,32.8141751100167],[-96.72893595,32.8145933600166],[-96.72915296,32.8147723800166],[-96.72941325,32.8149822600166],[-96.72949323,32.8150548800166],[-96.7296338,32.8151888300166],[-96.73088872,32.8162554700166],[-96.73171377,32.8169627200167],[-96.73274198,32.8178501700167],[-96.73352191,32.8184536900166]]},"properties":{"AADT_CUR":6203,"RTE_NM":"297900","RTE_PRFX":"CS","RTE_NBR":"297900","SYSTEM":"Off"}},{"type":"Feature","geometry":{"type":"LineString","coordinates":[[-96.86880399,32.74220841],[-96.86844059,32.74220227],[-96.86784769,32.74220548],[-96.86745736,32.74220449],[-96.86714977,32.74221556],[-96.86660621,32.74221863],[-96.86631132,32.7422169],[-96.86596665,32.74220962],[-96.86549402,32.74221716],[-96.86493535,32.74221668],[-96.86352604,32.74221738],[-96.86304865,32.74221933],[-96.86231025,32.74221924],[-96.86163691,32.74221862],[-96.86120672,32.74221844],[-96.85977812,32.74216248],[-96.85904722,32.74215284],[-96.85775376,32.74213301]]},"properties":{"AADT_CUR":292,"RTE_NM":"1057800","RTE_PRFX":"CS","RTE_NBR":"1057800","SYSTEM":"Off"}},{"type":"Feature","geometry":{"type":"LineString","coordinates":[[-96.85477404,32.72480464],[-96.85441929,32.72459926],[-96.85398263,32.72433781],[-96.85386987,32.72428133],[-96.85366159,32.72420023]]},"properties":{"AADT_CUR":292,"RTE_NM":"1058305","RTE_PRFX":"CS","RTE_NBR":"1058305","SYSTEM":"Off"}},{"type":"Feature","geometry":{"type":"LineString","coordinates":[[-96.7969251356418,32.8078625299736],[-96.79594831,32.8070295700166],[-96.79514706,32.8063456900166],[-96.7937586755429,32.8051668697324]]},"properties":{"AADT_CUR":292,"RTE_NM":"1059232","RTE_PRFX":"CS","RTE_NBR":"1059232","SYSTEM":"Off"}},{"type":"Feature","geometry":{"type":"LineString","coordinates":[[-96.78314735,32.7772516300165],[-96.783054996,32.7772977210165],[-96.7830306204857,32.777307208866],[-96.782823563,32.7773878030165],[-96.782547415,32.7774648030165],[-96.782398511,32.7774954130164],[-96.782197044,32.7775136080165],[-96.782018484,32.7775136670165],[-96.781854009,32.7774991220165],[-96.781693558,32.7774637170165],[-96.781481359,32.7773994580165],[-96.781262697,32.7773042210165],[-96.78108619,32.7771869580165],[-96.78090812,32.7770349600165],[-96.7808981445678,32.7770252177338],[-96.78080928,32.7769384300165],[-96.78069653,32.7768467650164],[-96.7806086702397,32.7767927443003],[-96.7805846423877,32.7767643848004]]},"properties":{"AADT_CUR":28108,"RTE_NM":"1599254294","RTE_PRFX":"IH","RTE_NBR":"30","SYSTEM":"On"}},{"type":"Feature","geometry":{"type":"LineString","coordinates":[[-96.74066903,32.77647565],[-96.74062416,32.77648189],[-96.74058601,32.77647723],[-96.74052233,32.77644745],[-96.74047102,32.77640961],[-96.74002633,32.77607215]]},"properties":{"AADT_CUR":292,"RTE_NM":"1058300","RTE_PRFX":"CS","RTE_NBR":"1058300","SYSTEM":"Off"}},{"type":"Feature","geometry":{"type":"LineString","coordinates":[[-96.8566359719583,32.7664249213198],[-96.856232355,32.766309475],[-96.855622154,32.766119354],[-96.854581942,32.765816995],[-96.854204151,32.765710514],[-96.853114502,32.765402081],[-96.851554404,32.764964496],[-96.850472803,32.764650421],[-96.849690937,32.764425437],[-96.849357001,32.764332398],[-96.84906397,32.764260223],[-96.848751492,32.764193686],[-96.848457118,32.764138991],[-96.848096361,32.764083167],[-96.84778053,32.764048771],[-96.847413737,32.764014938],[-96.847132105,32.763999714],[-96.846773359,32.763990692],[-96.846486363,32.763991256],[-96.84632072,32.763995937],[-96.845980765,32.764008736],[-96.845736013,32.764027908],[-96.845426217,32.764057228],[-96.845121115,32.764098955],[-96.844694644,32.76416662],[-96.844356685,32.764234848],[-96.844099863,32.764294619],[-96.8438417,32.764360591],[-96.843511787,32.764457013],[-96.843024965,32.764620536],[-96.842695724,32.764745714],[-96.842219631,32.764946451],[-96.841760972,32.765165795],[-96.841340535,32.76538965],[-96.840578116,32.765806908],[-96.839811673,32.766228676],[-96.839403306,32.766440122],[-96.839029137,32.766617174],[-96.838467213,32.76684779],[-96.838091703,32.766978604],[-96.837696077,32.767102652],[-96.837201879,32.767227264],[-96.836764678,32.767324246],[-96.836407274,32.767388526],[-96.835978119,32.76745224],[-96.835461793,32.767510317],[-96.835048732,32.767558808],[-96.83441573,32.76762929],[-96.833613077,32.767721761],[-96.832785614,32.767816487],[-96.832159521,32.767888548],[-96.831329343,32.767982433],[-96.830544125,32.76807716],[-96.830086808,32.768144822],[-96.829138645,32.768274506],[-96.828754418,32.768320178],[-96.82824748,32.768376562],[-96.82768958,32.768438585],[-96.827434099,32.768474671],[-96.826959347,32.76854346],[-96.826664974,32.768583493],[-96.826222408,32.768654537],[-96.825814042,32.768721635],[-96.825386228,32.768796062],[-96.824918853,32.768881202],[-96.824476958,32.768969725],[-96.823978736,32.769072344],[-96.823202906,32.769251081],[-96.822827396,32.769345242],[-96.822205794,32.769512139],[-96.821189905,32.769797441],[-96.820520693,32.769966027],[-96.820078797,32.770065826],[-96.819482005,32.770193253],[-96.818751102,32.770343232],[-96.818014834,32.770489264],[-96.816972124,32.770691116],[-96.816074757,32.770836863],[-96.815355254,32.770967672],[-96.814767178,32.771078746],[-96.813700999,32.771296947],[-96.813343593,32.771361787],[-96.813182661,32.771380394],[-96.812965546,32.771402012],[-96.81274613,32.771418734],[-96.8125591569422,32.7714207557874]]},"properties":{"AADT_CUR":175215,"RTE_NM":"IH0030-LG","RTE_PRFX":"IH","RTE_NBR":"30","SYSTEM":"On"}},{"type":"Feature","geometry":{"type":"LineString","coordinates":[[-96.75871878,32.8161725400166],[-96.7587192399995,32.8171855900333],[-96.75868614,32.8181665600332],[-96.7586860500003,32.8191246200333],[-96.7587046300029,32.8200856900334],[-96.75871266,32.8201325300167],[-96.7587133600001,32.8210507500333],[-96.75871981,32.8220075300166]]},"properties":{"AADT_CUR":292,"RTE_NM":"1059004","RTE_PRFX":"CS","RTE_NBR":"1059004","SYSTEM":"Off"}},{"type":"Feature","geometry":{"type":"LineString","coordinates":[[-96.77350822,32.7161927900324],[-96.77344035,32.7165077200324],[-96.77318058,32.7167215600324],[-96.7713450811003,32.7176193557849],[-96.76981825,32.7183661400324],[-96.76942665,32.7186249000324],[-96.7693129465064,32.7187660794489],[-96.76923099,32.7188678400324],[-96.76907577,32.7191186700324],[-96.7687980046018,32.720257383818],[-96.7687153,32.7205964300324],[-96.76861493,32.7211445600324],[-96.76862537,32.7217849100324],[-96.76865469,32.7223500100324],[-96.76856436,32.7228433300324],[-96.76827997,32.7232974500324],[-96.76782064,32.7236302300324],[-96.7676144574114,32.7237126957953],[-96.76738305,32.7238052500324],[-96.76466951,32.7241029600324],[-96.7627621298628,32.7242765807847],[-96.7622697271732,32.7243213974982],[-96.7621350567928,32.7243336543793],[-96.7621311613917,32.724334008913]]},"properties":{"AADT_CUR":12496,"RTE_NM":"263572","RTE_PRFX":"CS","RTE_NBR":"263572","SYSTEM":"Off"}},{"type":"Feature","geometry":{"type":"LineString","coordinates":[[-96.7444884734928,32.7919396179243],[-96.744471283,32.791939644]]},"properties":{"AADT_CUR":499,"RTE_NM":"IH0030-XG","RTE_PRFX":"IH","RTE_NBR":"30","SYSTEM":"On"}},{"type":"Feature","geometry":{"type":"LineString","coordinates":[[-96.7994460424667,32.7704945528598],[-96.799373758,32.7706126530164],[-96.799177618,32.7709694360164],[-96.798921127,32.7714581540164],[-96.798861563,32.7715642960164],[-96.79880961,32.7716413000164],[-96.79871926,32.7717406950164],[-96.798641898,32.7718140730164],[-96.798403604,32.7720069820164],[-96.7981467007557,32.7722155145729],[-96.79797415,32.7723555760164],[-96.7974470828177,32.7727798412602],[-96.797320496,32.7728817370164],[-96.7971838408345,32.772991534126],[-96.7970085893363,32.7731323412899],[-96.7968858999754,32.7732309166008],[-96.796723169,32.7733616630165],[-96.7966171698231,32.7734482306128],[-96.796410869,32.7736167120164],[-96.7961292154647,32.7738401214394],[-96.795635337,32.7742303910164],[-96.795306477,32.7744943800164],[-96.794983207,32.7747672490165],[-96.7942230999365,32.7753932120696],[-96.79318572,32.7762619300165],[-96.792582302,32.7767610050165],[-96.7922290096047,32.7770612283431],[-96.79127024,32.7778534300165]]},"properties":{"AADT_CUR":4036,"RTE_NM":"268081","RTE_PRFX":"CS","RTE_NBR":"268081","SYSTEM":"Off"}},{"type":"Feature","geometry":{"type":"LineString","coordinates":[[-96.7499996,32.80427988],[-96.74940797,32.80477465],[-96.74909862,32.80502733],[-96.748901,32.8052266],[-96.74863569,32.80555689],[-96.74850635,32.80571863],[-96.74792802,32.80640464],[-96.74784915,32.80652449]]},"properties":{"AADT_CUR":292,"RTE_NM":"1059556","RTE_PRFX":"CS","RTE_NBR":"1059556","SYSTEM":"Off"}},{"type":"Feature","geometry":{"type":"LineString","coordinates":[[-96.77750372,32.76667902],[-96.77712505,32.76629383],[-96.77681844,32.76598557],[-96.77660942,32.76576469],[-96.77618989,32.7655499],[-96.77573928,32.76527117],[-96.77539493,32.76508097],[-96.77507088,32.76487693],[-96.77492986,32.76477556],[-96.7748665,32.76470891],[-96.77470259,32.76456231],[-96.77450257,32.76434923],[-96.77425501,32.76409452],[-96.77375778,32.76353891],[-96.7734283,32.76316457],[-96.77263371,32.76236454],[-96.77193338,32.76169503],[-96.77150073,32.76123127],[-96.77143422,32.76113826],[-96.77070668,32.76028004],[-96.7698438,32.75927149],[-96.76923389,32.75855647],[-96.76877569,32.75798515],[-96.76838902,32.75754403],[-96.76816377,32.75729071],[-96.76776253,32.75676142],[-96.7675324,32.75646682],[-96.76724256,32.75610676],[-96.76709055,32.75593557],[-96.76671443,32.7554946],[-96.76637748,32.75508991],[-96.76628131,32.75497583],[-96.76622522,32.75488984],[-96.76602573,32.75456954],[-96.76574377,32.75422197],[-96.7649714428279,32.7532851118014]]},"properties":{"AADT_CUR":1626,"RTE_NM":"SH0310-AG","RTE_PRFX":"SH","RTE_NBR":"310","SYSTEM":"On"}},{"type":"Feature","geometry":{"type":"LineString","coordinates":[[-96.87202024,32.7263334500162],[-96.8715414,32.7263299200162],[-96.87069825,32.7263298700162],[-96.86992833,32.7263266500162],[-96.86923309,32.7263298900162],[-96.86884769,32.7263303400162],[-96.86776387,32.7263298400162],[-96.8660322,32.7263208500162],[-96.86562169,32.7263154500162],[-96.86501664,32.7263226000162],[-96.86440191,32.7263255100162],[-96.86386907,32.7263404900162],[-96.86332414,32.7263498000162],[-96.86319224,32.7263590600162],[-96.86313136,32.7263541400162],[-96.86290774,32.7263553200162],[-96.86154882,32.7263704000162],[-96.86080636,32.7263771100163],[-96.85968315,32.7263966500162],[-96.85924808,32.7264005300162],[-96.85917737,32.7263995900162],[-96.85823427,32.7263953800162],[-96.85763173,32.7263984200162],[-96.857182,32.7264034700162],[-96.85711359,32.7264094300162],[-96.85704427,32.7264209000162],[-96.8570015842791,32.7264217490035]]},"properties":{"AADT_CUR":292,"RTE_NM":"1060444","RTE_PRFX":"CS","RTE_NBR":"1060444","SYSTEM":"Off"}},{"type":"Feature","geometry":{"type":"LineString","coordinates":[[-96.74884875,32.76248265],[-96.74843685,32.76212771],[-96.74816021,32.76188463],[-96.74797594,32.76170059],[-96.74722937,32.76107564],[-96.747070893,32.760939734]]},"properties":{"AADT_CUR":292,"RTE_NM":"1064942","RTE_PRFX":"CS","RTE_NBR":"1064942","SYSTEM":"Off"}},{"type":"Feature","geometry":{"type":"LineString","coordinates":[[-96.8106485736285,32.7753164169625],[-96.8106692073046,32.7754176590261],[-96.8106566,32.7755820900164],[-96.81063727,32.7757302600165],[-96.81056529,32.7760192000164],[-96.81050224,32.7761877500165],[-96.81042854,32.7763616100165],[-96.81034896,32.7765387900165],[-96.81028295,32.7766953200165],[-96.81020435,32.7769053400165],[-96.81017348,32.7770173600165],[-96.81015023,32.7771334000165],[-96.81013348,32.7772854400165],[-96.8101321,32.7773876500165],[-96.81013389,32.7775003000164],[-96.81012065,32.7776755500165]]},"properties":{"AADT_CUR":3628,"RTE_NM":"1599252823","RTE_PRFX":"IH","RTE_NBR":"30","SYSTEM":"On"}},{"type":"Feature","geometry":{"type":"LineString","coordinates":[[-96.8060899916033,32.7760256601317],[-96.80622902,32.7765255100165],[-96.80624396,32.7765944300165],[-96.80624922,32.7766604800165],[-96.8062537,32.7767663900165],[-96.8062670396164,32.7768135776928],[-96.8064676003007,32.7775230367427]]},"properties":{"AADT_CUR":292,"RTE_NM":"1064455","RTE_PRFX":"CS","RTE_NBR":"1064455","SYSTEM":"Off"}},{"type":"Feature","geometry":{"type":"LineString","coordinates":[[-96.7572672294651,32.7911026121448],[-96.75726747,32.7911065800165],[-96.75697981,32.7913443700165],[-96.75673783,32.7915442500165],[-96.7566911755546,32.7915873828028],[-96.75663569,32.7916386800165],[-96.75640169,32.7918440900165],[-96.756104,32.7920633600165],[-96.75533971,32.7926959400165],[-96.75481776,32.7931284700165],[-96.7542464,32.7935905400165],[-96.75409176,32.7936749700166],[-96.75381811,32.7938113400165],[-96.75358499,32.7939977500165],[-96.7528104,32.7946975100165],[-96.75146386,32.7959280600165],[-96.7514585420804,32.7959327719074],[-96.75067128,32.7966303100166],[-96.74991933,32.7973345000165],[-96.74912686,32.7980298700166],[-96.74840435,32.7987674500165],[-96.74765133,32.7994413700166],[-96.74684999,32.8001723400166],[-96.74605926,32.8008594700166],[-96.7453726,32.8015095800165],[-96.74465524,32.8021482400166],[-96.74407915,32.8025964600166],[-96.74389773,32.8027588500166],[-96.7431031,32.8033936600166],[-96.74231229,32.8040409000166],[-96.74152315,32.8046854100166],[-96.74071073,32.8053543200166],[-96.74057514,32.8054610000166],[-96.74040872,32.8056455900166],[-96.74011377,32.8061555000166],[-96.73978932,32.8065110500166],[-96.73946087,32.8068225400166],[-96.73882599,32.8074829700166],[-96.73877394,32.8075633200166],[-96.73870985,32.8076765100166],[-96.73864838,32.8077801000166],[-96.73856593,32.8078751500166],[-96.73841918,32.8080105300166],[-96.73823782,32.8081687800166],[-96.7381044,32.8082892200166],[-96.73786772,32.8084453300166],[-96.73767264,32.8085566400166],[-96.7374583,32.8086525900166],[-96.73717014,32.8087378400166],[-96.73694433,32.8087978800166],[-96.73681237,32.8088042500166]]},"properties":{"AADT_CUR":3214,"RTE_NM":"1062200","RTE_PRFX":"CS","RTE_NBR":"1062200","SYSTEM":"Off"}},{"type":"Feature","geometry":{"type":"LineString","coordinates":[[-96.74387378,32.80807942],[-96.74324886,32.80754001],[-96.74248669,32.80690381],[-96.74214937,32.80659527],[-96.74167761,32.80617212],[-96.74124326,32.80579073],[-96.74071073,32.80535432],[-96.74063139,32.8052515],[-96.74038712,32.80505285],[-96.7400833,32.80486161],[-96.739804,32.80474632]]},"properties":{"AADT_CUR":292,"RTE_NM":"1063165","RTE_PRFX":"CS","RTE_NBR":"1063165","SYSTEM":"Off"}},{"type":"Feature","geometry":{"type":"LineString","coordinates":[[-96.8177332996793,32.8074580510928],[-96.8176487126496,32.8074711081345]]},"properties":{"AADT_CUR":2502,"RTE_NM":"1061843","RTE_PRFX":"CS","RTE_NBR":"1061843","SYSTEM":"Off"}},{"type":"Feature","geometry":{"type":"LineString","coordinates":[[-96.7932540668792,32.8035254715991],[-96.79321476,32.80311328],[-96.79317629,32.80205576],[-96.79322049,32.8008521],[-96.79321858,32.79915262],[-96.7931162,32.79805192],[-96.79308715,32.79724772],[-96.79309985,32.79670397],[-96.79307158,32.79554132],[-96.793052,32.79533359],[-96.79304518,32.7952613]]},"properties":{"AADT_CUR":211921,"RTE_NM":"US0075-RG","RTE_PRFX":"US","RTE_NBR":"75","SYSTEM":"On"}},{"type":"Feature","geometry":{"type":"LineString","coordinates":[[-96.7434084575306,32.8161846494998],[-96.74340803,32.8161882100166],[-96.7434070905624,32.8161990908402]]},"properties":{"AADT_CUR":292,"RTE_NM":"1058568","RTE_PRFX":"CS","RTE_NBR":"1058568","SYSTEM":"Off"}},{"type":"Feature","geometry":{"type":"LineString","coordinates":[[-96.7877216611818,32.8152914450065],[-96.78757862,32.8154605700166],[-96.78718426,32.8159244400166],[-96.78710699,32.8160058500167],[-96.78702319,32.8160885400166],[-96.78695965,32.8161756400166],[-96.78674897,32.8164641400166],[-96.78566133,32.8179515300167],[-96.78418708,32.8197731000167]]},"properties":{"AADT_CUR":292,"RTE_NM":"1062751","RTE_PRFX":"CS","RTE_NBR":"1062751","SYSTEM":"Off"}},{"type":"Feature","geometry":{"type":"LineString","coordinates":[[-96.8376394832098,32.732876339084],[-96.83723825,32.7328212500162],[-96.83699021,32.7328234400162],[-96.83664063,32.7329067300162],[-96.83575582,32.7330859500163],[-96.83535767,32.7331575900163],[-96.83526069,32.7328662600163],[-96.83522863,32.7327971100163],[-96.83516329,32.7327701100162],[-96.83510531,32.7327830800162],[-96.83505625,32.7327975400163],[-96.83492525,32.7330184600162],[-96.83489187,32.7331073500163],[-96.83489978,32.7331624600163],[-96.83493313,32.7332055000163],[-96.83495401,32.7332195300163],[-96.83497982,32.7332308700163],[-96.8353409095799,32.7331608405486]]},"properties":{"AADT_CUR":292,"RTE_NM":"1063433","RTE_PRFX":"CS","RTE_NBR":"1063433","SYSTEM":"Off"}},{"type":"Feature","geometry":{"type":"LineString","coordinates":[[-96.8532831496404,32.8176336891923],[-96.8532830855431,32.8176482495273]]},"properties":{"AADT_CUR":292,"RTE_NM":"1062708","RTE_PRFX":"CS","RTE_NBR":"1062708","SYSTEM":"Off"}},{"type":"Feature","geometry":{"type":"LineString","coordinates":[[-96.7751618395694,32.7546920912613],[-96.7751494035508,32.7546821035627]]},"properties":{"AADT_CUR":292,"RTE_NM":"1063533","RTE_PRFX":"CS","RTE_NBR":"1063533","SYSTEM":"Off"}},{"type":"Feature","geometry":{"type":"LineString","coordinates":[[-96.75114017,32.81272056],[-96.75111763,32.8126254],[-96.75110878,32.81257855],[-96.75113089,32.81251819],[-96.75112061,32.81239225],[-96.7510991,32.81228563],[-96.7509835,32.81211307],[-96.75086837,32.81201854],[-96.75072959,32.81193392],[-96.75056891,32.81188135],[-96.75039928,32.8118502],[-96.74989792,32.81180722],[-96.74970976,32.81177093],[-96.74954202,32.81172674],[-96.74937375,32.81162734],[-96.74923575,32.8115032],[-96.74912232,32.81141582],[-96.74871273,32.8110947],[-96.74818267,32.81061162],[-96.74731238,32.80984336],[-96.7461719,32.80886922],[-96.74614166,32.80883443],[-96.746121,32.8088094],[-96.74607265,32.80878534],[-96.74600164,32.8087541]]},"properties":{"AADT_CUR":292,"RTE_NM":"1062993","RTE_PRFX":"CS","RTE_NBR":"1062993","SYSTEM":"Off"}},{"type":"Feature","geometry":{"type":"LineString","coordinates":[[-96.792261072078,32.7813633812638],[-96.79224204,32.78136744],[-96.7909417531282,32.7816390350963]]},"properties":{"AADT_CUR":9188,"RTE_NM":"263082","RTE_PRFX":"CS","RTE_NBR":"263082","SYSTEM":"Off"}},{"type":"Feature","geometry":{"type":"LineString","coordinates":[[-96.74378878,32.81689461],[-96.74253085,32.81687546],[-96.741931,32.81687524],[-96.74189077,32.81689254],[-96.74130935,32.81678398],[-96.7406283,32.81665065]]},"properties":{"AADT_CUR":292,"RTE_NM":"1062301","RTE_PRFX":"CS","RTE_NBR":"1062301","SYSTEM":"Off"}},{"type":"Feature","geometry":{"type":"LineString","coordinates":[[-96.78842138,32.7305104600162],[-96.78852728,32.7306686200163],[-96.78882122,32.7311125100162],[-96.78916023,32.7316216500163],[-96.78961325,32.7323756500162],[-96.789845,32.7327554600162],[-96.79041214,32.7335797500163],[-96.7908611,32.7342924400163],[-96.79108298,32.7345951400163],[-96.79155197,32.7352806300162],[-96.7916593,32.7353659400163],[-96.791736700415,32.73541619264]]},"properties":{"AADT_CUR":292,"RTE_NM":"1059738","RTE_PRFX":"CS","RTE_NBR":"1059738","SYSTEM":"Off"}},{"type":"Feature","geometry":{"type":"LineString","coordinates":[[-96.7376560496288,32.7809987169231],[-96.73566517,32.7810141200165],[-96.73419066,32.7810232500165],[-96.73415372,32.7810246500165],[-96.7341322297668,32.7810273685478],[-96.73409151,32.7810410500165],[-96.73407699,32.7810571400165],[-96.73406813,32.7810734600165],[-96.73406435,32.7810938300165],[-96.73407427,32.7811215500165],[-96.73409276,32.7811438100165],[-96.73412563,32.7811582800165],[-96.73416343,32.7811628200165],[-96.73566865,32.7811547200165],[-96.7376538685986,32.7811376862433]]},"properties":{"AADT_CUR":292,"RTE_NM":"1065339","RTE_PRFX":"CS","RTE_NBR":"1065339","SYSTEM":"Off"}},{"type":"Feature","geometry":{"type":"LineString","coordinates":[[-96.8567015613411,32.7572631522529],[-96.85663281,32.7572628500163],[-96.85401231,32.7572996500164]]},"properties":{"AADT_CUR":292,"RTE_NM":"1062063","RTE_PRFX":"CS","RTE_NBR":"1062063","SYSTEM":"Off"}},{"type":"Feature","geometry":{"type":"LineString","coordinates":[[-96.83924001,32.76986854],[-96.83859028,32.76985574],[-96.83820217,32.76986017]]},"properties":{"AADT_CUR":292,"RTE_NM":"1062824","RTE_PRFX":"CS","RTE_NBR":"1062824","SYSTEM":"Off"}},{"type":"Feature","geometry":{"type":"LineString","coordinates":[[-96.7534189023535,32.7418804024617],[-96.75081824,32.7418768500163],[-96.74889912,32.7418718200163],[-96.74820479,32.7418634200163],[-96.74655068,32.7418634600163],[-96.74640104,32.7418640900163],[-96.74604434,32.7418892900163],[-96.74544499,32.7418890900163],[-96.74522811,32.7418764000163]]},"properties":{"AADT_CUR":1350,"RTE_NM":"1065658","RTE_PRFX":"CS","RTE_NBR":"1065658","SYSTEM":"Off"}},{"type":"Feature","geometry":{"type":"LineString","coordinates":[[-96.77105203,32.7853924400165],[-96.77099387,32.7854548600165],[-96.77092713,32.7855391600165],[-96.77086882,32.7856084400165],[-96.77026772,32.7862681100165],[-96.77015237,32.7863833500165],[-96.77005635,32.7864672400165],[-96.77003258,32.7864765300165],[-96.76998834,32.7865336400165],[-96.76994274,32.7865769900165],[-96.7692404103174,32.7873748831963]]},"properties":{"AADT_CUR":292,"RTE_NM":"1066190","RTE_PRFX":"CS","RTE_NBR":"1066190","SYSTEM":"Off"}},{"type":"Feature","geometry":{"type":"LineString","coordinates":[[-96.78434783,32.77471294],[-96.78421522,32.77476941],[-96.78412537,32.77483002],[-96.78402419,32.77488774],[-96.78392367,32.7749111],[-96.78381129,32.77491779],[-96.78366428,32.77490477],[-96.78348189,32.77487063],[-96.7833064,32.77481735],[-96.7832299,32.77477643],[-96.78316124,32.77470951],[-96.78232398,32.7737495]]},"properties":{"AADT_CUR":292,"RTE_NM":"1058436","RTE_PRFX":"CS","RTE_NBR":"1058436","SYSTEM":"Off"}},{"type":"Feature","geometry":{"type":"LineString","coordinates":[[-96.77016099,32.75117875],[-96.76972164,32.75025597],[-96.76932022,32.74920191],[-96.76911823,32.74879932],[-96.76854687,32.74788012],[-96.7680765,32.747303],[-96.76779152,32.74701327],[-96.76740554,32.74666187],[-96.76680927,32.74616619],[-96.76635395,32.74583399],[-96.76602971,32.74562309],[-96.76539635,32.74533037],[-96.76509935,32.7452202],[-96.76474242,32.74510849],[-96.76437581,32.7450189],[-96.76393864,32.74494908],[-96.76335898,32.7448653],[-96.76298407,32.74482807],[-96.76268801,32.74481527],[-96.76241548,32.74481643],[-96.76226053,32.74482458],[-96.76194511,32.74485599],[-96.7616781,32.7448909],[-96.76140418,32.74494908],[-96.76110951,32.74501541],[-96.76076365,32.74512711],[-96.75999584,32.74541335],[-96.75912765,32.74573036],[-96.75789769,32.74617579],[-96.75699413,32.74648304],[-96.75632402,32.74672485],[-96.7558898,32.74685968],[-96.75547477,32.74696672],[-96.75504608,32.74705937],[-96.7544898,32.74715541],[-96.75381879,32.74723784],[-96.75344111,32.74727274],[-96.7533889239176,32.7472737101835]]},"properties":{"AADT_CUR":65096,"RTE_NM":"US0175-LG","RTE_PRFX":"US","RTE_NBR":"175","SYSTEM":"On"}},{"type":"Feature","geometry":{"type":"LineString","coordinates":[[-96.75515717,32.73978939],[-96.75440597,32.74044139],[-96.75371159,32.74101444]]},"properties":{"AADT_CUR":292,"RTE_NM":"1060161","RTE_PRFX":"CS","RTE_NBR":"1060161","SYSTEM":"Off"}},{"type":"Feature","geometry":{"type":"LineString","coordinates":[[-96.7855720896706,32.7760797247663],[-96.785675373,32.7760464220164],[-96.785826919,32.7760289440165],[-96.785969747,32.7760419110164],[-96.786016490568,32.7760590948428],[-96.786124644,32.7760988540164],[-96.786186491465,32.7761456812122],[-96.786259425,32.7762009020165],[-96.78646956,32.7763450700165]]},"properties":{"AADT_CUR":835,"RTE_NM":"1599254774","RTE_PRFX":"IH","RTE_NBR":"30","SYSTEM":"On"}},{"type":"Feature","geometry":{"type":"LineString","coordinates":[[-96.8269899,32.7699999900164],[-96.82570568,32.7699839200164],[-96.82407773,32.7699936100164],[-96.8228631722396,32.7700250569375]]},"properties":{"AADT_CUR":292,"RTE_NM":"1059421","RTE_PRFX":"CS","RTE_NBR":"1059421","SYSTEM":"Off"}},{"type":"Feature","geometry":{"type":"LineString","coordinates":[[-96.7557744964448,32.803537223699],[-96.75569761,32.8035461900166],[-96.75553902,32.8035824400166],[-96.7554324,32.8036249400166],[-96.75523483,32.8037390100166],[-96.75474763,32.8041298000166],[-96.75409692,32.8046192400166],[-96.75341267,32.8051484600166],[-96.75227534,32.8060795500166],[-96.75218427,32.8061580100166],[-96.75182288,32.8064649800166],[-96.75171336,32.8065093100166],[-96.75162412,32.8065268300166],[-96.75150572,32.8065209900166],[-96.75139388,32.8064974000166],[-96.75092713,32.8068908400166],[-96.75079429,32.8069824300166],[-96.75047379,32.8071813600166],[-96.75032593,32.8072920000166],[-96.75020832,32.8073961800166],[-96.74952666,32.8079570300166],[-96.74858463,32.8087203900166],[-96.74805464,32.8091417900166]]},"properties":{"AADT_CUR":292,"RTE_NM":"1064008","RTE_PRFX":"CS","RTE_NBR":"1064008","SYSTEM":"Off"}},{"type":"Feature","geometry":{"type":"LineString","coordinates":[[-96.79500183,32.8004664900166],[-96.79474184,32.8006993500165],[-96.79446721,32.8009320100166],[-96.79444788,32.8009633600166],[-96.79444174,32.8009866400166],[-96.79445786,32.8010363500166],[-96.79452898,32.8011046700166],[-96.79461964,32.8011718900166],[-96.79465313,32.8012080900166],[-96.7946679,32.8012440300166],[-96.79467314,32.8012674700165],[-96.79465784,32.8013016200166],[-96.79461973,32.8013368400166],[-96.79431836,32.8016048600166],[-96.79420335,32.8017036300166],[-96.79416581,32.8017512200166],[-96.79413888,32.8017975800166],[-96.79412536,32.8018661300166],[-96.79412491,32.8019321100166],[-96.7941247300016,32.8020255700331],[-96.79419439,32.8027619100166]]},"properties":{"AADT_CUR":292,"RTE_NM":"1058836","RTE_PRFX":"CS","RTE_NBR":"1058836","SYSTEM":"Off"}},{"type":"Feature","geometry":{"type":"LineString","coordinates":[[-96.85930304,32.7832854],[-96.85929802,32.78392115],[-96.85929347,32.78440637],[-96.85928027,32.7852409]]},"properties":{"AADT_CUR":292,"RTE_NM":"1061959","RTE_PRFX":"CS","RTE_NBR":"1061959","SYSTEM":"Off"}},{"type":"Feature","geometry":{"type":"LineString","coordinates":[[-96.7739808,32.79281033],[-96.77332817,32.79226933],[-96.77285438,32.79186276],[-96.772385,32.79148098]]},"properties":{"AADT_CUR":292,"RTE_NM":"1061652","RTE_PRFX":"CS","RTE_NBR":"1061652","SYSTEM":"Off"}},{"type":"Feature","geometry":{"type":"LineString","coordinates":[[-96.82127172,32.74584213],[-96.82199497,32.7468608]]},"properties":{"AADT_CUR":292,"RTE_NM":"1063093","RTE_PRFX":"CS","RTE_NBR":"1063093","SYSTEM":"Off"}},{"type":"Feature","geometry":{"type":"LineString","coordinates":[[-96.8482108,32.75090944],[-96.84757494,32.75090237],[-96.84709016,32.75090555],[-96.84647621,32.75090013],[-96.84525401,32.75088936],[-96.84454236,32.75089089],[-96.84403408,32.75088962],[-96.84340885,32.75087854],[-96.8427851,32.75087572],[-96.84192564,32.75086563],[-96.84150374,32.75085451]]},"properties":{"AADT_CUR":292,"RTE_NM":"1063942","RTE_PRFX":"CS","RTE_NBR":"1063942","SYSTEM":"Off"}},{"type":"Feature","geometry":{"type":"LineString","coordinates":[[-96.79783002,32.82462296],[-96.79702115,32.82490742],[-96.79664883,32.82500954],[-96.79645197,32.82504533],[-96.79624422,32.82505486],[-96.79605816,32.82503719],[-96.79590496,32.82504608],[-96.79566514,32.8249452],[-96.79544639,32.82480751],[-96.7952927,32.82471468],[-96.7951066,32.82461454],[-96.79480067,32.82443853],[-96.79462832,32.8243001],[-96.79386026,32.82385933],[-96.7932801,32.82351048]]},"properties":{"AADT_CUR":292,"RTE_NM":"1117244","RTE_PRFX":"CS","RTE_NBR":"1117244","SYSTEM":"Off"}},{"type":"Feature","geometry":{"type":"LineString","coordinates":[[-96.7831502,32.78763079],[-96.78191897,32.78866051],[-96.78147172,32.78902547]]},"properties":{"AADT_CUR":292,"RTE_NM":"1063244","RTE_PRFX":"CS","RTE_NBR":"1063244","SYSTEM":"Off"}},{"type":"Feature","geometry":{"type":"LineString","coordinates":[[-96.8264246039567,32.7344784409904],[-96.82642997,32.7350266500163],[-96.82644069,32.7354501600163],[-96.82644324,32.7362199400162],[-96.82644774,32.7372316600162],[-96.82644228,32.7383422200163],[-96.82645202,32.7392055600163],[-96.82645596,32.7401609300163],[-96.82647276,32.7411687000163],[-96.82647261,32.7412195500163],[-96.8264714425338,32.741236677479],[-96.82646924,32.7412689900163],[-96.82645861,32.7422640300163],[-96.82646174,32.7430475600163],[-96.82645971,32.7431121300163],[-96.8264605532665,32.7431439322126],[-96.82646208,32.7432015100163],[-96.82647575,32.7436415400163],[-96.82646322,32.7441334700163],[-96.82648061,32.7450656400163]]},"properties":{"AADT_CUR":292,"RTE_NM":"1064423","RTE_PRFX":"CS","RTE_NBR":"1064423","SYSTEM":"Off"}},{"type":"Feature","geometry":{"type":"LineString","coordinates":[[-96.8228052051152,32.7372210500658],[-96.82157484,32.7372085700163]]},"properties":{"AADT_CUR":292,"RTE_NM":"1060143","RTE_PRFX":"CS","RTE_NBR":"1060143","SYSTEM":"Off"}},{"type":"Feature","geometry":{"type":"LineString","coordinates":[[-96.75199416,32.8027603700332],[-96.75189113,32.8028449000332],[-96.75180687,32.8028678200332],[-96.75171318,32.8028556200332],[-96.75163292,32.8028163700332],[-96.75101137,32.8022047900331],[-96.75093686,32.8022290900332],[-96.75082214,32.8022267100332],[-96.7507027899906,32.8021715800248],[-96.7491233099908,32.8007665600249],[-96.74765133,32.7994413700332],[-96.7460621199907,32.7980801600252],[-96.7443852664332,32.7966445831384]]},"properties":{"AADT_CUR":475,"RTE_NM":"1062924","RTE_PRFX":"CS","RTE_NBR":"1062924","SYSTEM":"Off"}},{"type":"Feature","geometry":{"type":"LineString","coordinates":[[-96.7586846867652,32.7908658070523],[-96.758302643,32.79089048],[-96.75601052,32.79099409],[-96.753121897,32.791122797],[-96.7501243502721,32.7912585936633]]},"properties":{"AADT_CUR":187533,"RTE_NM":"IH0030-KG","RTE_PRFX":"IH","RTE_NBR":"30","SYSTEM":"On"}},{"type":"Feature","geometry":{"type":"LineString","coordinates":[[-96.82076989,32.81622289],[-96.81928527,32.81755813],[-96.81904437,32.81781466],[-96.81898297,32.81787707],[-96.81892701,32.81795191],[-96.81888009,32.81802275],[-96.81883466,32.81810048],[-96.81873674,32.81832871],[-96.81868666,32.81839402],[-96.81863869,32.8184346],[-96.81857039,32.81847353],[-96.81834507,32.81859558],[-96.81831423,32.81863365],[-96.81830206,32.81867472],[-96.8183022,32.81875307],[-96.81827663,32.81894241],[-96.81825209,32.81907816],[-96.81822091,32.8191767],[-96.8181461,32.81934477],[-96.81812071,32.81943927],[-96.81812113,32.8195025],[-96.8181396,32.8195591],[-96.81817063,32.81959663],[-96.81822672,32.81964275],[-96.81825218,32.8196747],[-96.81826782,32.81975052],[-96.81818617,32.81976453],[-96.81813033,32.81978989],[-96.81809574,32.81981142],[-96.81805894,32.81986316],[-96.81804586,32.81990972],[-96.81804933,32.81998398],[-96.81806766,32.82004747],[-96.81809009,32.82010963],[-96.81813616,32.82016935],[-96.8182291,32.82024757],[-96.81835058,32.82032208],[-96.8187901,32.82049433],[-96.81900492,32.82058383],[-96.81926919,32.82072622]]},"properties":{"AADT_CUR":292,"RTE_NM":"1063925","RTE_PRFX":"CS","RTE_NBR":"1063925","SYSTEM":"Off"}},{"type":"Feature","geometry":{"type":"LineString","coordinates":[[-96.83213496,32.7441657100163],[-96.83199601,32.7441597200163],[-96.83182292,32.7441519100163],[-96.83020565,32.7441384400163],[-96.83003331,32.7441347400163],[-96.8282833,32.7441304700163],[-96.82646322,32.7441334700163],[-96.82465194,32.7441365600163],[-96.8245476456627,32.7441324485247],[-96.82450911,32.7441360300163],[-96.82284631,32.7441204100163]]},"properties":{"AADT_CUR":292,"RTE_NM":"1065203","RTE_PRFX":"CS","RTE_NBR":"1065203","SYSTEM":"Off"}},{"type":"Feature","geometry":{"type":"LineString","coordinates":[[-96.806497611,32.769756797],[-96.806911268,32.770005229],[-96.807530859,32.77029504],[-96.808037797,32.770547637],[-96.808804124,32.770965883],[-96.80925284,32.771228743],[-96.809647125,32.771437359],[-96.809973316,32.771587374],[-96.81035381,32.771711585],[-96.810709204,32.771800669],[-96.811084713,32.771854796],[-96.811501797,32.771877349],[-96.811906812,32.771862689],[-96.812330602,32.771804052],[-96.813057482,32.771661968],[-96.813930542,32.771474778],[-96.814896139,32.771265035],[-96.815542553,32.771115056],[-96.816412794,32.77093355],[-96.817302614,32.770627139]]},"properties":{"AADT_CUR":11114,"RTE_NM":"1599253349","RTE_PRFX":"IH","RTE_NBR":"30","SYSTEM":"On"}},{"type":"Feature","geometry":{"type":"LineString","coordinates":[[-96.788189,32.80351695],[-96.78759787,32.80319073],[-96.78550186,32.80137001],[-96.78381338,32.79991225],[-96.78214705,32.79849621],[-96.7798642538689,32.7964995786639]]},"properties":{"AADT_CUR":13855,"RTE_NM":"263295","RTE_PRFX":"CS","RTE_NBR":"263295","SYSTEM":"Off"}},{"type":"Feature","geometry":{"type":"LineString","coordinates":[[-96.84396814,32.82761948],[-96.841449009,32.829682883]]},"properties":{"AADT_CUR":292,"RTE_NM":"1060512","RTE_PRFX":"CS","RTE_NBR":"1060512","SYSTEM":"Off"}},{"type":"Feature","geometry":{"type":"LineString","coordinates":[[-96.8741222628164,32.749557601997],[-96.87411019,32.7495574500163],[-96.8740854,32.7495571500163],[-96.8740659000294,32.7495572717893],[-96.8727288396385,32.7495656035827],[-96.8713970219576,32.7495537021672],[-96.87136994,32.7495534600163],[-96.8710127,32.7495502500163],[-96.87008513,32.7495419400163],[-96.86992737,32.7495405400163],[-96.8689189726748,32.7495362088595],[-96.86875882,32.7495341000163],[-96.86763647,32.7495362300163],[-96.8672160280074,32.7495345798638],[-96.86635693,32.7495312000163],[-96.8650226098385,32.7495259660109],[-96.86499817,32.7495258700163],[-96.86258853,32.7495292500163],[-96.86066028,32.7495265100163],[-96.86045399,32.7495265500163],[-96.85978179,32.7495250400163],[-96.85948274,32.7495220000163],[-96.8587487516916,32.7495222771387],[-96.85858068,32.7495223400163],[-96.8581263619539,32.7495150622723],[-96.8579646998676,32.7495124722185],[-96.85732418,32.7495264500163],[-96.8568307046108,32.7495304013327]]},"properties":{"AADT_CUR":14911,"RTE_NM":"296265","RTE_PRFX":"CS","RTE_NBR":"296265","SYSTEM":"Off"}},{"type":"Feature","geometry":{"type":"LineString","coordinates":[[-96.7474614309065,32.7701537583121],[-96.74729408,32.7700318100164],[-96.74724185,32.7699994600164],[-96.74717131,32.7699874700164],[-96.74707939,32.7699875500165],[-96.74695166,32.7700297300164],[-96.74632079,32.7702146400164],[-96.7461368,32.7702629100164],[-96.74603767,32.7702986300165],[-96.74593818,32.7703522000164],[-96.74587471,32.7703939200164],[-96.74581836,32.7704467300165],[-96.7453842,32.7708873300164]]},"properties":{"AADT_CUR":292,"RTE_NM":"1064877","RTE_PRFX":"CS","RTE_NBR":"1064877","SYSTEM":"Off"}},{"type":"Feature","geometry":{"type":"LineString","coordinates":[[-96.788076998051,32.7424242453101],[-96.7880673,32.7424215800162],[-96.78725888,32.7426784900163],[-96.78703208,32.7427578400163],[-96.78590471,32.7431065500163],[-96.78531172,32.7432825500163],[-96.78475397,32.7434439300163],[-96.78400977,32.7436590900163],[-96.7836564,32.7437655600163],[-96.78193935,32.7442847700163],[-96.78168067,32.7443719200163],[-96.78136377,32.7444843800163],[-96.78117958,32.7445464300163],[-96.78112139,32.7445703800163],[-96.78106776,32.7445682500163]]},"properties":{"AADT_CUR":292,"RTE_NM":"1062890","RTE_PRFX":"CS","RTE_NBR":"1062890","SYSTEM":"Off"}},{"type":"Feature","geometry":{"type":"LineString","coordinates":[[-96.80719933,32.74214097],[-96.8071755491646,32.742161806807]]},"properties":{"AADT_CUR":292,"RTE_NM":"1059420","RTE_PRFX":"CS","RTE_NBR":"1059420","SYSTEM":"Off"}},{"type":"Feature","geometry":{"type":"LineString","coordinates":[[-96.77015237,32.7863833500165],[-96.77020024,32.7864321300165],[-96.7702702,32.7864743400165],[-96.77048739,32.7866024400165],[-96.77088878,32.7868389400165],[-96.77088535,32.7868897600165],[-96.77089035,32.7869255600165],[-96.77090278,32.7869559800165],[-96.77092429,32.7869796400165],[-96.7709627300135,32.7870104200219],[-96.77104428,32.7870431600165],[-96.77110809,32.7870674100165],[-96.77115313,32.7870941700165],[-96.77121405,32.7871403700165],[-96.77161221,32.7875019100165],[-96.7718074453381,32.7876969496718],[-96.77181174,32.7877012400165]]},"properties":{"AADT_CUR":292,"RTE_NM":"1064410","RTE_PRFX":"CS","RTE_NBR":"1064410","SYSTEM":"Off"}},{"type":"Feature","geometry":{"type":"LineString","coordinates":[[-96.78958472,32.78518275],[-96.78949492,32.78524062],[-96.78942488,32.78528639],[-96.78933901,32.78535119],[-96.78882221,32.78578118]]},"properties":{"AADT_CUR":292,"RTE_NM":"1062801","RTE_PRFX":"CS","RTE_NBR":"1062801","SYSTEM":"Off"}},{"type":"Feature","geometry":{"type":"LineString","coordinates":[[-96.8166105243424,32.7467154716063],[-96.81746889,32.7478181600163]]},"properties":{"AADT_CUR":292,"RTE_NM":"1064388","RTE_PRFX":"CS","RTE_NBR":"1064388","SYSTEM":"Off"}},{"type":"Feature","geometry":{"type":"LineString","coordinates":[[-96.8429032387168,32.7438758199734],[-96.8428936,32.7438727000163],[-96.84168854126,32.743487919257],[-96.841381543,32.7433898910163],[-96.840948984,32.7432755310163],[-96.840671611,32.7432265480163],[-96.8404387398385,32.7431999936272],[-96.840394238,32.7431949190163],[-96.8394059862457,32.7431779262173],[-96.839287247,32.7431758840163],[-96.8376054688334,32.7431711892921],[-96.837462079,32.7431707880163],[-96.8357671599323,32.7431689305885],[-96.833954769712,32.7431669201468],[-96.8321230748727,32.7431648627959],[-96.83062404,32.7431631600163],[-96.8301953309926,32.7431611862699]]},"properties":{"AADT_CUR":9862,"RTE_NM":"263350","RTE_PRFX":"CS","RTE_NBR":"263350","SYSTEM":"Off"}},{"type":"Feature","geometry":{"type":"LineString","coordinates":[[-96.7940202914341,32.7598166432659],[-96.7939432008419,32.7599780216877]]},"properties":{"AADT_CUR":14750,"RTE_NM":"263113","RTE_PRFX":"CS","RTE_NBR":"263113","SYSTEM":"Off"}},{"type":"Feature","geometry":{"type":"LineString","coordinates":[[-96.80662765,32.72707056],[-96.80661672,32.72777144],[-96.80661073,32.72846963],[-96.80662578,32.72955574],[-96.80667306,32.73138315],[-96.80666192,32.73192456]]},"properties":{"AADT_CUR":292,"RTE_NM":"1058933","RTE_PRFX":"CS","RTE_NBR":"1058933","SYSTEM":"Off"}},{"type":"Feature","geometry":{"type":"LineString","coordinates":[[-96.8566166371797,32.7662763447782],[-96.85626698,32.76618046],[-96.85450033,32.76566136],[-96.85316496,32.76527378],[-96.85124309,32.76472578],[-96.85040775,32.76447768],[-96.84978568,32.76430631],[-96.84936623,32.76419172],[-96.84890176,32.76409009],[-96.84850719,32.76401337],[-96.84819083,32.76396156],[-96.84784485,32.76391573],[-96.84746924,32.76388683],[-96.84695618,32.76386192],[-96.84660783,32.76385395],[-96.84624052,32.76386192],[-96.8458104,32.76388683],[-96.8453874,32.76392669],[-96.84493596,32.76398547],[-96.84449756,32.76406718],[-96.84401175,32.76417877],[-96.84370368,32.76425848],[-96.84323684,32.76440196],[-96.84292166,32.76451554],[-96.84259938,32.76463909],[-96.84226405,32.76478357],[-96.84195954,32.76492306],[-96.84161355,32.76509742],[-96.84086234,32.76550892],[-96.840214632,32.765863903],[-96.83956726,32.76621832],[-96.83926512,32.76636877],[-96.83905833,32.76646653],[-96.838782248,32.766584869],[-96.83851153,32.76669757],[-96.838124254,32.76683863],[-96.837795548,32.766945821],[-96.837609176,32.767001953],[-96.837420792,32.767054703],[-96.837063274,32.767144665],[-96.836824261,32.767197111],[-96.836582389,32.767245576],[-96.836323851,32.767290881],[-96.836067639,32.76732883],[-96.83569744,32.76737607],[-96.83467963,32.76749065],[-96.83304923,32.76768095],[-96.83179562,32.76782243],[-96.830765368,32.767929029],[-96.830274488,32.767973088],[-96.829784822,32.76801919],[-96.829363781,32.768057249],[-96.828943954,32.768098372],[-96.828169558,32.768182337],[-96.827894662,32.768208598],[-96.82749944,32.76824242],[-96.826622831,32.76831073]]},"properties":{"AADT_CUR":175215,"RTE_NM":"IH0030-UG","RTE_PRFX":"IH","RTE_NBR":"30","SYSTEM":"On"}},{"type":"Feature","geometry":{"type":"LineString","coordinates":[[-96.80124993,32.79455622],[-96.80044186,32.79523933],[-96.79964999,32.79592539],[-96.79886567,32.79655658],[-96.79840094,32.79694334],[-96.79798173,32.79728949],[-96.79749982,32.79768152],[-96.79702518,32.79807501],[-96.79653385,32.79849027],[-96.79604416,32.79890417],[-96.79526703,32.79953955],[-96.79459502,32.80014041],[-96.79434539,32.80036369]]},"properties":{"AADT_CUR":292,"RTE_NM":"1065046","RTE_PRFX":"CS","RTE_NBR":"1065046","SYSTEM":"Off"}},{"type":"Feature","geometry":{"type":"LineString","coordinates":[[-96.81697515,32.7494526800163],[-96.81757195,32.7503184800163],[-96.8178243425599,32.7506061455245]]},"properties":{"AADT_CUR":292,"RTE_NM":"1065040","RTE_PRFX":"CS","RTE_NBR":"1065040","SYSTEM":"Off"}},{"type":"Feature","geometry":{"type":"LineString","coordinates":[[-96.79539628,32.73576364],[-96.79524132,32.73578763],[-96.79504731,32.73581245],[-96.79472611,32.73585479],[-96.79465279,32.73586204],[-96.79454371,32.73586741],[-96.79429309,32.73587634],[-96.79406925,32.73588701],[-96.79390336,32.73588748],[-96.79371478,32.73588352],[-96.79356772,32.73591999],[-96.7934168,32.73598665],[-96.79209319,32.73665161],[-96.79205736,32.73669648]]},"properties":{"AADT_CUR":292,"RTE_NM":"1057984","RTE_PRFX":"CS","RTE_NBR":"1057984","SYSTEM":"Off"}},{"type":"Feature","geometry":{"type":"LineString","coordinates":[[-96.7739221,32.79858814],[-96.7744511,32.79908619],[-96.77473671,32.79933895]]},"properties":{"AADT_CUR":292,"RTE_NM":"1062876","RTE_PRFX":"CS","RTE_NBR":"1062876","SYSTEM":"Off"}},{"type":"Feature","geometry":{"type":"LineString","coordinates":[[-96.76123677,32.79068431],[-96.76133851,32.79080584],[-96.76153052,32.7909626],[-96.76202636,32.79138064],[-96.76284033,32.79207241]]},"properties":{"AADT_CUR":292,"RTE_NM":"1058804","RTE_PRFX":"CS","RTE_NBR":"1058804","SYSTEM":"Off"}},{"type":"Feature","geometry":{"type":"LineString","coordinates":[[-96.79419583,32.7417003600163],[-96.7936957499935,32.7418666800181],[-96.7931110399942,32.7420359800181],[-96.7920646899934,32.7423597300182],[-96.7913131499946,32.7425775800177],[-96.7908333699955,32.7427029500179],[-96.7905017099938,32.7428220900182],[-96.789713069994,32.7430655300181],[-96.7889245999944,32.7432993600178],[-96.7881070799936,32.7435217800184],[-96.78791968,32.7435824200163],[-96.78783876,32.7436033000163],[-96.78767939,32.7436450800163]]},"properties":{"AADT_CUR":292,"RTE_NM":"1059174","RTE_PRFX":"CS","RTE_NBR":"1059174","SYSTEM":"Off"}},{"type":"Feature","geometry":{"type":"LineString","coordinates":[[-96.8355829756898,32.7597917186247],[-96.83555929,32.7597920400164],[-96.83546636,32.7598031800164],[-96.83539696,32.7598173700164],[-96.83485705,32.7599805800164],[-96.83457918,32.7600510800164],[-96.83436559,32.7600770900164],[-96.83410898,32.7600544000164],[-96.83381462,32.7600064800163],[-96.83369684,32.7599980200164],[-96.83355674,32.7600085100164],[-96.83345705,32.7600333000164],[-96.83304223,32.7601624400164],[-96.83297469,32.7601642800164],[-96.8325259,32.7600675400164],[-96.83245319,32.7600844400164]]},"properties":{"AADT_CUR":292,"RTE_NM":"1063918","RTE_PRFX":"CS","RTE_NBR":"1063918","SYSTEM":"Off"}},{"type":"Feature","geometry":{"type":"LineString","coordinates":[[-96.79970117,32.72592544],[-96.79961116,32.72585863],[-96.79934693,32.72568732],[-96.79916096,32.72550608],[-96.79897138,32.72525881],[-96.79869498,32.72483166],[-96.79839293,32.7243863],[-96.79817765,32.72407957],[-96.79802172,32.72394273],[-96.7979276,32.72389059],[-96.79777482,32.72384452],[-96.7976466,32.72383176],[-96.7975077,32.72386697],[-96.79733621,32.72394847]]},"properties":{"AADT_CUR":292,"RTE_NM":"1059752","RTE_PRFX":"CS","RTE_NBR":"1059752","SYSTEM":"Off"}},{"type":"Feature","geometry":{"type":"LineString","coordinates":[[-96.7657795051252,32.7769987729176],[-96.76614505,32.7772733600165],[-96.76651268,32.7776111200165],[-96.76728313,32.7783191500165],[-96.76762234,32.7785709000165],[-96.76765128,32.7785933600165],[-96.76770698,32.7786287500165],[-96.76774101,32.7786462200165],[-96.76942515,32.7790953700165],[-96.77079598,32.7794095800164]]},"properties":{"AADT_CUR":292,"RTE_NM":"1061578","RTE_PRFX":"CS","RTE_NBR":"1061578","SYSTEM":"Off"}},{"type":"Feature","geometry":{"type":"LineString","coordinates":[[-96.8253199730589,32.7592218814944],[-96.82581626,32.7591061800328],[-96.82608855,32.7589146200328],[-96.82626756,32.7587075900328],[-96.826917206085,32.7576563310714],[-96.82772338,32.7563517400327],[-96.8277763628344,32.7561346154537],[-96.82781718,32.7558916400328],[-96.8278355180968,32.7546209892435],[-96.8278475665389,32.7537861306664],[-96.8278699709081,32.7522336501298],[-96.8278920296736,32.7507050658546],[-96.8279100200003,32.7494583699981]]},"properties":{"AADT_CUR":3189,"RTE_NM":"262970","RTE_PRFX":"CS","RTE_NBR":"262970","SYSTEM":"Off"}},{"type":"Feature","geometry":{"type":"LineString","coordinates":[[-96.7673405337827,32.7570361236823],[-96.76664701,32.7576145900164],[-96.76610833,32.7580428100164],[-96.76598163,32.7581578800164],[-96.76554826,32.7585243400164],[-96.7650002,32.7589744300164],[-96.76446196,32.7594205200164],[-96.76431399,32.7595421600164],[-96.76370387,32.7600449700164],[-96.7630798,32.7605544700164],[-96.76297127,32.7606546600164],[-96.7625279,32.7610319700164],[-96.76228916,32.7612197000164],[-96.76199059,32.7614712000164],[-96.76149418,32.7618986200164],[-96.7607267918208,32.7625697058358]]},"properties":{"AADT_CUR":292,"RTE_NM":"1064231","RTE_PRFX":"CS","RTE_NBR":"1064231","SYSTEM":"Off"}},{"type":"Feature","geometry":{"type":"LineString","coordinates":[[-96.8112999022962,32.81682756251],[-96.8100651846045,32.8157527965331]]},"properties":{"AADT_CUR":35265,"RTE_NM":"263427","RTE_PRFX":"CS","RTE_NBR":"263427","SYSTEM":"Off"}},{"type":"Feature","geometry":{"type":"LineString","coordinates":[[-96.8479246959372,32.7776485568489],[-96.84791729,32.7776485600165],[-96.8478901933077,32.7776484297361]]},"properties":{"AADT_CUR":292,"RTE_NM":"1058235","RTE_PRFX":"CS","RTE_NBR":"1058235","SYSTEM":"Off"}},{"type":"Feature","geometry":{"type":"LineString","coordinates":[[-96.75439469,32.75118891],[-96.75334638,32.75118656],[-96.75302274,32.75118338],[-96.75284234,32.75117536],[-96.75276412,32.7511825],[-96.75270111,32.75120223],[-96.75267189,32.75124031]]},"properties":{"AADT_CUR":292,"RTE_NM":"1058627","RTE_PRFX":"CS","RTE_NBR":"1058627","SYSTEM":"Off"}},{"type":"Feature","geometry":{"type":"LineString","coordinates":[[-96.8270788,32.72760735],[-96.82636831,32.72759916]]},"properties":{"AADT_CUR":292,"RTE_NM":"1060965","RTE_PRFX":"CS","RTE_NBR":"1060965","SYSTEM":"Off"}},{"type":"Feature","geometry":{"type":"LineString","coordinates":[[-96.73499527,32.82225051],[-96.73473211,32.82205847],[-96.73448614,32.82190239],[-96.73430111,32.82183379],[-96.73377522,32.82163251]]},"properties":{"AADT_CUR":292,"RTE_NM":"1061222","RTE_PRFX":"CS","RTE_NBR":"1061222","SYSTEM":"Off"}},{"type":"Feature","geometry":{"type":"LineString","coordinates":[[-96.8313596,32.7576821800164],[-96.83083963,32.7576518400164],[-96.82965841,32.7576634700164],[-96.82839381,32.7576533400164],[-96.8275112,32.7576593300163],[-96.8269489109237,32.7576652418562]]},"properties":{"AADT_CUR":292,"RTE_NM":"1066136","RTE_PRFX":"CS","RTE_NBR":"1066136","SYSTEM":"Off"}},{"type":"Feature","geometry":{"type":"LineString","coordinates":[[-96.814195887753,32.7838442380057],[-96.81452238,32.7843122700165],[-96.81496531,32.7848955900165],[-96.81629762,32.7867596400165],[-96.81766495,32.7886255300165],[-96.81900702,32.7904525700165],[-96.81956512,32.7911872400165],[-96.82001771,32.7918215200165],[-96.82041265,32.7923643100165],[-96.8207252,32.7928317500165],[-96.82105419,32.7934203700165],[-96.821569,32.7943372700165],[-96.8216042610898,32.7944053007954]]},"properties":{"AADT_CUR":2458,"RTE_NM":"1059973","RTE_PRFX":"CS","RTE_NBR":"1059973","SYSTEM":"Off"}},{"type":"Feature","geometry":{"type":"LineString","coordinates":[[-96.78839278,32.7877546200165],[-96.78807416,32.7879907700165],[-96.78780988,32.7881933300165],[-96.7874746399895,32.7884897400247],[-96.78653858,32.7892246000165]]},"properties":{"AADT_CUR":292,"RTE_NM":"1060584","RTE_PRFX":"CS","RTE_NBR":"1060584","SYSTEM":"Off"}},{"type":"Feature","geometry":{"type":"LineString","coordinates":[[-96.7374020600968,32.7916242065601],[-96.737402520211,32.7915956520111],[-96.73740294,32.7915696000165],[-96.73740295648,32.7915661922606]]},"properties":{"AADT_CUR":15769,"RTE_NM":"263129","RTE_PRFX":"CS","RTE_NBR":"263129","SYSTEM":"Off"}},{"type":"Feature","geometry":{"type":"LineString","coordinates":[[-96.74823662,32.77523955],[-96.74748107,32.77588732],[-96.74661393,32.77666546]]},"properties":{"AADT_CUR":292,"RTE_NM":"1063608","RTE_PRFX":"CS","RTE_NBR":"1063608","SYSTEM":"Off"}},{"type":"Feature","geometry":{"type":"LineString","coordinates":[[-96.85367813,32.80184494],[-96.85411427,32.80026948],[-96.85492458,32.79739118],[-96.85561997,32.79489744],[-96.85602332,32.79351085],[-96.85637123,32.7922568],[-96.85640174,32.79202323],[-96.85642318,32.7917225],[-96.8564472,32.79134531],[-96.8564472077017,32.7913425238771]]},"properties":{"AADT_CUR":28711,"RTE_NM":"263272","RTE_PRFX":"CS","RTE_NBR":"263272","SYSTEM":"Off"}},{"type":"Feature","geometry":{"type":"LineString","coordinates":[[-96.78158383,32.77403617],[-96.78246912,32.77507795],[-96.78286231,32.77556859],[-96.78288678,32.77560742],[-96.78290401,32.77564203]]},"properties":{"AADT_CUR":292,"RTE_NM":"1062188","RTE_PRFX":"CS","RTE_NBR":"1062188","SYSTEM":"Off"}},{"type":"Feature","geometry":{"type":"LineString","coordinates":[[-96.78301384,32.7959511300166],[-96.7823933,32.7954710900165],[-96.78207766,32.7952151900165],[-96.7819088,32.7950685300165],[-96.7817644268369,32.7949411955853],[-96.78160235,32.7948003900165],[-96.78154866,32.7947570400165],[-96.78104685,32.7943666000165],[-96.78001669,32.7935276300165],[-96.77948203,32.7930693800165],[-96.7787074525493,32.7923975290538]]},"properties":{"AADT_CUR":292,"RTE_NM":"1064991","RTE_PRFX":"CS","RTE_NBR":"1064991","SYSTEM":"Off"}},{"type":"Feature","geometry":{"type":"LineString","coordinates":[[-96.8514428659443,32.7495475109467],[-96.85144281,32.7495544500163],[-96.8514418046634,32.7495909882596]]},"properties":{"AADT_CUR":292,"RTE_NM":"1063056","RTE_PRFX":"CS","RTE_NBR":"1063056","SYSTEM":"Off"}},{"type":"Feature","geometry":{"type":"LineString","coordinates":[[-96.75462107,32.74666568],[-96.75455122,32.74666535],[-96.75411277,32.74629427],[-96.75355694,32.7458576]]},"properties":{"AADT_CUR":292,"RTE_NM":"1064772","RTE_PRFX":"CS","RTE_NBR":"1064772","SYSTEM":"Off"}},{"type":"Feature","geometry":{"type":"LineString","coordinates":[[-96.7021830948598,32.8336923854315],[-96.70249685,32.83344584],[-96.70332447,32.83279368],[-96.70410465,32.83213258],[-96.70465379,32.83166724],[-96.71043186,32.82679453],[-96.71371361,32.82404849],[-96.71423032,32.82361486],[-96.71444774,32.82343889],[-96.71466554,32.82325207],[-96.71476813,32.8231554],[-96.71489961,32.82302069],[-96.71504897,32.82284766],[-96.71520783,32.82266556],[-96.71542691,32.82239037],[-96.71583456,32.82187181],[-96.71952527,32.81719713],[-96.71960624,32.8171009],[-96.7197154,32.81697164],[-96.71979818,32.81689035],[-96.71989078,32.8167974],[-96.72004737,32.81665642],[-96.72023498,32.81650233],[-96.7203854,32.81640289],[-96.72084579,32.81607898],[-96.72099898,32.81596769],[-96.7210726,32.81591297],[-96.72134982,32.81571746],[-96.72144966,32.81565247],[-96.72157213,32.81557912],[-96.72170534,32.81550108],[-96.72182732,32.81544161],[-96.72199828,32.81535956],[-96.72220312,32.81528331],[-96.72241819,32.81521724],[-96.72252389,32.81518615],[-96.72283954,32.81510077],[-96.72303802,32.81503826],[-96.72319018,32.81498948],[-96.72331409,32.81494197],[-96.72349064,32.81486799],[-96.72370016,32.8147591],[-96.72386691,32.81466304],[-96.72407747,32.81452441],[-96.72433014,32.81435805],[-96.7246905,32.81410407],[-96.72682894,32.81263259],[-96.72766141,32.81210618],[-96.72795838,32.81191611],[-96.72828448,32.81169997],[-96.728806606,32.811350338],[-96.729020251,32.811249492],[-96.729294426,32.811181729],[-96.729483094,32.811161334],[-96.729599207,32.810890062],[-96.72977951,32.810645764],[-96.73013427,32.81031429],[-96.7304984,32.80998533],[-96.73086929,32.80962088],[-96.73129182,32.80919723],[-96.73147826,32.8090127],[-96.73161391,32.80886257],[-96.73172927,32.80871503],[-96.73185494,32.80853518],[-96.73196593,32.80835496],[-96.73220935,32.8079594],[-96.73262189,32.80729668],[-96.73270373,32.80716226],[-96.73297463,32.80670692],[-96.7334112,32.8060003],[-96.73352248,32.80584329],[-96.73363793,32.80570127],[-96.73377027,32.80554677],[-96.73392026,32.80539172],[-96.73407204,32.8052526],[-96.73422645,32.8051056],[-96.73438924,32.80495385],[-96.73459722,32.8047536],[-96.73481246,32.80454757],[-96.73495999,32.80439544],[-96.73509098,32.80424587],[-96.73520777,32.80409892],[-96.73532339,32.80395194],[-96.73544478,32.80377434],[-96.73552804,32.80364541],[-96.73560397,32.80352423],[-96.73570806,32.80333727],[-96.73583665,32.80308839],[-96.73611467,32.80253258],[-96.73695461,32.80087618],[-96.73704815,32.80072188],[-96.73720726,32.80053046],[-96.73733296,32.80040178],[-96.73750862,32.80026195],[-96.73767046,32.80014968],[-96.73786743,32.80003053],[-96.73813595,32.79991318],[-96.73834586,32.79984398],[-96.73856117,32.79977802],[-96.73958491,32.79948721],[-96.73990711,32.79940996],[-96.74021737,32.79935877],[-96.74047228,32.79931551],[-96.7406722,32.79926932],[-96.7408765,32.79920308],[-96.74101237,32.79915064],[-96.74126491,32.79901737],[-96.74142626,32.79891905],[-96.74158287,32.79879889],[-96.74179128,32.79861489],[-96.74261628,32.79786318],[-96.74288599,32.79765899],[-96.74303406,32.79757274],[-96.74321801,32.79745792],[-96.74335507,32.79737139],[-96.74346451,32.79728727],[-96.74362586,32.79713622],[-96.74388552,32.79690387],[-96.74489434,32.79598768],[-96.7462069,32.79466568],[-96.74627974,32.79459237],[-96.74640865,32.79447617],[-96.74661451,32.79431226],[-96.74675189,32.79421643],[-96.74686574,32.79413804],[-96.74699401,32.79407743]]},"properties":{"AADT_CUR":35043,"RTE_NM":"SH0078-LG","RTE_PRFX":"SH","RTE_NBR":"78","SYSTEM":"On"}},{"type":"Feature","geometry":{"type":"LineString","coordinates":[[-96.73621724,32.78039983],[-96.73622728,32.78009006],[-96.73620839,32.78002131],[-96.73612516,32.77996021],[-96.73600049,32.77994417],[-96.73525629,32.77982802]]},"properties":{"AADT_CUR":292,"RTE_NM":"1060789","RTE_PRFX":"CS","RTE_NBR":"1060789","SYSTEM":"Off"}},{"type":"Feature","geometry":{"type":"LineString","coordinates":[[-96.8344490288184,32.7711616195037],[-96.83399864,32.7709599100328],[-96.83374395,32.7709633700328],[-96.83295715,32.7709720700328],[-96.83240995,32.7709578600328],[-96.8322171,32.7709614200328],[-96.83203141,32.7709771200328],[-96.83188036,32.7709988600328],[-96.83170745,32.7710384900328],[-96.83156929,32.7710799900328],[-96.83144102,32.7711230300328],[-96.83134579,32.7711693000328],[-96.83129414,32.7712013000328],[-96.8309757799998,32.7713468400329],[-96.83061535,32.7714354800328],[-96.83045697,32.7714663400328],[-96.8301182999998,32.7714796600328],[-96.82979616,32.7714794600329],[-96.8295042399998,32.7714727900328],[-96.82919367,32.7714631200328],[-96.82890135,32.7714344400328],[-96.82867567,32.7714094200328],[-96.82836515,32.7713543900328],[-96.82818939,32.7713135300329],[-96.82776709,32.7711896500328],[-96.8275272,32.7710984500328],[-96.82724593,32.7710012000328],[-96.8269421106374,32.770935257856],[-96.82684169,32.7709119100328],[-96.8262279,32.7709339000328],[-96.82504225,32.7709124300328],[-96.8240594,32.7709211700328],[-96.822869952559,32.7709214974256]]},"properties":{"AADT_CUR":2524,"RTE_NM":"1066428","RTE_PRFX":"CS","RTE_NBR":"1066428","SYSTEM":"Off"}},{"type":"Feature","geometry":{"type":"LineString","coordinates":[[-96.768357917753,32.7866146390555],[-96.76786016,32.7873108800165],[-96.76737937,32.7879735900165],[-96.7671005940136,32.7883567738183]]},"properties":{"AADT_CUR":292,"RTE_NM":"1064581","RTE_PRFX":"CS","RTE_NBR":"1064581","SYSTEM":"Off"}},{"type":"Feature","geometry":{"type":"LineString","coordinates":[[-96.84918298,32.77625922],[-96.84917327,32.77717453]]},"properties":{"AADT_CUR":292,"RTE_NM":"1061084","RTE_PRFX":"CS","RTE_NBR":"1061084","SYSTEM":"Off"}},{"type":"Feature","geometry":{"type":"LineString","coordinates":[[-96.76586086,32.7627994500164],[-96.76555123,32.7630755400164],[-96.76539326,32.7632094200164],[-96.76434609,32.7640978800164],[-96.7634479940701,32.7648648849367]]},"properties":{"AADT_CUR":292,"RTE_NM":"1058738","RTE_PRFX":"CS","RTE_NBR":"1058738","SYSTEM":"Off"}},{"type":"Feature","geometry":{"type":"LineString","coordinates":[[-96.7528911966259,32.8240506234231],[-96.75261203,32.8240634400334],[-96.75245722,32.8240708900334],[-96.752227,32.8241061400334],[-96.75185407,32.8241943600334],[-96.75154425,32.8243027300333],[-96.75113833,32.8244963300334],[-96.75076479,32.8247398700334],[-96.75065574,32.8247795800334],[-96.75050916,32.8248242500334],[-96.7503214,32.8248518500334],[-96.7500972299992,32.8248679400333],[-96.74859267,32.8248014100334],[-96.74831888,32.8248154200334],[-96.74761731,32.8248935200334],[-96.74738864,32.8249315300334],[-96.74436099,32.8249946800334]]},"properties":{"AADT_CUR":848,"RTE_NM":"1061937","RTE_PRFX":"CS","RTE_NBR":"1061937","SYSTEM":"Off"}},{"type":"Feature","geometry":{"type":"LineString","coordinates":[[-96.80047169,32.82320481],[-96.80036331,32.82397583],[-96.80030284,32.82458255],[-96.80036058,32.82484038],[-96.80072133,32.82606453],[-96.80089493,32.82664833],[-96.8011848,32.8274935],[-96.80124442,32.82765376],[-96.80131704,32.82781421],[-96.80149305,32.82797468],[-96.80169811,32.82831836],[-96.80178617,32.82856561],[-96.80182961,32.82876277],[-96.80188919,32.82900961],[-96.80199663,32.82947843],[-96.80195399,32.82991908],[-96.80199667,32.83083648],[-96.80205081,32.83234509]]},"properties":{"AADT_CUR":1307,"RTE_NM":"1117269","RTE_PRFX":"CS","RTE_NBR":"1117269","SYSTEM":"Off"}},{"type":"Feature","geometry":{"type":"LineString","coordinates":[[-96.78751004,32.72497907],[-96.78677606,32.72530435]]},"properties":{"AADT_CUR":292,"RTE_NM":"1063771","RTE_PRFX":"CS","RTE_NBR":"1063771","SYSTEM":"Off"}},{"type":"Feature","geometry":{"type":"LineString","coordinates":[[-96.773881167712,32.769707590142],[-96.77389223,32.7697166300164],[-96.7739055481941,32.7697280301771]]},"properties":{"AADT_CUR":292,"RTE_NM":"1058042","RTE_PRFX":"CS","RTE_NBR":"1058042","SYSTEM":"Off"}},{"type":"Feature","geometry":{"type":"LineString","coordinates":[[-96.79256957,32.73883334],[-96.79257963,32.73902091],[-96.79258165,32.73933112],[-96.79260618,32.73950677],[-96.79269082,32.73966975],[-96.7928247,32.73986536]]},"properties":{"AADT_CUR":292,"RTE_NM":"1066072","RTE_PRFX":"CS","RTE_NBR":"1066072","SYSTEM":"Off"}},{"type":"Feature","geometry":{"type":"LineString","coordinates":[[-96.75402314,32.7639176100164],[-96.75399113,32.7639735100164],[-96.75392572,32.7640317100164],[-96.75380663,32.7641317500164],[-96.75306118,32.7647686900164],[-96.75181084,32.7658466400164],[-96.75130612,32.7662794000164],[-96.75114507,32.7664022200164],[-96.7510567,32.7664284600164],[-96.7508756184555,32.7664836774381]]},"properties":{"AADT_CUR":292,"RTE_NM":"1064937","RTE_PRFX":"CS","RTE_NBR":"1064937","SYSTEM":"Off"}},{"type":"Feature","geometry":{"type":"LineString","coordinates":[[-96.85681491,32.74129472],[-96.85585964,32.74129994],[-96.85294944,32.74131445],[-96.85155061,32.74129958],[-96.84546515,32.74128444],[-96.84434406,32.74126679],[-96.84404444,32.74125957],[-96.84345252,32.74135792],[-96.84224607,32.74136054],[-96.84095353,32.74136332],[-96.84054358,32.74133465],[-96.8402456324214,32.7413094270917]]},"properties":{"AADT_CUR":9386,"RTE_NM":"263745","RTE_PRFX":"CS","RTE_NBR":"263745","SYSTEM":"Off"}},{"type":"Feature","geometry":{"type":"LineString","coordinates":[[-96.85269869,32.72548504],[-96.85256719,32.72534172],[-96.85243703,32.72525751],[-96.85221815,32.72517901],[-96.85188884,32.72518015],[-96.85109533,32.72517787],[-96.85061005,32.72517142],[-96.85011971,32.72517455],[-96.84955465,32.72517391],[-96.84869184,32.72518169],[-96.84819689,32.72517099]]},"properties":{"AADT_CUR":292,"RTE_NM":"1063170","RTE_PRFX":"CS","RTE_NBR":"1063170","SYSTEM":"Off"}},{"type":"Feature","geometry":{"type":"LineString","coordinates":[[-96.83426387,32.7579122],[-96.83377664,32.75765412],[-96.83361538,32.75762173],[-96.83339071,32.75758847],[-96.83270973,32.75759859],[-96.83254762,32.75756892],[-96.83240075,32.75750648],[-96.83234563,32.7574535],[-96.83226434,32.75745103],[-96.83216601,32.75748957],[-96.83215232,32.75756911],[-96.83221872,32.75762774],[-96.83230969,32.75763445],[-96.83240769,32.75761378],[-96.8325277154233,32.7575726826695]]},"properties":{"AADT_CUR":292,"RTE_NM":"1260615","RTE_PRFX":"CS","RTE_NBR":"1260615","SYSTEM":"Off"}},{"type":"Feature","geometry":{"type":"LineString","coordinates":[[-96.836721863,32.767505504],[-96.83674399,32.76779948],[-96.8367388,32.76838085],[-96.83679705,32.76920907]]},"properties":{"AADT_CUR":292,"RTE_NM":"1059115","RTE_PRFX":"CS","RTE_NBR":"1059115","SYSTEM":"Off"}},{"type":"Feature","geometry":{"type":"LineString","coordinates":[[-96.8344761,32.7750803],[-96.83449883,32.77639443],[-96.83449017,32.77671704]]},"properties":{"AADT_CUR":244,"RTE_NM":"1065448","RTE_PRFX":"CS","RTE_NBR":"1065448","SYSTEM":"Off"}},{"type":"Feature","geometry":{"type":"LineString","coordinates":[[-96.8159283274268,32.7006326675438],[-96.81592983,32.7014516700161],[-96.81592519,32.7020825200161],[-96.81592999,32.7029870400161],[-96.81591821,32.7048081600161],[-96.81589107,32.7058964400161],[-96.81588395,32.7059293300161],[-96.81588396,32.7060145500161],[-96.81586997,32.7065806800161],[-96.81586511,32.7075221700161],[-96.81584999,32.7083632000161],[-96.81586171,32.7090313800161],[-96.81586286,32.7095702300161],[-96.81583698,32.7113636700161],[-96.81584075,32.7115080400162],[-96.81581392,32.7126224400161],[-96.8158213191467,32.7131751450427],[-96.81581059,32.7137412700161],[-96.81580629,32.7143968800161],[-96.81580572,32.7149838000161],[-96.81578637,32.7156185800162],[-96.81579084,32.7162825500162],[-96.81578263,32.7167580300162],[-96.8157854,32.7178563400162],[-96.81576173,32.7191041100162],[-96.81573814,32.7202185500162],[-96.815737875707,32.7202837703529],[-96.8157377,32.7203271300162],[-96.81573218,32.7210047000162],[-96.81572806,32.7214362600162],[-96.81571425,32.7219927600162],[-96.81572068,32.7227680900162],[-96.8157079,32.7238276900162],[-96.81569894,32.7241286100162],[-96.8157041,32.7250564900162],[-96.81568481,32.7262878300162],[-96.8156658,32.7276758600162],[-96.81565695,32.7284853600162],[-96.81566061,32.7294929400162],[-96.81565383,32.7313072600162],[-96.81565806,32.7320275800163],[-96.81566775,32.7331452200162]]},"properties":{"AADT_CUR":292,"RTE_NM":"1057789","RTE_PRFX":"CS","RTE_NBR":"1057789","SYSTEM":"Off"}},{"type":"Feature","geometry":{"type":"LineString","coordinates":[[-96.81300294,32.82297951],[-96.81266029,32.82293499],[-96.81263288,32.82292088],[-96.8125852,32.82290236],[-96.81254179,32.82287428],[-96.81246091,32.82280731]]},"properties":{"AADT_CUR":292,"RTE_NM":"1117255","RTE_PRFX":"CS","RTE_NBR":"1117255","SYSTEM":"Off"}},{"type":"Feature","geometry":{"type":"LineString","coordinates":[[-96.8277085295492,32.7785376225079],[-96.827107932,32.778530961],[-96.82638326,32.778589569],[-96.825998502,32.778649754],[-96.825594258,32.778750416],[-96.82497719,32.778930536],[-96.820446794,32.780491242],[-96.819319426,32.78088345],[-96.818758747,32.781049215],[-96.818195775,32.78119185],[-96.81757011,32.781323041],[-96.817071501,32.781410752],[-96.81487645,32.78171433],[-96.81375054,32.781846451],[-96.813041611,32.781944693],[-96.8118197786908,32.7821263946337]]},"properties":{"AADT_CUR":37710,"RTE_NM":"SS0366-RG","RTE_PRFX":"SS","RTE_NBR":"366","SYSTEM":"On"}},{"type":"Feature","geometry":{"type":"LineString","coordinates":[[-96.8157043388296,32.7837766690023],[-96.8156893061312,32.7837836656094]]},"properties":{"AADT_CUR":11406,"RTE_NM":"263102","RTE_PRFX":"CS","RTE_NBR":"263102","SYSTEM":"Off"}},{"type":"Feature","geometry":{"type":"LineString","coordinates":[[-96.84271796,32.78230778],[-96.84206306,32.78230592],[-96.84088581,32.78230534],[-96.83972229,32.78231043]]},"properties":{"AADT_CUR":438,"RTE_NM":"1062568","RTE_PRFX":"CS","RTE_NBR":"1062568","SYSTEM":"Off"}},{"type":"Feature","geometry":{"type":"LineString","coordinates":[[-96.76628664,32.78622322],[-96.76593349,32.78651974]]},"properties":{"AADT_CUR":292,"RTE_NM":"1317654","RTE_PRFX":"CS","RTE_NBR":"1317654","SYSTEM":"Off"}},{"type":"Feature","geometry":{"type":"LineString","coordinates":[[-96.74497121,32.8291627],[-96.74485633,32.82908547],[-96.74475578,32.82902495],[-96.74401204,32.82847563],[-96.74369134,32.82826903],[-96.74355065,32.82818045],[-96.74342896,32.82815949]]},"properties":{"AADT_CUR":292,"RTE_NM":"1057811","RTE_PRFX":"CS","RTE_NBR":"1057811","SYSTEM":"Off"}},{"type":"Feature","geometry":{"type":"LineString","coordinates":[[-96.7579297400801,32.7328456301637],[-96.75806035,32.73028615],[-96.7581726,32.72814061],[-96.75827488,32.72591498],[-96.75830014,32.72543126],[-96.75836545,32.72432957],[-96.75844891,32.72257318],[-96.75846827,32.72194724],[-96.75841913,32.7211247],[-96.75833411,32.7208002],[-96.75818893,32.72030871],[-96.75804734,32.71991981],[-96.7578387,32.719506],[-96.75689837,32.71800756],[-96.75539898,32.71563909],[-96.75504838,32.71511546],[-96.75435367,32.71411521],[-96.75342594,32.71276242],[-96.75309466,32.71223143],[-96.7527364,32.71162752],[-96.7526276497412,32.7114449168662]]},"properties":{"AADT_CUR":15669,"RTE_NM":"SH0310-RG","RTE_PRFX":"SH","RTE_NBR":"310","SYSTEM":"On"}},{"type":"Feature","geometry":{"type":"LineString","coordinates":[[-96.75998506,32.77871444],[-96.76053822,32.7791744],[-96.76072125,32.77938314],[-96.76078833,32.77944732],[-96.76083282,32.77950155],[-96.76085708,32.77955137],[-96.76090375,32.77966062],[-96.76093426,32.77980537],[-96.76092168,32.77994953],[-96.76089238,32.78007419],[-96.76084521,32.78019861],[-96.76081037,32.78027373],[-96.76075698,32.78036908],[-96.76065737,32.78048145],[-96.76057282,32.78055531],[-96.76048179,32.78063585],[-96.76029479,32.78070633],[-96.76014217,32.78074533],[-96.76000444,32.78075551],[-96.7598614,32.78074383],[-96.75970724,32.78071505],[-96.75955919,32.78066699],[-96.75940705,32.78060049],[-96.75925415,32.7805145],[-96.75889806,32.78025247],[-96.75858527,32.77994019],[-96.75838826,32.77973949],[-96.75830129,32.77961044],[-96.75823535,32.77948856],[-96.75817724,32.77934066],[-96.75817031,32.77923748],[-96.75817111,32.77911378],[-96.75820233,32.77901525],[-96.75827935,32.77890499],[-96.75840272,32.77879537],[-96.75862815,32.77862534],[-96.75878769,32.778497],[-96.75887735,32.77844739],[-96.7589298,32.7784275],[-96.7589953,32.77840643],[-96.75908174,32.77839665],[-96.75922428,32.77838764],[-96.75934937,32.77839764],[-96.75943778,32.77841125],[-96.75952018,32.77844127],[-96.7599709271734,32.7787061354032]]},"properties":{"AADT_CUR":292,"RTE_NM":"1059524","RTE_PRFX":"CS","RTE_NBR":"1059524","SYSTEM":"Off"}},{"type":"Feature","geometry":{"type":"LineString","coordinates":[[-96.81100404,32.7441484100163],[-96.81103064,32.7457858500163],[-96.81106383,32.7458357900163],[-96.8111533848551,32.7459064972974]]},"properties":{"AADT_CUR":292,"RTE_NM":"1065638","RTE_PRFX":"CS","RTE_NBR":"1065638","SYSTEM":"Off"}},{"type":"Feature","geometry":{"type":"LineString","coordinates":[[-96.8083554009089,32.7698466921716],[-96.808213444,32.769768696],[-96.807482663,32.769372984],[-96.807207025,32.76925045],[-96.807074451725,32.7691997066382]]},"properties":{"AADT_CUR":100508,"RTE_NM":"IH0030-KG","RTE_PRFX":"IH","RTE_NBR":"30","SYSTEM":"On"}},{"type":"Feature","geometry":{"type":"LineString","coordinates":[[-96.8497095569891,32.8109051582724],[-96.85009685,32.81104441],[-96.85062702,32.81119989],[-96.85084984,32.81125369],[-96.85113749,32.81132212],[-96.85213989,32.81151133],[-96.85269193,32.811586],[-96.85311766,32.81162599],[-96.85376143,32.81166888],[-96.85530961,32.81169898],[-96.85672911,32.811737],[-96.857511,32.81174867],[-96.85823918,32.81176105],[-96.85969289,32.81179533],[-96.86040293,32.81181983],[-96.86049487,32.81182243],[-96.86086791,32.81184933],[-96.86119048,32.81189501],[-96.86200235,32.8120292],[-96.86264908,32.81217793],[-96.86349725,32.81243651],[-96.86387036,32.81259261],[-96.86453211,32.81289821],[-96.86465387,32.81295892],[-96.86503448,32.81315085],[-96.86521717,32.81326183],[-96.86541192,32.81338261],[-96.86614147,32.81389527],[-96.86667905,32.81437178],[-96.8668501701456,32.8145506163991]]},"properties":{"AADT_CUR":232686,"RTE_NM":"IH0035E-LG","RTE_PRFX":"IH","RTE_NBR":"35","SYSTEM":"On"}},{"type":"Feature","geometry":{"type":"LineString","coordinates":[[-96.844573083,32.7272526020162],[-96.8443851,32.7273593900162],[-96.84425616,32.7274717600162],[-96.8441060299915,32.727630580022],[-96.844070495,32.7276543600162],[-96.843877921,32.7277763230162],[-96.843652111,32.7278852870162],[-96.843349502,32.7280000350162],[-96.8431328159757,32.7280539019465],[-96.843112787,32.7280588810162],[-96.84272007,32.7280977780162],[-96.842042567,32.7280981250162],[-96.8419880056451,32.7280978097031],[-96.841382343,32.7280943080162],[-96.84005965,32.7280879390162]]},"properties":{"AADT_CUR":292,"RTE_NM":"1063694","RTE_PRFX":"CS","RTE_NBR":"1063694","SYSTEM":"Off"}},{"type":"Feature","geometry":{"type":"LineString","coordinates":[[-96.8100622530515,32.7709179057594],[-96.809979427,32.770883661],[-96.809754321,32.770769098],[-96.808889778,32.77030799],[-96.808280245,32.769973072],[-96.807522519,32.76955696],[-96.807263686,32.769432352],[-96.80701424,32.769332553],[-96.8068789471425,32.7692881761685]]},"properties":{"AADT_CUR":100508,"RTE_NM":"IH0030-LG","RTE_PRFX":"IH","RTE_NBR":"30","SYSTEM":"On"}},{"type":"Feature","geometry":{"type":"LineString","coordinates":[[-96.79463187,32.74262316],[-96.79453278,32.74270153],[-96.79448326,32.74273933],[-96.79406011,32.74288061],[-96.79353083,32.74304241],[-96.7932322,32.74313591],[-96.79244317,32.74335737],[-96.79163305,32.74357578],[-96.79135215,32.74367777]]},"properties":{"AADT_CUR":292,"RTE_NM":"1064555","RTE_PRFX":"CS","RTE_NBR":"1064555","SYSTEM":"Off"}},{"type":"Feature","geometry":{"type":"LineString","coordinates":[[-96.7935595921459,32.7986516080052],[-96.793535258,32.798672003]]},"properties":{"AADT_CUR":292,"RTE_NM":"1059371","RTE_PRFX":"CS","RTE_NBR":"1059371","SYSTEM":"Off"}},{"type":"Feature","geometry":{"type":"LineString","coordinates":[[-96.7918902,32.7262805700162],[-96.7924359100072,32.7271196800291],[-96.7926411500067,32.727482630033],[-96.79309865,32.7286380400162]]},"properties":{"AADT_CUR":292,"RTE_NM":"1061722","RTE_PRFX":"CS","RTE_NBR":"1061722","SYSTEM":"Off"}},{"type":"Feature","geometry":{"type":"LineString","coordinates":[[-96.78204682,32.77887214],[-96.78293499,32.77991802],[-96.78363268,32.78061659],[-96.78426708,32.78109841],[-96.78561798,32.78179232],[-96.78708104,32.78239884],[-96.78866887,32.78311639],[-96.78890448,32.78321556],[-96.78911674,32.78330469],[-96.7894937,32.78345971],[-96.78978714,32.78360347],[-96.78998934,32.78369895],[-96.7904422,32.78391279],[-96.79072067,32.78409175],[-96.79093953,32.78423425],[-96.79148224,32.78487381],[-96.79166726,32.78516223],[-96.79182774,32.78552783],[-96.79209696,32.78840356],[-96.79213739,32.78878326],[-96.79216607,32.78905248],[-96.79237522,32.7910165],[-96.79249475,32.79260058],[-96.79258914,32.793855],[-96.79284349,32.79534836]]},"properties":{"AADT_CUR":195958,"RTE_NM":"IH0345-KG","RTE_PRFX":"IH","RTE_NBR":"345","SYSTEM":"On"}},{"type":"Feature","geometry":{"type":"LineString","coordinates":[[-96.79750304,32.76036673],[-96.7953263,32.75910118],[-96.79494435,32.75887189],[-96.79484791,32.75885408],[-96.79469268,32.7587626],[-96.79454525,32.7586891],[-96.79439481,32.75864443],[-96.79430768,32.7586501],[-96.79422234,32.7586888],[-96.79392687,32.7593349],[-96.79387536,32.75947577],[-96.79381716,32.75958357],[-96.79372059,32.75965646]]},"properties":{"AADT_CUR":292,"RTE_NM":"1064183","RTE_PRFX":"CS","RTE_NBR":"1064183","SYSTEM":"Off"}},{"type":"Feature","geometry":{"type":"LineString","coordinates":[[-96.8207032869183,32.8302113825362],[-96.82069096,32.8302012600668]]},"properties":{"AADT_CUR":428,"RTE_NM":"263261","RTE_PRFX":"CS","RTE_NBR":"263261","SYSTEM":"Off"}},{"type":"Feature","geometry":{"type":"LineString","coordinates":[[-96.82968639,32.7922665300165],[-96.8290959,32.7931176900165],[-96.82787289,32.7947603200166],[-96.8278289300176,32.7948205603145]]},"properties":{"AADT_CUR":292,"RTE_NM":"1060406","RTE_PRFX":"CS","RTE_NBR":"1060406","SYSTEM":"Off"}},{"type":"Feature","geometry":{"type":"LineString","coordinates":[[-96.83372688,32.82362227],[-96.83322477,32.8227146],[-96.83295102,32.8221351],[-96.8327409,32.82130166],[-96.83268784,32.82043331],[-96.83283793,32.8189815],[-96.8329068,32.81857285],[-96.8328633,32.81835933]]},"properties":{"AADT_CUR":8905,"RTE_NM":"269953","RTE_PRFX":"CS","RTE_NBR":"269953","SYSTEM":"Off"}},{"type":"Feature","geometry":{"type":"LineString","coordinates":[[-96.8498879436031,32.82192863729],[-96.84988514,32.8219305600333],[-96.8497974474101,32.8220159743969]]},"properties":{"AADT_CUR":292,"RTE_NM":"1063706","RTE_PRFX":"CS","RTE_NBR":"1063706","SYSTEM":"Off"}},{"type":"Feature","geometry":{"type":"LineString","coordinates":[[-96.8125591569422,32.7714207557874],[-96.812537588,32.771420989],[-96.812282107,32.771419861],[-96.812028638,32.77140633],[-96.811779968,32.771382444],[-96.811541146,32.771350511],[-96.811303099,32.771311607],[-96.811050301,32.771254096],[-96.810834383,32.771195458],[-96.810556103,32.771104118],[-96.810222168,32.770984023],[-96.8100622530515,32.7709179057594]]},"properties":{"AADT_CUR":175215,"RTE_NM":"IH0030-LG","RTE_PRFX":"IH","RTE_NBR":"30","SYSTEM":"On"}},{"type":"Feature","geometry":{"type":"LineString","coordinates":[[-96.84714167,32.7713758600164],[-96.84713669,32.7717304300164],[-96.8471252050152,32.7726521400961]]},"properties":{"AADT_CUR":292,"RTE_NM":"1063137","RTE_PRFX":"CS","RTE_NBR":"1063137","SYSTEM":"Off"}},{"type":"Feature","geometry":{"type":"LineString","coordinates":[[-96.85777563,32.8149369000166],[-96.85768974,32.8150044900166],[-96.85763362,32.8150903400166],[-96.85757717,32.8152380500166],[-96.85736106,32.8164035400167],[-96.85737314,32.8165425400166],[-96.85740088,32.8166267400166],[-96.8575027287136,32.8168674408224]]},"properties":{"AADT_CUR":292,"RTE_NM":"1065689","RTE_PRFX":"CS","RTE_NBR":"1065689","SYSTEM":"Off"}},{"type":"Feature","geometry":{"type":"LineString","coordinates":[[-96.8479280138413,32.7713598295742],[-96.84714167,32.7713758600164],[-96.84648364,32.7713712400164],[-96.84591616,32.7713540700164],[-96.84535241,32.7713534400164],[-96.84442039,32.7713410300164],[-96.84436713,32.7713183300164]]},"properties":{"AADT_CUR":292,"RTE_NM":"1064652","RTE_PRFX":"CS","RTE_NBR":"1064652","SYSTEM":"Off"}},{"type":"Feature","geometry":{"type":"LineString","coordinates":[[-96.79352414,32.8210004400167],[-96.79306084,32.8208254000167],[-96.79204389,32.8204213500167],[-96.7906814017131,32.819900645247],[-96.7906637,32.8198938800167],[-96.78929294,32.8194131800167],[-96.7880252864691,32.8188909236671]]},"properties":{"AADT_CUR":292,"RTE_NM":"1063368","RTE_PRFX":"CS","RTE_NBR":"1063368","SYSTEM":"Off"}}]}