{"type":"FeatureCollection","properties":{"exceededTransferLimit":true},"features":[{"type":"Feature","geometry":{"type":"LineString","coordinates":[[-95.33094492,29.78151432],[-95.33097526,29.78155553],[-95.33098062,29.78188882],[-95.33099333,29.78288354],[-95.3310049,29.78386737],[-95.33103039,29.78491631],[-95.33104081,29.78560316],[-95.33104635,29.78627915],[-95.33104831,29.78694962],[-95.33105062,29.78762653],[-95.33105842,29.78829895],[-95.33107571,29.7889702],[-95.33108238,29.78965998],[-95.33109456,29.79037188],[-95.33109798,29.7908459],[-95.33117453,29.79110764],[-95.33142318,29.79147173],[-95.33176304,29.79193868],[-95.3318734,29.79209922],[-95.33192208,29.7921982],[-95.33196051,29.79230558],[-95.33199955,29.79246505],[-95.33203427,29.79323202],[-95.33204344,29.79400564],[-95.33208413,29.79488122],[-95.33211607,29.7957615],[-95.33213976,29.79669425],[-95.33217497,29.79757184],[-95.33219748,29.79844908],[-95.33221814,29.79933768],[-95.33224058,29.80016996],[-95.33230603,29.80203996],[-95.33238501,29.80420556]]},"properties":{"AADT_CUR":128,"RTE_NM":"1129198","RTE_PRFX":"CS","RTE_NBR":"1129198","SYSTEM":"Off"}},{"type":"Feature","geometry":{"type":"LineString","coordinates":[[-95.33260191,29.7807547399988],[-95.3326301,29.7818625099988],[-95.33264479,29.7828566499988],[-95.3326586,29.7838528799988],[-95.3326615354326,29.7848779667097]]},"properties":{"AADT_CUR":252,"RTE_NM":"1127813","RTE_PRFX":"CS","RTE_NBR":"1127813","SYSTEM":"Off"}},{"type":"Feature","geometry":{"type":"LineString","coordinates":[[-95.32870838,29.79144054],[-95.32815705,29.79144539],[-95.32792998,29.79145376]]},"properties":{"AADT_CUR":252,"RTE_NM":"1260982","RTE_PRFX":"CS","RTE_NBR":"1260982","SYSTEM":"Off"}},{"type":"Feature","geometry":{"type":"LineString","coordinates":[[-95.43255535,29.80515008],[-95.43231836,29.80495817],[-95.43200383,29.80482407],[-95.43156522,29.80470463],[-95.43110758,29.80463856]]},"properties":{"AADT_CUR":252,"RTE_NM":"1130289","RTE_PRFX":"CS","RTE_NBR":"1130289","SYSTEM":"Off"}},{"type":"Feature","geometry":{"type":"LineString","coordinates":[[-95.43752377,29.72278813],[-95.42775441,29.72291145]]},"properties":{"AADT_CUR":1808,"RTE_NM":"257725","RTE_PRFX":"CS","RTE_NBR":"257725","SYSTEM":"Off"}},{"type":"Feature","geometry":{"type":"LineString","coordinates":[[-95.3185799950485,29.8237829734779],[-95.31857632,29.8234013099991],[-95.3185731927697,29.8230861201772],[-95.3185658531055,29.8223463561546],[-95.31855177,29.820926889999],[-95.31849021,29.820240029999],[-95.31833565,29.819562359999],[-95.3181491,29.819049579999],[-95.31794578,29.818549549999],[-95.3177586,29.818064529999],[-95.31763558,29.817717529999],[-95.3175604,29.817350709999],[-95.3175491613978,29.8172507956945],[-95.31750506,29.816858719999],[-95.31739365,29.815690099999],[-95.3173915812899,29.8156749483981],[-95.31720921,29.814339209999],[-95.3171850803002,29.8135097909338]]},"properties":{"AADT_CUR":9405,"RTE_NM":"256687","RTE_PRFX":"CS","RTE_NBR":"256687","SYSTEM":"Off"}},{"type":"Feature","geometry":{"type":"LineString","coordinates":[[-95.35535505,29.7434664799985],[-95.35619891,29.7439704699985],[-95.3570490144123,29.7444739620497]]},"properties":{"AADT_CUR":115,"RTE_NM":"1127980","RTE_PRFX":"CS","RTE_NBR":"1127980","SYSTEM":"Off"}},{"type":"Feature","geometry":{"type":"LineString","coordinates":[[-95.3875913370515,29.7686666067109],[-95.3875925541701,29.7694173127289],[-95.38758936,29.7695772699987],[-95.38758679,29.7697937999987],[-95.3874572,29.7703929399987]]},"properties":{"AADT_CUR":157,"RTE_NM":"1127313","RTE_PRFX":"CS","RTE_NBR":"1127313","SYSTEM":"Off"}},{"type":"Feature","geometry":{"type":"LineString","coordinates":[[-95.37634687,29.7918178799988],[-95.3743750856348,29.7918586498431]]},"properties":{"AADT_CUR":252,"RTE_NM":"1129852","RTE_PRFX":"CS","RTE_NBR":"1129852","SYSTEM":"Off"}},{"type":"Feature","geometry":{"type":"LineString","coordinates":[[-95.4021129404993,29.7319152797174],[-95.39957459,29.7319491599984],[-95.39951525,29.7319795399984],[-95.3994938891228,29.7320082200896],[-95.39944564,29.7320648499984],[-95.39937636,29.7320932699984],[-95.39818648,29.7320993399984],[-95.39799474,29.7321145299984],[-95.3978322,29.7321610399984],[-95.39764229,29.7322604899984],[-95.39755281,29.7323144099984],[-95.39744931,29.7323407999984],[-95.39715296,29.7323403899984],[-95.3968121,29.7323400799984],[-95.39667192,29.7323666899984],[-95.39655385,29.7324242799984],[-95.39648903,29.7324934299984],[-95.39645363,29.7326323599984],[-95.3947529,29.7326472099984],[-95.39465103,29.7326602099984]]},"properties":{"AADT_CUR":252,"RTE_NM":"1121385","RTE_PRFX":"CS","RTE_NBR":"1121385","SYSTEM":"Off"}},{"type":"Feature","geometry":{"type":"LineString","coordinates":[[-95.4056480487258,29.7198052417982],[-95.40565098,29.7198111299983],[-95.40611604,29.7207500299983],[-95.40650446,29.7215228499983],[-95.40659137,29.7216913799983],[-95.40668363,29.7219121599984],[-95.40674738,29.7220990599984],[-95.40678274,29.7222236399984],[-95.40681884,29.7224197899984],[-95.40684398,29.7226069599984],[-95.40686571,29.7228309599984],[-95.40686629,29.7229893199983],[-95.40686642,29.7230197399983],[-95.4068664969479,29.7230248236335],[-95.4068802,29.7239301199984],[-95.40689661,29.7247739399984],[-95.4069044832013,29.7256276338742]]},"properties":{"AADT_CUR":1696,"RTE_NM":"1124496","RTE_PRFX":"CS","RTE_NBR":"1124496","SYSTEM":"Off"}},{"type":"Feature","geometry":{"type":"LineString","coordinates":[[-95.37973335,29.70768606],[-95.37925134,29.7090478]]},"properties":{"AADT_CUR":252,"RTE_NM":"1122825","RTE_PRFX":"CS","RTE_NBR":"1122825","SYSTEM":"Off"}},{"type":"Feature","geometry":{"type":"LineString","coordinates":[[-95.39748026,29.73695347],[-95.39749485,29.73779964],[-95.39750025,29.73862976],[-95.39749254,29.73871534],[-95.39750636,29.73956102],[-95.3975098,29.74041637],[-95.39752306,29.7412642],[-95.39753757,29.74201264],[-95.39754079,29.74230235],[-95.39754448,29.74280295]]},"properties":{"AADT_CUR":252,"RTE_NM":"1127085","RTE_PRFX":"CS","RTE_NBR":"1127085","SYSTEM":"Off"}},{"type":"Feature","geometry":{"type":"LineString","coordinates":[[-95.42262142,29.7850895],[-95.42263854,29.78524835],[-95.422734,29.78543898]]},"properties":{"AADT_CUR":252,"RTE_NM":"1130317","RTE_PRFX":"CS","RTE_NBR":"1130317","SYSTEM":"Off"}},{"type":"Feature","geometry":{"type":"LineString","coordinates":[[-95.4135968441415,29.7779912717989],[-95.41360479,29.7784387899987],[-95.41361261,29.7791669599987],[-95.41362278,29.7798973599987],[-95.41364103,29.7806332899987],[-95.41365934,29.7812498399987],[-95.41368738,29.7813155699987]]},"properties":{"AADT_CUR":252,"RTE_NM":"1128688","RTE_PRFX":"CS","RTE_NBR":"1128688","SYSTEM":"Off"}},{"type":"Feature","geometry":{"type":"LineString","coordinates":[[-95.4017788260974,29.7752232765317],[-95.401779718,29.775561204],[-95.401787135,29.77591795],[-95.401789751,29.7760604]]},"properties":{"AADT_CUR":252,"RTE_NM":"1120679","RTE_PRFX":"CS","RTE_NBR":"1120679","SYSTEM":"Off"}},{"type":"Feature","geometry":{"type":"LineString","coordinates":[[-95.37002376,29.7638549999986],[-95.3697536254029,29.7637992070498],[-95.3696447824684,29.7637767267117],[-95.3693815598801,29.7637223604868],[-95.3691781072668,29.7636803387893],[-95.36896338,29.7636359879986],[-95.368688659,29.7635534049986],[-95.368468205,29.7634754849986],[-95.368264415,29.7633871959986],[-95.367954752,29.7632237539986],[-95.367646028,29.7630524329986],[-95.3659931094822,29.7620424453751]]},"properties":{"AADT_CUR":4623,"RTE_NM":"257214","RTE_PRFX":"CS","RTE_NBR":"257214","SYSTEM":"Off"}},{"type":"Feature","geometry":{"type":"LineString","coordinates":[[-95.38179116,29.75004516],[-95.38211246,29.75021248],[-95.38215188,29.75025741],[-95.38215746,29.75031252],[-95.38216459,29.75077934],[-95.38216015,29.75141497],[-95.38216011,29.7520433],[-95.38217026,29.75268262],[-95.38218016,29.75325711],[-95.38218481,29.75390097],[-95.38219562,29.75450783],[-95.38219756,29.75455933],[-95.38219914,29.75513374],[-95.38220473,29.7557635],[-95.38221597,29.75640496],[-95.38221545,29.75699955],[-95.38222274,29.75703005],[-95.38223789,29.75705894],[-95.38222391,29.75771983]]},"properties":{"AADT_CUR":252,"RTE_NM":"1120057","RTE_PRFX":"CS","RTE_NBR":"1120057","SYSTEM":"Off"}},{"type":"Feature","geometry":{"type":"LineString","coordinates":[[-95.3548155829752,29.8143301092265],[-95.35471114,29.814320954],[-95.354542455,29.814308146],[-95.35437377,29.81428952],[-95.35402706,29.81423128],[-95.35393503,29.81420379],[-95.35357819,29.81409722],[-95.35330682,29.81399955],[-95.35290428,29.81380911],[-95.35248602,29.81361123],[-95.35226165,29.81350508],[-95.35173961,29.81332285],[-95.35143202,29.81322129],[-95.35127095,29.81317998],[-95.35107611,29.81316395],[-95.3508558717574,29.8131756411026]]},"properties":{"AADT_CUR":2296,"RTE_NM":"IH0610-XG","RTE_PRFX":"IH","RTE_NBR":"610","SYSTEM":"On"}},{"type":"Feature","geometry":{"type":"LineString","coordinates":[[-95.43489852,29.79323901],[-95.43489159,29.79361859],[-95.43484672,29.79389691],[-95.43473272,29.79422812],[-95.43460771,29.79451206],[-95.43457708,29.79471356],[-95.43456841,29.7950912],[-95.43455145,29.79519093],[-95.43451652,29.79526677],[-95.43443407,29.79535926],[-95.43432559,29.79544083]]},"properties":{"AADT_CUR":252,"RTE_NM":"1123611","RTE_PRFX":"CS","RTE_NBR":"1123611","SYSTEM":"Off"}},{"type":"Feature","geometry":{"type":"LineString","coordinates":[[-95.32875099,29.76747832],[-95.32880919,29.76749908],[-95.3288426,29.76753429],[-95.32885807,29.76757303],[-95.32886112,29.76819751],[-95.32886702,29.76845279],[-95.32888097,29.7692279],[-95.32886655,29.76928418],[-95.32883016,29.76935809],[-95.32879425,29.76941864],[-95.32876934,29.76951427],[-95.32877909,29.7700951],[-95.32878706,29.77072568],[-95.32878773,29.77089398]]},"properties":{"AADT_CUR":252,"RTE_NM":"1128359","RTE_PRFX":"CS","RTE_NBR":"1128359","SYSTEM":"Off"}},{"type":"Feature","geometry":{"type":"LineString","coordinates":[[-95.3328815,29.74000704],[-95.33256512,29.74075378],[-95.33227708,29.74148809],[-95.3319648,29.74220771]]},"properties":{"AADT_CUR":252,"RTE_NM":"1123331","RTE_PRFX":"CS","RTE_NBR":"1123331","SYSTEM":"Off"}},{"type":"Feature","geometry":{"type":"LineString","coordinates":[[-95.3184092387213,29.7108331901385],[-95.3172527865549,29.7137035300322]]},"properties":{"AADT_CUR":252,"RTE_NM":"1130110","RTE_PRFX":"CS","RTE_NBR":"1130110","SYSTEM":"Off"}},{"type":"Feature","geometry":{"type":"LineString","coordinates":[[-95.38282909,29.79936793],[-95.38257655,29.79935972],[-95.38233155,29.79934555],[-95.3821384,29.79932549],[-95.38198352,29.79930414],[-95.38184945,29.7992836],[-95.38176328,29.79915545],[-95.38104641,29.79916679]]},"properties":{"AADT_CUR":252,"RTE_NM":"1121788","RTE_PRFX":"CS","RTE_NBR":"1121788","SYSTEM":"Off"}},{"type":"Feature","geometry":{"type":"LineString","coordinates":[[-95.32080575,29.7134429099983],[-95.3196487686966,29.7163566057311]]},"properties":{"AADT_CUR":252,"RTE_NM":"1119955","RTE_PRFX":"CS","RTE_NBR":"1119955","SYSTEM":"Off"}},{"type":"Feature","geometry":{"type":"LineString","coordinates":[[-95.3073958363144,29.7765458208294],[-95.3073964377888,29.7765137961966],[-95.30739668,29.7765008999987],[-95.3074055524983,29.7747021748055],[-95.3074072571846,29.7743565754667],[-95.3074076695101,29.7742729823481],[-95.3074077703945,29.7742525294662]]},"properties":{"AADT_CUR":8098,"RTE_NM":"256617","RTE_PRFX":"CS","RTE_NBR":"256617","SYSTEM":"Off"}},{"type":"Feature","geometry":{"type":"LineString","coordinates":[[-95.37017812,29.80635763],[-95.37019394,29.80757285],[-95.37020588,29.8085497]]},"properties":{"AADT_CUR":252,"RTE_NM":"1122663","RTE_PRFX":"CS","RTE_NBR":"1122663","SYSTEM":"Off"}},{"type":"Feature","geometry":{"type":"LineString","coordinates":[[-95.43014658,29.74771827],[-95.43011874,29.74878924]]},"properties":{"AADT_CUR":252,"RTE_NM":"1121707","RTE_PRFX":"CS","RTE_NBR":"1121707","SYSTEM":"Off"}},{"type":"Feature","geometry":{"type":"LineString","coordinates":[[-95.4333488703688,29.7263402905966],[-95.4333211274575,29.7251357914557]]},"properties":{"AADT_CUR":9337,"RTE_NM":"256229","RTE_PRFX":"CS","RTE_NBR":"256229","SYSTEM":"Off"}},{"type":"Feature","geometry":{"type":"LineString","coordinates":[[-95.3916686357501,29.7231587232386],[-95.3916550418375,29.7231503304495]]},"properties":{"AADT_CUR":252,"RTE_NM":"1128691","RTE_PRFX":"CS","RTE_NBR":"1128691","SYSTEM":"Off"}},{"type":"Feature","geometry":{"type":"LineString","coordinates":[[-95.35717095,29.74214279],[-95.35661072,29.74180843],[-95.35572311,29.74124174],[-95.35522416,29.7409149],[-95.35497123,29.74075708],[-95.34742308,29.73594029],[-95.3471712376386,29.7357806326349]]},"properties":{"AADT_CUR":14058,"RTE_NM":"SS0005-LG","RTE_PRFX":"SS","RTE_NBR":"5","SYSTEM":"On"}},{"type":"Feature","geometry":{"type":"LineString","coordinates":[[-95.34633172,29.80288765],[-95.34626585,29.80290697],[-95.34620405,29.80291665],[-95.34610756,29.80291486],[-95.34576003,29.80291311],[-95.34531905,29.80292426],[-95.34420784,29.80291315],[-95.34237842,29.80294366],[-95.34230744,29.80297437],[-95.34225079,29.80302288],[-95.34220067,29.80310543]]},"properties":{"AADT_CUR":471,"RTE_NM":"1128311","RTE_PRFX":"CS","RTE_NBR":"1128311","SYSTEM":"Off"}},{"type":"Feature","geometry":{"type":"LineString","coordinates":[[-95.33829978,29.78380486],[-95.33752314,29.78380815],[-95.33669044,29.78380685],[-95.33582912,29.78382008],[-95.33503311,29.78382436],[-95.33424232,29.78383031],[-95.33346025,29.78383803],[-95.3326586,29.78385288],[-95.33183441,29.78385944],[-95.3310049,29.78386737],[-95.33019112,29.78387727],[-95.32936896,29.78387621]]},"properties":{"AADT_CUR":8201,"RTE_NM":"1128482","RTE_PRFX":"CS","RTE_NBR":"1128482","SYSTEM":"Off"}},{"type":"Feature","geometry":{"type":"LineString","coordinates":[[-95.4179512218364,29.7977994382872],[-95.41591328,29.7978229099989],[-95.41401642,29.7978395499989],[-95.41323062,29.7978385399989],[-95.41244671,29.7978502399989],[-95.4116512097389,29.7978609576008],[-95.41151805,29.7978697599989],[-95.41085806,29.7978782099989],[-95.41003105,29.7978853899989],[-95.40922219,29.7979048499989],[-95.40882051,29.7979093299989],[-95.40842766,29.7979156199989],[-95.40763158,29.7979233599989],[-95.40683699,29.7979256199989],[-95.40630142,29.7979395499988],[-95.40567498,29.7979516799989],[-95.40461421,29.7979650099989],[-95.4035281711414,29.7979817186309],[-95.40241335,29.7979955099989],[-95.40130998,29.7980177399989],[-95.40021089,29.7980355099989],[-95.39911689,29.7980358799989],[-95.3978620468624,29.7980666445269],[-95.39782837,29.7980674699989]]},"properties":{"AADT_CUR":545,"RTE_NM":"1131511","RTE_PRFX":"CS","RTE_NBR":"1131511","SYSTEM":"Off"}},{"type":"Feature","geometry":{"type":"LineString","coordinates":[[-95.3741808976259,29.7897689011842],[-95.3731625,29.7897689799988],[-95.3721452925403,29.7897868251262]]},"properties":{"AADT_CUR":252,"RTE_NM":"1128625","RTE_PRFX":"CS","RTE_NBR":"1128625","SYSTEM":"Off"}},{"type":"Feature","geometry":{"type":"LineString","coordinates":[[-95.36513522,29.78590455],[-95.3648035,29.78589915],[-95.36298082,29.78589519]]},"properties":{"AADT_CUR":252,"RTE_NM":"1132081","RTE_PRFX":"CS","RTE_NBR":"1132081","SYSTEM":"Off"}},{"type":"Feature","geometry":{"type":"LineString","coordinates":[[-95.3479570204478,29.7696029163642],[-95.34795717,29.7696138399987],[-95.34800991,29.7695725799987]]},"properties":{"AADT_CUR":252,"RTE_NM":"1129669","RTE_PRFX":"CS","RTE_NBR":"1129669","SYSTEM":"Off"}},{"type":"Feature","geometry":{"type":"LineString","coordinates":[[-95.315403181571,29.7150859936357],[-95.31540349,29.71508619],[-95.31861537,29.71713841],[-95.31914117,29.71745834],[-95.31959305,29.71771203],[-95.3207148,29.71830438],[-95.32367528,29.7198413],[-95.3258498,29.72099976],[-95.32694875,29.72167324],[-95.32874686,29.72281911],[-95.33227009,29.72506017],[-95.33494282,29.72677751],[-95.33665911,29.72789916],[-95.3366679910966,29.727904823568]]},"properties":{"AADT_CUR":217996,"RTE_NM":"IH0045-KG","RTE_PRFX":"IH","RTE_NBR":"45","SYSTEM":"On"}},{"type":"Feature","geometry":{"type":"LineString","coordinates":[[-95.32212451,29.7228594399984],[-95.32158965,29.7226972599983],[-95.32120103,29.7225796599983],[-95.319648558949,29.7221147015297]]},"properties":{"AADT_CUR":252,"RTE_NM":"1120150","RTE_PRFX":"CS","RTE_NBR":"1120150","SYSTEM":"Off"}},{"type":"Feature","geometry":{"type":"LineString","coordinates":[[-95.32197759,29.7173471299983],[-95.3210799862773,29.7170736036288]]},"properties":{"AADT_CUR":252,"RTE_NM":"1125954","RTE_PRFX":"CS","RTE_NBR":"1125954","SYSTEM":"Off"}},{"type":"Feature","geometry":{"type":"LineString","coordinates":[[-95.31084631,29.75597121],[-95.31086551,29.75643116],[-95.31084166,29.75652213],[-95.31073983,29.75660691],[-95.30936717,29.75662514],[-95.30656354,29.75663456],[-95.30450616,29.75667043],[-95.30427415,29.75673483],[-95.30391557,29.75693727]]},"properties":{"AADT_CUR":252,"RTE_NM":"1129476","RTE_PRFX":"CS","RTE_NBR":"1129476","SYSTEM":"Off"}},{"type":"Feature","geometry":{"type":"LineString","coordinates":[[-95.3533863453965,29.7025302486925],[-95.3533807462932,29.7025439093488]]},"properties":{"AADT_CUR":252,"RTE_NM":"1121926","RTE_PRFX":"CS","RTE_NBR":"1121926","SYSTEM":"Off"}},{"type":"Feature","geometry":{"type":"LineString","coordinates":[[-95.38701115,29.79293521],[-95.38703451,29.79344024],[-95.38705452,29.79430961]]},"properties":{"AADT_CUR":252,"RTE_NM":"1127566","RTE_PRFX":"CS","RTE_NBR":"1127566","SYSTEM":"Off"}},{"type":"Feature","geometry":{"type":"LineString","coordinates":[[-95.4115954532393,29.7589094113741],[-95.41160876,29.7592751499986],[-95.41157251,29.7594941399986],[-95.41159986,29.7596629599986],[-95.41167979,29.7598248799986],[-95.4118058,29.7599610699986],[-95.41200043,29.7601073899986],[-95.41218289,29.7602616799986],[-95.41235749,29.7604365199986],[-95.41246505,29.7606240799986],[-95.41246338,29.7608066499986],[-95.41238835,29.7609789499986],[-95.41223191,29.7610992699986],[-95.41202076,29.7611517199986],[-95.41175395,29.7610968399986],[-95.41147559,29.7609659599986],[-95.41120984,29.7609024899986],[-95.41081304,29.7608682699986],[-95.41060873,29.7607943199986],[-95.41048637,29.7606893599986],[-95.41039147,29.7605477899986],[-95.41034525,29.7603743099986],[-95.41032122,29.7601786099986],[-95.41026901,29.7600402499986],[-95.41016037,29.7598604499986],[-95.41003779,29.7597267799986],[-95.40994913,29.7596163799986],[-95.40987942,29.7594969699986],[-95.40980556,29.7593492199986],[-95.4097852614627,29.7592404080697],[-95.40978146,29.7592200299986]]},"properties":{"AADT_CUR":252,"RTE_NM":"1130884","RTE_PRFX":"CS","RTE_NBR":"1130884","SYSTEM":"Off"}},{"type":"Feature","geometry":{"type":"LineString","coordinates":[[-95.4249356698353,29.7421339101277],[-95.42502126,29.7422228999985],[-95.42503195,29.7425500599985],[-95.42503291,29.7430951299985]]},"properties":{"AADT_CUR":252,"RTE_NM":"1122915","RTE_PRFX":"CS","RTE_NBR":"1122915","SYSTEM":"Off"}},{"type":"Feature","geometry":{"type":"LineString","coordinates":[[-95.3817736527478,29.7371204438776],[-95.38176357,29.7371182399969],[-95.3817423440393,29.7371109053791]]},"properties":{"AADT_CUR":252,"RTE_NM":"1261010","RTE_PRFX":"CS","RTE_NBR":"1261010","SYSTEM":"Off"}},{"type":"Feature","geometry":{"type":"LineString","coordinates":[[-95.38290919,29.7294073799984],[-95.383760580768,29.7299250587604],[-95.38462375,29.7304403999984],[-95.3854943763526,29.7309515021087]]},"properties":{"AADT_CUR":252,"RTE_NM":"1119785","RTE_PRFX":"CS","RTE_NBR":"1119785","SYSTEM":"Off"}},{"type":"Feature","geometry":{"type":"LineString","coordinates":[[-95.38488204,29.807147],[-95.38489013,29.80754712],[-95.38489992,29.80835916],[-95.38491947,29.80905417],[-95.38493866,29.80988376],[-95.38495247,29.81070985],[-95.38497911,29.81148674],[-95.38489299,29.81159047]]},"properties":{"AADT_CUR":252,"RTE_NM":"1120226","RTE_PRFX":"CS","RTE_NBR":"1120226","SYSTEM":"Off"}},{"type":"Feature","geometry":{"type":"LineString","coordinates":[[-95.340555644,29.778591668],[-95.34056246,29.779157529],[-95.340566484,29.779521863],[-95.340561119,29.780010744],[-95.34055039,29.780189999],[-95.340490041,29.780663745],[-95.34044042,29.781038549],[-95.34033596,29.78156037]]},"properties":{"AADT_CUR":6515,"RTE_NM":"IH0069-YG","RTE_PRFX":"IH","RTE_NBR":"69","SYSTEM":"On"}},{"type":"Feature","geometry":{"type":"LineString","coordinates":[[-95.3357210923651,29.7706572989836],[-95.33476218,29.7706651899987],[-95.33393082,29.7706677999987],[-95.33387456,29.7706966899987],[-95.33384098,29.7707414099987],[-95.33382382,29.7708144799987],[-95.33379369,29.7708440799987],[-95.33314165,29.7708626399987],[-95.3329060951341,29.7707741641896]]},"properties":{"AADT_CUR":252,"RTE_NM":"1128400","RTE_PRFX":"CS","RTE_NBR":"1128400","SYSTEM":"Off"}},{"type":"Feature","geometry":{"type":"LineString","coordinates":[[-95.3358026325743,29.772182537565],[-95.3357525063354,29.7721832301533]]},"properties":{"AADT_CUR":252,"RTE_NM":"1131361","RTE_PRFX":"CS","RTE_NBR":"1131361","SYSTEM":"Off"}},{"type":"Feature","geometry":{"type":"LineString","coordinates":[[-95.3575820118959,29.7849524373916],[-95.35612835,29.7849485799988],[-95.35506599,29.7849515099988],[-95.3547369554621,29.7849554888558]]},"properties":{"AADT_CUR":252,"RTE_NM":"1123813","RTE_PRFX":"CS","RTE_NBR":"1123813","SYSTEM":"Off"}},{"type":"Feature","geometry":{"type":"LineString","coordinates":[[-95.39036296,29.76719972],[-95.39016509,29.76716959],[-95.38949669,29.76718568]]},"properties":{"AADT_CUR":252,"RTE_NM":"1129286","RTE_PRFX":"CS","RTE_NBR":"1129286","SYSTEM":"Off"}},{"type":"Feature","geometry":{"type":"LineString","coordinates":[[-95.39453389,29.70046336],[-95.39439098,29.70090934],[-95.39392477,29.70209632],[-95.39358235,29.70293717],[-95.39353309,29.70303248],[-95.39346443,29.7031037],[-95.39338249,29.70316866],[-95.39323876,29.70322489],[-95.39309175,29.70329517],[-95.39298091,29.70337822],[-95.39273816,29.7036134],[-95.39252166,29.70387687],[-95.39237532,29.70406414],[-95.39226124,29.70423649],[-95.39214781,29.70442915],[-95.39162198,29.70576944]]},"properties":{"AADT_CUR":1066,"RTE_NM":"1130297","RTE_PRFX":"CS","RTE_NBR":"1130297","SYSTEM":"Off"}},{"type":"Feature","geometry":{"type":"LineString","coordinates":[[-95.3362106871482,29.8082899878293],[-95.336042098,29.808533288],[-95.335835568,29.808876569],[-95.33574035,29.809068574],[-95.335598862,29.80938218],[-95.3355593,29.809485745],[-95.335522419,29.809595129],[-95.335484869,29.809699276],[-95.335451341,29.809810987],[-95.335398367,29.810001825],[-95.335372216,29.810109463],[-95.335338688,29.810280519],[-95.335312536,29.810446338],[-95.335295773,29.810562703],[-95.335279008,29.81075354],[-95.335266938,29.810854195],[-95.335258892,29.811028741],[-95.335250819,29.811221747],[-95.335256349,29.8113279],[-95.335266854,29.812026567],[-95.335280437,29.812988455],[-95.335291841,29.813528371],[-95.335310566,29.814029285],[-95.335349884,29.814542154],[-95.335361039,29.815102728],[-95.335387555,29.815610542],[-95.335412021,29.816257627],[-95.335458309,29.81738984],[-95.335498678,29.818750524],[-95.33552431,29.8196367],[-95.33555006,29.820246667],[-95.335573409,29.821830831],[-95.335576467,29.822245946],[-95.335579112,29.822688203],[-95.335568443,29.823036525],[-95.33555605,29.82382667],[-95.33556247,29.82513167],[-95.335576494,29.82690276],[-95.33555418,29.82751666],[-95.33553549,29.82785721],[-95.33550607,29.82818147],[-95.335452743,29.828662126],[-95.335391369,29.829096243],[-95.3353813989515,29.8291548453304]]},"properties":{"AADT_CUR":232137,"RTE_NM":"IH0069-LG","RTE_PRFX":"IH","RTE_NBR":"69","SYSTEM":"On"}},{"type":"Feature","geometry":{"type":"LineString","coordinates":[[-95.3079565446966,29.8004541787166],[-95.30720678,29.80044491],[-95.3058757761703,29.8004470426788]]},"properties":{"AADT_CUR":5117,"RTE_NM":"256054","RTE_PRFX":"CS","RTE_NBR":"256054","SYSTEM":"Off"}},{"type":"Feature","geometry":{"type":"LineString","coordinates":[[-95.3052255452155,29.7035878743536],[-95.3052191,29.70358288],[-95.30435459,29.70267268],[-95.30351891,29.70153184],[-95.3024147,29.69986095],[-95.30163405,29.69862855],[-95.30114194,29.697575],[-95.3003575602062,29.6958065878305]]},"properties":{"AADT_CUR":15278,"RTE_NM":"257207","RTE_PRFX":"CS","RTE_NBR":"257207","SYSTEM":"Off"}},{"type":"Feature","geometry":{"type":"LineString","coordinates":[[-95.36968588,29.81000659],[-95.36960472,29.81004046],[-95.36706274,29.81008622],[-95.3653861,29.81011406],[-95.36116871,29.81017329],[-95.35763719,29.81022925],[-95.3575398,29.81019138],[-95.35743751,29.81016511],[-95.35653484,29.81017972],[-95.35556015,29.81020019],[-95.35457187,29.8102242],[-95.35359255,29.81024844],[-95.35262697,29.81026522],[-95.35163924,29.81027357],[-95.35084804,29.81029107],[-95.35078336,29.81029983],[-95.35074593,29.81033389]]},"properties":{"AADT_CUR":252,"RTE_NM":"1123244","RTE_PRFX":"CS","RTE_NBR":"1123244","SYSTEM":"Off"}},{"type":"Feature","geometry":{"type":"LineString","coordinates":[[-95.30874359,29.81186837],[-95.30828506,29.81177308],[-95.30742229,29.81117769],[-95.30670033,29.81070376],[-95.30540128,29.80990765],[-95.30512858,29.80972057],[-95.30446321,29.80933143],[-95.30408009,29.80910736],[-95.30333588,29.80870352],[-95.30153632,29.80780339],[-95.30102597,29.80752123],[-95.30033158,29.80708784],[-95.30029951,29.80706948],[-95.29976049,29.80676091],[-95.29768247,29.80563663],[-95.29709022,29.80536022],[-95.29673105,29.80522332],[-95.2961194,29.8050198],[-95.29538423,29.80483818],[-95.29467329,29.80471953],[-95.29417862,29.80466661],[-95.29346368,29.80463783],[-95.29334695,29.80463973],[-95.29233017,29.80465632],[-95.29202989,29.80468828],[-95.291871,29.80471578],[-95.29148806,29.80478204],[-95.29100939,29.80480925],[-95.28940725,29.80481403]]},"properties":{"AADT_CUR":2244,"RTE_NM":"IH0610-XG","RTE_PRFX":"IH","RTE_NBR":"610","SYSTEM":"On"}},{"type":"Feature","geometry":{"type":"LineString","coordinates":[[-95.4113193988346,29.698332966637],[-95.4113225,29.6983348299946],[-95.41142342,29.6987075899946],[-95.41149775,29.6989800899945],[-95.41162562,29.6992860899946],[-95.41170904,29.6994574599946],[-95.41186317,29.6997213899946],[-95.41203269,29.6999770599946],[-95.4120344625574,29.6999785748699],[-95.41210024,29.7000347899946],[-95.41225281,29.7002212499946],[-95.41288606,29.7007953099946],[-95.4128873249459,29.7007963773373],[-95.41335399,29.7011901399946],[-95.4138196455637,29.7016448310971],[-95.41405479,29.7019601399946],[-95.4140566557953,29.7019631957895],[-95.41434059,29.7024282199946],[-95.4144300977461,29.7026059284015],[-95.41453258,29.7028453199946],[-95.41464876,29.7032253899946],[-95.4147116874406,29.7035426952136],[-95.41474134,29.7040140999946],[-95.4147431322531,29.7044022876044],[-95.4147479548851,29.7052954971042],[-95.41476618,29.7061800899946],[-95.4147662843442,29.7061886100601],[-95.414777152314,29.7070760093968],[-95.4147860473692,29.70784208901],[-95.414813410042,29.7086555763078],[-95.414813541934,29.7094799783747],[-95.4148200611667,29.7102499083489],[-95.4148236505923,29.7110119386889],[-95.4148411,29.7113722099948],[-95.4148465337941,29.7117732213793],[-95.414860704463,29.7126000245777],[-95.414877063988,29.7134232624238],[-95.4148921103751,29.7142249703448],[-95.41489275,29.7146518199949],[-95.4149014129542,29.7150732277673],[-95.4149100500966,29.7158847182112],[-95.4149342582425,29.7166718616924],[-95.4149252951457,29.7174454795397],[-95.41492498,29.7174726799949],[-95.4149351489173,29.7183051936989],[-95.4149340297715,29.7184847436724],[-95.4149547281321,29.7190645632771],[-95.4149453491678,29.7193320886282],[-95.4149633876058,29.7198608210735],[-95.4149553769535,29.7201990154768],[-95.4149677189875,29.7206704459202],[-95.4149654525113,29.721064246649],[-95.4149696481568,29.7214933614108],[-95.4149632283061,29.7219510661921],[-95.4149736921086,29.7223115288554],[-95.4149982010908,29.722997412091],[-95.41499896,29.7230186499952],[-95.41499254,29.723207069995],[-95.4149921932145,29.7238930811605],[-95.4149985279996,29.7246648875031],[-95.41502397,29.7255156699952],[-95.4150239690326,29.7255183829378],[-95.4150236483463,29.7264177157343]]},"properties":{"AADT_CUR":1897,"RTE_NM":"1127017","RTE_PRFX":"CS","RTE_NBR":"1127017","SYSTEM":"Off"}},{"type":"Feature","geometry":{"type":"LineString","coordinates":[[-95.33599901,29.81331479],[-95.33600945,29.81357401],[-95.33593371,29.81391012],[-95.33585769,29.81417014],[-95.335768981,29.814466556],[-95.335725852,29.814676122],[-95.335703188,29.814837653],[-95.33568857,29.81511438],[-95.335705459,29.815619673],[-95.3357047,29.81603751],[-95.33575034,29.81746154],[-95.33579088,29.81894037],[-95.33580746,29.81953367],[-95.335794665,29.820726863],[-95.335822628,29.821799458],[-95.33581937,29.82247503],[-95.33582218,29.82254634],[-95.33584676,29.8231688],[-95.335900217,29.824591089],[-95.3359376,29.82615485],[-95.335927838,29.82675],[-95.335932158,29.827034197],[-95.335923333,29.827297304],[-95.335904467,29.827548191],[-95.335849437,29.828042446],[-95.33578636,29.82852739],[-95.33577153,29.8286487],[-95.33571779,29.8290884],[-95.3357052774228,29.8291548142629]]},"properties":{"AADT_CUR":2586,"RTE_NM":"IH0069-XG","RTE_PRFX":"IH","RTE_NBR":"69","SYSTEM":"On"}},{"type":"Feature","geometry":{"type":"LineString","coordinates":[[-95.36174504,29.7133874599983],[-95.3614673,29.7140838899983],[-95.3614549320894,29.7142167551419]]},"properties":{"AADT_CUR":252,"RTE_NM":"1124360","RTE_PRFX":"CS","RTE_NBR":"1124360","SYSTEM":"Off"}},{"type":"Feature","geometry":{"type":"LineString","coordinates":[[-95.34518272,29.70669368],[-95.34509966,29.70669504],[-95.34504043,29.70672604],[-95.34501697,29.7067692],[-95.34486327,29.70715242],[-95.34467082,29.70765811],[-95.34442639,29.708224]]},"properties":{"AADT_CUR":252,"RTE_NM":"1120638","RTE_PRFX":"CS","RTE_NBR":"1120638","SYSTEM":"Off"}},{"type":"Feature","geometry":{"type":"LineString","coordinates":[[-95.38516031,29.79709214],[-95.38519407,29.79847346]]},"properties":{"AADT_CUR":252,"RTE_NM":"1128197","RTE_PRFX":"CS","RTE_NBR":"1128197","SYSTEM":"Off"}},{"type":"Feature","geometry":{"type":"LineString","coordinates":[[-95.40837843,29.78500623],[-95.4084024,29.78683234],[-95.40841495,29.78749806]]},"properties":{"AADT_CUR":252,"RTE_NM":"1122569","RTE_PRFX":"CS","RTE_NBR":"1122569","SYSTEM":"Off"}},{"type":"Feature","geometry":{"type":"LineString","coordinates":[[-95.4141644177689,29.7651002117943],[-95.4140855135111,29.765175358118]]},"properties":{"AADT_CUR":252,"RTE_NM":"1121178","RTE_PRFX":"CS","RTE_NBR":"1121178","SYSTEM":"Off"}},{"type":"Feature","geometry":{"type":"LineString","coordinates":[[-95.409384822048,29.7385724821017],[-95.40938486,29.7385755199985],[-95.40939915,29.7393048399985],[-95.40940863,29.7400067899985],[-95.40940726,29.7407153099985]]},"properties":{"AADT_CUR":252,"RTE_NM":"1124908","RTE_PRFX":"CS","RTE_NBR":"1124908","SYSTEM":"Off"}},{"type":"Feature","geometry":{"type":"LineString","coordinates":[[-95.3874744610014,29.7220088572779],[-95.38713096,29.7224583299983],[-95.38678786,29.7228900199983],[-95.3861291058855,29.7237173255704],[-95.38546523,29.7245615199984],[-95.3849969,29.7251602199984],[-95.38455058,29.7257292899984],[-95.3839923316631,29.7264218906151],[-95.38397813,29.7264395099984],[-95.38350423,29.7270429999984],[-95.38305397,29.7275998999984],[-95.38249841,29.7283177899984],[-95.38157538,29.7294742099984],[-95.3810134956165,29.7301778132914],[-95.38059109,29.7307234399984],[-95.38053086,29.7307855199984],[-95.38008729,29.7313427399984],[-95.3795249924284,29.7320478724705],[-95.3791259268684,29.7325521981884],[-95.3791014197269,29.7325831722366],[-95.37905868,29.7326371899984],[-95.3790063254159,29.7327050673891],[-95.3789862103062,29.7327311464722],[-95.37861424,29.7332133999984],[-95.37802393,29.7339627099984],[-95.37796012,29.7340414799984],[-95.3775563,29.7345744699984],[-95.37710143,29.7351345599984],[-95.3765668344753,29.7358184368474],[-95.3760794420527,29.7364226490957],[-95.37564394,29.7369735799985],[-95.37506439,29.7377072899985]]},"properties":{"AADT_CUR":642,"RTE_NM":"1119965","RTE_PRFX":"CS","RTE_NBR":"1119965","SYSTEM":"Off"}},{"type":"Feature","geometry":{"type":"LineString","coordinates":[[-95.3357037871564,29.7686756537936],[-95.33472212,29.7686897199987]]},"properties":{"AADT_CUR":1482,"RTE_NM":"1127288","RTE_PRFX":"CS","RTE_NBR":"1127288","SYSTEM":"Off"}},{"type":"Feature","geometry":{"type":"LineString","coordinates":[[-95.33129159,29.75226391],[-95.33051467,29.7520218],[-95.3298142,29.75180314]]},"properties":{"AADT_CUR":252,"RTE_NM":"1120170","RTE_PRFX":"CS","RTE_NBR":"1120170","SYSTEM":"Off"}},{"type":"Feature","geometry":{"type":"LineString","coordinates":[[-95.33600465,29.7495338799986],[-95.33660157,29.7487877499986],[-95.337079762043,29.7481965573749],[-95.33753984,29.7476057099985],[-95.3377841222491,29.7472949712423],[-95.3378550500291,29.7472047473298],[-95.33837542,29.7465474099985],[-95.3383923968575,29.7465261280034],[-95.33897676,29.7457935699985],[-95.33956359,29.7450320299985],[-95.33971716,29.7448327199985],[-95.33991867,29.7445823899985],[-95.3403937900008,29.7439739299975],[-95.340870840001,29.7433759099972],[-95.34126033,29.7428960799985],[-95.3417341607249,29.7423110264739],[-95.34268689,29.7411095699985]]},"properties":{"AADT_CUR":3500,"RTE_NM":"256811","RTE_PRFX":"CS","RTE_NBR":"256811","SYSTEM":"Off"}},{"type":"Feature","geometry":{"type":"LineString","coordinates":[[-95.3389767513713,29.7457935808155],[-95.33963791,29.7461874999985],[-95.34026755,29.7465712799985],[-95.34075861,29.7468531999985],[-95.34096446,29.7469428399985],[-95.3411259107122,29.7470360559566],[-95.3419762833907,29.7475353213722],[-95.34284811,29.7480535099985],[-95.34338707,29.7483827999985],[-95.34369016,29.7485876899985],[-95.34406811,29.7487989899985]]},"properties":{"AADT_CUR":252,"RTE_NM":"1130821","RTE_PRFX":"CS","RTE_NBR":"1130821","SYSTEM":"Off"}},{"type":"Feature","geometry":{"type":"LineString","coordinates":[[-95.3320151586353,29.7287707837697],[-95.33151791,29.7289474799984],[-95.33097619,29.7291627999984],[-95.33049484,29.7293462999984],[-95.33022322,29.7294581699984],[-95.3295479,29.7297183099984],[-95.32947996,29.7297433399984],[-95.32873397,29.7300484499984],[-95.32861462,29.7300958599984],[-95.3279954,29.7303427099984],[-95.32785471,29.7304087399984],[-95.3271651,29.7306746599984],[-95.32711744,29.7307097899984]]},"properties":{"AADT_CUR":480,"RTE_NM":"1123591","RTE_PRFX":"CS","RTE_NBR":"1123591","SYSTEM":"Off"}},{"type":"Feature","geometry":{"type":"LineString","coordinates":[[-95.31350969,29.7747538699987],[-95.31350995,29.7750685999987],[-95.31351243,29.7758046999987],[-95.313516,29.7765103799987],[-95.31351087,29.7783335499987],[-95.3135048,29.7792850299987],[-95.3134979,29.7796065699987],[-95.31350377,29.7797052099988],[-95.31351114837,29.7801169099563],[-95.3135116,29.7801421099987],[-95.31350333,29.7811033799988],[-95.31349966,29.7819537599988],[-95.31349471,29.7828707899988],[-95.31349527,29.7837414899988],[-95.313489,29.7845480899988],[-95.31349554,29.7855068099988],[-95.31348322,29.7855943399988],[-95.3134836,29.7865968299988],[-95.3134863298041,29.7874046527639]]},"properties":{"AADT_CUR":252,"RTE_NM":"1129432","RTE_PRFX":"CS","RTE_NBR":"1129432","SYSTEM":"Off"}},{"type":"Feature","geometry":{"type":"LineString","coordinates":[[-95.31241348,29.7801553199987],[-95.31231161,29.7801544099987],[-95.31201896,29.7801504699988],[-95.31150883,29.7801529099988],[-95.31100372,29.7801472399987],[-95.31047959,29.7801451699988],[-95.30997448,29.7801394999988],[-95.30945949,29.7801459199987],[-95.30894952,29.7801442299988],[-95.30842553,29.7801380299987],[-95.30791084,29.7801362099987],[-95.30738184,29.7801381099987],[-95.3073623967537,29.7801384147398],[-95.30681009,29.7801470699987],[-95.30630468,29.7801496199987],[-95.30615369,29.7801495699988],[-95.30578055,29.7801475299987],[-95.30527514,29.7801500699988],[-95.30475511,29.7801441599987],[-95.30425237,29.7801438999988],[-95.30373016,29.7801430899987],[-95.30322377,29.7801359199987],[-95.30270119,29.7801452999988],[-95.30219066,29.7801448099987],[-95.30167235,29.7801441099987],[-95.3011821021854,29.7801439255456]]},"properties":{"AADT_CUR":252,"RTE_NM":"1124733","RTE_PRFX":"CS","RTE_NBR":"1124733","SYSTEM":"Off"}},{"type":"Feature","geometry":{"type":"LineString","coordinates":[[-95.3349185995064,29.7966195985164],[-95.33489386,29.7967030199978],[-95.33488034,29.7968136199978],[-95.33487368,29.7969105299978],[-95.33490002,29.7975049099988],[-95.33490425,29.7978295999978],[-95.33488874,29.7979956199978],[-95.33486717,29.7981531599978],[-95.3348138099998,29.7983985999989],[-95.33478418,29.7985701199978],[-95.33474546,29.7986756899978],[-95.33467988,29.7987995599978],[-95.3346019,29.7989040499978],[-95.33447062,29.7990337399978],[-95.3341644399985,29.7992919199989],[-95.33394006,29.7994609499978],[-95.3337732,29.7996087099978],[-95.33362869,29.7997418499978],[-95.33347355,29.7999279999978],[-95.33331965,29.8001766399978],[-95.3333174494848,29.8001830714608],[-95.33326208,29.8003448999978],[-95.3331714,29.8005594799978],[-95.33307663,29.8007663199978],[-95.33301336,29.8009473799978],[-95.33295758,29.8011629099978],[-95.3328738,29.8017927399978],[-95.33283414,29.8018899399978],[-95.33277465,29.8019575499978],[-95.33270116,29.8020009699978],[-95.33261852,29.8020225099978],[-95.33230603,29.8020399599978]]},"properties":{"AADT_CUR":252,"RTE_NM":"1122896","RTE_PRFX":"CS","RTE_NBR":"1122896","SYSTEM":"Off"}},{"type":"Feature","geometry":{"type":"LineString","coordinates":[[-95.3398808639345,29.771325382585],[-95.33985866,29.77142645],[-95.33982113,29.77163428],[-95.33981102,29.77192179],[-95.33980592,29.77215656],[-95.33979851,29.77258784],[-95.33980126,29.77304342],[-95.33980456,29.7735398],[-95.33979761,29.77410102],[-95.33979072,29.77444023],[-95.33978956,29.77478328],[-95.33978559,29.77528303],[-95.33977784,29.7755539],[-95.339920104,29.776215784]]},"properties":{"AADT_CUR":8240,"RTE_NM":"1633478434","RTE_PRFX":"IH","RTE_NBR":"10","SYSTEM":"On"}},{"type":"Feature","geometry":{"type":"LineString","coordinates":[[-95.32835654,29.76990695],[-95.32841637,29.76994872],[-95.3284358,29.77000543],[-95.32846208,29.77072316],[-95.3284392,29.77076266],[-95.32840166,29.77078304],[-95.3281291,29.77079228],[-95.32812621,29.77136408],[-95.32809413,29.77140333],[-95.32811358,29.77166311]]},"properties":{"AADT_CUR":252,"RTE_NM":"1119499","RTE_PRFX":"CS","RTE_NBR":"1119499","SYSTEM":"Off"}},{"type":"Feature","geometry":{"type":"LineString","coordinates":[[-95.34299822,29.7676522],[-95.34268011,29.76772825],[-95.34218848,29.7678761],[-95.34200161,29.76791799],[-95.34169196,29.76799123],[-95.34119278,29.76809042],[-95.33950286,29.76844874],[-95.33908866,29.76853722],[-95.33880762,29.76859218],[-95.33851402,29.76863461],[-95.33824696,29.76866349],[-95.33799854,29.76868013],[-95.33703292,29.76869707],[-95.33676224,29.76871383],[-95.33649759,29.76874026],[-95.33625069,29.76878075],[-95.33606425,29.7688237],[-95.33557723,29.76894986],[-95.33504882,29.76913444],[-95.33469811,29.76926362],[-95.33436778,29.7693713],[-95.33402002,29.76946501],[-95.33369138,29.76957617],[-95.33338512,29.76968481],[-95.33299696,29.7698199],[-95.33280638,29.7698998],[-95.33267352,29.769962],[-95.33257824,29.77000933],[-95.3325287,29.77002991],[-95.33247757,29.77004046],[-95.33238281,29.77004653]]},"properties":{"AADT_CUR":2704,"RTE_NM":"IH0010-AG","RTE_PRFX":"IH","RTE_NBR":"10","SYSTEM":"On"}},{"type":"Feature","geometry":{"type":"LineString","coordinates":[[-95.4210174,29.7017053399982],[-95.42090468,29.7017420299982],[-95.42061131,29.7017421399982],[-95.41971744,29.7017460299982],[-95.41928527,29.7017483699982],[-95.41880847,29.7017912099982],[-95.41847963,29.7018300599982],[-95.4183007564694,29.701829768582],[-95.41822188,29.7018296399982],[-95.41745548,29.7018299499982],[-95.41670171,29.7017774699982],[-95.41586836,29.7016892299982],[-95.41505826,29.7016450999982],[-95.4143647,29.7016346099982],[-95.41382463,29.7016443799982],[-95.41311302,29.7017087799982],[-95.41254443,29.7018281799982],[-95.41219726,29.7019570799982],[-95.41107566,29.7023867099982],[-95.41091461,29.7024416299982],[-95.41069249,29.7025202599982],[-95.41044339,29.7025951199982],[-95.41017402,29.7026645899982],[-95.4098309,29.7027361199982],[-95.40954318,29.7027751599982],[-95.40921443,29.7028095099982],[-95.40895422,29.7028230099982],[-95.40868498,29.7028261599982],[-95.40841507,29.7028180899982],[-95.40811552,29.7027951399982],[-95.4078342862177,29.702730261974]]},"properties":{"AADT_CUR":1153,"RTE_NM":"1123882","RTE_PRFX":"CS","RTE_NBR":"1123882","SYSTEM":"Off"}},{"type":"Feature","geometry":{"type":"LineString","coordinates":[[-95.31501542,29.77969324],[-95.31499845,29.78014014],[-95.31500923,29.78019631],[-95.31502427,29.7802526],[-95.31501996,29.78110179],[-95.31502866,29.7812359],[-95.31503125,29.7819132],[-95.31503877,29.78220477],[-95.31506103,29.78285796],[-95.31505878,29.78317342],[-95.31506334,29.78368077],[-95.31509264,29.78413689],[-95.31508294,29.78453202],[-95.31509977,29.78507965],[-95.31509835,29.78549898],[-95.31509393,29.78638151],[-95.31506904,29.78643675]]},"properties":{"AADT_CUR":252,"RTE_NM":"1121640","RTE_PRFX":"CS","RTE_NBR":"1121640","SYSTEM":"Off"}},{"type":"Feature","geometry":{"type":"LineString","coordinates":[[-95.31744168,29.77929098],[-95.31662584,29.77929836],[-95.31589336,29.77931365],[-95.31510091,29.77928774],[-95.31430758,29.77928652],[-95.31426482,29.77929358],[-95.3135048,29.77928503]]},"properties":{"AADT_CUR":252,"RTE_NM":"1128067","RTE_PRFX":"CS","RTE_NBR":"1128067","SYSTEM":"Off"}},{"type":"Feature","geometry":{"type":"LineString","coordinates":[[-95.3413829527209,29.7691166311931],[-95.34040291,29.76891727],[-95.33982277,29.76892668],[-95.33950557,29.76893465],[-95.3388973,29.76897029],[-95.33817534,29.76902036],[-95.3375099,29.76903651],[-95.33676856,29.76905751],[-95.33645845,29.76908335],[-95.33610312,29.76913988],[-95.33570826,29.769248],[-95.33506621,29.76946937],[-95.33446215,29.76970679],[-95.3332831,29.77016226],[-95.33239155,29.77050305],[-95.3303581,29.77129285],[-95.32862022,29.77196636],[-95.3273588,29.77245574],[-95.32642687,29.77281269],[-95.32523652,29.77326654],[-95.32439504,29.77358957],[-95.32385558,29.77377854],[-95.3232596,29.77396105],[-95.32266846,29.77409187],[-95.32216454,29.7741807],[-95.32153626,29.77425823],[-95.32082237,29.77429376],[-95.3196627,29.77430022],[-95.31811864,29.77429538],[-95.31661495,29.77429215],[-95.3153917083227,29.7742919250411]]},"properties":{"AADT_CUR":161859,"RTE_NM":"IH0010-KG","RTE_PRFX":"IH","RTE_NBR":"10","SYSTEM":"On"}},{"type":"Feature","geometry":{"type":"LineString","coordinates":[[-95.32847734,29.77750342],[-95.32690527,29.77757126],[-95.32658312,29.77758732],[-95.32483142,29.77765513],[-95.32385143,29.77765622],[-95.32287116,29.77766527],[-95.32190446,29.77767869],[-95.3210803,29.77767603]]},"properties":{"AADT_CUR":252,"RTE_NM":"1124626","RTE_PRFX":"CS","RTE_NBR":"1124626","SYSTEM":"Off"}},{"type":"Feature","geometry":{"type":"LineString","coordinates":[[-95.4132149765255,29.8173891578132],[-95.4132154286594,29.8174325125578]]},"properties":{"AADT_CUR":252,"RTE_NM":"1123740","RTE_PRFX":"CS","RTE_NBR":"1123740","SYSTEM":"Off"}},{"type":"Feature","geometry":{"type":"LineString","coordinates":[[-95.3817388,29.73885322],[-95.3819558,29.73860667],[-95.38208384,29.73847174],[-95.38240092,29.73823059],[-95.38252306,29.73811239],[-95.38274886,29.73783426],[-95.38317843,29.73731106],[-95.38344416,29.73698475],[-95.38374431,29.73661301],[-95.3841078,29.73615727],[-95.38438317,29.73579929],[-95.38455252,29.73557762],[-95.38463715,29.73541063]]},"properties":{"AADT_CUR":6300,"RTE_NM":"1637625612","RTE_PRFX":"SS","RTE_NBR":"527","SYSTEM":"On"}},{"type":"Feature","geometry":{"type":"LineString","coordinates":[[-95.378229046112,29.7321112837525],[-95.37823553,29.7321150999984],[-95.3782565269263,29.7321275611533]]},"properties":{"AADT_CUR":252,"RTE_NM":"1120113","RTE_PRFX":"CS","RTE_NBR":"1120113","SYSTEM":"Off"}},{"type":"Feature","geometry":{"type":"LineString","coordinates":[[-95.3579314,29.74340139],[-95.35753799,29.74307596],[-95.35725752,29.74283133],[-95.35660355,29.74207726],[-95.35652128,29.74196342],[-95.35639502,29.74179681],[-95.35617783,29.74150462],[-95.35601758,29.74126946],[-95.35583896,29.74104234],[-95.35554143,29.74074193],[-95.35476385,29.74024126],[-95.35410977,29.73980026],[-95.3534887,29.73941216],[-95.35271113,29.73891148],[-95.35223261,29.73859753],[-95.35064598,29.737595],[-95.34959997,29.73692935],[-95.34881456,29.73642836],[-95.34832358,29.73612773],[-95.34781011,29.73580214],[-95.3473026819102,29.7354810332773]]},"properties":{"AADT_CUR":14058,"RTE_NM":"SS0005-KG","RTE_PRFX":"SS","RTE_NBR":"5","SYSTEM":"On"}},{"type":"Feature","geometry":{"type":"LineString","coordinates":[[-95.34749849,29.77655012],[-95.34750874,29.77754787],[-95.347518265,29.778030878]]},"properties":{"AADT_CUR":252,"RTE_NM":"1121542","RTE_PRFX":"CS","RTE_NBR":"1121542","SYSTEM":"Off"}},{"type":"Feature","geometry":{"type":"LineString","coordinates":[[-95.4178888363094,29.7533205339178],[-95.41788135,29.7533180299985],[-95.41618708,29.7535962699986],[-95.41475222,29.7537358499986],[-95.41376956,29.7537817399985],[-95.41340424,29.7537925899986],[-95.41233222,29.7538167399986],[-95.41188878,29.7538641699986],[-95.41139394,29.7539450199985],[-95.41089159,29.7539869999985],[-95.41077483,29.7539881899986],[-95.4107309606483,29.7540853854882],[-95.41072241,29.7541043299986],[-95.41066351,29.7542264099986],[-95.41035851,29.7542315899986],[-95.40987911,29.7542382199986],[-95.40896742,29.7542445799986],[-95.40891337,29.7542527699986],[-95.40888103,29.7542718199985],[-95.40886734,29.7543048699986]]},"properties":{"AADT_CUR":252,"RTE_NM":"1120837","RTE_PRFX":"CS","RTE_NBR":"1120837","SYSTEM":"Off"}},{"type":"Feature","geometry":{"type":"LineString","coordinates":[[-95.38051277,29.70850478],[-95.38021372,29.70933847]]},"properties":{"AADT_CUR":252,"RTE_NM":"1124612","RTE_PRFX":"CS","RTE_NBR":"1124612","SYSTEM":"Off"}},{"type":"Feature","geometry":{"type":"LineString","coordinates":[[-95.32845967,29.7685856399987],[-95.3272285,29.7685998299987],[-95.3267593948656,29.7686016935784]]},"properties":{"AADT_CUR":252,"RTE_NM":"1124290","RTE_PRFX":"CS","RTE_NBR":"1124290","SYSTEM":"Off"}},{"type":"Feature","geometry":{"type":"LineString","coordinates":[[-95.3346688372148,29.765956273135],[-95.3346689,29.7659611099987],[-95.3346694098237,29.7660434557758]]},"properties":{"AADT_CUR":252,"RTE_NM":"1121166","RTE_PRFX":"CS","RTE_NBR":"1121166","SYSTEM":"Off"}},{"type":"Feature","geometry":{"type":"LineString","coordinates":[[-95.33935611,29.75961125],[-95.3403704,29.76020023]]},"properties":{"AADT_CUR":252,"RTE_NM":"1123655","RTE_PRFX":"CS","RTE_NBR":"1123655","SYSTEM":"Off"}},{"type":"Feature","geometry":{"type":"LineString","coordinates":[[-95.32686256,29.7328243699968],[-95.3269041899997,29.7335097899984],[-95.32688054,29.7336248899968],[-95.32674927,29.7339955599968],[-95.3264959999995,29.7346728799983],[-95.32645413,29.7347792199968],[-95.32636083,29.7350336599968],[-95.3262330799995,29.7353539399983],[-95.3259825419594,29.7360309747018]]},"properties":{"AADT_CUR":252,"RTE_NM":"1124293","RTE_PRFX":"CS","RTE_NBR":"1124293","SYSTEM":"Off"}},{"type":"Feature","geometry":{"type":"LineString","coordinates":[[-95.37029891,29.7993185599989],[-95.36872424,29.7993235299989],[-95.3679446669357,29.7993247530142]]},"properties":{"AADT_CUR":252,"RTE_NM":"1129158","RTE_PRFX":"CS","RTE_NBR":"1129158","SYSTEM":"Off"}},{"type":"Feature","geometry":{"type":"LineString","coordinates":[[-95.3645459692309,29.7943723249135],[-95.36427709,29.7950058199989],[-95.36400663,29.7956610799988],[-95.36382966,29.7960965599989],[-95.36381827,29.7961661299988],[-95.36380175,29.7962549699988],[-95.36379165,29.7965380899989],[-95.36382795,29.7981029399989],[-95.36381294,29.7982396399988],[-95.36384575,29.7999434999989],[-95.36386581,29.8016470199989],[-95.3638885607984,29.8032711697474],[-95.36388894,29.8032982399989],[-95.36390814,29.8041969699989]]},"properties":{"AADT_CUR":252,"RTE_NM":"1120012","RTE_PRFX":"CS","RTE_NBR":"1120012","SYSTEM":"Off"}},{"type":"Feature","geometry":{"type":"LineString","coordinates":[[-95.321371751675,29.724776275959],[-95.32081091,29.7246153999984],[-95.31890128,29.7240356599984],[-95.3188680067579,29.72402565148],[-95.3164269596543,29.723291389437]]},"properties":{"AADT_CUR":252,"RTE_NM":"1125855","RTE_PRFX":"CS","RTE_NBR":"1125855","SYSTEM":"Off"}},{"type":"Feature","geometry":{"type":"LineString","coordinates":[[-95.39596395,29.80806924],[-95.39452169,29.80809326],[-95.3934394,29.80810574],[-95.39233498,29.80812894],[-95.39123316,29.8081424],[-95.38952982,29.80816041],[-95.38938985,29.80814892],[-95.38879233,29.80816753],[-95.38779469,29.80818115],[-95.38717531,29.80819054],[-95.38710964,29.80819524],[-95.38557223,29.80821706],[-95.38533697,29.80818109]]},"properties":{"AADT_CUR":252,"RTE_NM":"1122708","RTE_PRFX":"CS","RTE_NBR":"1122708","SYSTEM":"Off"}},{"type":"Feature","geometry":{"type":"LineString","coordinates":[[-95.35253018866,29.7029737919216],[-95.35248246,29.7029838],[-95.35181426,29.70313109],[-95.35142864,29.70321914]]},"properties":{"AADT_CUR":769,"RTE_NM":"UA0090-XG","RTE_PRFX":"UA","RTE_NBR":"90","SYSTEM":"On"}},{"type":"Feature","geometry":{"type":"LineString","coordinates":[[-95.3154009683369,29.7746512517719],[-95.3152016021521,29.7746507344625]]},"properties":{"AADT_CUR":6759,"RTE_NM":"IH0010-XG","RTE_PRFX":"IH","RTE_NBR":"10","SYSTEM":"On"}},{"type":"Feature","geometry":{"type":"LineString","coordinates":[[-95.31275713,29.738831587],[-95.312950347,29.738561489],[-95.31318339,29.73824969],[-95.31366966,29.73760588],[-95.31401516,29.73718376],[-95.31452396,29.73652185],[-95.31461963,29.73633631],[-95.31462879,29.73614756],[-95.31475068,29.73586843],[-95.31509617,29.73544631],[-95.31620665,29.73399357],[-95.31674545,29.73322057]]},"properties":{"AADT_CUR":1139,"RTE_NM":"1501611","RTE_PRFX":"CS","RTE_NBR":"1501611","SYSTEM":"Off"}},{"type":"Feature","geometry":{"type":"LineString","coordinates":[[-95.31716176,29.73009371],[-95.31685108,29.72992293],[-95.31521686,29.72943551],[-95.31476994,29.72929416],[-95.31437948,29.72911012],[-95.31385347,29.72881911],[-95.31347461,29.72866487],[-95.31320269,29.72859102],[-95.31295475,29.7285547],[-95.31254129,29.72853963]]},"properties":{"AADT_CUR":252,"RTE_NM":"1121013","RTE_PRFX":"CS","RTE_NBR":"1121013","SYSTEM":"Off"}},{"type":"Feature","geometry":{"type":"LineString","coordinates":[[-95.39716688,29.73170593],[-95.39715296,29.73234039]]},"properties":{"AADT_CUR":252,"RTE_NM":"1132488","RTE_PRFX":"CS","RTE_NBR":"1132488","SYSTEM":"Off"}},{"type":"Feature","geometry":{"type":"LineString","coordinates":[[-95.36753527,29.81893088],[-95.36674702,29.81893556],[-95.36557746,29.81894345],[-95.36549127,29.81894129]]},"properties":{"AADT_CUR":252,"RTE_NM":"1123663","RTE_PRFX":"CS","RTE_NBR":"1123663","SYSTEM":"Off"}},{"type":"Feature","geometry":{"type":"LineString","coordinates":[[-95.3686077589338,29.8041243573052],[-95.36860746,29.8041243999989],[-95.36758049,29.8041579299989],[-95.36727388,29.8041620399989],[-95.36668138,29.8041635499989],[-95.36573572,29.8041780499989],[-95.3648268,29.8041916599989],[-95.36390814,29.8041969699989],[-95.36298542,29.8042092499989],[-95.36108214,29.8042321099989],[-95.36010632,29.8042219499989],[-95.35918296,29.8042332399989],[-95.35826041,29.8042343699989],[-95.35750137,29.8042456199989],[-95.35738409,29.8042275499989],[-95.3572735,29.8041959899989],[-95.35636408,29.8042064699989],[-95.35538572,29.8042310699989],[-95.35441093,29.8042531999989],[-95.35344042,29.8042754499989],[-95.35246169,29.8042976499989],[-95.3514807108384,29.8042997696294],[-95.351377,29.804304869999],[-95.35054793,29.8043286699989]]},"properties":{"AADT_CUR":252,"RTE_NM":"1126977","RTE_PRFX":"CS","RTE_NBR":"1126977","SYSTEM":"Off"}},{"type":"Feature","geometry":{"type":"LineString","coordinates":[[-95.40754806,29.7942061399989],[-95.40759044,29.7960580099989],[-95.40760068,29.7968314799989],[-95.40763158,29.7979233599989],[-95.4076597001254,29.7997311836535]]},"properties":{"AADT_CUR":1855,"RTE_NM":"1125854","RTE_PRFX":"CS","RTE_NBR":"1125854","SYSTEM":"Off"}},{"type":"Feature","geometry":{"type":"LineString","coordinates":[[-95.4113832342759,29.7623645446129],[-95.41141265,29.7638690099986],[-95.4114339,29.7645979699987],[-95.41143356,29.7653181599986],[-95.4114608163333,29.7660304963285],[-95.41146208,29.7667646499987],[-95.41146949,29.7674960999987],[-95.41148108,29.7682329799987],[-95.4114991,29.7689645799987],[-95.41150464,29.7696958399986],[-95.41152473,29.7704370899987],[-95.41154659,29.7705314299987],[-95.41156423,29.7711779999987],[-95.41157289,29.7718983799987],[-95.41158201,29.7726291599987],[-95.41158358,29.7730661999987]]},"properties":{"AADT_CUR":697,"RTE_NM":"1129493","RTE_PRFX":"CS","RTE_NBR":"1129493","SYSTEM":"Off"}},{"type":"Feature","geometry":{"type":"LineString","coordinates":[[-95.4186977213564,29.7355965847904],[-95.41869365,29.7355965899984],[-95.4151621275486,29.7356195167184]]},"properties":{"AADT_CUR":252,"RTE_NM":"1128755","RTE_PRFX":"CS","RTE_NBR":"1128755","SYSTEM":"Off"}},{"type":"Feature","geometry":{"type":"LineString","coordinates":[[-95.36315756,29.78319168],[-95.3616217,29.78374109]]},"properties":{"AADT_CUR":252,"RTE_NM":"1121323","RTE_PRFX":"CS","RTE_NBR":"1121323","SYSTEM":"Off"}},{"type":"Feature","geometry":{"type":"LineString","coordinates":[[-95.39771588,29.79253645],[-95.39644016,29.7925627],[-95.39534343,29.79257791],[-95.39424252,29.79259989],[-95.39313354,29.79260717],[-95.39204042,29.79260913],[-95.3899906,29.79263813],[-95.38834487,29.79265356],[-95.38792134,29.79266157],[-95.38787025,29.79279245]]},"properties":{"AADT_CUR":252,"RTE_NM":"1122697","RTE_PRFX":"CS","RTE_NBR":"1122697","SYSTEM":"Off"}},{"type":"Feature","geometry":{"type":"LineString","coordinates":[[-95.35064473,29.80859081],[-95.35067236,29.80944876],[-95.35069267,29.81024824],[-95.35074593,29.81033389],[-95.35072031,29.8103753],[-95.35070524,29.81045909],[-95.3507265,29.81107069],[-95.35074682,29.81112996],[-95.3508082,29.81117077]]},"properties":{"AADT_CUR":3300,"RTE_NM":"1126553","RTE_PRFX":"CS","RTE_NBR":"1126553","SYSTEM":"Off"}},{"type":"Feature","geometry":{"type":"LineString","coordinates":[[-95.390971,29.81524585],[-95.38932472,29.81525933],[-95.38754292,29.8152851],[-95.38752395,29.81528499],[-95.38587588,29.81529791],[-95.38500031,29.81531567],[-95.38469724,29.81531464],[-95.38453147,29.81531256],[-95.38436874,29.81530219],[-95.38418678,29.81528223],[-95.38283362,29.81529297],[-95.38274695,29.8151956]]},"properties":{"AADT_CUR":252,"RTE_NM":"1122720","RTE_PRFX":"CS","RTE_NBR":"1122720","SYSTEM":"Off"}},{"type":"Feature","geometry":{"type":"LineString","coordinates":[[-95.33728085,29.7503580599971],[-95.3362277440581,29.7516472231638],[-95.33573634,29.7522894799971],[-95.33523582,29.7529314899971],[-95.33476916,29.7535207599972],[-95.33432137,29.7540949399972],[-95.3339258914606,29.7546117104929],[-95.33312323,29.7555982499972],[-95.33305982,29.7556706099972],[-95.33299099,29.7557360499972],[-95.3329733996187,29.7557506356567],[-95.33288819,29.7558212899986],[-95.33288897,29.7558658599972],[-95.33287652,29.7559079799972],[-95.3328421,29.7559805999972],[-95.33249354,29.7564660899972],[-95.3324239,29.7565424099972],[-95.33235431,29.7566175499972],[-95.3318890899993,29.7572409799981],[-95.33139741,29.7578534199972]]},"properties":{"AADT_CUR":252,"RTE_NM":"1127196","RTE_PRFX":"CS","RTE_NBR":"1127196","SYSTEM":"Off"}},{"type":"Feature","geometry":{"type":"LineString","coordinates":[[-95.3323127513921,29.7280358035389],[-95.33442818,29.7286866899984],[-95.33463733,29.7287494599984],[-95.3346530005407,29.7287544756641],[-95.3350924723668,29.7288951362934],[-95.3359562633336,29.7291552197306],[-95.33642045,29.7293023999984]]},"properties":{"AADT_CUR":252,"RTE_NM":"1127092","RTE_PRFX":"CS","RTE_NBR":"1127092","SYSTEM":"Off"}},{"type":"Feature","geometry":{"type":"LineString","coordinates":[[-95.3397633298592,29.7375669297957],[-95.3398010606033,29.7374707792707]]},"properties":{"AADT_CUR":4574,"RTE_NM":"256163","RTE_PRFX":"CS","RTE_NBR":"256163","SYSTEM":"Off"}},{"type":"Feature","geometry":{"type":"LineString","coordinates":[[-95.31503125,29.7819131999988],[-95.31424567,29.7819191499987],[-95.31360438,29.7819290699988],[-95.31349966,29.7819537599987],[-95.3133727,29.7819699499987],[-95.31253713,29.7819681799988],[-95.31201459,29.7819561999988],[-95.31150434,29.7819618399988],[-95.31099467,29.7819517499988],[-95.31048442,29.7819573799988],[-95.3099746,29.7819512199988],[-95.30945534,29.7819566099988],[-95.30894544,29.7819526699988],[-95.30843074,29.7819508499988],[-95.30791117,29.7819530099988],[-95.3073880631909,29.7819508240516]]},"properties":{"AADT_CUR":252,"RTE_NM":"1123903","RTE_PRFX":"CS","RTE_NBR":"1123903","SYSTEM":"Off"}},{"type":"Feature","geometry":{"type":"LineString","coordinates":[[-95.31501996,29.78110179],[-95.31425256,29.78110431],[-95.31350333,29.78110338]]},"properties":{"AADT_CUR":252,"RTE_NM":"1127397","RTE_PRFX":"CS","RTE_NBR":"1127397","SYSTEM":"Off"}},{"type":"Feature","geometry":{"type":"LineString","coordinates":[[-95.31921752,29.7710535099987],[-95.31740934,29.7710397799987],[-95.3154156498323,29.7710278294809],[-95.31358032,29.7710299599987],[-95.3126779801997,29.7710073560166]]},"properties":{"AADT_CUR":252,"RTE_NM":"1119777","RTE_PRFX":"CS","RTE_NBR":"1119777","SYSTEM":"Off"}},{"type":"Feature","geometry":{"type":"LineString","coordinates":[[-95.33301102,29.76872435],[-95.33294912,29.76874175],[-95.33291954,29.7687734],[-95.33291147,29.76881518],[-95.33291792,29.76935767]]},"properties":{"AADT_CUR":252,"RTE_NM":"1121292","RTE_PRFX":"CS","RTE_NBR":"1121292","SYSTEM":"Off"}},{"type":"Feature","geometry":{"type":"LineString","coordinates":[[-95.38426783,29.81828295],[-95.38422355,29.81839851],[-95.38351583,29.8183913]]},"properties":{"AADT_CUR":252,"RTE_NM":"1121149","RTE_PRFX":"CS","RTE_NBR":"1121149","SYSTEM":"Off"}},{"type":"Feature","geometry":{"type":"LineString","coordinates":[[-95.39460843,29.7277285399984],[-95.39373319,29.7277276299984],[-95.39280967,29.7277344699984],[-95.39189452,29.7277439199984],[-95.3910509677721,29.7277513536301]]},"properties":{"AADT_CUR":252,"RTE_NM":"1120160","RTE_PRFX":"CS","RTE_NBR":"1120160","SYSTEM":"Off"}},{"type":"Feature","geometry":{"type":"LineString","coordinates":[[-95.373113758,29.733790583],[-95.3730206,29.7339078],[-95.37265009,29.73439442],[-95.37219493,29.73495566],[-95.37167014,29.73563724]]},"properties":{"AADT_CUR":1877,"RTE_NM":"1121585","RTE_PRFX":"CS","RTE_NBR":"1121585","SYSTEM":"Off"}},{"type":"Feature","geometry":{"type":"LineString","coordinates":[[-95.38297586,29.7341180999984],[-95.38212074,29.7336001799984],[-95.3812953086019,29.7330960578685],[-95.3806031228668,29.7326840090554],[-95.3804746920612,29.7326075873489],[-95.3803858592365,29.732554727953],[-95.3803623409014,29.7325407335002]]},"properties":{"AADT_CUR":10818,"RTE_NM":"257340","RTE_PRFX":"CS","RTE_NBR":"257340","SYSTEM":"Off"}},{"type":"Feature","geometry":{"type":"LineString","coordinates":[[-95.37429998,29.7558250299986],[-95.37332304,29.7558318599985],[-95.37238419,29.7558392699986],[-95.3723674321395,29.7558395124492],[-95.37149857,29.7558520799986],[-95.37100965,29.7558563799986],[-95.3708562047407,29.7558603279281]]},"properties":{"AADT_CUR":252,"RTE_NM":"1119716","RTE_PRFX":"CS","RTE_NBR":"1119716","SYSTEM":"Off"}},{"type":"Feature","geometry":{"type":"LineString","coordinates":[[-95.38050078,29.76402385],[-95.38040145,29.76399931],[-95.37935914,29.76397888],[-95.37910003,29.76397043],[-95.37823259,29.76397795],[-95.37711571,29.76400154],[-95.3760793,29.76401897],[-95.37576687,29.7640011],[-95.37555098,29.76394973]]},"properties":{"AADT_CUR":252,"RTE_NM":"1127219","RTE_PRFX":"CS","RTE_NBR":"1127219","SYSTEM":"Off"}},{"type":"Feature","geometry":{"type":"LineString","coordinates":[[-95.4126751069854,29.7151248826913],[-95.4126748093792,29.7151003593729],[-95.4126644345905,29.7142454486952],[-95.4126545181831,29.7134282959292],[-95.4126446369303,29.7126140264794],[-95.4126345877054,29.7117859013247],[-95.4126252868289,29.7110194327459],[-95.4126155350077,29.7102157897414],[-95.41260923,29.7096961899948],[-95.412607723276,29.7094644999072],[-95.412602636615,29.7086823121257],[-95.4125972219672,29.7078496753207],[-95.4125921892093,29.7070757509024],[-95.4125867525897,29.7062397170721]]},"properties":{"AADT_CUR":12643,"RTE_NM":"256384","RTE_PRFX":"CS","RTE_NBR":"256384","SYSTEM":"Off"}},{"type":"Feature","geometry":{"type":"LineString","coordinates":[[-95.40131044,29.7072687499982],[-95.40129506,29.7073303799982],[-95.40128996,29.7073680599982],[-95.40128875,29.7074059799982],[-95.40129143,29.7074438399983],[-95.40130476,29.7074900599983],[-95.40131179,29.7075373299982],[-95.40131241,29.7075849899983],[-95.40131197,29.7085691799982],[-95.40132036,29.7086224199982],[-95.40137859,29.7086936599983],[-95.40147572,29.7087576099982],[-95.4015853931265,29.7088140870023]]},"properties":{"AADT_CUR":252,"RTE_NM":"1123819","RTE_PRFX":"CS","RTE_NBR":"1123819","SYSTEM":"Off"}},{"type":"Feature","geometry":{"type":"LineString","coordinates":[[-95.37272088,29.7215337999983],[-95.3710040993424,29.720495864852],[-95.37091212,29.7204700599983],[-95.37026736,29.7200903299983],[-95.37013745,29.7200055499983],[-95.3692809488777,29.7194900413605]]},"properties":{"AADT_CUR":252,"RTE_NM":"1127772","RTE_PRFX":"CS","RTE_NBR":"1127772","SYSTEM":"Off"}},{"type":"Feature","geometry":{"type":"LineString","coordinates":[[-95.3340358390958,29.744781548795],[-95.33368448,29.7456332399985],[-95.33340416,29.7463178499985],[-95.33288312,29.7475949299985],[-95.33248993,29.7485681099985],[-95.332069356383,29.7495902749928]]},"properties":{"AADT_CUR":252,"RTE_NM":"1123181","RTE_PRFX":"CS","RTE_NBR":"1123181","SYSTEM":"Off"}},{"type":"Feature","geometry":{"type":"LineString","coordinates":[[-95.381945270889,29.8046522485899],[-95.3819286240334,29.8046524598454]]},"properties":{"AADT_CUR":252,"RTE_NM":"1128917","RTE_PRFX":"CS","RTE_NBR":"1128917","SYSTEM":"Off"}},{"type":"Feature","geometry":{"type":"LineString","coordinates":[[-95.41761996,29.76511139],[-95.41719939,29.76512953],[-95.41659023,29.76514655],[-95.41628623,29.76514731]]},"properties":{"AADT_CUR":252,"RTE_NM":"1122496","RTE_PRFX":"CS","RTE_NBR":"1122496","SYSTEM":"Off"}},{"type":"Feature","geometry":{"type":"LineString","coordinates":[[-95.42766181,29.7332553],[-95.42627174,29.73326389],[-95.42551851,29.73326916]]},"properties":{"AADT_CUR":252,"RTE_NM":"1128317","RTE_PRFX":"CS","RTE_NBR":"1128317","SYSTEM":"Off"}},{"type":"Feature","geometry":{"type":"LineString","coordinates":[[-95.3634449774225,29.760509656961],[-95.36345224,29.76050115],[-95.36404031,29.75973272],[-95.36461338,29.75899046],[-95.3652044,29.75823754],[-95.36582081,29.75754036],[-95.36639813,29.75674355],[-95.36697315,29.75600307],[-95.3675757636983,29.7552573633566]]},"properties":{"AADT_CUR":5569,"RTE_NM":"257236","RTE_PRFX":"CS","RTE_NBR":"257236","SYSTEM":"Off"}},{"type":"Feature","geometry":{"type":"LineString","coordinates":[[-95.3058680963954,29.8004470551128],[-95.30584674,29.8030576199989],[-95.30584805,29.8039950499989],[-95.30583768,29.8071547999989],[-95.30583568,29.8079067699989],[-95.3057836422013,29.808263483776]]},"properties":{"AADT_CUR":252,"RTE_NM":"1120572","RTE_PRFX":"CS","RTE_NBR":"1120572","SYSTEM":"Off"}},{"type":"Feature","geometry":{"type":"LineString","coordinates":[[-95.43347391,29.69270881],[-95.43349037,29.69384335],[-95.43348598,29.69416341],[-95.43352584,29.6946832],[-95.43362025,29.69550261],[-95.43377576,29.69631777],[-95.43400726,29.69714204],[-95.43428454,29.69795697],[-95.43465859,29.69878888],[-95.43476643,29.69914748],[-95.43484989,29.69960909],[-95.434935,29.70007801],[-95.43495733,29.70026406],[-95.43479105,29.70053843],[-95.43461826,29.70087518],[-95.43429619,29.70168378],[-95.43397203,29.70248118],[-95.43361851,29.70334755],[-95.4333035,29.70415355]]},"properties":{"AADT_CUR":834,"RTE_NM":"1122970","RTE_PRFX":"CS","RTE_NBR":"1122970","SYSTEM":"Off"}},{"type":"Feature","geometry":{"type":"LineString","coordinates":[[-95.3424181639127,29.8153210063907],[-95.33947722,29.815359869999],[-95.33743118,29.815371869999]]},"properties":{"AADT_CUR":252,"RTE_NM":"1128685","RTE_PRFX":"CS","RTE_NBR":"1128685","SYSTEM":"Off"}},{"type":"Feature","geometry":{"type":"LineString","coordinates":[[-95.3133078423776,29.7194363248904],[-95.31330735,29.7194361699983],[-95.31160881,29.7188929699983],[-95.3113426,29.7186844199983],[-95.31105614,29.7185046499983],[-95.3106583,29.7183872699983],[-95.31027996,29.7183668699983],[-95.31016298,29.7184208499983],[-95.30934209,29.7182817399983]]},"properties":{"AADT_CUR":252,"RTE_NM":"1126766","RTE_PRFX":"CS","RTE_NBR":"1126766","SYSTEM":"Off"}},{"type":"Feature","geometry":{"type":"LineString","coordinates":[[-95.3828609065068,29.8164781257544],[-95.3827956235815,29.8159154601805],[-95.3827064963472,29.8151472728794],[-95.3826137697077,29.814348049431],[-95.3825876997502,29.8141233465749],[-95.38257937471,29.8140515909519]]},"properties":{"AADT_CUR":14234,"RTE_NM":"255742","RTE_PRFX":"CS","RTE_NBR":"255742","SYSTEM":"Off"}},{"type":"Feature","geometry":{"type":"LineString","coordinates":[[-95.3772738313965,29.8081369967491],[-95.37728583,29.8088823599989],[-95.37729344,29.8096012399989]]},"properties":{"AADT_CUR":252,"RTE_NM":"1130674","RTE_PRFX":"CS","RTE_NBR":"1130674","SYSTEM":"Off"}},{"type":"Feature","geometry":{"type":"LineString","coordinates":[[-95.4158955471232,29.8173775604038],[-95.41589073,29.817876089999],[-95.41588705,29.818072529999],[-95.41588097,29.818733199999],[-95.4158832,29.819198589999],[-95.41588913,29.819724369999],[-95.41590438,29.820483779999],[-95.41591776,29.8214734099991],[-95.41591465,29.8215448699991],[-95.41590895,29.821638719999],[-95.41591695,29.8229035999991],[-95.41591682,29.8235771299991]]},"properties":{"AADT_CUR":997,"RTE_NM":"1120935","RTE_PRFX":"CS","RTE_NBR":"1120935","SYSTEM":"Off"}},{"type":"Feature","geometry":{"type":"LineString","coordinates":[[-95.3553729,29.77513922],[-95.35582529,29.7760495],[-95.35625414,29.7769791],[-95.35670169,29.77789723],[-95.35698312,29.7784716],[-95.35726176,29.77906354],[-95.3578256,29.78022857],[-95.35811226,29.78082662],[-95.35837397,29.78140466]]},"properties":{"AADT_CUR":252,"RTE_NM":"1121905","RTE_PRFX":"CS","RTE_NBR":"1121905","SYSTEM":"Off"}},{"type":"Feature","geometry":{"type":"LineString","coordinates":[[-95.3676251493815,29.7737729372802],[-95.36769498,29.773894105],[-95.36860995,29.775371971],[-95.36886628,29.775788708],[-95.369027892,29.776129951],[-95.36916542,29.776481145],[-95.369310062,29.77696296],[-95.369399945,29.77745137],[-95.369408905,29.777860683],[-95.369360772,29.778203157],[-95.369293265,29.77855915],[-95.36915888,29.779030198],[-95.368929196,29.779642284],[-95.36874178,29.78022453],[-95.36860664,29.78077225],[-95.36856331,29.78106997],[-95.36853116,29.78150128],[-95.36853489,29.78188255],[-95.3685358021852,29.7819037466143]]},"properties":{"AADT_CUR":145775,"RTE_NM":"IH0045-LG","RTE_PRFX":"IH","RTE_NBR":"45","SYSTEM":"On"}},{"type":"Feature","geometry":{"type":"LineString","coordinates":[[-95.40835009,29.75232224],[-95.40835819,29.75304428]]},"properties":{"AADT_CUR":252,"RTE_NM":"1126617","RTE_PRFX":"CS","RTE_NBR":"1126617","SYSTEM":"Off"}},{"type":"Feature","geometry":{"type":"LineString","coordinates":[[-95.3498967766522,29.7278138863765],[-95.349888321,29.7276524839984],[-95.34988219,29.7272585689984],[-95.349895735,29.7268861449984],[-95.349897007,29.7266413519984],[-95.34992421,29.7264142129984],[-95.349996516,29.7261061349984],[-95.350093525114,29.7258463563334]]},"properties":{"AADT_CUR":10790,"RTE_NM":"257106","RTE_PRFX":"CS","RTE_NBR":"257106","SYSTEM":"Off"}},{"type":"Feature","geometry":{"type":"LineString","coordinates":[[-95.3612308772255,29.7265996774204],[-95.3612213635181,29.7266116470298]]},"properties":{"AADT_CUR":252,"RTE_NM":"1129559","RTE_PRFX":"CS","RTE_NBR":"1129559","SYSTEM":"Off"}},{"type":"Feature","geometry":{"type":"LineString","coordinates":[[-95.43394576,29.79324386],[-95.43394858,29.79369272],[-95.43393313,29.7938319]]},"properties":{"AADT_CUR":252,"RTE_NM":"1125157","RTE_PRFX":"CS","RTE_NBR":"1125157","SYSTEM":"Off"}},{"type":"Feature","geometry":{"type":"LineString","coordinates":[[-95.3393154766614,29.8002562653742],[-95.33860755,29.8003082599989],[-95.33641718,29.8003371699989],[-95.3363149,29.8003510199989],[-95.33623644,29.8004098999989],[-95.33621242,29.8005890799989]]},"properties":{"AADT_CUR":252,"RTE_NM":"1120215","RTE_PRFX":"CS","RTE_NBR":"1120215","SYSTEM":"Off"}},{"type":"Feature","geometry":{"type":"LineString","coordinates":[[-95.34410916,29.75962562],[-95.34323031,29.76074718]]},"properties":{"AADT_CUR":252,"RTE_NM":"1126641","RTE_PRFX":"CS","RTE_NBR":"1126641","SYSTEM":"Off"}},{"type":"Feature","geometry":{"type":"LineString","coordinates":[[-95.4216400433477,29.7643481461891],[-95.42097147,29.7643405599986],[-95.42052452,29.7643413299986],[-95.42011916,29.7643597099986],[-95.41923557,29.7643576799986],[-95.41841385,29.7643763599986],[-95.4176122,29.7643916999986],[-95.41627588,29.7643889899986]]},"properties":{"AADT_CUR":252,"RTE_NM":"1125600","RTE_PRFX":"CS","RTE_NBR":"1125600","SYSTEM":"Off"}},{"type":"Feature","geometry":{"type":"LineString","coordinates":[[-95.35768398,29.7846559499988],[-95.35761824,29.7846840499988],[-95.35759732,29.7847366399988],[-95.3575820118959,29.7849524373904],[-95.35758622,29.7856125299988],[-95.3575728,29.7866777899988],[-95.35760388,29.7867045799988],[-95.35768341,29.7867207199988]]},"properties":{"AADT_CUR":252,"RTE_NM":"1128721","RTE_PRFX":"CS","RTE_NBR":"1128721","SYSTEM":"Off"}},{"type":"Feature","geometry":{"type":"LineString","coordinates":[[-95.3120821378445,29.7224133060324],[-95.30921976,29.7215034399983],[-95.3082877,29.7212066099983],[-95.30702062,29.7208140199983]]},"properties":{"AADT_CUR":252,"RTE_NM":"1132075","RTE_PRFX":"CS","RTE_NBR":"1132075","SYSTEM":"Off"}},{"type":"Feature","geometry":{"type":"LineString","coordinates":[[-95.37355688,29.81250737],[-95.3734266,29.81269839],[-95.37325306,29.81288797],[-95.37304772,29.81304993],[-95.37290255,29.81313747],[-95.37263059,29.81326312],[-95.37245136,29.81331941],[-95.37216297,29.81338064],[-95.37185204,29.81341849],[-95.36743298,29.81352519],[-95.36638098,29.81354378],[-95.36390892,29.81355215],[-95.36323962,29.81357006],[-95.36227864,29.81359577],[-95.36178897,29.81360266],[-95.36061256,29.81361919],[-95.35860673,29.81364735],[-95.35759589,29.81368193],[-95.35647481,29.81369804],[-95.35611461,29.81368532],[-95.35565517,29.81363267],[-95.35442383,29.81339412]]},"properties":{"AADT_CUR":2244,"RTE_NM":"IH0610-AG","RTE_PRFX":"IH","RTE_NBR":"610","SYSTEM":"On"}},{"type":"Feature","geometry":{"type":"LineString","coordinates":[[-95.4335348918896,29.7397038666679],[-95.4335183145175,29.7397041609463]]},"properties":{"AADT_CUR":252,"RTE_NM":"1125470","RTE_PRFX":"CS","RTE_NBR":"1125470","SYSTEM":"Off"}},{"type":"Feature","geometry":{"type":"LineString","coordinates":[[-95.33186304,29.7458529799985],[-95.33134191,29.7471209599985],[-95.33094485,29.7480909299985],[-95.3305177790727,29.7491140372288]]},"properties":{"AADT_CUR":252,"RTE_NM":"1125162","RTE_PRFX":"CS","RTE_NBR":"1125162","SYSTEM":"Off"}},{"type":"Feature","geometry":{"type":"LineString","coordinates":[[-95.32292503,29.7077128299983],[-95.32246813,29.7088669999982],[-95.32213783,29.7096873499982],[-95.3218867,29.7102972199982],[-95.32176972,29.7106179399983],[-95.3217610905927,29.7106484953582]]},"properties":{"AADT_CUR":252,"RTE_NM":"1128703","RTE_PRFX":"CS","RTE_NBR":"1128703","SYSTEM":"Off"}},{"type":"Feature","geometry":{"type":"LineString","coordinates":[[-95.3830739129878,29.744652129727],[-95.3830406497099,29.744652948374]]},"properties":{"AADT_CUR":17231,"RTE_NM":"257311","RTE_PRFX":"CS","RTE_NBR":"257311","SYSTEM":"Off"}},{"type":"Feature","geometry":{"type":"LineString","coordinates":[[-95.35657479,29.73824782],[-95.35514444,29.73739654],[-95.35508658,29.73736805],[-95.3550169,29.73735636],[-95.35356839,29.73693658],[-95.3531508,29.73681402],[-95.3529038,29.73673356],[-95.35232197,29.7365488],[-95.35158994,29.73632491]]},"properties":{"AADT_CUR":252,"RTE_NM":"1131094","RTE_PRFX":"CS","RTE_NBR":"1131094","SYSTEM":"Off"}},{"type":"Feature","geometry":{"type":"LineString","coordinates":[[-95.3921100628215,29.7972244085909],[-95.3914628,29.7972333799989],[-95.39137969,29.7972268699989],[-95.39130217,29.7972012599989],[-95.39105034,29.7970801199989],[-95.39096298,29.7970553199989],[-95.39087151,29.7970432299989],[-95.38970883,29.7970696299989],[-95.38818732,29.7971003999989],[-95.38803175,29.7971037599989],[-95.38793547,29.7970784299988],[-95.38783826,29.7970569699989],[-95.38710224,29.7970690599989],[-95.38613493,29.7970798899989],[-95.38516031,29.7970921399988],[-95.38438478,29.7971041099989],[-95.38398635,29.7971128699989],[-95.3822721,29.7971371999989]]},"properties":{"AADT_CUR":252,"RTE_NM":"1119597","RTE_PRFX":"CS","RTE_NBR":"1119597","SYSTEM":"Off"}},{"type":"Feature","geometry":{"type":"LineString","coordinates":[[-95.42216775,29.7613746599986],[-95.42268427,29.7615899299986],[-95.42268824,29.7616660899986],[-95.42252345,29.7620158399986],[-95.42241221,29.7623576799986],[-95.42234405,29.7626289399986],[-95.42230376,29.7628733199986],[-95.42226101,29.7634329199987],[-95.42230738,29.7641372599986],[-95.42233198,29.7643627899986],[-95.4224318,29.7648135899986],[-95.42245404,29.7650135299986],[-95.42241055,29.7652339999987],[-95.42234989,29.7654009399987],[-95.42223532,29.7655692699987],[-95.42209662,29.7657102099987],[-95.42189184,29.7658287299987],[-95.4217214143029,29.7658681671657]]},"properties":{"AADT_CUR":252,"RTE_NM":"1123957","RTE_PRFX":"CS","RTE_NBR":"1123957","SYSTEM":"Off"}},{"type":"Feature","geometry":{"type":"LineString","coordinates":[[-95.37823259,29.76397795],[-95.3782318,29.76464773],[-95.37823861,29.76473403],[-95.37825357,29.76547739],[-95.37826515,29.76622172],[-95.37826995,29.76695881],[-95.37828203,29.76767628],[-95.37832068,29.76865763],[-95.37831303,29.76931717]]},"properties":{"AADT_CUR":658,"RTE_NM":"1132004","RTE_PRFX":"CS","RTE_NBR":"1132004","SYSTEM":"Off"}},{"type":"Feature","geometry":{"type":"LineString","coordinates":[[-95.37962926,29.7817138199988],[-95.37944684,29.7815269499988],[-95.37938595,29.7814659299988],[-95.37933133,29.7814016599988],[-95.3792561,29.7813332099988],[-95.37918406,29.7812785399988],[-95.37910323,29.7812293199987],[-95.37900004,29.7811795199988],[-95.37891813,29.7811373899988],[-95.37884077,29.7810927999988],[-95.37875854,29.7810292399988],[-95.37869837,29.7809751499988],[-95.3785815438482,29.7808736748438]]},"properties":{"AADT_CUR":252,"RTE_NM":"1130829","RTE_PRFX":"CS","RTE_NBR":"1130829","SYSTEM":"Off"}},{"type":"Feature","geometry":{"type":"LineString","coordinates":[[-95.42202255,29.7133693799983],[-95.42020604,29.7133895599983],[-95.4183984044714,29.7134099988284]]},"properties":{"AADT_CUR":252,"RTE_NM":"1252516","RTE_PRFX":"CS","RTE_NBR":"1252516","SYSTEM":"Off"}},{"type":"Feature","geometry":{"type":"LineString","coordinates":[[-95.33151791,29.72894748],[-95.33149403,29.72888774],[-95.33146937,29.72884919],[-95.3314322,29.72882091],[-95.32894174,29.72720767],[-95.32872345,29.72707143],[-95.32636895,29.72556214]]},"properties":{"AADT_CUR":252,"RTE_NM":"1123975","RTE_PRFX":"CS","RTE_NBR":"1123975","SYSTEM":"Off"}},{"type":"Feature","geometry":{"type":"LineString","coordinates":[[-95.4372531707883,29.7101413409194],[-95.43611406,29.7101609799982],[-95.43490058,29.7101774299983],[-95.433736069997,29.7101990598126]]},"properties":{"AADT_CUR":252,"RTE_NM":"1233723","RTE_PRFX":"CS","RTE_NBR":"1233723","SYSTEM":"Off"}},{"type":"Feature","geometry":{"type":"LineString","coordinates":[[-95.3154548978654,29.7726392892087],[-95.3154049726625,29.7726394154925]]},"properties":{"AADT_CUR":944,"RTE_NM":"256754","RTE_PRFX":"CS","RTE_NBR":"256754","SYSTEM":"Off"}},{"type":"Feature","geometry":{"type":"LineString","coordinates":[[-95.33742337,29.76338815],[-95.3364411,29.76339854]]},"properties":{"AADT_CUR":252,"RTE_NM":"1132097","RTE_PRFX":"CS","RTE_NBR":"1132097","SYSTEM":"Off"}},{"type":"Feature","geometry":{"type":"LineString","coordinates":[[-95.3429971387346,29.7719204699115],[-95.34304479,29.7719613299987],[-95.34306966,29.7720257499987],[-95.3430769,29.7723663399987],[-95.343084869939,29.7731409140743]]},"properties":{"AADT_CUR":252,"RTE_NM":"1124712","RTE_PRFX":"CS","RTE_NBR":"1124712","SYSTEM":"Off"}},{"type":"Feature","geometry":{"type":"LineString","coordinates":[[-95.37155136,29.81776807],[-95.37126615,29.81792471],[-95.37124792,29.8181143],[-95.37111187,29.81875772],[-95.37098786,29.81924271],[-95.37093026,29.81948601],[-95.3708989,29.81976902],[-95.37083905,29.82015173],[-95.37081128,29.82035996],[-95.37074796,29.82081488],[-95.3706503,29.82141198]]},"properties":{"AADT_CUR":252,"RTE_NM":"1291891","RTE_PRFX":"CS","RTE_NBR":"1291891","SYSTEM":"Off"}},{"type":"Feature","geometry":{"type":"LineString","coordinates":[[-95.3498232532785,29.7600327074137],[-95.34977406,29.7599176399986],[-95.34969893,29.7598478599986],[-95.34952588,29.7597369599986],[-95.34880156,29.7593045899986],[-95.3482299,29.7589600599986],[-95.34743567,29.7584672299986],[-95.3474356527567,29.7584672057684]]},"properties":{"AADT_CUR":58,"RTE_NM":"1121223","RTE_PRFX":"CS","RTE_NBR":"1121223","SYSTEM":"Off"}},{"type":"Feature","geometry":{"type":"LineString","coordinates":[[-95.3461072134702,29.7576894158814],[-95.34610301,29.7576948799986],[-95.3460884382617,29.7577133661325]]},"properties":{"AADT_CUR":252,"RTE_NM":"1121849","RTE_PRFX":"CS","RTE_NBR":"1121849","SYSTEM":"Off"}},{"type":"Feature","geometry":{"type":"LineString","coordinates":[[-95.368489662,29.76486238],[-95.368482533,29.764926219],[-95.368498202,29.76495979],[-95.368534042,29.764997273],[-95.3685786,29.76503592],[-95.36866443,29.76512817],[-95.36871071,29.76519414],[-95.36874789,29.76525902],[-95.36878495,29.76532726],[-95.36880605,29.76538414],[-95.368817276,29.765460346],[-95.368819115,29.765541209],[-95.368816757,29.76569886],[-95.368801618,29.766026512]]},"properties":{"AADT_CUR":252,"RTE_NM":"1119838","RTE_PRFX":"CS","RTE_NBR":"1119838","SYSTEM":"Off"}},{"type":"Feature","geometry":{"type":"LineString","coordinates":[[-95.41471792,29.74399938],[-95.41394442,29.74398237],[-95.41374184,29.74392752],[-95.41351726,29.74383198]]},"properties":{"AADT_CUR":252,"RTE_NM":"1122668","RTE_PRFX":"CS","RTE_NBR":"1122668","SYSTEM":"Off"}},{"type":"Feature","geometry":{"type":"LineString","coordinates":[[-95.3853884771005,29.7325589380777],[-95.385100448,29.7325463699968],[-95.384973683,29.7325301549968],[-95.384872398,29.7324755099968],[-95.384654796,29.7323505769968],[-95.3845110444369,29.7322713560943]]},"properties":{"AADT_CUR":252,"RTE_NM":"1120591","RTE_PRFX":"CS","RTE_NBR":"1120591","SYSTEM":"Off"}},{"type":"Feature","geometry":{"type":"LineString","coordinates":[[-95.3261762777631,29.7400307691981],[-95.3261626320604,29.7400224616929]]},"properties":{"AADT_CUR":503,"RTE_NM":"1129196","RTE_PRFX":"CS","RTE_NBR":"1129196","SYSTEM":"Off"}},{"type":"Feature","geometry":{"type":"LineString","coordinates":[[-95.3322603546164,29.733872635908],[-95.330261790672,29.7332493293995]]},"properties":{"AADT_CUR":115,"RTE_NM":"1127980","RTE_PRFX":"CS","RTE_NBR":"1127980","SYSTEM":"Off"}},{"type":"Feature","geometry":{"type":"LineString","coordinates":[[-95.3428464433905,29.7077461881828],[-95.3428307314357,29.7077414364131]]},"properties":{"AADT_CUR":252,"RTE_NM":"1129063","RTE_PRFX":"CS","RTE_NBR":"1129063","SYSTEM":"Off"}},{"type":"Feature","geometry":{"type":"LineString","coordinates":[[-95.41757962,29.7877724799988],[-95.4167164904621,29.7876044838212]]},"properties":{"AADT_CUR":252,"RTE_NM":"1122091","RTE_PRFX":"CS","RTE_NBR":"1122091","SYSTEM":"Off"}},{"type":"Feature","geometry":{"type":"LineString","coordinates":[[-95.41839765,29.76346593],[-95.41625008,29.76346617]]},"properties":{"AADT_CUR":252,"RTE_NM":"1122173","RTE_PRFX":"CS","RTE_NBR":"1122173","SYSTEM":"Off"}},{"type":"Feature","geometry":{"type":"LineString","coordinates":[[-95.4149644,29.7691228199986],[-95.41496484,29.7698116599987],[-95.41496264,29.7703508199987],[-95.4149483144386,29.7704926231922]]},"properties":{"AADT_CUR":252,"RTE_NM":"1125962","RTE_PRFX":"CS","RTE_NBR":"1125962","SYSTEM":"Off"}},{"type":"Feature","geometry":{"type":"LineString","coordinates":[[-95.3268020025444,29.7935170709458],[-95.32682212,29.7943856799988],[-95.32682307,29.7952116099989],[-95.32682621,29.7955044399989],[-95.32683582,29.7957199199989],[-95.32684273,29.7959141099989],[-95.3268595,29.7960474399989],[-95.32687497,29.7963912999988],[-95.32688326,29.7964910099989],[-95.32688442,29.7965905299989],[-95.32688774,29.7966963199989],[-95.3268776200185,29.7968820596592]]},"properties":{"AADT_CUR":252,"RTE_NM":"1126198","RTE_PRFX":"CS","RTE_NBR":"1126198","SYSTEM":"Off"}},{"type":"Feature","geometry":{"type":"LineString","coordinates":[[-95.3173116693063,29.7604724680947],[-95.31168508,29.7605437199986]]},"properties":{"AADT_CUR":252,"RTE_NM":"1119691","RTE_PRFX":"CS","RTE_NBR":"1119691","SYSTEM":"Off"}},{"type":"Feature","geometry":{"type":"LineString","coordinates":[[-95.3064926542963,29.7919220923474],[-95.30652556,29.7925033999988],[-95.30655156,29.7931766599988],[-95.30657708,29.7938630899989],[-95.30659206,29.7945624099989],[-95.3066132,29.7952311299988],[-95.30662043,29.7970537099989],[-95.30661571,29.8004330999989],[-95.30661839,29.8030788899989],[-95.3066245,29.8039925099989],[-95.30663112,29.8048920599989]]},"properties":{"AADT_CUR":276,"RTE_NM":"1126356","RTE_PRFX":"CS","RTE_NBR":"1126356","SYSTEM":"Off"}},{"type":"Feature","geometry":{"type":"LineString","coordinates":[[-95.30916296,29.79383021],[-95.30796854,29.79384868],[-95.30657708,29.79386309]]},"properties":{"AADT_CUR":252,"RTE_NM":"1127590","RTE_PRFX":"CS","RTE_NBR":"1127590","SYSTEM":"Off"}},{"type":"Feature","geometry":{"type":"LineString","coordinates":[[-95.4416494802291,29.7447588455734],[-95.44164523,29.7447588399985],[-95.43709939,29.7447093499985],[-95.43609598,29.7447154399985],[-95.43542086,29.7447331899985],[-95.4344753,29.7447909499985],[-95.43378543,29.7448670599985],[-95.4331048886802,29.7449615166217],[-95.43289945,29.7449900299985],[-95.4322954,29.7450761399985],[-95.43132854,29.7451671699985],[-95.43091829,29.7451965099985],[-95.43041628,29.7452070799985],[-95.43003979,29.7452141399985],[-95.42959165,29.7451970699985],[-95.42906041,29.7451469899985],[-95.4285386918011,29.7451113508475],[-95.42795199,29.7450712699985],[-95.4264954285528,29.7450671439598],[-95.42490296,29.7450883099985],[-95.42422454,29.7451340499985],[-95.42377658,29.7451654199985],[-95.42288245,29.7451278999985],[-95.42230091,29.7450971799985],[-95.42179301,29.7451248099985],[-95.421379,29.7451679599985],[-95.42094405,29.7452409099985],[-95.42034681,29.7454071099985],[-95.41979116,29.7455917599985],[-95.41941549,29.7456749599985],[-95.4188202586414,29.7457161473525],[-95.4184638,29.7456733699985],[-95.41788599,29.7455690099985],[-95.41741821,29.7455152999985],[-95.41698601,29.7455102499985],[-95.41655115,29.7455389499985],[-95.41612764,29.7456134899985],[-95.41558615,29.7457460199985]]},"properties":{"AADT_CUR":252,"RTE_NM":"1123037","RTE_PRFX":"CS","RTE_NBR":"1123037","SYSTEM":"Off"}},{"type":"Feature","geometry":{"type":"LineString","coordinates":[[-95.42193286,29.7078816299982],[-95.42011503,29.7079119399983],[-95.4184406,29.7079319099982],[-95.4183055848279,29.7078988398025]]},"properties":{"AADT_CUR":252,"RTE_NM":"1252484","RTE_PRFX":"CS","RTE_NBR":"1252484","SYSTEM":"Off"}},{"type":"Feature","geometry":{"type":"LineString","coordinates":[[-95.375000888652,29.7138375290558],[-95.37533989,29.7142485899983],[-95.37558822,29.7144433199983],[-95.37583906,29.7145943999983],[-95.37612069,29.7147164899983],[-95.37636503,29.7148645099983],[-95.37651123,29.7150300699983],[-95.37665171,29.7152528899983],[-95.37675017,29.7154984599983],[-95.37680673,29.7157051099983],[-95.37684174,29.7159381699983],[-95.37683152,29.7164003099983]]},"properties":{"AADT_CUR":252,"RTE_NM":"1126299","RTE_PRFX":"CS","RTE_NBR":"1126299","SYSTEM":"Off"}},{"type":"Feature","geometry":{"type":"LineString","coordinates":[[-95.393890868,29.743657583],[-95.393842251,29.743735704],[-95.39382072,29.743812556],[-95.393827505,29.74440991]]},"properties":{"AADT_CUR":252,"RTE_NM":"1501649","RTE_PRFX":"CS","RTE_NBR":"1501649","SYSTEM":"Off"}},{"type":"Feature","geometry":{"type":"LineString","coordinates":[[-95.37144626,29.719945198],[-95.37059353,29.71944344],[-95.37029664,29.7192673],[-95.369730406,29.718909855]]},"properties":{"AADT_CUR":252,"RTE_NM":"1132029","RTE_PRFX":"CS","RTE_NBR":"1132029","SYSTEM":"Off"}},{"type":"Feature","geometry":{"type":"LineString","coordinates":[[-95.3549317,29.78635299],[-95.35396102,29.78635685],[-95.35299661,29.78637162],[-95.35200052,29.78639578],[-95.351023,29.78641536],[-95.35021159,29.78642914],[-95.35012959,29.78642178],[-95.35005567,29.78637373]]},"properties":{"AADT_CUR":252,"RTE_NM":"1126270","RTE_PRFX":"CS","RTE_NBR":"1126270","SYSTEM":"Off"}},{"type":"Feature","geometry":{"type":"LineString","coordinates":[[-95.36687973,29.7829497799988],[-95.36682873,29.7828990399988],[-95.36674288,29.7828736799988],[-95.36637369,29.7828603799988],[-95.36632706,29.7828985999988],[-95.36591323,29.7830439199988],[-95.36555279,29.7831767099988],[-95.3650862729607,29.7833390211506]]},"properties":{"AADT_CUR":252,"RTE_NM":"1120722","RTE_PRFX":"CS","RTE_NBR":"1120722","SYSTEM":"Off"}},{"type":"Feature","geometry":{"type":"LineString","coordinates":[[-95.367872445,29.774180749],[-95.367368758,29.773641026],[-95.367002519,29.773122557],[-95.366611149,29.772517218],[-95.366070662,29.771650943],[-95.365847529,29.771254895],[-95.365771359,29.771083111],[-95.365531314,29.770545743],[-95.365426651,29.770352044],[-95.365245247,29.770027849],[-95.365042079,29.769682526],[-95.364972381,29.769595074],[-95.364771236,29.76935607],[-95.364478336,29.769110399],[-95.364344627,29.768995712],[-95.364181413,29.768885681],[-95.36392581,29.768728721],[-95.363627712,29.768575582],[-95.363333638,29.768455039],[-95.362857399,29.768256311],[-95.362584109,29.768123865],[-95.362298749,29.767971628],[-95.361857122,29.767735997],[-95.361533365,29.767555362],[-95.361366152,29.767430727],[-95.36114212,29.76724668],[-95.361000913,29.767054089],[-95.360753691,29.766495842]]},"properties":{"AADT_CUR":686,"RTE_NM":"1599255005","RTE_PRFX":"IH","RTE_NBR":"10","SYSTEM":"On"}},{"type":"Feature","geometry":{"type":"LineString","coordinates":[[-95.3470692723193,29.7600414237781],[-95.3470598536162,29.7600533200274]]},"properties":{"AADT_CUR":252,"RTE_NM":"1126212","RTE_PRFX":"CS","RTE_NBR":"1126212","SYSTEM":"Off"}},{"type":"Feature","geometry":{"type":"LineString","coordinates":[[-95.37232523,29.76728607],[-95.3722890515724,29.7637934600587]]},"properties":{"AADT_CUR":21852,"RTE_NM":"256528","RTE_PRFX":"CS","RTE_NBR":"256528","SYSTEM":"Off"}},{"type":"Feature","geometry":{"type":"LineString","coordinates":[[-95.33127588,29.79789677],[-95.33051535,29.79790647]]},"properties":{"AADT_CUR":252,"RTE_NM":"1123111","RTE_PRFX":"CS","RTE_NBR":"1123111","SYSTEM":"Off"}},{"type":"Feature","geometry":{"type":"LineString","coordinates":[[-95.3383642400502,29.7756688745971],[-95.33837366,29.7765314899987],[-95.33839281,29.7767481999987],[-95.33841467,29.7768145899987],[-95.33844267,29.7768599999987]]},"properties":{"AADT_CUR":252,"RTE_NM":"1122457","RTE_PRFX":"CS","RTE_NBR":"1122457","SYSTEM":"Off"}},{"type":"Feature","geometry":{"type":"LineString","coordinates":[[-95.32441418,29.7081425599983],[-95.32411059,29.7089121099983],[-95.32326018,29.7110604199983],[-95.3232485237784,29.711091453669]]},"properties":{"AADT_CUR":252,"RTE_NM":"1125988","RTE_PRFX":"CS","RTE_NBR":"1125988","SYSTEM":"Off"}},{"type":"Feature","geometry":{"type":"LineString","coordinates":[[-95.42518584,29.76171469],[-95.42485516,29.76204938],[-95.42456376,29.76221932]]},"properties":{"AADT_CUR":252,"RTE_NM":"1122856","RTE_PRFX":"CS","RTE_NBR":"1122856","SYSTEM":"Off"}},{"type":"Feature","geometry":{"type":"LineString","coordinates":[[-95.3576823,29.6940312099982],[-95.35719749,29.6951927999981],[-95.35672943,29.6963426099981],[-95.35626535,29.6975079999982],[-95.35609248,29.6979552799982],[-95.35579553,29.6986751299982],[-95.35531353,29.6998676899982],[-95.35484495,29.7010172599982],[-95.35437708,29.7021818199982],[-95.3542606495349,29.7024536300851]]},"properties":{"AADT_CUR":252,"RTE_NM":"1130258","RTE_PRFX":"CS","RTE_NBR":"1130258","SYSTEM":"Off"}},{"type":"Feature","geometry":{"type":"LineString","coordinates":[[-95.3405764690599,29.8091451770536],[-95.3405690193473,29.8091418140132],[-95.339964762,29.808752045999],[-95.339720133,29.8085852979989],[-95.3397042165173,29.8085746302319],[-95.339534165009,29.8084606556684],[-95.33951092,29.808445075999],[-95.339394915,29.808360127999],[-95.339297014,29.808284489999],[-95.339221913,29.8082187429989],[-95.339140105,29.808141940999],[-95.339069346,29.8080688639989],[-95.33903937,29.8080351299989],[-95.33895432,29.8079309799989],[-95.338899759,29.8078546099989],[-95.338845241,29.807772982999],[-95.338801218,29.8077001559989],[-95.338763816,29.807631308999],[-95.338730277,29.8075539859989],[-95.338689495,29.8074549029989],[-95.338657303,29.807371577999],[-95.338620027,29.8072528139989],[-95.33860022,29.8071776699989],[-95.3385846,29.8070891399989],[-95.33857071,29.807014499999],[-95.338556065,29.8069139619989],[-95.338549018,29.806793520999],[-95.33854997,29.8066975049989],[-95.338557969,29.806587350999],[-95.338571444,29.8064896669989],[-95.338591667,29.8063773369989],[-95.338620896,29.8062721279989],[-95.338654112,29.8061697619989],[-95.338708628,29.8060366979989],[-95.33879899,29.8058228299989],[-95.339221415,29.8049872089989],[-95.3393996609443,29.8046346099066],[-95.3396298176043,29.804179318951],[-95.33964384,29.8041515799989],[-95.33971636,29.8039875099989],[-95.33979177,29.8038287599989],[-95.33983955,29.8037269899989],[-95.339874425,29.8036387509989],[-95.3399194,29.8035134899989],[-95.33996105,29.8033780999989],[-95.33999403,29.8032166799989],[-95.340025472,29.8030696639989],[-95.340037585,29.8029477149989],[-95.34005307,29.8027823699989],[-95.340069926,29.8025058849989],[-95.34002399,29.8021323499989]]},"properties":{"AADT_CUR":27029,"RTE_NM":"1629072156","RTE_PRFX":"IH","RTE_NBR":"69","SYSTEM":"On"}},{"type":"Feature","geometry":{"type":"LineString","coordinates":[[-95.38729047,29.81652023],[-95.38729553,29.81710845],[-95.38732001,29.8181308],[-95.38732818,29.8191769]]},"properties":{"AADT_CUR":252,"RTE_NM":"1122415","RTE_PRFX":"CS","RTE_NBR":"1122415","SYSTEM":"Off"}},{"type":"Feature","geometry":{"type":"LineString","coordinates":[[-95.43295604,29.79251071],[-95.4316655,29.79252582],[-95.431367,29.79254879]]},"properties":{"AADT_CUR":252,"RTE_NM":"1124605","RTE_PRFX":"CS","RTE_NBR":"1124605","SYSTEM":"Off"}},{"type":"Feature","geometry":{"type":"LineString","coordinates":[[-95.4300239,29.77457418],[-95.42990452,29.77472658],[-95.42983899,29.77476188],[-95.42976182,29.77474818],[-95.42850115,29.77398957],[-95.42734314,29.77326535],[-95.42658636,29.77285045]]},"properties":{"AADT_CUR":252,"RTE_NM":"1126883","RTE_PRFX":"CS","RTE_NBR":"1126883","SYSTEM":"Off"}},{"type":"Feature","geometry":{"type":"LineString","coordinates":[[-95.3210658088992,29.7746459944005],[-95.32113932,29.7755324799987],[-95.32113902,29.7761756199961],[-95.3210995399994,29.7762544299988],[-95.32107235,29.7763735299961],[-95.32107834,29.7769689099987],[-95.3210803,29.7776760299987],[-95.32109526,29.7784034899987],[-95.32110763,29.7791085899988],[-95.32110773,29.7798157299962],[-95.3211045000004,29.7803786999987],[-95.32112898,29.7805283699987],[-95.3211508500006,29.7811096699987],[-95.32118465,29.7812514999988],[-95.3211997100002,29.7818346399988],[-95.32120955,29.7819680299964]]},"properties":{"AADT_CUR":252,"RTE_NM":"1130063","RTE_PRFX":"CS","RTE_NBR":"1130063","SYSTEM":"Off"}},{"type":"Feature","geometry":{"type":"LineString","coordinates":[[-95.38567574,29.7468619999985],[-95.38567428,29.7475328899985],[-95.3856844141189,29.748219346396],[-95.38569206,29.7483198399985],[-95.38569195,29.7488920699985],[-95.3857031,29.7495774399985],[-95.38571591,29.7502779499985],[-95.38571706,29.7509318599985],[-95.38571715,29.7515785699985],[-95.38573216,29.7519981999985],[-95.38573377,29.7526546799985],[-95.3857337133663,29.7527032320804],[-95.38573292,29.7533833799986],[-95.3857219723073,29.7534212075415],[-95.38571357,29.7534502399986],[-95.38567632,29.7535422199986],[-95.38567988,29.7541704999986],[-95.38568829,29.7548526399985],[-95.38569765,29.7556510299986],[-95.38570239,29.7562314999986],[-95.38569891,29.7569144999986],[-95.3857106606007,29.7576201897554],[-95.38571585,29.7577908699986],[-95.38575437,29.7579136499986],[-95.38579856,29.7581093999986],[-95.38580907,29.7583093099986],[-95.3857532,29.7590025699986],[-95.38575811,29.7596918099986],[-95.38577366,29.7603737999986],[-95.38579977,29.7611423499986]]},"properties":{"AADT_CUR":2022,"RTE_NM":"257201","RTE_PRFX":"CS","RTE_NBR":"257201","SYSTEM":"Off"}},{"type":"Feature","geometry":{"type":"LineString","coordinates":[[-95.4277223531657,29.7208840423043],[-95.427705718331,29.7208842426965]]},"properties":{"AADT_CUR":252,"RTE_NM":"1252522","RTE_PRFX":"CS","RTE_NBR":"1252522","SYSTEM":"Off"}},{"type":"Feature","geometry":{"type":"LineString","coordinates":[[-95.39460334,29.72601817],[-95.3946043,29.72611908],[-95.39462487,29.72617087],[-95.39466017,29.72620943],[-95.3950999,29.72662861],[-95.39511933,29.72800739],[-95.39462699,29.72852307]]},"properties":{"AADT_CUR":252,"RTE_NM":"1261187","RTE_PRFX":"CS","RTE_NBR":"1261187","SYSTEM":"Off"}},{"type":"Feature","geometry":{"type":"LineString","coordinates":[[-95.3968812,29.74490701],[-95.39530765,29.74565513],[-95.394076157,29.746230764]]},"properties":{"AADT_CUR":252,"RTE_NM":"1126895","RTE_PRFX":"CS","RTE_NBR":"1126895","SYSTEM":"Off"}},{"type":"Feature","geometry":{"type":"LineString","coordinates":[[-95.3377764050775,29.742381683005],[-95.33785002,29.7422802899985],[-95.33793634,29.7421492699985],[-95.33801538,29.7420147699985],[-95.3380655164602,29.7419183025601],[-95.33808692,29.7418771199985],[-95.3383199699929,29.7412759193378],[-95.338574760424,29.7406154036913],[-95.33866138,29.7403908499985],[-95.3388405358393,29.7399307668577]]},"properties":{"AADT_CUR":2114,"RTE_NM":"256163","RTE_PRFX":"CS","RTE_NBR":"256163","SYSTEM":"Off"}},{"type":"Feature","geometry":{"type":"LineString","coordinates":[[-95.3366679910966,29.727904823568],[-95.33764275,29.72852643],[-95.33841912,29.72902353],[-95.33936119,29.72962833],[-95.34008505,29.7300935],[-95.34061417,29.73045741],[-95.34127618,29.73095165],[-95.3421144,29.7316121],[-95.3436177,29.73280765],[-95.34511994,29.73399816],[-95.34605204,29.73468814],[-95.3472954696927,29.7354850339765]]},"properties":{"AADT_CUR":199536,"RTE_NM":"IH0045-KG","RTE_PRFX":"IH","RTE_NBR":"45","SYSTEM":"On"}},{"type":"Feature","geometry":{"type":"LineString","coordinates":[[-95.42483987,29.7613453],[-95.4248128,29.76125702],[-95.42480388,29.76107364],[-95.42465075,29.76095765],[-95.42451991,29.7609544],[-95.42437232,29.76099354],[-95.42423894,29.76112962],[-95.42425223,29.76135128],[-95.42419133,29.76170514],[-95.42430289,29.7619121],[-95.42456376,29.76221932],[-95.42490278,29.7625391],[-95.42518929,29.76275402],[-95.42537522,29.76275753]]},"properties":{"AADT_CUR":252,"RTE_NM":"1122770","RTE_PRFX":"CS","RTE_NBR":"1122770","SYSTEM":"Off"}},{"type":"Feature","geometry":{"type":"LineString","coordinates":[[-95.36580759,29.77594795],[-95.36480325,29.77631596],[-95.3640503,29.77658866],[-95.36298566,29.77697712],[-95.36217509,29.77726812],[-95.36137306,29.77755935],[-95.36058737,29.77785011],[-95.35981845,29.77812671],[-95.35906396,29.7784101],[-95.35830648,29.77867421],[-95.35726176,29.77906354],[-95.35649929,29.77933647],[-95.35576688,29.7796039],[-95.35517758,29.77983532]]},"properties":{"AADT_CUR":252,"RTE_NM":"1125135","RTE_PRFX":"CS","RTE_NBR":"1125135","SYSTEM":"Off"}},{"type":"Feature","geometry":{"type":"LineString","coordinates":[[-95.3722072930561,29.7567766858431],[-95.3722008922989,29.7567711583498],[-95.37218745,29.7567595499986],[-95.37128745,29.7562985899986],[-95.3707375184268,29.7560146390812],[-95.3698893931783,29.7555200276101],[-95.36981383,29.7554759599986],[-95.3690102317518,29.7550020893501],[-95.36862249,29.7547734399986],[-95.3681619614882,29.7544984744224],[-95.36743583,29.7540649199986],[-95.367283015247,29.7539726166243],[-95.36640606,29.7534429099986],[-95.36624257,29.7533410399986],[-95.3655548544939,29.7529171295363],[-95.36544548,29.7528497099985],[-95.364702629983,29.7524000018459],[-95.36464364,29.7523642899986],[-95.36383711,29.7518848299985],[-95.3637916162387,29.7518582752174],[-95.36302595,29.7514113499985],[-95.36294715,29.7513658199986]]},"properties":{"AADT_CUR":2860,"RTE_NM":"106770","RTE_PRFX":"CS","RTE_NBR":"106770","SYSTEM":"Off"}},{"type":"Feature","geometry":{"type":"LineString","coordinates":[[-95.37921837,29.7721516599987],[-95.37923932,29.7729197499987],[-95.3792570070146,29.7736684144116]]},"properties":{"AADT_CUR":252,"RTE_NM":"1124581","RTE_PRFX":"CS","RTE_NBR":"1124581","SYSTEM":"Off"}},{"type":"Feature","geometry":{"type":"LineString","coordinates":[[-95.3439905023304,29.7272858915481],[-95.3439764287884,29.7272809905818],[-95.34376126,29.7272060599984],[-95.34344408,29.7270905299984],[-95.34176953,29.7266053599984],[-95.3395418,29.7259574699984],[-95.33950582,29.7259580599984],[-95.33935132,29.7259650499983],[-95.33919748,29.7259792799984],[-95.33904474,29.7260006899984],[-95.33889354,29.7260292299984],[-95.3387443,29.7260648099984],[-95.33859747,29.7261073299984],[-95.33845347,29.7261566699984],[-95.33831271,29.7262126799984],[-95.3381825651066,29.7262720291884],[-95.33804252,29.7263440699984],[-95.33791387,29.7264190599984],[-95.33779003,29.7264999799984],[-95.33767133,29.7265865799984],[-95.3376585730916,29.7265969745708],[-95.3375884194365,29.7266541370458],[-95.33755377,29.7266823699984],[-95.3374537570801,29.7268210672374],[-95.337326114986,29.7269980797427],[-95.3372674247202,29.7270794704322],[-95.3371288837458,29.7272715961188],[-95.3370046911148,29.7274438230576],[-95.3368401030434,29.7276720681656],[-95.3367531946533,29.7277925892331],[-95.3367072045108,29.7278563663729],[-95.3366709164091,29.7279066890717],[-95.33664585,29.7279414499984]]},"properties":{"AADT_CUR":5828,"RTE_NM":"256239","RTE_PRFX":"CS","RTE_NBR":"256239","SYSTEM":"Off"}},{"type":"Feature","geometry":{"type":"LineString","coordinates":[[-95.320146709508,29.7172521013757],[-95.32014474,29.7172570599983],[-95.3201198814506,29.717266863178]]},"properties":{"AADT_CUR":252,"RTE_NM":"1122218","RTE_PRFX":"CS","RTE_NBR":"1122218","SYSTEM":"Off"}},{"type":"Feature","geometry":{"type":"LineString","coordinates":[[-95.3396477369575,29.7839899916788],[-95.339652211,29.784252311],[-95.33966294,29.785148548],[-95.339673668,29.785928383],[-95.339668304,29.786847884],[-95.339637459,29.787834883],[-95.339582473,29.789375885],[-95.339552968,29.790259273],[-95.339536875,29.791175242],[-95.339543581,29.792074909],[-95.339551627,29.79298155],[-95.339556992,29.794635364],[-95.33958526,29.796745608],[-95.3396106,29.79803343],[-95.339683657,29.800132091],[-95.339692938,29.801584602],[-95.33968355,29.801842954],[-95.339628565,29.802318924],[-95.339568215,29.802673864],[-95.339490431,29.803002037],[-95.339388951,29.803326269],[-95.339268356,29.803674503],[-95.33920208,29.80385493],[-95.33908053,29.80413202],[-95.33895193,29.80438558],[-95.33880568,29.80467542],[-95.33852362,29.8051059],[-95.33819472,29.80553236],[-95.33770235,29.8061475],[-95.33715182,29.80682274],[-95.33692613,29.80710966],[-95.336730101,29.807352932],[-95.336122911,29.808115341],[-95.3359990257159,29.8082885905142]]},"properties":{"AADT_CUR":187372,"RTE_NM":"IH0069-RG","RTE_PRFX":"IH","RTE_NBR":"69","SYSTEM":"On"}},{"type":"Feature","geometry":{"type":"LineString","coordinates":[[-95.43745343,29.76447082],[-95.43725896,29.76434843],[-95.4372529,29.76414228],[-95.4371268,29.76378485],[-95.43678576,29.76342262],[-95.43649179,29.76312025],[-95.43605162,29.76287214],[-95.43561872,29.76277765],[-95.43520026,29.76258395],[-95.43480707,29.76239981],[-95.43451843,29.7622002],[-95.43432996,29.7618538],[-95.43434258,29.76160572],[-95.43451775,29.76113306],[-95.43436909,29.7609076],[-95.43415868,29.76077421],[-95.4339496,29.76053136],[-95.43422198,29.76000075],[-95.43489605,29.75990795],[-95.43564108,29.76006189],[-95.43583775,29.76010096],[-95.43601806,29.76022633],[-95.43615842,29.76041099],[-95.43630604,29.76125362],[-95.43644879,29.76168939],[-95.436966,29.76243766],[-95.4373141,29.76224828],[-95.43805078,29.7617022],[-95.43824899,29.76149994],[-95.43873507,29.76166425],[-95.4388624,29.76184467],[-95.43887131,29.76229831],[-95.43891696,29.76254997],[-95.43906226,29.76278268],[-95.43927555,29.76319425],[-95.43969453,29.76380991],[-95.43972418,29.7639532],[-95.43971454,29.76422929],[-95.43965922,29.76439623],[-95.43957378,29.76457532],[-95.43944176,29.76467113],[-95.4391698,29.76473588],[-95.43865738,29.76459847],[-95.43819455,29.76453003],[-95.43766632,29.76454375],[-95.4374689481014,29.764476136071]]},"properties":{"AADT_CUR":252,"RTE_NM":"1128112","RTE_PRFX":"CS","RTE_NBR":"1128112","SYSTEM":"Off"}},{"type":"Feature","geometry":{"type":"LineString","coordinates":[[-95.30879639,29.7164580399983],[-95.30863281,29.7164388199983],[-95.30845943,29.7164597899983],[-95.3083514,29.7165127999983],[-95.308272,29.7165832899983],[-95.30817808,29.7167605599983],[-95.30815198,29.7169833599983],[-95.30820281,29.7171736499983],[-95.3082933,29.7172642899983],[-95.30842632,29.7173749999983],[-95.30862919,29.7174504099983],[-95.30897529,29.7175538399983],[-95.3091518,29.7176594499983],[-95.30927571,29.7178234199983],[-95.30933203,29.7180610899983],[-95.30934209,29.7182817399983],[-95.30925182,29.7187829599983],[-95.30923556,29.7192327099983],[-95.30923772,29.7194358299984],[-95.30919668,29.7196094199983],[-95.30909686,29.7197766699983],[-95.3089805,29.7199025399983],[-95.30883148,29.7200337999983],[-95.30873181,29.7200971699984],[-95.30861424,29.7201568899983],[-95.30848653,29.7201974399983],[-95.30832268,29.7202397899983],[-95.30809759,29.7202811599983],[-95.30799409,29.7202998399983],[-95.30768609,29.7204009699983],[-95.30744564,29.7205086399983],[-95.30719595,29.7206381799984],[-95.30702062,29.7208140199983],[-95.30692533,29.7209957499984],[-95.30688155,29.7211543499983],[-95.30685025,29.7214361399983],[-95.30675255,29.7218665899983],[-95.30665199,29.7221178399983],[-95.3063285936517,29.7229362101957]]},"properties":{"AADT_CUR":252,"RTE_NM":"1127215","RTE_PRFX":"CS","RTE_NBR":"1127215","SYSTEM":"Off"}},{"type":"Feature","geometry":{"type":"LineString","coordinates":[[-95.3940145308277,29.7069686700875],[-95.3942405,29.7072012699983],[-95.39427285,29.7074940799982],[-95.39421389,29.7077533599983],[-95.39394572,29.7079253499982]]},"properties":{"AADT_CUR":252,"RTE_NM":"1125701","RTE_PRFX":"CS","RTE_NBR":"1125701","SYSTEM":"Off"}},{"type":"Feature","geometry":{"type":"LineString","coordinates":[[-95.372012249111,29.7192363928921],[-95.3714758399991,29.7199083599978],[-95.37100671,29.7204925999966],[-95.3710040993424,29.7204958648504],[-95.37058309,29.7210223699966],[-95.37052391,29.7211137299966],[-95.3705213678531,29.721117016273],[-95.3702258,29.7214990999966],[-95.37002046,29.7217489299966],[-95.3700177488478,29.7217523134833],[-95.36982694,29.7219904399966],[-95.36954252,29.7223583299967],[-95.369539972747,29.7223615840258],[-95.36904226,29.7229973899966],[-95.3690396962221,29.7230005231319],[-95.36852485,29.7236296999967],[-95.3685223169146,29.7236329812474],[-95.36805564,29.7242374899968],[-95.3680530244717,29.7242407721597],[-95.36754439,29.7248790399968],[-95.3675429335808,29.7248808919214],[-95.36704787,29.7255103899968],[-95.3670453113939,29.725513637465],[-95.36656578,29.7261222699968],[-95.366563153904,29.7261255005362],[-95.366057712669,29.7267472732129],[-95.36556187,29.7273840199968],[-95.3655593658197,29.7273873081872],[-95.36508514,29.7280099999968],[-95.3650825133544,29.7280132071399],[-95.3645776564208,29.7286296342347],[-95.36456431,29.7286459299968],[-95.36413416,29.7291805899968],[-95.36409769,29.7292330199968],[-95.3640462581882,29.7292949367733],[-95.36401379,29.7293468799968],[-95.36369622,29.7297447399968],[-95.36365992,29.7297925299968],[-95.3636093222127,29.729844881842],[-95.36356323,29.7298921099968],[-95.36352144,29.7299443999968],[-95.36309964,29.7305171299968],[-95.3630935375439,29.7305249427259],[-95.36263791,29.7311082599968],[-95.36261663203,29.7311390554134],[-95.36258403,29.7311862399968],[-95.3616281852275,29.7323952342742],[-95.36161829,29.7324077499968],[-95.3611381,29.7330100399969],[-95.3611355077635,29.7330132348552],[-95.36068121,29.7335731399968],[-95.3606786480402,29.7335763760466],[-95.36013481,29.7342632999968],[-95.3601322394069,29.7342665085117],[-95.35967884,29.7348324199968],[-95.3596762259514,29.7348357018921],[-95.35923316,29.7353919599968],[-95.3592305956567,29.7353952945361],[-95.3586798376329,29.736111465288],[-95.35791781,29.7370536499969],[-95.3579138280885,29.7370585027769],[-95.3571726434639,29.7379617784442]]},"properties":{"AADT_CUR":1118,"RTE_NM":"1122408","RTE_PRFX":"CS","RTE_NBR":"1122408","SYSTEM":"Off"}},{"type":"Feature","geometry":{"type":"LineString","coordinates":[[-95.36123607,29.72563717],[-95.36070998,29.72629081],[-95.36024157,29.72688274],[-95.35965728,29.7276267]]},"properties":{"AADT_CUR":252,"RTE_NM":"1120926","RTE_PRFX":"CS","RTE_NBR":"1120926","SYSTEM":"Off"}},{"type":"Feature","geometry":{"type":"LineString","coordinates":[[-95.35411543,29.7321121499984],[-95.35383855,29.7328020899984],[-95.35360491,29.7333805799984],[-95.35356573,29.7334801399984],[-95.3532895109154,29.7341694979133],[-95.35328253,29.7341869199984],[-95.35301149,29.7348671199985],[-95.35275162,29.7355093599984],[-95.35252352,29.7361071599984],[-95.35247629,29.7361712399984],[-95.35232197,29.7365487999984],[-95.35206487,29.7372033399984],[-95.3518475367269,29.7377066970752]]},"properties":{"AADT_CUR":252,"RTE_NM":"1130888","RTE_PRFX":"CS","RTE_NBR":"1130888","SYSTEM":"Off"}},{"type":"Feature","geometry":{"type":"LineString","coordinates":[[-95.35729317,29.7259790599984],[-95.35714808,29.7263478699984],[-95.3568760135391,29.7270097381429],[-95.35654187,29.7278250099984],[-95.35628761,29.7284705599984],[-95.35600893,29.7291692099984],[-95.35597006,29.7292342499984],[-95.3557817995244,29.7296811328666],[-95.35577054,29.7297078599984],[-95.35547634,29.7304240699984],[-95.35523528,29.7310378199984],[-95.35497785,29.7316702999984],[-95.35473624,29.7322977399984]]},"properties":{"AADT_CUR":252,"RTE_NM":"1127348","RTE_PRFX":"CS","RTE_NBR":"1127348","SYSTEM":"Off"}},{"type":"Feature","geometry":{"type":"LineString","coordinates":[[-95.32808725,29.75350819],[-95.32775811,29.75389208],[-95.32756293,29.7541295]]},"properties":{"AADT_CUR":252,"RTE_NM":"1127252","RTE_PRFX":"CS","RTE_NBR":"1127252","SYSTEM":"Off"}},{"type":"Feature","geometry":{"type":"LineString","coordinates":[[-95.3214779693918,29.7463367855168],[-95.32111971,29.7471221599985],[-95.32072587,29.7480087899985],[-95.32030617,29.7489061099985],[-95.31991383,29.7497851599985]]},"properties":{"AADT_CUR":252,"RTE_NM":"1123136","RTE_PRFX":"CS","RTE_NBR":"1123136","SYSTEM":"Off"}},{"type":"Feature","geometry":{"type":"LineString","coordinates":[[-95.38361591,29.79873738],[-95.38357888,29.79880331],[-95.3835798,29.79975481]]},"properties":{"AADT_CUR":252,"RTE_NM":"1124417","RTE_PRFX":"CS","RTE_NBR":"1124417","SYSTEM":"Off"}},{"type":"Feature","geometry":{"type":"LineString","coordinates":[[-95.40896855,29.76167298],[-95.40866155,29.7607779],[-95.40861815,29.76053699],[-95.4086047,29.76024332],[-95.4086105346205,29.7596932537709]]},"properties":{"AADT_CUR":23049,"RTE_NM":"257133","RTE_PRFX":"CS","RTE_NBR":"257133","SYSTEM":"Off"}},{"type":"Feature","geometry":{"type":"LineString","coordinates":[[-95.3567187186812,29.7658916878827],[-95.35671274,29.7658902099986],[-95.3566864027519,29.765883199745]]},"properties":{"AADT_CUR":252,"RTE_NM":"1130357","RTE_PRFX":"CS","RTE_NBR":"1130357","SYSTEM":"Off"}},{"type":"Feature","geometry":{"type":"LineString","coordinates":[[-95.38971721,29.81648001],[-95.38972345,29.81717386],[-95.38972024,29.81804862],[-95.38973799,29.81810232],[-95.38975257,29.81817262],[-95.38976694,29.81914971]]},"properties":{"AADT_CUR":252,"RTE_NM":"1120042","RTE_PRFX":"CS","RTE_NBR":"1120042","SYSTEM":"Off"}},{"type":"Feature","geometry":{"type":"LineString","coordinates":[[-95.4322405851175,29.7280538191148],[-95.43227522,29.7284407599984],[-95.4323091,29.7288664699984],[-95.4323430795375,29.7289577546707]]},"properties":{"AADT_CUR":252,"RTE_NM":"1122047","RTE_PRFX":"CS","RTE_NBR":"1122047","SYSTEM":"Off"}},{"type":"Feature","geometry":{"type":"LineString","coordinates":[[-95.31741169,29.77807459],[-95.31737268,29.77813611],[-95.3173741,29.77833487],[-95.3174353,29.77875814],[-95.31744111,29.778952],[-95.31744168,29.77929098],[-95.31743064,29.77971471],[-95.31743179,29.78027409],[-95.31743881,29.78043445],[-95.31743078,29.78121138],[-95.31744441,29.78133381],[-95.31744778,29.78186545],[-95.31744486,29.78219611],[-95.31746701,29.78258258],[-95.31745994,29.7831533],[-95.31746529,29.7832236],[-95.31748625,29.78329971],[-95.31748566,29.78392709],[-95.31748293,29.7840029],[-95.31747662,29.78405066],[-95.31747474,29.78410252]]},"properties":{"AADT_CUR":252,"RTE_NM":"1123160","RTE_PRFX":"CS","RTE_NBR":"1123160","SYSTEM":"Off"}},{"type":"Feature","geometry":{"type":"LineString","coordinates":[[-95.3409722335592,29.7785879082235],[-95.3409878,29.7795702399987],[-95.34098933,29.7803601299988],[-95.34100487,29.7815500899988],[-95.34102119,29.7828136799988]]},"properties":{"AADT_CUR":252,"RTE_NM":"1120744","RTE_PRFX":"CS","RTE_NBR":"1120744","SYSTEM":"Off"}},{"type":"Feature","geometry":{"type":"LineString","coordinates":[[-95.3395557077592,29.7724823005052],[-95.33859892,29.7724922099987],[-95.3376357,29.7725016899987],[-95.3366567,29.7725107299987],[-95.3358091207037,29.7725399314426],[-95.33576533,29.7725414399987],[-95.33452202,29.7725756299987],[-95.33376389,29.7725898099987],[-95.3330795,29.7725995499987],[-95.33302962,29.7725988999987],[-95.33297889,29.7725855999987],[-95.33214531,29.7725918999987],[-95.33205956,29.7725919099987],[-95.33183985,29.7725886199987],[-95.33123427,29.7725870699987],[-95.33037939,29.7725966199987],[-95.32967313,29.7726761699987],[-95.32927631,29.7726839299987],[-95.32881598,29.7726897199987],[-95.32796136,29.7727346899987],[-95.32783028,29.7727613099987],[-95.32763588,29.7728296299987],[-95.32744234,29.7729546099987],[-95.32718088,29.7730676299987],[-95.3270723,29.7730762099987],[-95.3269518558179,29.7730480739641]]},"properties":{"AADT_CUR":963,"RTE_NM":"1126481","RTE_PRFX":"CS","RTE_NBR":"1126481","SYSTEM":"Off"}},{"type":"Feature","geometry":{"type":"LineString","coordinates":[[-95.3500007592466,29.7617586511872],[-95.349796286,29.762801345],[-95.349755071,29.763022798],[-95.349700445,29.763218639],[-95.349551616,29.76376609],[-95.349365114,29.764222212],[-95.34920038,29.76452593],[-95.34878179,29.76507413],[-95.34847833,29.76544176],[-95.348329162,29.765598914],[-95.347927763,29.765958553],[-95.347557617,29.766244936],[-95.347286714,29.766431202],[-95.347005081,29.766601168],[-95.346498143,29.766854954],[-95.346044849,29.76705286],[-95.345588872,29.767222825],[-95.344743975,29.767525502],[-95.343056863,29.768133184],[-95.342507008,29.768347385],[-95.342190508,29.768505707],[-95.341814998,29.768745518],[-95.3416590736468,29.7688607464127]]},"properties":{"AADT_CUR":173273,"RTE_NM":"IH0069-KG","RTE_PRFX":"IH","RTE_NBR":"69","SYSTEM":"On"}},{"type":"Feature","geometry":{"type":"LineString","coordinates":[[-95.32489304,29.78836801],[-95.32396346,29.78837048],[-95.322997,29.7883799],[-95.32200782,29.78838471],[-95.32127064,29.78838444]]},"properties":{"AADT_CUR":252,"RTE_NM":"1132431","RTE_PRFX":"CS","RTE_NBR":"1132431","SYSTEM":"Off"}},{"type":"Feature","geometry":{"type":"LineString","coordinates":[[-95.3073507987763,29.7829062177644],[-95.30605393,29.7829029099988],[-95.30526058,29.7828975199988],[-95.30320554,29.7828960399987],[-95.3011641918228,29.782897382747]]},"properties":{"AADT_CUR":252,"RTE_NM":"1131396","RTE_PRFX":"CS","RTE_NBR":"1131396","SYSTEM":"Off"}},{"type":"Feature","geometry":{"type":"LineString","coordinates":[[-95.3094015686841,29.7738307263771],[-95.30934793,29.7738651299987]]},"properties":{"AADT_CUR":288,"RTE_NM":"1124314","RTE_PRFX":"CS","RTE_NBR":"1124314","SYSTEM":"Off"}},{"type":"Feature","geometry":{"type":"LineString","coordinates":[[-95.3946476000558,29.8140190848713],[-95.39465599,29.814752029999],[-95.39465731,29.815567739999],[-95.39466481,29.816394289999],[-95.39467097,29.817157409999],[-95.39468279,29.817224909999],[-95.39468073,29.817307289999],[-95.39468241,29.818056679999],[-95.39470077,29.818892229999]]},"properties":{"AADT_CUR":493,"RTE_NM":"1119812","RTE_PRFX":"CS","RTE_NBR":"1119812","SYSTEM":"Off"}},{"type":"Feature","geometry":{"type":"LineString","coordinates":[[-95.32476112,29.77081355],[-95.32473946,29.77144079]]},"properties":{"AADT_CUR":252,"RTE_NM":"1119686","RTE_PRFX":"CS","RTE_NBR":"1119686","SYSTEM":"Off"}},{"type":"Feature","geometry":{"type":"LineString","coordinates":[[-95.319563392,29.740964749],[-95.31921081,29.74183155],[-95.31866376,29.74315887],[-95.31825049,29.744211],[-95.31823273,29.74424389],[-95.31784116,29.74521487]]},"properties":{"AADT_CUR":252,"RTE_NM":"1125793","RTE_PRFX":"CS","RTE_NBR":"1125793","SYSTEM":"Off"}},{"type":"Feature","geometry":{"type":"LineString","coordinates":[[-95.3621671196704,29.739617449743],[-95.3613335427046,29.7391052598577],[-95.36131883,29.7390962199985],[-95.3604658094747,29.738590177724],[-95.3596073321221,29.7380824957855],[-95.35917676,29.7378092499985],[-95.3587572119306,29.7375486612078],[-95.3579138275573,29.7370585024697]]},"properties":{"AADT_CUR":168,"RTE_NM":"1126627","RTE_PRFX":"CS","RTE_NBR":"1126627","SYSTEM":"Off"}},{"type":"Feature","geometry":{"type":"LineString","coordinates":[[-95.40176796647,29.7642364426547],[-95.40103715,29.7642343399986]]},"properties":{"AADT_CUR":252,"RTE_NM":"1127700","RTE_PRFX":"CS","RTE_NBR":"1127700","SYSTEM":"Off"}},{"type":"Feature","geometry":{"type":"LineString","coordinates":[[-95.34652894,29.7706326],[-95.34577569,29.77063266],[-95.34572708,29.77065223],[-95.34570199,29.77068405]]},"properties":{"AADT_CUR":252,"RTE_NM":"1128400","RTE_PRFX":"CS","RTE_NBR":"1128400","SYSTEM":"Off"}},{"type":"Feature","geometry":{"type":"LineString","coordinates":[[-95.374845565025,29.7921953733041],[-95.3748289280135,29.7921954473947]]},"properties":{"AADT_CUR":252,"RTE_NM":"1131567","RTE_PRFX":"CS","RTE_NBR":"1131567","SYSTEM":"Off"}},{"type":"Feature","geometry":{"type":"LineString","coordinates":[[-95.3912675023723,29.7446619870278],[-95.3912473006077,29.7446622760498],[-95.3905206301075,29.7446726699182],[-95.38991738,29.7446677699985],[-95.38965835,29.7446199099985],[-95.38938277,29.7445346899985],[-95.38884363,29.7445099999985],[-95.3872315539347,29.7445497379483],[-95.3860010799844,29.7445800555128]]},"properties":{"AADT_CUR":16373,"RTE_NM":"257311","RTE_PRFX":"CS","RTE_NBR":"257311","SYSTEM":"Off"}},{"type":"Feature","geometry":{"type":"LineString","coordinates":[[-95.32870669,29.79602045],[-95.32773338,29.79602153],[-95.3268595,29.79604744]]},"properties":{"AADT_CUR":252,"RTE_NM":"1121931","RTE_PRFX":"CS","RTE_NBR":"1121931","SYSTEM":"Off"}},{"type":"Feature","geometry":{"type":"LineString","coordinates":[[-95.4293678626968,29.8123252568489],[-95.42881265,29.81231964],[-95.42876504,29.81231992],[-95.42765806,29.81232623],[-95.41606697,29.81239176],[-95.4158393,29.81239304],[-95.41525235,29.81239894],[-95.41441476,29.81243917],[-95.41243685,29.81246396],[-95.41207152,29.81246854],[-95.4120454,29.81246888],[-95.41078862,29.81248552],[-95.4103329082859,29.8125124139536]]},"properties":{"AADT_CUR":11879,"RTE_NM":"IH0610-AG","RTE_PRFX":"IH","RTE_NBR":"610","SYSTEM":"On"}},{"type":"Feature","geometry":{"type":"LineString","coordinates":[[-95.4370687868,29.7416058193166],[-95.43708852,29.7420952899985],[-95.43708671,29.7429214699985],[-95.43709303,29.7437527399985],[-95.43709939,29.7447093499985],[-95.43710603,29.7449621299985],[-95.43713952,29.7451797199985],[-95.43745371,29.7456366499985],[-95.43797277,29.7464024899985],[-95.43806734,29.7464782799985],[-95.43819866,29.7465145599985],[-95.43834437,29.7465184299985],[-95.4384078083091,29.7470226068503]]},"properties":{"AADT_CUR":252,"RTE_NM":"1126305","RTE_PRFX":"CS","RTE_NBR":"1126305","SYSTEM":"Off"}},{"type":"Feature","geometry":{"type":"LineString","coordinates":[[-95.3523257518154,29.7030183432266],[-95.35227593,29.7032767999964],[-95.3522744000004,29.7034212699982],[-95.35239071,29.7039206299964],[-95.35248697,29.7042035399964],[-95.3526762700006,29.704711499998],[-95.35303001,29.7056218099964]]},"properties":{"AADT_CUR":528,"RTE_NM":"1123139","RTE_PRFX":"CS","RTE_NBR":"1123139","SYSTEM":"Off"}},{"type":"Feature","geometry":{"type":"LineString","coordinates":[[-95.35166471,29.71200744],[-95.35141348,29.7119129],[-95.35120986,29.71185673],[-95.35086535,29.71175989]]},"properties":{"AADT_CUR":252,"RTE_NM":"1123830","RTE_PRFX":"CS","RTE_NBR":"1123830","SYSTEM":"Off"}},{"type":"Feature","geometry":{"type":"LineString","coordinates":[[-95.4428568030951,29.8149856938996],[-95.44235759,29.815085509999],[-95.44199651,29.815111969999],[-95.43991633,29.815118779999],[-95.43679981,29.815146839999]]},"properties":{"AADT_CUR":252,"RTE_NM":"1130405","RTE_PRFX":"CS","RTE_NBR":"1130405","SYSTEM":"Off"}},{"type":"Feature","geometry":{"type":"LineString","coordinates":[[-95.39036296,29.76719972],[-95.39030915,29.7679173],[-95.39021312,29.76862577]]},"properties":{"AADT_CUR":252,"RTE_NM":"1131590","RTE_PRFX":"CS","RTE_NBR":"1131590","SYSTEM":"Off"}},{"type":"Feature","geometry":{"type":"LineString","coordinates":[[-95.420912889667,29.751754799718],[-95.4209152758852,29.75176916292]]},"properties":{"AADT_CUR":252,"RTE_NM":"1125862","RTE_PRFX":"CS","RTE_NBR":"1125862","SYSTEM":"Off"}},{"type":"Feature","geometry":{"type":"LineString","coordinates":[[-95.4188499777929,29.7483125227894],[-95.4188360967415,29.7483148405354],[-95.4176561005875,29.7485092459702],[-95.4164803446709,29.7487029411302],[-95.41506883,29.7489354599985],[-95.4141520736956,29.7489507981164],[-95.4106820103862,29.7490087951671]]},"properties":{"AADT_CUR":8598,"RTE_NM":"257081","RTE_PRFX":"CS","RTE_NBR":"257081","SYSTEM":"Off"}},{"type":"Feature","geometry":{"type":"LineString","coordinates":[[-95.4020917003222,29.7427850291071],[-95.40208727,29.74247567],[-95.40206267,29.74133691],[-95.40203311,29.74030204],[-95.40201924,29.7398534],[-95.40198843,29.73867107],[-95.4019878550455,29.7386408811487]]},"properties":{"AADT_CUR":6869,"RTE_NM":"256207","RTE_PRFX":"CS","RTE_NBR":"256207","SYSTEM":"Off"}},{"type":"Feature","geometry":{"type":"LineString","coordinates":[[-95.4128226622639,29.7286214258266],[-95.41125834,29.7286568199984],[-95.41057825,29.7286671099984],[-95.4105483901869,29.7286674822725],[-95.406963036722,29.7287121311451],[-95.40442374,29.7287392399984],[-95.4043972776153,29.7287395964978],[-95.4020932569014,29.7287706149187],[-95.3994700481492,29.7288083609073]]},"properties":{"AADT_CUR":252,"RTE_NM":"1126838","RTE_PRFX":"CS","RTE_NBR":"1126838","SYSTEM":"Off"}},{"type":"Feature","geometry":{"type":"LineString","coordinates":[[-95.4082602450282,29.7653717504055],[-95.4082779936526,29.7660669161796],[-95.40827866,29.7660930299987],[-95.40829006,29.7668265999987],[-95.40829451,29.7671969299986],[-95.40830881,29.7675414399987],[-95.40832234,29.7682694299987],[-95.40832752,29.7690161999987],[-95.40834087,29.7697420899987],[-95.40834992,29.7700594999987],[-95.40835087,29.7703521199987],[-95.40835263,29.7704735299987],[-95.408366329518,29.7712122781036],[-95.40836665,29.7712295599987],[-95.40837774,29.7719513799987],[-95.40839253,29.7725232299987],[-95.40839651,29.7728794499987],[-95.40840838,29.7734185699987],[-95.40842629,29.7741312399987],[-95.4084373239325,29.7748619859013],[-95.40845017,29.7755532099987],[-95.40845547,29.7755927699987],[-95.4084723,29.7763213799987],[-95.4084723395374,29.7770616685145]]},"properties":{"AADT_CUR":397,"RTE_NM":"1127886","RTE_PRFX":"CS","RTE_NBR":"1127886","SYSTEM":"Off"}},{"type":"Feature","geometry":{"type":"LineString","coordinates":[[-95.37209114,29.79014203],[-95.37207846,29.7899094],[-95.37208993,29.78934866],[-95.37205733,29.78863368],[-95.37184915,29.78814573],[-95.37183892,29.78789542],[-95.37189314,29.78765801],[-95.37204131,29.7874659],[-95.37210665,29.78728422],[-95.3721068,29.78706074],[-95.37209955,29.78608653],[-95.37210058,29.78511229],[-95.37210994,29.78413809],[-95.37211545,29.78378057],[-95.37211537,29.78371695],[-95.37210891,29.78358853],[-95.37209405,29.78346063],[-95.37207085,29.78333368],[-95.37203939,29.7832081],[-95.37199976,29.78308429],[-95.37196156,29.78298514],[-95.37193559,29.78288602],[-95.37191916,29.78278944],[-95.37191113,29.78269204],[-95.37191157,29.7825944],[-95.37192049,29.78249706],[-95.37193781,29.78240058],[-95.37196345,29.78230554],[-95.37199725,29.78221245],[-95.3723483,29.780929],[-95.37236059,29.78089602],[-95.37239948,29.78077658],[-95.3724264220311,29.7806705006911]]},"properties":{"AADT_CUR":5714,"RTE_NM":"256528","RTE_PRFX":"CS","RTE_NBR":"256528","SYSTEM":"Off"}},{"type":"Feature","geometry":{"type":"LineString","coordinates":[[-95.3669944140395,29.7862279696176],[-95.3669820711941,29.7862376969202]]},"properties":{"AADT_CUR":736,"RTE_NM":"1127454","RTE_PRFX":"CS","RTE_NBR":"1127454","SYSTEM":"Off"}},{"type":"Feature","geometry":{"type":"LineString","coordinates":[[-95.34832628,29.75583979],[-95.34820456,29.75585556],[-95.34815073,29.75585667],[-95.34810695,29.75584024],[-95.3477768,29.75565196],[-95.34752145,29.7554963]]},"properties":{"AADT_CUR":252,"RTE_NM":"1129090","RTE_PRFX":"CS","RTE_NBR":"1129090","SYSTEM":"Off"}},{"type":"Feature","geometry":{"type":"LineString","coordinates":[[-95.3672042478537,29.7655134051606],[-95.3671881067636,29.765509878865]]},"properties":{"AADT_CUR":16266,"RTE_NM":"256312","RTE_PRFX":"CS","RTE_NBR":"256312","SYSTEM":"Off"}},{"type":"Feature","geometry":{"type":"LineString","coordinates":[[-95.31522562,29.77573508],[-95.31351243,29.7758047]]},"properties":{"AADT_CUR":252,"RTE_NM":"1123317","RTE_PRFX":"CS","RTE_NBR":"1123317","SYSTEM":"Off"}},{"type":"Feature","geometry":{"type":"LineString","coordinates":[[-95.3399104716228,29.8015761544913],[-95.3398593,29.80156553],[-95.33891599,29.80130362],[-95.33743516,29.80099786],[-95.3370831,29.80090114],[-95.33662376,29.8007526],[-95.33632705,29.80064595],[-95.3362642874402,29.8006233910805]]},"properties":{"AADT_CUR":7266,"RTE_NM":"256054","RTE_PRFX":"CS","RTE_NBR":"256054","SYSTEM":"Off"}},{"type":"Feature","geometry":{"type":"LineString","coordinates":[[-95.32804797,29.76588759],[-95.32799007,29.76597425],[-95.32784684,29.76602717],[-95.32750702,29.76603257],[-95.32732089,29.76603288],[-95.32669404,29.76605593],[-95.3265184,29.76605759]]},"properties":{"AADT_CUR":14,"RTE_NM":"1120143","RTE_PRFX":"CS","RTE_NBR":"1120143","SYSTEM":"Off"}},{"type":"Feature","geometry":{"type":"LineString","coordinates":[[-95.3325980006887,29.7653595439464],[-95.3325647013142,29.7653581832748]]},"properties":{"AADT_CUR":582,"RTE_NM":"1126721","RTE_PRFX":"CS","RTE_NBR":"1126721","SYSTEM":"Off"}},{"type":"Feature","geometry":{"type":"LineString","coordinates":[[-95.39984902,29.7796344599988],[-95.399895,29.7814265899987],[-95.39990298,29.7819559499988],[-95.39993396,29.7834062099988],[-95.3999658,29.7851235999988],[-95.40001081,29.7869751699988],[-95.4000346,29.7888141299988],[-95.40005814,29.7897290699988],[-95.4000757894271,29.7906093889524],[-95.40007675,29.7906572999988],[-95.40010036,29.7924336199988],[-95.40011716,29.7925001299988],[-95.40012778,29.7937925999989],[-95.40013908,29.7943424099988],[-95.4001762249386,29.7961709899135],[-95.40017685,29.7962017599989],[-95.40021089,29.7980355099989],[-95.4002482791849,29.7998668841835]]},"properties":{"AADT_CUR":354,"RTE_NM":"1119615","RTE_PRFX":"CS","RTE_NBR":"1119615","SYSTEM":"Off"}},{"type":"Feature","geometry":{"type":"LineString","coordinates":[[-95.31906949,29.7113054499983],[-95.3178902257739,29.7142789135188],[-95.31788475,29.7142927199983],[-95.31768153,29.7144403699983],[-95.31751508,29.7146162599983],[-95.3170116196463,29.7157782370688]]},"properties":{"AADT_CUR":252,"RTE_NM":"1127548","RTE_PRFX":"CS","RTE_NBR":"1127548","SYSTEM":"Off"}},{"type":"Feature","geometry":{"type":"LineString","coordinates":[[-95.31690994,29.7917477799988],[-95.31694617,29.7936517499988],[-95.31694163,29.7946142799989],[-95.316855913254,29.7950338940694]]},"properties":{"AADT_CUR":252,"RTE_NM":"1127720","RTE_PRFX":"CS","RTE_NBR":"1127720","SYSTEM":"Off"}},{"type":"Feature","geometry":{"type":"LineString","coordinates":[[-95.3751608214961,29.7008934969543],[-95.37514346,29.70089416],[-95.37481735,29.70090661],[-95.37432493,29.70092695],[-95.37410378,29.70096127],[-95.37305206,29.70129028],[-95.37273521,29.70137278],[-95.37237982,29.70143728],[-95.37179322,29.70150872],[-95.3594301026445,29.7022282818707]]},"properties":{"AADT_CUR":22908,"RTE_NM":"UA0090-RG","RTE_PRFX":"UA","RTE_NBR":"90","SYSTEM":"On"}},{"type":"Feature","geometry":{"type":"LineString","coordinates":[[-95.3676975752301,29.701877292101],[-95.36709187,29.7034292199982],[-95.36681218,29.7041121099982],[-95.36664256,29.7045585799982]]},"properties":{"AADT_CUR":252,"RTE_NM":"1122211","RTE_PRFX":"CS","RTE_NBR":"1122211","SYSTEM":"Off"}},{"type":"Feature","geometry":{"type":"LineString","coordinates":[[-95.3546591248375,29.8134252048103],[-95.3546592247384,29.813439724512]]},"properties":{"AADT_CUR":403,"RTE_NM":"1121515","RTE_PRFX":"CS","RTE_NBR":"1121515","SYSTEM":"Off"}},{"type":"Feature","geometry":{"type":"LineString","coordinates":[[-95.3560648633397,29.7395866543925],[-95.3560013498265,29.7395692409844]]},"properties":{"AADT_CUR":560,"RTE_NM":"1124097","RTE_PRFX":"CS","RTE_NBR":"1124097","SYSTEM":"Off"}},{"type":"Feature","geometry":{"type":"LineString","coordinates":[[-95.3451528818954,29.7415190916229],[-95.3451370855483,29.7415146570778]]},"properties":{"AADT_CUR":84,"RTE_NM":"1121724","RTE_PRFX":"CS","RTE_NBR":"1121724","SYSTEM":"Off"}},{"type":"Feature","geometry":{"type":"LineString","coordinates":[[-95.3654693603204,29.817185569995],[-95.3640172,29.817188379999],[-95.3625668,29.817203859999],[-95.36117921,29.817219639999],[-95.3596566,29.817240839999],[-95.35821872,29.817248989999],[-95.356767,29.817267679999],[-95.3550915143009,29.8172872235661]]},"properties":{"AADT_CUR":252,"RTE_NM":"1125427","RTE_PRFX":"CS","RTE_NBR":"1125427","SYSTEM":"Off"}},{"type":"Feature","geometry":{"type":"LineString","coordinates":[[-95.3066276204562,29.6969595536733],[-95.3061125,29.6982619699982],[-95.30437582561,29.7026950381993],[-95.30435539,29.7027471999982],[-95.3042033467209,29.7031772739933]]},"properties":{"AADT_CUR":252,"RTE_NM":"1124015","RTE_PRFX":"CS","RTE_NBR":"1124015","SYSTEM":"Off"}},{"type":"Feature","geometry":{"type":"LineString","coordinates":[[-95.38027516,29.70482137],[-95.37947639,29.70457307],[-95.37941591,29.70456347],[-95.37934645,29.70457089],[-95.37929579,29.70460602],[-95.37926217,29.70465357],[-95.37912457,29.7048888],[-95.37904634,29.70501479],[-95.37892422,29.70517809],[-95.37881436,29.70529592],[-95.37873302,29.70536696],[-95.37867733,29.70543625],[-95.37867103,29.70550689],[-95.37867904,29.70556684],[-95.37872519,29.7056234],[-95.37881849,29.70567238],[-95.37989443,29.70599132]]},"properties":{"AADT_CUR":252,"RTE_NM":"1124173","RTE_PRFX":"CS","RTE_NBR":"1124173","SYSTEM":"Off"}},{"type":"Feature","geometry":{"type":"LineString","coordinates":[[-95.377024201258,29.7222346824575],[-95.3770049495352,29.7222230650548],[-95.3769968453611,29.7222181653268]]},"properties":{"AADT_CUR":9705,"RTE_NM":"257148","RTE_PRFX":"CS","RTE_NBR":"257148","SYSTEM":"Off"}},{"type":"Feature","geometry":{"type":"LineString","coordinates":[[-95.3895503509263,29.7257576688518],[-95.38871276,29.7252716999968],[-95.3878798819406,29.7247788510266]]},"properties":{"AADT_CUR":12144,"RTE_NM":"255911","RTE_PRFX":"CS","RTE_NBR":"255911","SYSTEM":"Off"}},{"type":"Feature","geometry":{"type":"LineString","coordinates":[[-95.3882986027868,29.7322898303919],[-95.388349882,29.732283389],[-95.388733315,29.732251592],[-95.389679973,29.732112152]]},"properties":{"AADT_CUR":61540,"RTE_NM":"SS0527-RG","RTE_PRFX":"SS","RTE_NBR":"527","SYSTEM":"On"}},{"type":"Feature","geometry":{"type":"LineString","coordinates":[[-95.3621921811783,29.7271823818916],[-95.3621826503841,29.7271943489054]]},"properties":{"AADT_CUR":171,"RTE_NM":"1127780","RTE_PRFX":"CS","RTE_NBR":"1127780","SYSTEM":"Off"}},{"type":"Feature","geometry":{"type":"LineString","coordinates":[[-95.370315106,29.734100429],[-95.37000701,29.73449907],[-95.36972908,29.73486925],[-95.369278889,29.735561716],[-95.368553252,29.736792472]]},"properties":{"AADT_CUR":23026,"RTE_NM":"1638403210","RTE_PRFX":"IH","RTE_NBR":"69","SYSTEM":"On"}},{"type":"Feature","geometry":{"type":"LineString","coordinates":[[-95.4247882552378,29.7368737983219],[-95.42477295,29.7368736099985],[-95.42375411,29.7368945999984],[-95.42274081,29.7369077899984]]},"properties":{"AADT_CUR":252,"RTE_NM":"1261054","RTE_PRFX":"CS","RTE_NBR":"1261054","SYSTEM":"Off"}},{"type":"Feature","geometry":{"type":"LineString","coordinates":[[-95.35733658,29.7670067599986],[-95.3571237840275,29.7676452966576]]},"properties":{"AADT_CUR":252,"RTE_NM":"1131454","RTE_PRFX":"CS","RTE_NBR":"1131454","SYSTEM":"Off"}},{"type":"Feature","geometry":{"type":"LineString","coordinates":[[-95.3714924,29.76882701],[-95.37150418,29.7693592],[-95.37150286,29.76996625],[-95.37150794,29.77006058]]},"properties":{"AADT_CUR":92,"RTE_NM":"1124654","RTE_PRFX":"CS","RTE_NBR":"1124654","SYSTEM":"Off"}},{"type":"Feature","geometry":{"type":"LineString","coordinates":[[-95.412891113077,29.735935240057],[-95.41105701,29.7359507299984],[-95.41066463,29.7359627999984],[-95.40804238,29.7359846299985],[-95.4071221751903,29.7359897360157],[-95.40706555,29.7359900499984],[-95.40624757,29.7359976199984],[-95.4044859354448,29.736033858248],[-95.40195191,29.7360571599984],[-95.3992808575418,29.7360895213052],[-95.39802061,29.7361044499984],[-95.39796442,29.7360956999984],[-95.39791629,29.7360720599984]]},"properties":{"AADT_CUR":252,"RTE_NM":"1131610","RTE_PRFX":"CS","RTE_NBR":"1131610","SYSTEM":"Off"}},{"type":"Feature","geometry":{"type":"LineString","coordinates":[[-95.41040665,29.72198404],[-95.40854081,29.72223532]]},"properties":{"AADT_CUR":252,"RTE_NM":"1128461","RTE_PRFX":"CS","RTE_NBR":"1128461","SYSTEM":"Off"}},{"type":"Feature","geometry":{"type":"LineString","coordinates":[[-95.4277110132418,29.7201668381957],[-95.4276943787505,29.7201670385838]]},"properties":{"AADT_CUR":252,"RTE_NM":"1252534","RTE_PRFX":"CS","RTE_NBR":"1252534","SYSTEM":"Off"}},{"type":"Feature","geometry":{"type":"LineString","coordinates":[[-95.32791862,29.7420483699985],[-95.32802554,29.7420577599985],[-95.32818318,29.7420840799985],[-95.32858995,29.7421640699985],[-95.32890674,29.7422257799985],[-95.32910208,29.7422784999985],[-95.32925575,29.7423279299985],[-95.3294075139149,29.7424091867405]]},"properties":{"AADT_CUR":252,"RTE_NM":"1127142","RTE_PRFX":"CS","RTE_NBR":"1127142","SYSTEM":"Off"}},{"type":"Feature","geometry":{"type":"LineString","coordinates":[[-95.32331972,29.73524392],[-95.32199864,29.73697945]]},"properties":{"AADT_CUR":252,"RTE_NM":"1132429","RTE_PRFX":"CS","RTE_NBR":"1132429","SYSTEM":"Off"}},{"type":"Feature","geometry":{"type":"LineString","coordinates":[[-95.39101756,29.8006618799989],[-95.38945426,29.8006922899989],[-95.3879832838301,29.8006975000501]]},"properties":{"AADT_CUR":252,"RTE_NM":"1122702","RTE_PRFX":"CS","RTE_NBR":"1122702","SYSTEM":"Off"}},{"type":"Feature","geometry":{"type":"LineString","coordinates":[[-95.3392033880892,29.7891999389747],[-95.33919451,29.7891997099988],[-95.33839236,29.7892083399988],[-95.33834513,29.7892169299988],[-95.33831857,29.7892813699988],[-95.33829783,29.7893443199988],[-95.33826547,29.7893680799988],[-95.33738726,29.7893777599988],[-95.33667504,29.7893793899988],[-95.33634593,29.7893847999988],[-95.33587338,29.7893899499988]]},"properties":{"AADT_CUR":252,"RTE_NM":"1125219","RTE_PRFX":"CS","RTE_NBR":"1125219","SYSTEM":"Off"}},{"type":"Feature","geometry":{"type":"LineString","coordinates":[[-95.30903641,29.79315345],[-95.30794788,29.79316678],[-95.30655156,29.79317666]]},"properties":{"AADT_CUR":252,"RTE_NM":"1124083","RTE_PRFX":"CS","RTE_NBR":"1124083","SYSTEM":"Off"}},{"type":"Feature","geometry":{"type":"LineString","coordinates":[[-95.43105515,29.69387411],[-95.43105691,29.69469274],[-95.43106957,29.69550976],[-95.43107201,29.69634641],[-95.43108359,29.69716309],[-95.43109044,29.69799164],[-95.43110074,29.69881429],[-95.43111525,29.69964083],[-95.43111536,29.69997625],[-95.43110836,29.70046878],[-95.43112238,29.70127926],[-95.43111811,29.70213044],[-95.43113352,29.70299027],[-95.43112427,29.70325467],[-95.43105364,29.70359641],[-95.4310446,29.7038468],[-95.43104523,29.70423548]]},"properties":{"AADT_CUR":252,"RTE_NM":"1129694","RTE_PRFX":"CS","RTE_NBR":"1129694","SYSTEM":"Off"}},{"type":"Feature","geometry":{"type":"LineString","coordinates":[[-95.33461798,29.814258849999],[-95.33361535,29.814273769999],[-95.33178732,29.814285339999],[-95.3286937956514,29.8143286707347]]},"properties":{"AADT_CUR":252,"RTE_NM":"1126018","RTE_PRFX":"CS","RTE_NBR":"1126018","SYSTEM":"Off"}},{"type":"Feature","geometry":{"type":"LineString","coordinates":[[-95.3375845164594,29.8132976592694],[-95.337518107,29.813376206],[-95.337407695,29.813502132],[-95.337254619,29.813667858],[-95.337093497,29.813826602],[-95.336676912,29.814229438],[-95.33644381,29.814456746],[-95.33629922,29.81461191],[-95.336104862,29.814815358],[-95.335910476,29.815044384],[-95.335799968,29.815191778],[-95.33566532,29.815411897],[-95.335583229,29.81556299],[-95.335474317,29.815775753],[-95.335410182,29.815882212],[-95.335353004,29.816056584],[-95.335324701,29.816162238],[-95.335298746,29.8162676],[-95.335278484,29.816371038],[-95.335264257,29.816474476],[-95.335254822,29.816574768],[-95.335240694,29.81676989],[-95.335236577,29.816951855],[-95.335240618,29.817083973],[-95.335245152,29.817417103],[-95.335258403,29.817781067],[-95.335276859,29.818397289],[-95.335288255,29.818770577],[-95.335296969,29.819132228],[-95.335308641,29.819696019],[-95.335310255,29.820197559],[-95.335320187,29.821161071],[-95.335326427,29.821951192],[-95.33531322,29.82277563],[-95.33534729,29.82400216],[-95.33535622,29.82467871],[-95.33537936,29.82638484],[-95.3353863,29.82710566],[-95.33535785,29.82767557],[-95.33532171,29.82812732],[-95.33527782,29.82854121],[-95.33521845,29.82897748],[-95.3351831257569,29.8291692441085]]},"properties":{"AADT_CUR":232137,"RTE_NM":"IH0069-UG","RTE_PRFX":"IH","RTE_NBR":"69","SYSTEM":"On"}},{"type":"Feature","geometry":{"type":"LineString","coordinates":[[-95.4185123573026,29.7211327471027],[-95.4184957465179,29.7211328213957]]},"properties":{"AADT_CUR":252,"RTE_NM":"1252522","RTE_PRFX":"CS","RTE_NBR":"1252522","SYSTEM":"Off"}},{"type":"Feature","geometry":{"type":"LineString","coordinates":[[-95.4183947238094,29.7141920742646],[-95.41489758,29.7142249199983],[-95.41266624,29.7142454399983],[-95.41213686,29.7142479899983],[-95.41176583,29.7142273399983],[-95.41156103,29.7141952699983],[-95.41133882,29.7141467099983],[-95.41113831,29.7140937299983],[-95.41090978,29.7140211899983],[-95.41054221,29.7139023399983],[-95.41027615,29.7137949699983],[-95.41003265,29.7136687099983],[-95.40995225,29.7135923799983]]},"properties":{"AADT_CUR":252,"RTE_NM":"1129813","RTE_PRFX":"CS","RTE_NBR":"1129813","SYSTEM":"Off"}},{"type":"Feature","geometry":{"type":"LineString","coordinates":[[-95.34931805,29.7613716],[-95.34891056,29.76257281],[-95.34846379,29.76318031],[-95.34792239,29.7639612],[-95.34739833,29.76450204],[-95.34730289,29.76486277]]},"properties":{"AADT_CUR":252,"RTE_NM":"1131864","RTE_PRFX":"CS","RTE_NBR":"1131864","SYSTEM":"Off"}},{"type":"Feature","geometry":{"type":"LineString","coordinates":[[-95.34745529,29.75311648],[-95.34775185,29.75378156],[-95.34780346,29.75390964],[-95.34779118,29.75399103],[-95.34743503,29.75438994],[-95.3470929,29.75477714],[-95.34686863,29.75502638],[-95.34663832,29.75528991],[-95.34626091,29.75575678],[-95.34621398,29.75579008]]},"properties":{"AADT_CUR":176,"RTE_NM":"1130260","RTE_PRFX":"CS","RTE_NBR":"1130260","SYSTEM":"Off"}},{"type":"Feature","geometry":{"type":"LineString","coordinates":[[-95.38787025,29.7927924499988],[-95.38782473,29.7929210499988],[-95.38701115,29.7929352099988],[-95.38606089,29.7929455999988],[-95.38510034,29.7929520499988],[-95.38429379,29.7929642999989],[-95.38417785,29.7929222199989],[-95.38270474,29.7929256299988],[-95.38098952,29.7929526999988],[-95.37939459,29.7929791999989],[-95.3787776238882,29.7930002900541]]},"properties":{"AADT_CUR":252,"RTE_NM":"1131655","RTE_PRFX":"CS","RTE_NBR":"1131655","SYSTEM":"Off"}},{"type":"Feature","geometry":{"type":"LineString","coordinates":[[-95.3398104808567,29.7837289979563],[-95.339811220981,29.7838015867135]]},"properties":{"AADT_CUR":177028,"RTE_NM":"IH0069-KG","RTE_PRFX":"IH","RTE_NBR":"69","SYSTEM":"On"}},{"type":"Feature","geometry":{"type":"LineString","coordinates":[[-95.34442257,29.78441306],[-95.34400361,29.78440963],[-95.34324567,29.78443033],[-95.34272368,29.784436]]},"properties":{"AADT_CUR":252,"RTE_NM":"1127022","RTE_PRFX":"CS","RTE_NBR":"1127022","SYSTEM":"Off"}},{"type":"Feature","geometry":{"type":"LineString","coordinates":[[-95.3309109636722,29.73075689058],[-95.33015559,29.7310607099984],[-95.32941136,29.7313536399984],[-95.32855773,29.7316767699984],[-95.32852516,29.7317042099984],[-95.32777918,29.7320014499984]]},"properties":{"AADT_CUR":252,"RTE_NM":"1131856","RTE_PRFX":"CS","RTE_NBR":"1131856","SYSTEM":"Off"}},{"type":"Feature","geometry":{"type":"LineString","coordinates":[[-95.384404582501,29.8017706362254],[-95.3843879482143,29.8017706974125]]},"properties":{"AADT_CUR":252,"RTE_NM":"1125167","RTE_PRFX":"CS","RTE_NBR":"1125167","SYSTEM":"Off"}},{"type":"Feature","geometry":{"type":"LineString","coordinates":[[-95.42602851,29.78620778],[-95.426032,29.78659433],[-95.42603872,29.78752615]]},"properties":{"AADT_CUR":252,"RTE_NM":"1128396","RTE_PRFX":"CS","RTE_NBR":"1128396","SYSTEM":"Off"}},{"type":"Feature","geometry":{"type":"LineString","coordinates":[[-95.339236866843,29.7934058210157],[-95.3392201343423,29.7934059440217]]},"properties":{"AADT_CUR":252,"RTE_NM":"1120422","RTE_PRFX":"CS","RTE_NBR":"1120422","SYSTEM":"Off"}},{"type":"Feature","geometry":{"type":"LineString","coordinates":[[-95.33586289,29.78776874],[-95.33507896,29.78775886],[-95.33429425,29.78776109],[-95.33387363,29.78776079]]},"properties":{"AADT_CUR":252,"RTE_NM":"1129548","RTE_PRFX":"CS","RTE_NBR":"1129548","SYSTEM":"Off"}},{"type":"Feature","geometry":{"type":"LineString","coordinates":[[-95.4375762381312,29.7211261738529],[-95.4334512207172,29.7211790243763]]},"properties":{"AADT_CUR":252,"RTE_NM":"1252522","RTE_PRFX":"CS","RTE_NBR":"1252522","SYSTEM":"Off"}},{"type":"Feature","geometry":{"type":"LineString","coordinates":[[-95.43611406,29.71016098],[-95.43612887,29.71114415]]},"properties":{"AADT_CUR":252,"RTE_NM":"1233729","RTE_PRFX":"CS","RTE_NBR":"1233729","SYSTEM":"Off"}},{"type":"Feature","geometry":{"type":"LineString","coordinates":[[-95.31506334,29.7836807699988],[-95.31427989,29.7836951699988],[-95.31357934,29.7836958699988],[-95.3134952699993,29.7837414888703],[-95.31342522,29.7837794999988],[-95.31254142,29.7837831399988],[-95.3120197,29.7837767699988],[-95.311506979995,29.7837746360561],[-95.31099425,29.7837724999988],[-95.31047238,29.7837701199988],[-95.30997393,29.7837754599988],[-95.30946037,29.7837741999988],[-95.30894077,29.7837775699988],[-95.30841677,29.7837713699988],[-95.30790692,29.7837655599988],[-95.307365141036,29.7837630758008]]},"properties":{"AADT_CUR":252,"RTE_NM":"1121859","RTE_PRFX":"CS","RTE_NBR":"1121859","SYSTEM":"Off"}},{"type":"Feature","geometry":{"type":"LineString","coordinates":[[-95.31580287,29.70168021],[-95.31558138,29.70180983],[-95.3148152,29.70229588],[-95.31417076,29.702696],[-95.3140747,29.7027505],[-95.31333816,29.70320879],[-95.31231841,29.70380571],[-95.31219732,29.7038738],[-95.31212311,29.70388961],[-95.3119876,29.70390374],[-95.31114604,29.70364484],[-95.30894718,29.7029755],[-95.30855014,29.70285145],[-95.30594032,29.70205143]]},"properties":{"AADT_CUR":252,"RTE_NM":"1122685","RTE_PRFX":"CS","RTE_NBR":"1122685","SYSTEM":"Off"}},{"type":"Feature","geometry":{"type":"LineString","coordinates":[[-95.372330275395,29.7661617338706],[-95.3723135862118,29.7661620238046]]},"properties":{"AADT_CUR":252,"RTE_NM":"1125268","RTE_PRFX":"CS","RTE_NBR":"1125268","SYSTEM":"Off"}},{"type":"Feature","geometry":{"type":"LineString","coordinates":[[-95.402276206737,29.7531388250409],[-95.40210548,29.74676209],[-95.40211129,29.74589246],[-95.40211158,29.74475349],[-95.40210358,29.74361455],[-95.4020917003222,29.7427850291071]]},"properties":{"AADT_CUR":8832,"RTE_NM":"256207","RTE_PRFX":"CS","RTE_NBR":"256207","SYSTEM":"Off"}},{"type":"Feature","geometry":{"type":"LineString","coordinates":[[-95.4185212242941,29.7204483179442],[-95.41850806,29.7204485999983],[-95.4184879944241,29.7204487732523]]},"properties":{"AADT_CUR":252,"RTE_NM":"1252534","RTE_PRFX":"CS","RTE_NBR":"1252534","SYSTEM":"Off"}},{"type":"Feature","geometry":{"type":"LineString","coordinates":[[-95.37077866,29.73679848],[-95.37019099,29.73750155],[-95.36970441,29.73810414],[-95.36926833,29.73865638],[-95.36869324,29.73936614],[-95.36820947,29.7399615],[-95.36777242,29.74053848],[-95.36720467,29.74124682],[-95.36672126,29.74185108],[-95.36645204,29.7421879],[-95.36627845,29.7424143],[-95.36572749,29.74311517],[-95.36513961,29.74384527],[-95.36397325,29.74536225]]},"properties":{"AADT_CUR":1877,"RTE_NM":"1121585","RTE_PRFX":"CS","RTE_NBR":"1121585","SYSTEM":"Off"}},{"type":"Feature","geometry":{"type":"LineString","coordinates":[[-95.3700534576944,29.814674187402],[-95.36804761,29.814691139999],[-95.36725126,29.814705609999],[-95.36689796,29.814709329999],[-95.36625626,29.814717859999],[-95.36545669,29.814735319999],[-95.36115081,29.814775059999],[-95.35664259,29.814824819999],[-95.35471161,29.814850599999],[-95.3532791184598,29.81485789785]]},"properties":{"AADT_CUR":252,"RTE_NM":"1128685","RTE_PRFX":"CS","RTE_NBR":"1128685","SYSTEM":"Off"}},{"type":"Feature","geometry":{"type":"LineString","coordinates":[[-95.32881446,29.74859279],[-95.32882345,29.74863386],[-95.32881831,29.74867401],[-95.32879469,29.74871446],[-95.32798418,29.74974023],[-95.32790304,29.74986693],[-95.32734741,29.75057152],[-95.32682384,29.75125632],[-95.32637678,29.7518293],[-95.32518074,29.75337007],[-95.32404313,29.75484106]]},"properties":{"AADT_CUR":252,"RTE_NM":"1127259","RTE_PRFX":"CS","RTE_NBR":"1127259","SYSTEM":"Off"}},{"type":"Feature","geometry":{"type":"LineString","coordinates":[[-95.34396574,29.7533482499985],[-95.34395735,29.7534165099985],[-95.3434432,29.7540649499986],[-95.3434145446403,29.7540987567673]]},"properties":{"AADT_CUR":221,"RTE_NM":"1127754","RTE_PRFX":"CS","RTE_NBR":"1127754","SYSTEM":"Off"}},{"type":"Feature","geometry":{"type":"LineString","coordinates":[[-95.3285890826658,29.7434969192131],[-95.3286093540837,29.7434660136595],[-95.32893743,29.7429658299985],[-95.3289655639101,29.7429302779675],[-95.32916703,29.7426756899985],[-95.32940752,29.7424091799985],[-95.32971225,29.7420463499985],[-95.3300120927871,29.7416116043638],[-95.3303652311887,29.7408976471687],[-95.330672692785,29.7401657095729]]},"properties":{"AADT_CUR":6933,"RTE_NM":"256687","RTE_PRFX":"CS","RTE_NBR":"256687","SYSTEM":"Off"}},{"type":"Feature","geometry":{"type":"LineString","coordinates":[[-95.4101444451057,29.8038169761395],[-95.41011823,29.80282508],[-95.41002484,29.79787659],[-95.40992746,29.79235422],[-95.4098747765269,29.7904671683972]]},"properties":{"AADT_CUR":16771,"RTE_NM":"257132","RTE_PRFX":"CS","RTE_NBR":"257132","SYSTEM":"Off"}},{"type":"Feature","geometry":{"type":"LineString","coordinates":[[-95.36845022,29.79555928],[-95.36845888,29.79559653],[-95.36845265,29.79563119],[-95.3684267,29.7956588],[-95.36804349,29.79604469],[-95.36799775,29.79606739],[-95.36796782,29.79606659],[-95.36793072,29.79605687]]},"properties":{"AADT_CUR":252,"RTE_NM":"1126555","RTE_PRFX":"CS","RTE_NBR":"1126555","SYSTEM":"Off"}},{"type":"Feature","geometry":{"type":"LineString","coordinates":[[-95.3419784358906,29.7874983398006],[-95.3419617680384,29.7874985417292]]},"properties":{"AADT_CUR":252,"RTE_NM":"1123476","RTE_PRFX":"CS","RTE_NBR":"1123476","SYSTEM":"Off"}},{"type":"Feature","geometry":{"type":"LineString","coordinates":[[-95.37621766,29.70271131],[-95.37574063,29.70258964],[-95.37539297,29.70251143]]},"properties":{"AADT_CUR":252,"RTE_NM":"1128517","RTE_PRFX":"CS","RTE_NBR":"1128517","SYSTEM":"Off"}},{"type":"Feature","geometry":{"type":"LineString","coordinates":[[-95.37411752,29.70393446],[-95.37351712,29.70373027],[-95.37121391,29.70303241]]},"properties":{"AADT_CUR":252,"RTE_NM":"1125407","RTE_PRFX":"CS","RTE_NBR":"1125407","SYSTEM":"Off"}},{"type":"Feature","geometry":{"type":"LineString","coordinates":[[-95.3396820843235,29.8018556414839],[-95.3396817679506,29.8018583801346],[-95.33928308,29.8029207439989],[-95.339159467,29.8032827829989],[-95.338815683,29.8040487509989],[-95.338647515,29.8043548239989],[-95.338445007,29.8046727219989],[-95.33821836,29.8049906199989],[-95.337916021,29.8053747649989],[-95.33761456,29.8057126799989],[-95.336786473,29.8064245689989],[-95.336535802,29.8066119139989],[-95.3363106143271,29.8067637287095],[-95.33627172,29.806789949999],[-95.335922285,29.8070253959989],[-95.33554871,29.807244549999],[-95.33506284,29.807486819999],[-95.33459241,29.8076543699989],[-95.33425949,29.8077517599989],[-95.3337864454223,29.8078444384974],[-95.333717092,29.807858025999],[-95.33295123,29.8079290399989],[-95.33150005,29.8081189599989]]},"properties":{"AADT_CUR":27608,"RTE_NM":"1629072154","RTE_PRFX":"IH","RTE_NBR":"69","SYSTEM":"On"}},{"type":"Feature","geometry":{"type":"LineString","coordinates":[[-95.381896492,29.7419679519985],[-95.3818266585,29.7418870446977],[-95.3817448708167,29.7417922873681],[-95.38156694,29.7415861399985],[-95.3811285068282,29.7413239881063],[-95.3802191037471,29.7407814756599],[-95.3794069770643,29.7402969837115],[-95.3785143391784,29.7397644495092],[-95.3776513836638,29.7392505358037],[-95.3768064926085,29.7387465365096],[-95.3759184699813,29.7382167954376],[-95.3750643893405,29.737707290843],[-95.3742339899649,29.7372119027824],[-95.3733897966997,29.7367082449437]]},"properties":{"AADT_CUR":2008,"RTE_NM":"256512","RTE_PRFX":"CS","RTE_NBR":"256512","SYSTEM":"Off"}},{"type":"Feature","geometry":{"type":"LineString","coordinates":[[-95.3690768845786,29.7484863535828],[-95.36910019,29.7484573999955],[-95.3692498017654,29.7482669058048],[-95.36928196,29.7482259599955],[-95.36932064813,29.7481774134022],[-95.3697035404249,29.747696949714],[-95.3702720779934,29.7469835224344]]},"properties":{"AADT_CUR":7768,"RTE_NM":"257087","RTE_PRFX":"CS","RTE_NBR":"257087","SYSTEM":"Off"}},{"type":"Feature","geometry":{"type":"LineString","coordinates":[[-95.3580862986916,29.7304026952632],[-95.3580770776095,29.7304147901102]]},"properties":{"AADT_CUR":2558,"RTE_NM":"1131331","RTE_PRFX":"CS","RTE_NBR":"1131331","SYSTEM":"Off"}},{"type":"Feature","geometry":{"type":"LineString","coordinates":[[-95.420056,29.7758537699987],[-95.41906662,29.7755024399987],[-95.41883939,29.7754571499987],[-95.41862749,29.7754407899987],[-95.4180194379297,29.7754558141394],[-95.41748528,29.7754673999987],[-95.41583483,29.7754857799987],[-95.41355132,29.7755253399987],[-95.4126056108868,29.7755292348964],[-95.41163453,29.7755412699987],[-95.41067143,29.7755594799987],[-95.40960753,29.7755632499987],[-95.40954233,29.7755652899987],[-95.4095133769516,29.7755660082575],[-95.408455400293,29.7755922496942],[-95.4073408,29.7756091199987],[-95.40629758,29.7756258499987],[-95.4062413139856,29.7756278664994]]},"properties":{"AADT_CUR":4354,"RTE_NM":"1125015","RTE_PRFX":"CS","RTE_NBR":"1125015","SYSTEM":"Off"}},{"type":"Feature","geometry":{"type":"LineString","coordinates":[[-95.41765476,29.78277426],[-95.41718644,29.78275836],[-95.41596049,29.78278353],[-95.41504679,29.78279191],[-95.414974161,29.782818473],[-95.41490626,29.78286621]]},"properties":{"AADT_CUR":252,"RTE_NM":"1122982","RTE_PRFX":"CS","RTE_NBR":"1122982","SYSTEM":"Off"}},{"type":"Feature","geometry":{"type":"LineString","coordinates":[[-95.36562841,29.79611843],[-95.36547089,29.79600285],[-95.36427709,29.79500582],[-95.36358956,29.79446729],[-95.36323824,29.7942093],[-95.36302964,29.79406776],[-95.36293362,29.79401468],[-95.36284566,29.79398513]]},"properties":{"AADT_CUR":252,"RTE_NM":"1125354","RTE_PRFX":"CS","RTE_NBR":"1125354","SYSTEM":"Off"}},{"type":"Feature","geometry":{"type":"LineString","coordinates":[[-95.37817754,29.7772847199987],[-95.37707304,29.7772869699987],[-95.37600612,29.7772911099987],[-95.37593043,29.7772878299987],[-95.37479453,29.7772866999988],[-95.37470016,29.7773000099987],[-95.37363548,29.7773080099987],[-95.3735751,29.7772866099987],[-95.37306544,29.7772763199987],[-95.3724304316953,29.7772806474386]]},"properties":{"AADT_CUR":252,"RTE_NM":"1131811","RTE_PRFX":"CS","RTE_NBR":"1131811","SYSTEM":"Off"}},{"type":"Feature","geometry":{"type":"LineString","coordinates":[[-95.3741514643781,29.7860418463877],[-95.374134815316,29.786041880886]]},"properties":{"AADT_CUR":252,"RTE_NM":"1132339","RTE_PRFX":"CS","RTE_NBR":"1132339","SYSTEM":"Off"}},{"type":"Feature","geometry":{"type":"LineString","coordinates":[[-95.33969945,29.8067088499989],[-95.3392844154235,29.8067288015987]]},"properties":{"AADT_CUR":252,"RTE_NM":"1125096","RTE_PRFX":"CS","RTE_NBR":"1125096","SYSTEM":"Off"}},{"type":"Feature","geometry":{"type":"LineString","coordinates":[[-95.34537852,29.75528542],[-95.34435324,29.75657739],[-95.34418231,29.75678559],[-95.34390824,29.75713933]]},"properties":{"AADT_CUR":51,"RTE_NM":"1127210","RTE_PRFX":"CS","RTE_NBR":"1127210","SYSTEM":"Off"}},{"type":"Feature","geometry":{"type":"LineString","coordinates":[[-95.31968868,29.73186484],[-95.31946097,29.7324466],[-95.31941865,29.73253829],[-95.31916631,29.73321847],[-95.31891374,29.73390115]]},"properties":{"AADT_CUR":252,"RTE_NM":"1125755","RTE_PRFX":"CS","RTE_NBR":"1125755","SYSTEM":"Off"}},{"type":"Feature","geometry":{"type":"LineString","coordinates":[[-95.3405030123034,29.7357467077136],[-95.34049635,29.7357446399984],[-95.3404716747074,29.7357369338397]]},"properties":{"AADT_CUR":252,"RTE_NM":"1122073","RTE_PRFX":"CS","RTE_NBR":"1122073","SYSTEM":"Off"}},{"type":"Feature","geometry":{"type":"LineString","coordinates":[[-95.3819002286223,29.8026577058595],[-95.37932494,29.8026540799989]]},"properties":{"AADT_CUR":252,"RTE_NM":"1124965","RTE_PRFX":"CS","RTE_NBR":"1124965","SYSTEM":"Off"}},{"type":"Feature","geometry":{"type":"LineString","coordinates":[[-95.38970883,29.79706963],[-95.38972501,29.79771993],[-95.38971377,29.79779071],[-95.38973159,29.79850914],[-95.38974339,29.79921508]]},"properties":{"AADT_CUR":252,"RTE_NM":"1120482","RTE_PRFX":"CS","RTE_NBR":"1120482","SYSTEM":"Off"}},{"type":"Feature","geometry":{"type":"LineString","coordinates":[[-95.44954136,29.79771847],[-95.4492724,29.79855261],[-95.44896171,29.79984781],[-95.44839186,29.80179299],[-95.44822876,29.80241172],[-95.44812679,29.80268192],[-95.44802904,29.80288043],[-95.44780256,29.80324538],[-95.4475827,29.80349018],[-95.44701477,29.80410453],[-95.4467036,29.80442536],[-95.44550199,29.80576154],[-95.44514599,29.80611287],[-95.4444014,29.80676272],[-95.44392838,29.80709923],[-95.44331677,29.80746149],[-95.44300288,29.80761928],[-95.44273117,29.80775005],[-95.44179996,29.80814706],[-95.43894299,29.80933915],[-95.43767531,29.8098782],[-95.43669753,29.8102915],[-95.43357978,29.81163031],[-95.43315202,29.81178809],[-95.4325168,29.81199897],[-95.43176383,29.81216847],[-95.4314312,29.81223116],[-95.43078135,29.81230232],[-95.43009373,29.81232732],[-95.42972118,29.81232883],[-95.4293678626968,29.8123252568489]]},"properties":{"AADT_CUR":17189,"RTE_NM":"IH0610-AG","RTE_PRFX":"IH","RTE_NBR":"610","SYSTEM":"On"}},{"type":"Feature","geometry":{"type":"LineString","coordinates":[[-95.35311611,29.81655333],[-95.35301823,29.81642422],[-95.35288726,29.81626064],[-95.35277132,29.81610025],[-95.35257229,29.8158046],[-95.35245828,29.81561717],[-95.35233654,29.8154104],[-95.35217025,29.8150876],[-95.35207954,29.81488674],[-95.35191722,29.814508],[-95.35179742,29.81418143],[-95.35160418,29.81371574],[-95.35150177,29.81349738],[-95.35140708,29.81330608],[-95.35128534,29.81312251],[-95.35115781,29.81294087],[-95.35101675,29.81279787],[-95.3508525,29.81263169],[-95.35067086,29.81249256],[-95.35040999,29.8122916],[-95.35016072,29.81215054],[-95.34990372,29.81203266],[-95.34967184,29.81193412],[-95.34932981,29.81183943],[-95.34878296,29.81169837],[-95.34809697,29.81152059],[-95.34717138,29.81127325],[-95.34655496,29.81113219],[-95.3460876,29.81109725]]},"properties":{"AADT_CUR":23642,"RTE_NM":"1632268900","RTE_PRFX":"IH","RTE_NBR":"10","SYSTEM":"On"}},{"type":"Feature","geometry":{"type":"LineString","coordinates":[[-95.42927232,29.78983104],[-95.42540826,29.7898443]]},"properties":{"AADT_CUR":252,"RTE_NM":"1132291","RTE_PRFX":"CS","RTE_NBR":"1132291","SYSTEM":"Off"}},{"type":"Feature","geometry":{"type":"LineString","coordinates":[[-95.3367041747203,29.7846741376175],[-95.3367044044754,29.7846886455203]]},"properties":{"AADT_CUR":56,"RTE_NM":"1124316","RTE_PRFX":"CS","RTE_NBR":"1124316","SYSTEM":"Off"}},{"type":"Feature","geometry":{"type":"LineString","coordinates":[[-95.3642703770939,29.7321788541821],[-95.36342817,29.7316809199984],[-95.36271618,29.7312489199984],[-95.36266018,29.7312027499984],[-95.36261663203,29.731139055415],[-95.36255687,29.7310577399984],[-95.36250036,29.7310213099984],[-95.3617436,29.7305663099984]]},"properties":{"AADT_CUR":252,"RTE_NM":"1123618","RTE_PRFX":"CS","RTE_NBR":"1123618","SYSTEM":"Off"}},{"type":"Feature","geometry":{"type":"LineString","coordinates":[[-95.42487259,29.77322771],[-95.42487036,29.77393356],[-95.42488333,29.77444612],[-95.42488254,29.77469076],[-95.42488667,29.77529035],[-95.42489137,29.77599438],[-95.42490247,29.77667129]]},"properties":{"AADT_CUR":252,"RTE_NM":"1126615","RTE_PRFX":"CS","RTE_NBR":"1126615","SYSTEM":"Off"}},{"type":"Feature","geometry":{"type":"LineString","coordinates":[[-95.42488254,29.77469076],[-95.42331465,29.77470464],[-95.4218933,29.77472414]]},"properties":{"AADT_CUR":252,"RTE_NM":"1131183","RTE_PRFX":"CS","RTE_NBR":"1131183","SYSTEM":"Off"}},{"type":"Feature","geometry":{"type":"LineString","coordinates":[[-95.4232997402823,29.7711085787292],[-95.42329357,29.7710904199987],[-95.42297111,29.7711047199987],[-95.42211479,29.7710437199987],[-95.4218455146904,29.771033995089],[-95.42170195,29.7710288099987],[-95.4211907701639,29.7709834966868],[-95.4201993014471,29.7708956023841],[-95.4193172468489,29.7708174010606],[-95.4184821287523,29.7707433552705],[-95.4174497186104,29.7706518088101]]},"properties":{"AADT_CUR":13390,"RTE_NM":"257274","RTE_PRFX":"CS","RTE_NBR":"257274","SYSTEM":"Off"}},{"type":"Feature","geometry":{"type":"LineString","coordinates":[[-95.34435229,29.77024218],[-95.34437953,29.77087474],[-95.344381578,29.771514851]]},"properties":{"AADT_CUR":252,"RTE_NM":"1126599","RTE_PRFX":"CS","RTE_NBR":"1126599","SYSTEM":"Off"}},{"type":"Feature","geometry":{"type":"LineString","coordinates":[[-95.40532823,29.7077465699982],[-95.4043270642892,29.7071686705143],[-95.40343678,29.7066312199982],[-95.40327356,29.7066659299982],[-95.4029712067898,29.7068882504435]]},"properties":{"AADT_CUR":252,"RTE_NM":"1127629","RTE_PRFX":"CS","RTE_NBR":"1127629","SYSTEM":"Off"}},{"type":"Feature","geometry":{"type":"LineString","coordinates":[[-95.32391961,29.7156195199983],[-95.32371951,29.7161077199983],[-95.32370077,29.7161549299983],[-95.32351129,29.7166589199983],[-95.32309821,29.7176969599983],[-95.3226156884372,29.7189521802733]]},"properties":{"AADT_CUR":252,"RTE_NM":"1124274","RTE_PRFX":"CS","RTE_NBR":"1124274","SYSTEM":"Off"}},{"type":"Feature","geometry":{"type":"LineString","coordinates":[[-95.30910507,29.74400992],[-95.30867917,29.7446108],[-95.30826754,29.74522757],[-95.30786524,29.74583669],[-95.30751282,29.74638435],[-95.30737012,29.74656176],[-95.30730209,29.7467165],[-95.30725892,29.74688577],[-95.30722407,29.74701118],[-95.30720753,29.74724859],[-95.30680012,29.74787336],[-95.30637533,29.74847791],[-95.30594521,29.7490959],[-95.30552724,29.74971541],[-95.30510976,29.75032099],[-95.30470038,29.7509233],[-95.3042663,29.75154585],[-95.30385766,29.75217916]]},"properties":{"AADT_CUR":252,"RTE_NM":"1130802","RTE_PRFX":"CS","RTE_NBR":"1130802","SYSTEM":"Off"}},{"type":"Feature","geometry":{"type":"LineString","coordinates":[[-95.4375966132684,29.7219697487922],[-95.43758939,29.7219699899983],[-95.43346344236,29.7220248899609]]},"properties":{"AADT_CUR":252,"RTE_NM":"1252514","RTE_PRFX":"CS","RTE_NBR":"1252514","SYSTEM":"Off"}},{"type":"Feature","geometry":{"type":"LineString","coordinates":[[-95.3286849895837,29.8134071859955],[-95.32868078,29.813407239999],[-95.3272124053853,29.8134261335995],[-95.3257705106908,29.8134446699365],[-95.3242881076921,29.8134637099367],[-95.32254003,29.813486139999],[-95.320758074712,29.8134879516406],[-95.3190120362581,29.8134897024885],[-95.3171989676457,29.8134914951136]]},"properties":{"AADT_CUR":7726,"RTE_NM":"256577","RTE_PRFX":"CS","RTE_NBR":"256577","SYSTEM":"Off"}},{"type":"Feature","geometry":{"type":"LineString","coordinates":[[-95.31448319151,29.7032809930736],[-95.31490504,29.7037733499982],[-95.3153122,29.7041667099982],[-95.31609326,29.7047417699982],[-95.31628747,29.7049149699982],[-95.31636556,29.7051314099982],[-95.31631529,29.7053907399982]]},"properties":{"AADT_CUR":252,"RTE_NM":"1125718","RTE_PRFX":"CS","RTE_NBR":"1125718","SYSTEM":"Off"}},{"type":"Feature","geometry":{"type":"LineString","coordinates":[[-95.3755728491673,29.8140657660475],[-95.37613951,29.81548638],[-95.37674934,29.81698261],[-95.37739641,29.81831747],[-95.37796491,29.81947905],[-95.3783747,29.82033024],[-95.37872609,29.82103675],[-95.37908225,29.82176031],[-95.37941257,29.82251919],[-95.37964712,29.82311386],[-95.37976374,29.82340736],[-95.37989707,29.82384236],[-95.38010619,29.82473124],[-95.3803115,29.8255342],[-95.38071958,29.82738013],[-95.38088088,29.82797063],[-95.381111019944,29.8286115343685]]},"properties":{"AADT_CUR":233031,"RTE_NM":"IH0045-KG","RTE_PRFX":"IH","RTE_NBR":"45","SYSTEM":"On"}},{"type":"Feature","geometry":{"type":"LineString","coordinates":[[-95.39998776,29.74397794],[-95.39915939,29.74437216],[-95.3981652,29.74484367],[-95.39714467,29.74532563]]},"properties":{"AADT_CUR":252,"RTE_NM":"1121610","RTE_PRFX":"CS","RTE_NBR":"1121610","SYSTEM":"Off"}},{"type":"Feature","geometry":{"type":"LineString","coordinates":[[-95.3552902247133,29.7467342744805],[-95.35614897,29.7472428299985],[-95.35700025,29.7477662599985],[-95.35783899,29.7482705199985],[-95.3586690142954,29.7487840194154]]},"properties":{"AADT_CUR":84,"RTE_NM":"1121724","RTE_PRFX":"CS","RTE_NBR":"1121724","SYSTEM":"Off"}},{"type":"Feature","geometry":{"type":"LineString","coordinates":[[-95.3627323742998,29.7645761268196],[-95.3627319008619,29.7645769607747],[-95.36259419,29.7647602399987],[-95.36246175,29.7649394299986],[-95.3623186,29.7651741199987],[-95.3623002707541,29.7652176300666],[-95.3622144,29.7654214699986],[-95.36213747,29.7656444799986],[-95.3620878,29.7659298099986],[-95.36208001,29.7660953599987],[-95.36209462,29.7662803899987],[-95.36212968,29.7664712599986],[-95.36217642,29.7666260899987],[-95.36225725,29.7668218299987],[-95.36236145,29.7670156199986],[-95.36247538,29.7671899399987],[-95.36261269,29.7673769099986],[-95.3628708486251,29.7677105181982],[-95.36295256,29.7678161099987],[-95.3630957539952,29.7680017552738],[-95.36339273,29.7683867699987],[-95.3635002911651,29.7685233514228],[-95.3636093372602,29.7686618179323],[-95.3636377510974,29.7686978976851],[-95.36366345,29.7687305299987],[-95.36383485,29.7689564599987],[-95.3639505111037,29.7691029937407],[-95.36410849,29.7693031399987],[-95.36442596,29.7696800099987],[-95.36467721,29.7699877399987],[-95.3648895,29.7702798899987],[-95.3650449997495,29.7705296345673],[-95.36520471,29.7707861399987]]},"properties":{"AADT_CUR":12228,"RTE_NM":"1633910420","RTE_PRFX":"IH","RTE_NBR":"10","SYSTEM":"On"}},{"type":"Feature","geometry":{"type":"LineString","coordinates":[[-95.3753125503494,29.7609509099692],[-95.37521406,29.7609075399986],[-95.37511504,29.7608981099986],[-95.37501641,29.7609137099986],[-95.37472341,29.7610074399986],[-95.37459558,29.7610289199986],[-95.3745595384266,29.7610287939691],[-95.37447834,29.7610285099986],[-95.37438176,29.7610093899986],[-95.3742485236604,29.7609689465201],[-95.3741846237183,29.7609495498289],[-95.37417484,29.7609465799986],[-95.37395572,29.7608007999986],[-95.3738577368443,29.7607471945603],[-95.37381163,29.7607219699986],[-95.37368803,29.7606836599986],[-95.37355448,29.7606686599986],[-95.373455814277,29.7606683801315],[-95.37336413,29.7606681199986],[-95.3730248707388,29.7607431195962],[-95.3728923352954,29.7607724187542],[-95.37283859,29.7607842999986],[-95.3725507918951,29.7609669726932]]},"properties":{"AADT_CUR":252,"RTE_NM":"1131669","RTE_PRFX":"CS","RTE_NBR":"1131669","SYSTEM":"Off"}},{"type":"Feature","geometry":{"type":"LineString","coordinates":[[-95.4021541008851,29.7491997744868],[-95.40215334,29.7491997899985],[-95.40133879,29.7492097899985],[-95.40089257,29.7492133099985],[-95.40081236,29.7492194499986],[-95.40072787,29.7492481999985],[-95.39839619,29.7503521299985],[-95.39827224,29.7504023099985],[-95.397023227,29.7509789649986]]},"properties":{"AADT_CUR":252,"RTE_NM":"1131359","RTE_PRFX":"CS","RTE_NBR":"1131359","SYSTEM":"Off"}},{"type":"Feature","geometry":{"type":"LineString","coordinates":[[-95.3918387794615,29.7824763381967],[-95.39134623,29.7824760799988],[-95.39105975,29.7824700999988],[-95.39037262,29.7824821499988],[-95.38870379,29.7825211599987],[-95.38769172,29.7825398599988]]},"properties":{"AADT_CUR":252,"RTE_NM":"1122744","RTE_PRFX":"CS","RTE_NBR":"1122744","SYSTEM":"Off"}},{"type":"Feature","geometry":{"type":"LineString","coordinates":[[-95.38309108,29.7759112699987],[-95.38264136,29.7759621599987],[-95.38233511,29.7760421299987],[-95.38195907,29.7760515899987],[-95.38161323,29.7759351299987],[-95.3813967267225,29.7759033919962]]},"properties":{"AADT_CUR":252,"RTE_NM":"1127736","RTE_PRFX":"CS","RTE_NBR":"1127736","SYSTEM":"Off"}},{"type":"Feature","geometry":{"type":"LineString","coordinates":[[-95.4107520029742,29.7385449688331],[-95.4107186745064,29.7385452863231]]},"properties":{"AADT_CUR":12369,"RTE_NM":"255774","RTE_PRFX":"CS","RTE_NBR":"255774","SYSTEM":"Off"}},{"type":"Feature","geometry":{"type":"LineString","coordinates":[[-95.42213923,29.81633316],[-95.421775,29.81633516],[-95.42031404,29.81633658],[-95.41784963,29.81635343]]},"properties":{"AADT_CUR":683,"RTE_NM":"1123763","RTE_PRFX":"CS","RTE_NBR":"1123763","SYSTEM":"Off"}},{"type":"Feature","geometry":{"type":"LineString","coordinates":[[-95.3174633793023,29.7738369309902],[-95.31746369,29.7738455799987],[-95.3174637960483,29.7738659340603]]},"properties":{"AADT_CUR":252,"RTE_NM":"1121185","RTE_PRFX":"CS","RTE_NBR":"1121185","SYSTEM":"Off"}},{"type":"Feature","geometry":{"type":"LineString","coordinates":[[-95.33292146,29.77424598],[-95.33234878,29.77424806],[-95.33222619,29.77426245],[-95.33209787,29.77427415],[-95.33197818,29.77428863],[-95.33186203,29.77428545],[-95.33173344,29.77430474],[-95.33155809,29.77436522],[-95.33142653,29.77443328],[-95.33128668,29.77452327]]},"properties":{"AADT_CUR":252,"RTE_NM":"1127684","RTE_PRFX":"CS","RTE_NBR":"1127684","SYSTEM":"Off"}},{"type":"Feature","geometry":{"type":"LineString","coordinates":[[-95.37994048,29.80149391],[-95.37994968,29.80211247],[-95.37995758,29.80228043]]},"properties":{"AADT_CUR":252,"RTE_NM":"1128647","RTE_PRFX":"CS","RTE_NBR":"1128647","SYSTEM":"Off"}},{"type":"Feature","geometry":{"type":"LineString","coordinates":[[-95.3819135669124,29.8024286670327],[-95.3818969241914,29.8024283146067]]},"properties":{"AADT_CUR":252,"RTE_NM":"1261045","RTE_PRFX":"CS","RTE_NBR":"1261045","SYSTEM":"Off"}},{"type":"Feature","geometry":{"type":"LineString","coordinates":[[-95.4276179,29.7945097799989],[-95.42698811,29.7945114399988],[-95.4236760842595,29.7945437437885]]},"properties":{"AADT_CUR":252,"RTE_NM":"1132452","RTE_PRFX":"CS","RTE_NBR":"1132452","SYSTEM":"Off"}},{"type":"Feature","geometry":{"type":"LineString","coordinates":[[-95.3391750965855,29.7904577511706],[-95.33833292,29.7904733099988],[-95.33739702,29.7904841799988],[-95.33635943,29.7904913399988],[-95.33593054,29.7904983099988]]},"properties":{"AADT_CUR":252,"RTE_NM":"1122416","RTE_PRFX":"CS","RTE_NBR":"1122416","SYSTEM":"Off"}},{"type":"Feature","geometry":{"type":"LineString","coordinates":[[-95.43171792,29.80869725],[-95.43175767,29.80878731],[-95.43176762,29.80957405],[-95.43172906,29.80965064]]},"properties":{"AADT_CUR":252,"RTE_NM":"1127605","RTE_PRFX":"CS","RTE_NBR":"1127605","SYSTEM":"Off"}},{"type":"Feature","geometry":{"type":"LineString","coordinates":[[-95.31375943,29.74119603],[-95.31281657,29.74091698]]},"properties":{"AADT_CUR":252,"RTE_NM":"1129808","RTE_PRFX":"CS","RTE_NBR":"1129808","SYSTEM":"Off"}},{"type":"Feature","geometry":{"type":"LineString","coordinates":[[-95.3423817027224,29.8132901327355],[-95.34238157,29.813282739998],[-95.3423746978693,29.8123432130933],[-95.3423649163345,29.811005894331],[-95.3423588982867,29.8101830964388]]},"properties":{"AADT_CUR":5910,"RTE_NM":"256558","RTE_PRFX":"CS","RTE_NBR":"256558","SYSTEM":"Off"}},{"type":"Feature","geometry":{"type":"LineString","coordinates":[[-95.3153975067769,29.7741901746304],[-95.31538299,29.77419015],[-95.3129925,29.77418866],[-95.31210415,29.77418659],[-95.31022535,29.77417944],[-95.30904813,29.77417634],[-95.30700923,29.77417346],[-95.30344833,29.77416559],[-95.30302595,29.77416249],[-95.30271737,29.77416739],[-95.30243161,29.77417274],[-95.30216729,29.77418336],[-95.30186385,29.77420001],[-95.30155944,29.77422509],[-95.30129491,29.77425165],[-95.30098774,29.77429804],[-95.30069348,29.7743489],[-95.30036297,29.77441734],[-95.30002147,29.77450032],[-95.29970381,29.77458617],[-95.29938228,29.7746851],[-95.29903763,29.77480505],[-95.29846334,29.77502485],[-95.29804244,29.77519584],[-95.29755032,29.77540104],[-95.29702276,29.77562096],[-95.29645235,29.77585484],[-95.29540464,29.77628896],[-95.29456078,29.77663839],[-95.294074,29.77683712],[-95.2936669,29.77700796],[-95.29343415,29.77710274],[-95.29318509,29.77720057],[-95.29294864,29.77728528],[-95.29271366,29.77736431],[-95.29243834,29.7774481],[-95.29212762,29.77753319],[-95.2919392,29.77757842],[-95.29181824,29.77760507],[-95.29153121,29.77766556],[-95.29129727,29.77770633],[-95.29100525,29.77774796],[-95.29073738,29.77777718],[-95.29044804,29.77780456],[-95.29018867,29.77781895],[-95.28987915,29.77783043],[-95.28966522,29.77783397],[-95.2891192,29.77784194],[-95.28860519,29.77785098],[-95.2873746,29.77787069],[-95.28627157,29.77788815],[-95.2840716604118,29.7779253307332]]},"properties":{"AADT_CUR":150753,"RTE_NM":"IH0010-RG","RTE_PRFX":"IH","RTE_NBR":"10","SYSTEM":"On"}},{"type":"Feature","geometry":{"type":"LineString","coordinates":[[-95.4148505502152,29.8131266087641],[-95.4148669698669,29.8137953849164],[-95.41484941,29.814444349999],[-95.41485599,29.815188269999],[-95.41485868,29.815601529999]]},"properties":{"AADT_CUR":252,"RTE_NM":"1119947","RTE_PRFX":"CS","RTE_NBR":"1119947","SYSTEM":"Off"}},{"type":"Feature","geometry":{"type":"LineString","coordinates":[[-95.4265003782706,29.7440699363495],[-95.42574309,29.7440853499985],[-95.42494074,29.7440812499985],[-95.42480447,29.7441404999985],[-95.42455008,29.7442377899985],[-95.42418512,29.7442996099985],[-95.42380903,29.7443242699985],[-95.42326775,29.7443119799985],[-95.42299829,29.7442722599985],[-95.42274726,29.7442026699985],[-95.42256434,29.7441045399985],[-95.4223105,29.7441151099985],[-95.42201477,29.7441158799985],[-95.42145429,29.7441551199985],[-95.42095232,29.7442262799985],[-95.42048909,29.7443266599985],[-95.4199722,29.7444689799985],[-95.41949163,29.7446382899985],[-95.41916872,29.7447055499985],[-95.4188092578167,29.7447089764146],[-95.41820022,29.7446167699985],[-95.4174122,29.7445544999985],[-95.41682547,29.7445626499985],[-95.41628931,29.7446029499985],[-95.41556032,29.7447131299985]]},"properties":{"AADT_CUR":821,"RTE_NM":"1128595","RTE_PRFX":"CS","RTE_NBR":"1128595","SYSTEM":"Off"}},{"type":"Feature","geometry":{"type":"LineString","coordinates":[[-95.3718938129528,29.8075409095843],[-95.371917482,29.807754176999],[-95.371942546,29.807997869999],[-95.371958912,29.8081813949989],[-95.371977056,29.808339826999],[-95.371978034,29.808494535999],[-95.3719696872812,29.8093392785557]]},"properties":{"AADT_CUR":252,"RTE_NM":"1119723","RTE_PRFX":"CS","RTE_NBR":"1119723","SYSTEM":"Off"}},{"type":"Feature","geometry":{"type":"LineString","coordinates":[[-95.4098827772492,29.7904576397977],[-95.4098745288927,29.7904582991259],[-95.40981647,29.7904629399988],[-95.4098164683672,29.7904629400169]]},"properties":{"AADT_CUR":12343,"RTE_NM":"255696","RTE_PRFX":"CS","RTE_NBR":"255696","SYSTEM":"Off"}},{"type":"Feature","geometry":{"type":"LineString","coordinates":[[-95.3754198675255,29.7059773447046],[-95.3754066440709,29.7059732110753],[-95.3753728905529,29.7059626597747]]},"properties":{"AADT_CUR":2022,"RTE_NM":"256191","RTE_PRFX":"CS","RTE_NBR":"256191","SYSTEM":"Off"}},{"type":"Feature","geometry":{"type":"LineString","coordinates":[[-95.36971969,29.81290771],[-95.36965699,29.81298529],[-95.36957408,29.81304141],[-95.36695615,29.81307685],[-95.3654313,29.81309969],[-95.3612097,29.81315811],[-95.35757912,29.8132189]]},"properties":{"AADT_CUR":252,"RTE_NM":"1125315","RTE_PRFX":"CS","RTE_NBR":"1125315","SYSTEM":"Off"}},{"type":"Feature","geometry":{"type":"LineString","coordinates":[[-95.38412846,29.7550718099986],[-95.38400457,29.7550745199986],[-95.38394354,29.7550842199986],[-95.38388239,29.7550976999986],[-95.38307809,29.7551214799986],[-95.38219914,29.7551337399986],[-95.38130668,29.7551529199986],[-95.38043202,29.7551547299986],[-95.38038495,29.7551443299986],[-95.37955036,29.7551522999986],[-95.37867782,29.7551677699986],[-95.37779364,29.7551721399986],[-95.37691077,29.7551785699986],[-95.37601632,29.7551849199986],[-95.37585048,29.7551925499986],[-95.3750865439146,29.7551929504441]]},"properties":{"AADT_CUR":252,"RTE_NM":"1129216","RTE_PRFX":"CS","RTE_NBR":"1129216","SYSTEM":"Off"}},{"type":"Feature","geometry":{"type":"LineString","coordinates":[[-95.3686687976949,29.7659750875986],[-95.368517845,29.7658154099987],[-95.368395459,29.7657213049987],[-95.368257652,29.7656365119987],[-95.3679874,29.7654704199986],[-95.3675491181001,29.7652221245661],[-95.36741337,29.7651452199986],[-95.3672779594332,29.7650643390741],[-95.3665784149659,29.7646464957295]]},"properties":{"AADT_CUR":2674,"RTE_NM":"256974","RTE_PRFX":"CS","RTE_NBR":"256974","SYSTEM":"Off"}},{"type":"Feature","geometry":{"type":"LineString","coordinates":[[-95.36397325,29.7453622499985],[-95.3639567752887,29.7453829138517],[-95.36387092,29.7454905999985],[-95.36337314,29.7460755199985],[-95.3633554018469,29.7460973750284],[-95.36276641,29.7468230599985],[-95.3621955741336,29.7475608791157],[-95.3615956494107,29.7483162947058],[-95.36158067,29.7483351499985],[-95.3609982212111,29.7490645867015],[-95.3603985531781,29.7498105593153],[-95.35981258,29.7505742599986]]},"properties":{"AADT_CUR":1877,"RTE_NM":"1121585","RTE_PRFX":"CS","RTE_NBR":"1121585","SYSTEM":"Off"}},{"type":"Feature","geometry":{"type":"LineString","coordinates":[[-95.3778071009046,29.7374346792832],[-95.3778136,29.7374383799985],[-95.37868071,29.7379550999985],[-95.3795394026625,29.7384685091086],[-95.37955623,29.7384785699985],[-95.3804194054988,29.7390008998672],[-95.38128806,29.7395185499985],[-95.3812886758075,29.7395189550529]]},"properties":{"AADT_CUR":252,"RTE_NM":"1132156","RTE_PRFX":"CS","RTE_NBR":"1132156","SYSTEM":"Off"}},{"type":"Feature","geometry":{"type":"LineString","coordinates":[[-95.3782102539096,29.7116075138984],[-95.37820377,29.71160759],[-95.37788996,29.71165724],[-95.37736719,29.71176483],[-95.37695259,29.71192146],[-95.37570596,29.71245047],[-95.37535654,29.71266278],[-95.37515275,29.71280933],[-95.37474123,29.71304307],[-95.37423603,29.71324969],[-95.37375875,29.71343955],[-95.37355216,29.71350309],[-95.37335403,29.71353138],[-95.37315677,29.71354195],[-95.37289289,29.71352638],[-95.37263044,29.71348125],[-95.37231664,29.71337502],[-95.3719323,29.7131833],[-95.37156349,29.71295067],[-95.37133522,29.71275872],[-95.3713351659967,29.7127586432117]]},"properties":{"AADT_CUR":6647,"RTE_NM":"256730","RTE_PRFX":"CS","RTE_NBR":"256730","SYSTEM":"Off"}},{"type":"Feature","geometry":{"type":"LineString","coordinates":[[-95.41065617,29.7446481],[-95.40708332,29.74469096],[-95.4046847555388,29.7447193065764]]},"properties":{"AADT_CUR":4043,"RTE_NM":"256262","RTE_PRFX":"CS","RTE_NBR":"256262","SYSTEM":"Off"}},{"type":"Feature","geometry":{"type":"LineString","coordinates":[[-95.3819283443477,29.8038440167427],[-95.38324121,29.80382695],[-95.38402395,29.80392905],[-95.3844165,29.80395562],[-95.38755513,29.80391038],[-95.38765224,29.80393844],[-95.38803472,29.80407595]]},"properties":{"AADT_CUR":16211,"RTE_NM":"256059","RTE_PRFX":"CS","RTE_NBR":"256059","SYSTEM":"Off"}},{"type":"Feature","geometry":{"type":"LineString","coordinates":[[-95.33166754,29.73777522],[-95.33190248,29.73748187],[-95.33199185,29.73737028],[-95.33232365,29.7370794],[-95.33313862,29.73668205],[-95.33352803,29.73638255],[-95.33378158,29.73604465],[-95.33394472,29.73571017],[-95.33457199,29.73414843],[-95.33536447,29.73216161],[-95.33602364,29.73050689],[-95.33601208,29.73017549],[-95.33597037,29.72989713],[-95.3359241,29.72957046],[-95.33592826,29.72934193],[-95.33595878,29.72913844],[-95.33605219,29.72877479],[-95.33617625,29.7284905],[-95.33640616,29.72815594],[-95.33664585,29.72794145]]},"properties":{"AADT_CUR":6964,"RTE_NM":"256255","RTE_PRFX":"CS","RTE_NBR":"256255","SYSTEM":"Off"}},{"type":"Feature","geometry":{"type":"LineString","coordinates":[[-95.32809413,29.7714033299987],[-95.32804444,29.7714206999987],[-95.32775815,29.7714077199987],[-95.3271272,29.7714103999987],[-95.3264281242794,29.771411003856]]},"properties":{"AADT_CUR":252,"RTE_NM":"1130070","RTE_PRFX":"CS","RTE_NBR":"1130070","SYSTEM":"Off"}},{"type":"Feature","geometry":{"type":"LineString","coordinates":[[-95.3619380999921,29.7107328697387],[-95.36192947,29.71073188],[-95.36114524,29.71057236],[-95.36086083,29.71051178],[-95.36052409,29.71047715],[-95.36030739,29.71046921],[-95.36001287,29.7104863],[-95.35977517,29.7105166],[-95.35950428,29.71057356],[-95.35925169,29.71064791],[-95.35906257,29.71073016],[-95.35887265,29.7108291],[-95.35870266,29.71091205],[-95.35857063,29.71100197],[-95.35839507,29.71106799],[-95.35820863,29.7110946],[-95.35804292,29.71108852],[-95.35786419,29.71108755],[-95.35766103,29.71106338],[-95.35742868,29.71098241],[-95.35724256,29.71086969],[-95.35700812,29.71069946],[-95.35679972,29.71051903],[-95.35657166,29.71034903],[-95.35644209,29.7102551],[-95.3563295452905,29.7101798828993]]},"properties":{"AADT_CUR":5158,"RTE_NM":"256726","RTE_PRFX":"CS","RTE_NBR":"256726","SYSTEM":"Off"}},{"type":"Feature","geometry":{"type":"LineString","coordinates":[[-95.3451897544048,29.7418366033656],[-95.34518544,29.741834689997],[-95.3450991648038,29.7418103495265],[-95.3450293869443,29.7417906633307],[-95.344185751063,29.7415526473552],[-95.34268689,29.741109569997],[-95.34244918,29.741033139997],[-95.34174744,29.740817789997],[-95.3409375338298,29.7405692050338],[-95.3388512668828,29.7399288358068]]},"properties":{"AADT_CUR":4081,"RTE_NM":"256948","RTE_PRFX":"CS","RTE_NBR":"256948","SYSTEM":"Off"}},{"type":"Feature","geometry":{"type":"LineString","coordinates":[[-95.4153556511678,29.7705293907313],[-95.41537246,29.7711049899987],[-95.41540429,29.7711721099987],[-95.41544831,29.7712163699987],[-95.4154383,29.7718900699987],[-95.41543772,29.7725739699987],[-95.4154374104273,29.7740539573508]]},"properties":{"AADT_CUR":252,"RTE_NM":"1130464","RTE_PRFX":"CS","RTE_NBR":"1130464","SYSTEM":"Off"}},{"type":"Feature","geometry":{"type":"LineString","coordinates":[[-95.39500471,29.7747245699987],[-95.3950159714848,29.7761642437924]]},"properties":{"AADT_CUR":243,"RTE_NM":"1122004","RTE_PRFX":"CS","RTE_NBR":"1122004","SYSTEM":"Off"}},{"type":"Feature","geometry":{"type":"LineString","coordinates":[[-95.36449551,29.7382835299985],[-95.36403905,29.7380066199985],[-95.36363461,29.7377659899985],[-95.3627954664422,29.7372651641083]]},"properties":{"AADT_CUR":252,"RTE_NM":"1122448","RTE_PRFX":"CS","RTE_NBR":"1122448","SYSTEM":"Off"}},{"type":"Feature","geometry":{"type":"LineString","coordinates":[[-95.3861545500779,29.7344825723736],[-95.38615557,29.7344934899984],[-95.3861561982241,29.7345112762456]]},"properties":{"AADT_CUR":252,"RTE_NM":"1123087","RTE_PRFX":"CS","RTE_NBR":"1123087","SYSTEM":"Off"}},{"type":"Feature","geometry":{"type":"LineString","coordinates":[[-95.3718228822077,29.7899392010125],[-95.3717725740969,29.7899011625335]]},"properties":{"AADT_CUR":9110,"RTE_NM":"256740","RTE_PRFX":"CS","RTE_NBR":"256740","SYSTEM":"Off"}},{"type":"Feature","geometry":{"type":"LineString","coordinates":[[-95.3544986419956,29.7260291797118],[-95.3545039786289,29.7260154366593]]},"properties":{"AADT_CUR":4200,"RTE_NM":"257079","RTE_PRFX":"CS","RTE_NBR":"257079","SYSTEM":"Off"}},{"type":"Feature","geometry":{"type":"LineString","coordinates":[[-95.3632405422599,29.7437946538827],[-95.3631978607382,29.7437721721685]]},"properties":{"AADT_CUR":2502,"RTE_NM":"287883","RTE_PRFX":"CS","RTE_NBR":"287883","SYSTEM":"Off"}},{"type":"Feature","geometry":{"type":"LineString","coordinates":[[-95.3688464995198,29.743970296618],[-95.3688328389908,29.7439619866061]]},"properties":{"AADT_CUR":168,"RTE_NM":"1126627","RTE_PRFX":"CS","RTE_NBR":"1126627","SYSTEM":"Off"}},{"type":"Feature","geometry":{"type":"LineString","coordinates":[[-95.39904276,29.79618432],[-95.39208504,29.79627505],[-95.38432956,29.79637822],[-95.38160272,29.79636268],[-95.38140138,29.79635534],[-95.38121722,29.79639052],[-95.38106142,29.79643511],[-95.38092358,29.79650547],[-95.38081412,29.79658525]]},"properties":{"AADT_CUR":2621,"RTE_NM":"255703","RTE_PRFX":"CS","RTE_NBR":"255703","SYSTEM":"Off"}},{"type":"Feature","geometry":{"type":"LineString","coordinates":[[-95.38305606,29.75867728],[-95.38267117,29.75867757],[-95.38250246,29.75867554],[-95.38217252,29.7586815],[-95.38212633,29.75867678],[-95.38209955,29.75866027],[-95.38171325,29.75868802]]},"properties":{"AADT_CUR":252,"RTE_NM":"1124866","RTE_PRFX":"CS","RTE_NBR":"1124866","SYSTEM":"Off"}},{"type":"Feature","geometry":{"type":"LineString","coordinates":[[-95.4414224114265,29.7506213464465],[-95.44131599,29.7510233799985],[-95.44116275,29.7514985499986],[-95.44106113,29.7517309199985],[-95.44077419,29.7523400799986],[-95.44046445,29.7529039699985],[-95.44004093,29.7535158899986],[-95.43974539,29.7538823599986],[-95.43919175,29.7544806899986],[-95.43848639,29.7551643299986],[-95.43780454,29.7556967799986],[-95.43734828,29.7560318799986],[-95.43712108,29.7561728599986],[-95.43685795,29.7562709199986],[-95.4365743,29.7563240999986],[-95.43624345,29.7563197399986],[-95.43593347,29.7562522599986],[-95.4356528,29.7561233299986],[-95.43535041,29.7558871899986],[-95.43520769,29.7556967699986],[-95.43509463,29.7554834299986],[-95.43503751,29.7552318699986],[-95.43502905,29.7550284599986],[-95.43503271,29.7545353399986],[-95.4350753,29.7541424799986],[-95.43504896,29.7538277799986],[-95.43499001,29.7533774199986],[-95.43490246,29.7529533999986],[-95.43480331,29.7526970499986],[-95.43468143,29.7523960999986],[-95.43446621,29.7521461299986],[-95.43414955,29.7519794199985],[-95.4339881228536,29.7519360226112],[-95.4337635869629,29.7519255948296]]},"properties":{"AADT_CUR":252,"RTE_NM":"1132130","RTE_PRFX":"CS","RTE_NBR":"1132130","SYSTEM":"Off"}},{"type":"Feature","geometry":{"type":"LineString","coordinates":[[-95.4183364673718,29.7521398453298],[-95.41726777,29.75236962],[-95.4166677,29.75250727],[-95.41560996,29.75266819],[-95.41497761,29.75276484],[-95.41430345,29.75278028],[-95.41342372,29.75279823],[-95.41286492,29.75278797],[-95.41208679,29.75282952],[-95.41155697,29.75292985],[-95.4111088,29.7529933],[-95.41069876,29.75300964]]},"properties":{"AADT_CUR":3426,"RTE_NM":"256546","RTE_PRFX":"CS","RTE_NBR":"256546","SYSTEM":"Off"}},{"type":"Feature","geometry":{"type":"LineString","coordinates":[[-95.41185459,29.812827569999],[-95.4119125478185,29.8127427657437],[-95.41192974,29.812717609999],[-95.41201245,29.812583559999],[-95.412075561662,29.812468489336],[-95.41208777,29.812446229999],[-95.41215549,29.812305929999],[-95.41221549,29.812162989999],[-95.41226761,29.812017709999],[-95.4122999155705,29.8119099662845],[-95.41231177,29.8118704299989],[-95.41234782,29.811721489999],[-95.41237572,29.811571229999],[-95.41239537,29.811419969999],[-95.41240676,29.811268079999],[-95.4124098,29.811160119999],[-95.4124054887918,29.8108846603486],[-95.4123895866113,29.8098685955265],[-95.4123734571823,29.8088379891441],[-95.4123575748243,29.8078231483776],[-95.41235049,29.8073704399989],[-95.4123362825602,29.8068067010287],[-95.4123107811599,29.8057948111192],[-95.4122850681501,29.8047745033702],[-95.4122596559272,29.8037661100918],[-95.4122339141895,29.8027446199748],[-95.41221048,29.8018146799989],[-95.4122148310017,29.8017232281667],[-95.41223033,29.8013974599989],[-95.41224431,29.8012855299989],[-95.41224952,29.8011761999989],[-95.41224642,29.8010667899989],[-95.41223504,29.8009578099989],[-95.41221543,29.8008497099989],[-95.41218766,29.8007429899989],[-95.4121762233267,29.8007094631194],[-95.41215188,29.8006380999989],[-95.41210822,29.8005354999989],[-95.4120963879299,29.8005124813061],[-95.41205689,29.8004356399989],[-95.41201025,29.8003577299989],[-95.41196623,29.8002925599989],[-95.41190296,29.8001871299989],[-95.41184725,29.8000784899989],[-95.41179932,29.7999670599989],[-95.41175934,29.7998532799989],[-95.41172748,29.7997375499989],[-95.4117203354739,29.7997021296204],[-95.41170384,29.7996203499989],[-95.41168852,29.7995020999989],[-95.41168181,29.7993924299989],[-95.4116512097389,29.7978609575997],[-95.41161417,29.7960071399988],[-95.4115921045152,29.7941610642393],[-95.41157591,29.7928061299988],[-95.4115658618649,29.7923313183387],[-95.41156208,29.7921526099988],[-95.41157759,29.7918266599988],[-95.4117979,29.7909726499988],[-95.41183958,29.7907260099988],[-95.4118166143458,29.7903176281179]]},"properties":{"AADT_CUR":19635,"RTE_NM":"256213","RTE_PRFX":"CS","RTE_NBR":"256213","SYSTEM":"Off"}},{"type":"Feature","geometry":{"type":"LineString","coordinates":[[-95.3736617400549,29.8104661128468],[-95.37223483,29.810485829999],[-95.369766668087,29.8105233900525]]},"properties":{"AADT_CUR":252,"RTE_NM":"1122986","RTE_PRFX":"CS","RTE_NBR":"1122986","SYSTEM":"Off"}},{"type":"Feature","geometry":{"type":"LineString","coordinates":[[-95.40841957,29.7571367899986],[-95.40643944,29.7571774499986],[-95.4041375403293,29.7571992001269],[-95.4023469762595,29.7572229479605]]},"properties":{"AADT_CUR":7624,"RTE_NM":"256179","RTE_PRFX":"CS","RTE_NBR":"256179","SYSTEM":"Off"}},{"type":"Feature","geometry":{"type":"LineString","coordinates":[[-95.3702720779934,29.7469835224344],[-95.37029162,29.7469589999955],[-95.3708759201679,29.746220535399],[-95.3714208296939,29.7455318419831],[-95.3716036528869,29.7453007750035],[-95.371868920602,29.7449655054512],[-95.37235044,29.7443569099955],[-95.3729886808691,29.7435280406915],[-95.3733534341124,29.7430543359733],[-95.37364378,29.7426772599955],[-95.3738070096554,29.7424684884814],[-95.3743692643878,29.7417493535501],[-95.3748162377242,29.7411776564881],[-95.3753026,29.7405555699955],[-95.3758640978747,29.7398801538418],[-95.3763292502522,29.7393206210906],[-95.3768064926085,29.7387465365065],[-95.3773584662866,29.7380082501569],[-95.3777932018268,29.7374267648644],[-95.37823522,29.7368355299953],[-95.378814426416,29.7361432848643],[-95.3792768419772,29.7355906147235],[-95.37977437,29.7349959699952],[-95.3803612847018,29.7342628241714],[-95.3812953086019,29.7330960578653],[-95.3816147629711,29.732696993098],[-95.3817637540192,29.7325108709879],[-95.3818211367412,29.7324391872961]]},"properties":{"AADT_CUR":4248,"RTE_NM":"257087","RTE_PRFX":"CS","RTE_NBR":"257087","SYSTEM":"Off"}},{"type":"Feature","geometry":{"type":"LineString","coordinates":[[-95.33584984,29.78871854],[-95.33509557,29.78872197],[-95.3343086,29.78873002],[-95.33401027,29.78873449],[-95.33393953,29.78875571],[-95.3338874,29.78879638],[-95.33387239,29.78894539]]},"properties":{"AADT_CUR":252,"RTE_NM":"1126510","RTE_PRFX":"CS","RTE_NBR":"1126510","SYSTEM":"Off"}},{"type":"Feature","geometry":{"type":"LineString","coordinates":[[-95.3993703982816,29.7386589927895],[-95.39451147,29.7387093],[-95.39256098,29.73874485],[-95.3912221060071,29.738767392356]]},"properties":{"AADT_CUR":10105,"RTE_NM":"255774","RTE_PRFX":"CS","RTE_NBR":"255774","SYSTEM":"Off"}},{"type":"Feature","geometry":{"type":"LineString","coordinates":[[-95.36123607,29.72563717],[-95.36117115,29.72555393],[-95.36051708,29.7253524],[-95.35937086,29.72499035]]},"properties":{"AADT_CUR":252,"RTE_NM":"1131101","RTE_PRFX":"CS","RTE_NBR":"1131101","SYSTEM":"Off"}},{"type":"Feature","geometry":{"type":"LineString","coordinates":[[-95.3398188932391,29.7938966596385],[-95.339034281,29.793893862],[-95.337626119,29.793906664],[-95.335638599,29.793949726],[-95.333559884,29.793977658],[-95.331778893,29.794010246],[-95.331453004,29.794013737],[-95.331305483,29.794002098],[-95.331159302,29.793988132],[-95.331052014,29.793970675],[-95.3310041480974,29.7939593872564]]},"properties":{"AADT_CUR":10168,"RTE_NM":"256115","RTE_PRFX":"CS","RTE_NBR":"256115","SYSTEM":"Off"}},{"type":"Feature","geometry":{"type":"LineString","coordinates":[[-95.38237172,29.76480776],[-95.38238269,29.7655318],[-95.38238672,29.76619717]]},"properties":{"AADT_CUR":252,"RTE_NM":"1131643","RTE_PRFX":"CS","RTE_NBR":"1131643","SYSTEM":"Off"}},{"type":"Feature","geometry":{"type":"LineString","coordinates":[[-95.328715862365,29.8189771219151],[-95.3287168,29.818667509999],[-95.3287152603947,29.8180043784409]]},"properties":{"AADT_CUR":6400,"RTE_NM":"256493","RTE_PRFX":"CS","RTE_NBR":"256493","SYSTEM":"Off"}},{"type":"Feature","geometry":{"type":"LineString","coordinates":[[-95.4300045376847,29.7149297452778],[-95.42991769,29.7149300999983],[-95.4287904698395,29.7149507801781],[-95.4276934401701,29.7149701868031]]},"properties":{"AADT_CUR":5065,"RTE_NM":"257727","RTE_PRFX":"CS","RTE_NBR":"257727","SYSTEM":"Off"}},{"type":"Feature","geometry":{"type":"LineString","coordinates":[[-95.3457647400671,29.7718869382612],[-95.34573239,29.77189633],[-95.34449123,29.7723048],[-95.34377322,29.7727306],[-95.34308486,29.77314092],[-95.341779809936,29.7738379795453]]},"properties":{"AADT_CUR":2232,"RTE_NM":"256721","RTE_PRFX":"CS","RTE_NBR":"256721","SYSTEM":"Off"}},{"type":"Feature","geometry":{"type":"LineString","coordinates":[[-95.397453926,29.751617856],[-95.39732784,29.751668542],[-95.3936808,29.75174283],[-95.39212236,29.75177146],[-95.39116485,29.75178864]]},"properties":{"AADT_CUR":252,"RTE_NM":"1120665","RTE_PRFX":"CS","RTE_NBR":"1120665","SYSTEM":"Off"}},{"type":"Feature","geometry":{"type":"LineString","coordinates":[[-95.35943719,29.78669225],[-95.35945149,29.78807154],[-95.35945692,29.78880466],[-95.35943503,29.78886901],[-95.35938477,29.78891649],[-95.35936006,29.78899343],[-95.35935256,29.78975198]]},"properties":{"AADT_CUR":252,"RTE_NM":"1126991","RTE_PRFX":"CS","RTE_NBR":"1126991","SYSTEM":"Off"}},{"type":"Feature","geometry":{"type":"LineString","coordinates":[[-95.3793688428206,29.757901279041],[-95.37936693,29.7583086899986]]},"properties":{"AADT_CUR":252,"RTE_NM":"1127300","RTE_PRFX":"CS","RTE_NBR":"1127300","SYSTEM":"Off"}},{"type":"Feature","geometry":{"type":"LineString","coordinates":[[-95.3588847865309,29.7184040627438],[-95.3588375740118,29.7183899576086]]},"properties":{"AADT_CUR":7301,"RTE_NM":"255935","RTE_PRFX":"CS","RTE_NBR":"255935","SYSTEM":"Off"}},{"type":"Feature","geometry":{"type":"LineString","coordinates":[[-95.37345386,29.73016279],[-95.37307827,29.72993338]]},"properties":{"AADT_CUR":252,"RTE_NM":"1122883","RTE_PRFX":"CS","RTE_NBR":"1122883","SYSTEM":"Off"}},{"type":"Feature","geometry":{"type":"LineString","coordinates":[[-95.3838237149849,29.7388812866935],[-95.38382382,29.7388922199984],[-95.38382832,29.7397684199985],[-95.38384845,29.7406724099984],[-95.38385891,29.7415802299985],[-95.38386918188,29.7424311271395]]},"properties":{"AADT_CUR":252,"RTE_NM":"1123471","RTE_PRFX":"CS","RTE_NBR":"1123471","SYSTEM":"Off"}},{"type":"Feature","geometry":{"type":"LineString","coordinates":[[-95.431090032016,29.7060443973145],[-95.4310739200221,29.70604448318],[-95.43089648,29.7060454199982],[-95.4292371079852,29.7060686124914],[-95.42744828,29.7060935899982]]},"properties":{"AADT_CUR":25175,"RTE_NM":"257718","RTE_PRFX":"CS","RTE_NBR":"257718","SYSTEM":"Off"}},{"type":"Feature","geometry":{"type":"LineString","coordinates":[[-95.4030171731076,29.7062434119758],[-95.40301717,29.7062300999964],[-95.4029942185396,29.7047169102175],[-95.4028418191851,29.7036962660172],[-95.40281023,29.7035419499982],[-95.4021138963755,29.7014029208732]]},"properties":{"AADT_CUR":12400,"RTE_NM":"256264","RTE_PRFX":"CS","RTE_NBR":"256264","SYSTEM":"Off"}},{"type":"Feature","geometry":{"type":"LineString","coordinates":[[-95.332428,29.7541213],[-95.33340752,29.75285386],[-95.33556355,29.75007334],[-95.33600465,29.74953388]]},"properties":{"AADT_CUR":2472,"RTE_NM":"256812","RTE_PRFX":"CS","RTE_NBR":"256812","SYSTEM":"Off"}},{"type":"Feature","geometry":{"type":"LineString","coordinates":[[-95.3936542663267,29.7206539533296],[-95.3937258,29.72056462],[-95.39642746,29.71715426],[-95.39884385,29.71408769],[-95.4008916920779,29.7114956545752]]},"properties":{"AADT_CUR":25546,"RTE_NM":"256734","RTE_PRFX":"CS","RTE_NBR":"256734","SYSTEM":"Off"}},{"type":"Feature","geometry":{"type":"LineString","coordinates":[[-95.3577331971753,29.7548119246051],[-95.3577235324341,29.7548238029052]]},"properties":{"AADT_CUR":252,"RTE_NM":"1125112","RTE_PRFX":"CS","RTE_NBR":"1125112","SYSTEM":"Off"}},{"type":"Feature","geometry":{"type":"LineString","coordinates":[[-95.351361515524,29.753290673615],[-95.35078112,29.7540422799986],[-95.35077185,29.7540537899986]]},"properties":{"AADT_CUR":13800,"RTE_NM":"296166","RTE_PRFX":"CS","RTE_NBR":"296166","SYSTEM":"Off"}},{"type":"Feature","geometry":{"type":"LineString","coordinates":[[-95.3513706705019,29.7783505237103],[-95.3513540352894,29.7783508155274]]},"properties":{"AADT_CUR":4132,"RTE_NM":"256708","RTE_PRFX":"CS","RTE_NBR":"256708","SYSTEM":"Off"}},{"type":"Feature","geometry":{"type":"LineString","coordinates":[[-95.35895607,29.73253102],[-95.35914827,29.732232],[-95.35957105,29.73170898],[-95.35988181,29.73136514],[-95.36056063,29.73049937],[-95.36088499,29.73009367],[-95.36113417,29.72977561],[-95.36136753,29.72948268],[-95.36199254,29.72869541],[-95.36234335,29.72825996],[-95.36285181,29.72759034],[-95.36336898,29.72696323],[-95.36385058,29.72636657],[-95.364348,29.7257104],[-95.36484267,29.72510105],[-95.36532425,29.72447591],[-95.36583043,29.72384798],[-95.36634259,29.72321485],[-95.36682354,29.72260258],[-95.36731107,29.7219642],[-95.36734686,29.72192311],[-95.36782253,29.72133374],[-95.36829955,29.72072042],[-95.3687936,29.72008153],[-95.36928095,29.71949004],[-95.36972173,29.71892077],[-95.37028664,29.71821004],[-95.37033649,29.71814723],[-95.37077412,29.71759769],[-95.37123014,29.71701879],[-95.37137719,29.71682404],[-95.37150015,29.7166105],[-95.37157702,29.71643251],[-95.37164902,29.71620442],[-95.37170921,29.71600853],[-95.37169852,29.71589748],[-95.37169232,29.71575983],[-95.37166673,29.71564949],[-95.37155793,29.71554706],[-95.37143378,29.71541979],[-95.37135261,29.71525898],[-95.37135148,29.71511905],[-95.37138958,29.71499217],[-95.37170523,29.7142001]]},"properties":{"AADT_CUR":2187,"RTE_NM":"256254","RTE_PRFX":"CS","RTE_NBR":"256254","SYSTEM":"Off"}},{"type":"Feature","geometry":{"type":"LineString","coordinates":[[-95.37332754,29.73595564],[-95.37295876,29.73642848]]},"properties":{"AADT_CUR":252,"RTE_NM":"1125112","RTE_PRFX":"CS","RTE_NBR":"1125112","SYSTEM":"Off"}},{"type":"Feature","geometry":{"type":"LineString","coordinates":[[-95.3816953,29.7444456199985],[-95.38131961,29.7442295199985],[-95.38048558971,29.7436926503784],[-95.379670594285,29.7431680166106],[-95.3787830889904,29.7426418946098],[-95.3779425671292,29.7421436139144],[-95.377055298449,29.7416176090587],[-95.3761858774693,29.7410907942894],[-95.3753240125291,29.7405685465208]]},"properties":{"AADT_CUR":12938,"RTE_NM":"256239","RTE_PRFX":"CS","RTE_NBR":"256239","SYSTEM":"Off"}},{"type":"Feature","geometry":{"type":"LineString","coordinates":[[-95.3419409096524,29.7835246683031],[-95.3419242622752,29.7835246888503]]},"properties":{"AADT_CUR":3041,"RTE_NM":"256977","RTE_PRFX":"CS","RTE_NBR":"256977","SYSTEM":"Off"}},{"type":"Feature","geometry":{"type":"LineString","coordinates":[[-95.3406905,29.74605675],[-95.34026755,29.74657128],[-95.33973894,29.74725115],[-95.33972374,29.74729602],[-95.33972782,29.74731986],[-95.3397377,29.74735464],[-95.3397328,29.74738794],[-95.33972504,29.74743194],[-95.33970918,29.74746062],[-95.33916538,29.74812768],[-95.3385779,29.74887185],[-95.33798308,29.74962789],[-95.33736652,29.75038259],[-95.33728085,29.75035806]]},"properties":{"AADT_CUR":252,"RTE_NM":"1124950","RTE_PRFX":"CS","RTE_NBR":"1124950","SYSTEM":"Off"}},{"type":"Feature","geometry":{"type":"LineString","coordinates":[[-95.389653,29.7453694399985],[-95.38884634,29.7453836899985],[-95.38805316,29.7454038699985],[-95.38725005,29.7454232999985],[-95.3859577957695,29.7454450359907],[-95.38479828,29.7454752199985],[-95.3830228,29.7455228399985],[-95.38166548,29.7455616299985]]},"properties":{"AADT_CUR":252,"RTE_NM":"1120023","RTE_PRFX":"CS","RTE_NBR":"1120023","SYSTEM":"Off"}},{"type":"Feature","geometry":{"type":"LineString","coordinates":[[-95.3705608633734,29.7482096986382],[-95.3705495487484,29.7482029316466],[-95.3697102462292,29.7477009603758]]},"properties":{"AADT_CUR":2873,"RTE_NM":"256376","RTE_PRFX":"CS","RTE_NBR":"256376","SYSTEM":"Off"}},{"type":"Feature","geometry":{"type":"LineString","coordinates":[[-95.3728888380872,29.748545550147],[-95.37289783,29.74853435],[-95.37495446,29.74591013],[-95.37648579,29.74397143],[-95.37849184,29.74145442],[-95.37940698,29.74029698],[-95.3808378,29.73846527]]},"properties":{"AADT_CUR":13613,"RTE_NM":"257236","RTE_PRFX":"CS","RTE_NBR":"257236","SYSTEM":"Off"}},{"type":"Feature","geometry":{"type":"LineString","coordinates":[[-95.4365792373923,29.738296917573],[-95.4365792,29.7382942199984],[-95.4365779184872,29.7382613098726],[-95.4363848359535,29.733302565115],[-95.43636383,29.7327630599984],[-95.43638358,29.7320939199984],[-95.43638887,29.7308123299984],[-95.4363507022017,29.7293822059943]]},"properties":{"AADT_CUR":5751,"RTE_NM":"257232","RTE_PRFX":"CS","RTE_NBR":"257232","SYSTEM":"Off"}},{"type":"Feature","geometry":{"type":"LineString","coordinates":[[-95.4299549206106,29.7383519419378],[-95.42995468,29.7383397799985],[-95.42994581,29.7367360099984],[-95.42987808,29.7359062199984],[-95.4297373,29.7353273399984],[-95.42957874,29.7348011799984],[-95.4292926517759,29.7338594415446]]},"properties":{"AADT_CUR":8072,"RTE_NM":"256006","RTE_PRFX":"CS","RTE_NBR":"256006","SYSTEM":"Off"}},{"type":"Feature","geometry":{"type":"LineString","coordinates":[[-95.35449227,29.82885145],[-95.35446428,29.82723991],[-95.35448448,29.82703777],[-95.35453367,29.8268051],[-95.35464333,29.8265984],[-95.35477894,29.82640329],[-95.35499261,29.82613601],[-95.35514659,29.82591656],[-95.35530699,29.8256565],[-95.35532049,29.82558355],[-95.35560501,29.82425672],[-95.35563672,29.82410886],[-95.35596619,29.82242866],[-95.35598619,29.82208865],[-95.35598619,29.82174865],[-95.35596619,29.82140866],[-95.35591619,29.82107866],[-95.35583619,29.82073866],[-95.35574619,29.82040866],[-95.35561619,29.82008866],[-95.35546619,29.81977866],[-95.35525619,29.81939866],[-95.35508619,29.81911866],[-95.35477194,29.81872547],[-95.35445492,29.81833268],[-95.35414324,29.81796614],[-95.3541194,29.81793811],[-95.35389663,29.81765045],[-95.35349732,29.81715016],[-95.35305724,29.81662508],[-95.35258843,29.81600239],[-95.35244086,29.81578337],[-95.35236619,29.81562866],[-95.3522162,29.81537866],[-95.35211619,29.81519866],[-95.35186619,29.81481866],[-95.35170619,29.81446866],[-95.35153119,29.81407866],[-95.35126783,29.81356529],[-95.35109196,29.81332694],[-95.35088041,29.81307675],[-95.35071281,29.81291776],[-95.35056077,29.81281205],[-95.35041903,29.8127436],[-95.35021619,29.81266866],[-95.34994306,29.81255692],[-95.3488962,29.81212866],[-95.34814552,29.81190089],[-95.34737759,29.81164785],[-95.34725772,29.81156886]]},"properties":{"AADT_CUR":74081,"RTE_NM":"SS0548-KG","RTE_PRFX":"SS","RTE_NBR":"548","SYSTEM":"On"}},{"type":"Feature","geometry":{"type":"LineString","coordinates":[[-95.39247357,29.7321199],[-95.39250517,29.73443405],[-95.39250167,29.73448161]]},"properties":{"AADT_CUR":252,"RTE_NM":"1132471","RTE_PRFX":"CS","RTE_NBR":"1132471","SYSTEM":"Off"}},{"type":"Feature","geometry":{"type":"LineString","coordinates":[[-95.3980385551511,29.7526429062446],[-95.39816847,29.7524933499986],[-95.39833716,29.7523086799986],[-95.3985123,29.7521286399986],[-95.39868691,29.7519597499986],[-95.398707,29.7519244299986],[-95.3987140344763,29.7519097314153],[-95.39874398,29.7518471599986],[-95.39877299,29.7517673199985],[-95.39879381,29.7516855699986],[-95.39880626,29.7516025199985],[-95.39881025,29.7515188499985],[-95.39880575,29.7514351899986],[-95.39879279,29.7513522099985],[-95.39877148,29.7512705499986],[-95.39874198,29.7511908499985],[-95.3986575429835,29.7510489491748],[-95.39860009,29.7509547099985],[-95.3982615160946,29.7504072611841],[-95.39816662,29.7502538199985],[-95.3978850397562,29.7498082734192],[-95.39772586,29.7495563999985],[-95.3974990987246,29.749205174531],[-95.39727786,29.7488624999985],[-95.3971129841129,29.7486109762928],[-95.39708048,29.7485613899985],[-95.396746025973,29.747997211175],[-95.39672271,29.7479578799985],[-95.3963803244948,29.7473883750099],[-95.39616875,29.7470364499985],[-95.3958878070258,29.7465769218955],[-95.39560747,29.7461183799985],[-95.3953167960954,29.7456507817185],[-95.39503891,29.7452037499985],[-95.3948481665377,29.7449019241484],[-95.39446308,29.7442925699985],[-95.3943829427494,29.7441669582014]]},"properties":{"AADT_CUR":6528,"RTE_NM":"256126","RTE_PRFX":"CS","RTE_NBR":"256126","SYSTEM":"Off"}},{"type":"Feature","geometry":{"type":"LineString","coordinates":[[-95.3154942883622,29.7636308664035],[-95.31547973,29.7636267899986],[-95.3084455617655,29.7616013054504],[-95.3077118997892,29.7613900206189],[-95.30730206,29.7612719899986],[-95.30605818,29.7609028099986],[-95.30597797,29.7608810599986],[-95.30577874,29.7608217299986],[-95.30558234,29.7607555699986],[-95.3053891,29.7606826999986],[-95.30519931,29.7606032099986],[-95.30501327,29.7605172599986],[-95.30483126,29.7604249499986],[-95.30473972,29.7603752799986],[-95.3043118209373,29.7601501159414],[-95.30255896,29.7592277199986],[-95.3012497,29.7585387299986],[-95.300493182609,29.7581353557987]]},"properties":{"AADT_CUR":4806,"RTE_NM":"256102","RTE_PRFX":"CS","RTE_NBR":"256102","SYSTEM":"Off"}},{"type":"Feature","geometry":{"type":"LineString","coordinates":[[-95.3913203706255,29.7533836907449],[-95.39134378,29.7555134599986],[-95.39136589,29.7574188599986],[-95.391309715928,29.7574824700847]]},"properties":{"AADT_CUR":252,"RTE_NM":"1121889","RTE_PRFX":"CS","RTE_NBR":"1121889","SYSTEM":"Off"}},{"type":"Feature","geometry":{"type":"LineString","coordinates":[[-95.350448606,29.752877181],[-95.350263408,29.752867392],[-95.350129968,29.752867974],[-95.349989822,29.752878453],[-95.349886557,29.752898246],[-95.349637781,29.75295879],[-95.349419852,29.753022245],[-95.349336703,29.753050189],[-95.349220027,29.753073475],[-95.349161018,29.753083954],[-95.34887268,29.753120048],[-95.348363059,29.753072893],[-95.348050581,29.753032724],[-95.347540961,29.752967523],[-95.347355888,29.752925607],[-95.347170816,29.752869721],[-95.346950874,29.752796369],[-95.34670411,29.75269973],[-95.346513673,29.752610078],[-95.346299096,29.75248666],[-95.346120729,29.752373721],[-95.345959796,29.752253796],[-95.345804228,29.752129214],[-95.345648659,29.751989495],[-95.345502478,29.751827654],[-95.345322771,29.751619239],[-95.345185977,29.751423632],[-95.344976765,29.751077825],[-95.34488691,29.750895024],[-95.344817556,29.750773248],[-95.34480454,29.75075775],[-95.34469713,29.75063995],[-95.34453157,29.7504681],[-95.34435975,29.75030098],[-95.34418186,29.75013878],[-95.34399807,29.74998166],[-95.34380858,29.7498298],[-95.343532163,29.749642659],[-95.343313562,29.749498279],[-95.343011814,29.74931664],[-95.342499511,29.749008085],[-95.341507091,29.748400288],[-95.3413663902918,29.7483145921663]]},"properties":{"AADT_CUR":5901,"RTE_NM":"256443","RTE_PRFX":"CS","RTE_NBR":"256443","SYSTEM":"Off"}},{"type":"Feature","geometry":{"type":"LineString","coordinates":[[-95.3169174705151,29.7986774431047],[-95.31298952,29.7987067899989]]},"properties":{"AADT_CUR":252,"RTE_NM":"1126450","RTE_PRFX":"CS","RTE_NBR":"1126450","SYSTEM":"Off"}},{"type":"Feature","geometry":{"type":"LineString","coordinates":[[-95.3717089454191,29.7333350542941],[-95.371518079,29.73339472],[-95.371068808,29.733606666],[-95.370634289,29.733881496],[-95.370315106,29.734100429],[-95.370073706,29.734310044],[-95.369924844,29.734459104],[-95.369588226,29.734855043],[-95.369247584,29.735311535],[-95.368590443,29.736204716],[-95.368070093,29.736892938],[-95.367188986,29.738085378],[-95.36647954,29.73900066],[-95.365814351,29.739849558],[-95.364549687,29.741461165],[-95.363905956,29.742390389],[-95.363191146,29.743479131],[-95.362574237,29.744433953],[-95.3625481721148,29.7444717948033]]},"properties":{"AADT_CUR":168109,"RTE_NM":"IH0069-RG","RTE_PRFX":"IH","RTE_NBR":"69","SYSTEM":"On"}},{"type":"Feature","geometry":{"type":"LineString","coordinates":[[-95.4123856768123,29.7638444139022],[-95.41239361,29.7645800999986],[-95.41240627,29.7653038399986],[-95.4124194596765,29.7660190640969],[-95.41243207,29.7667551999987],[-95.41244779,29.7674841899987],[-95.41246563,29.7682212399986],[-95.41246584,29.7689482299987],[-95.41248483,29.7696795599987],[-95.41249359,29.7699667699987],[-95.41251477,29.7702579699987],[-95.41250202,29.7704271899987],[-95.41249719,29.7704632099987],[-95.41251467,29.7710721499987],[-95.41250707,29.7711672199987],[-95.41252996,29.7718888499987],[-95.4125455311245,29.7726020789586],[-95.41254613,29.7726295099987],[-95.41255644,29.7732563799987],[-95.41256409,29.7734770999987],[-95.41255841,29.7736437999987],[-95.41257337,29.7740691499987],[-95.41258657,29.7748081799987],[-95.41260562,29.7755295799987],[-95.4126119,29.7762596899987],[-95.4126217604417,29.7770138321326]]},"properties":{"AADT_CUR":2612,"RTE_NM":"1129117","RTE_PRFX":"CS","RTE_NBR":"1129117","SYSTEM":"Off"}},{"type":"Feature","geometry":{"type":"LineString","coordinates":[[-95.35298807,29.7620027199986],[-95.35329296,29.7617300399986],[-95.3537509819258,29.7613700777408],[-95.35437354,29.7606401699986],[-95.354949656253,29.7599093374982]]},"properties":{"AADT_CUR":1305,"RTE_NM":"256145","RTE_PRFX":"CS","RTE_NBR":"256145","SYSTEM":"Off"}},{"type":"Feature","geometry":{"type":"LineString","coordinates":[[-95.39130861,29.75012746],[-95.39058727,29.7501378],[-95.39047601,29.7501482],[-95.38985029,29.75014186],[-95.38975601,29.75014646],[-95.38968328,29.75015655],[-95.38889905,29.75017402],[-95.38810289,29.75017772],[-95.38803098,29.75019269],[-95.38740618,29.75019854],[-95.38731137,29.75021555],[-95.38662082,29.75021325],[-95.38652928,29.75022996],[-95.38581183,29.75023766],[-95.38571591,29.75027795],[-95.38561739,29.75028518],[-95.38484807,29.75030275],[-95.3839851,29.7503108]]},"properties":{"AADT_CUR":1064,"RTE_NM":"1131829","RTE_PRFX":"CS","RTE_NBR":"1131829","SYSTEM":"Off"}},{"type":"Feature","geometry":{"type":"LineString","coordinates":[[-95.3982420267483,29.765346274155],[-95.39828349,29.76522992],[-95.39834363,29.76508557],[-95.39844645,29.76491222],[-95.3985707,29.76469258],[-95.3986874,29.76446981],[-95.39879644,29.76424412],[-95.39886163,29.76409946],[-95.39888709,29.76405242],[-95.3989198,29.76397772],[-95.39894449,29.7639007],[-95.3989532596243,29.7638624360929]]},"properties":{"AADT_CUR":27306,"RTE_NM":"257282","RTE_PRFX":"CS","RTE_NBR":"257282","SYSTEM":"Off"}},{"type":"Feature","geometry":{"type":"LineString","coordinates":[[-95.37591595,29.77862699],[-95.3758758,29.77864232],[-95.37581746,29.77863892],[-95.37547053,29.77859038],[-95.37496918,29.77850802],[-95.37488622,29.77848904],[-95.37484104,29.77846506],[-95.37481374,29.7784342]]},"properties":{"AADT_CUR":252,"RTE_NM":"1126550","RTE_PRFX":"CS","RTE_NBR":"1126550","SYSTEM":"Off"}},{"type":"Feature","geometry":{"type":"LineString","coordinates":[[-95.37926224,29.78194289],[-95.3792636,29.78222567],[-95.37927301,29.78294233],[-95.379289,29.78364518],[-95.37928931,29.78442815],[-95.37929335,29.78529063],[-95.37929527,29.786005],[-95.37932413,29.78672964],[-95.37931617,29.78741517],[-95.37932456,29.78810115],[-95.3793456,29.78889223],[-95.37935561,29.78972777],[-95.37936889,29.79057211],[-95.37936918,29.79154161],[-95.37938655,29.7922634],[-95.37938177,29.79240788],[-95.37939459,29.7929792],[-95.37940124,29.79323422],[-95.3794074,29.79369479],[-95.37941866,29.79439747]]},"properties":{"AADT_CUR":252,"RTE_NM":"1128591","RTE_PRFX":"CS","RTE_NBR":"1128591","SYSTEM":"Off"}},{"type":"Feature","geometry":{"type":"LineString","coordinates":[[-95.3128910457422,29.7139394128693],[-95.312658966,29.7145429009983],[-95.312345085,29.7153388939983],[-95.31209209,29.7159659199983],[-95.31200892,29.7161145399983],[-95.31194447,29.7162234399983],[-95.31185686,29.7163414299983],[-95.31174218,29.7165044599983],[-95.31168089,29.7165875599983],[-95.31145694,29.7169727299983],[-95.31132994,29.7173749199984],[-95.3112242,29.7176128099983]]},"properties":{"AADT_CUR":252,"RTE_NM":"1126561","RTE_PRFX":"CS","RTE_NBR":"1126561","SYSTEM":"Off"}},{"type":"Feature","geometry":{"type":"LineString","coordinates":[[-95.3104592030102,29.7874196504371],[-95.31045919,29.7874242099988],[-95.3104596822564,29.787448693684]]},"properties":{"AADT_CUR":1017,"RTE_NM":"1124769","RTE_PRFX":"CS","RTE_NBR":"1124769","SYSTEM":"Off"}},{"type":"Feature","geometry":{"type":"LineString","coordinates":[[-95.31518643,29.77504873],[-95.31350995,29.7750686]]},"properties":{"AADT_CUR":252,"RTE_NM":"1131050","RTE_PRFX":"CS","RTE_NBR":"1131050","SYSTEM":"Off"}},{"type":"Feature","geometry":{"type":"LineString","coordinates":[[-95.3547111406847,29.814320954059],[-95.35471151,29.814385869999],[-95.35471161,29.814850599999],[-95.35471238,29.815707819999],[-95.35471636,29.816226409999],[-95.35471762,29.816460599999],[-95.3547140670577,29.8167572847317]]},"properties":{"AADT_CUR":403,"RTE_NM":"1121515","RTE_PRFX":"CS","RTE_NBR":"1121515","SYSTEM":"Off"}},{"type":"Feature","geometry":{"type":"LineString","coordinates":[[-95.3720057873857,29.8038411549306],[-95.37210554,29.80435204],[-95.3722098,29.80488599],[-95.37265979,29.80719045],[-95.37279257,29.80787042],[-95.37285276,29.80817864],[-95.37304254,29.80885906],[-95.37360872,29.81030647],[-95.37373984,29.81070127],[-95.37377235,29.81084544],[-95.37382299,29.81125483],[-95.37379939,29.81175172],[-95.37374507,29.81206604],[-95.37365008,29.81234402],[-95.37355688,29.81250737],[-95.37354394,29.81253005]]},"properties":{"AADT_CUR":1936,"RTE_NM":"IH0045-AG","RTE_PRFX":"IH","RTE_NBR":"45","SYSTEM":"On"}},{"type":"Feature","geometry":{"type":"LineString","coordinates":[[-95.42977532,29.7062275799982],[-95.4297993881974,29.7073850602263],[-95.4298334964991,29.7091752140728],[-95.42986145,29.7109561599983],[-95.42987887,29.7117740699983],[-95.4298851458863,29.7127616221035],[-95.4299177002728,29.7149300999563],[-95.42994672,29.7159894399983],[-95.4299633029592,29.7169590259592],[-95.42998414,29.7179663099983],[-95.43000103,29.7189564399983],[-95.43002096,29.7199377699983],[-95.43004017,29.7209374699983],[-95.43005788,29.7219154499983],[-95.4300718127958,29.7228822652517],[-95.43007237,29.7229209299983],[-95.43008572,29.7236103299983],[-95.43007988,29.7239135799984],[-95.4301053593853,29.7252528938506],[-95.4301073,29.7253548999984],[-95.43013431,29.7264431199984],[-95.43018841,29.7266537099984],[-95.43029637,29.7267357299984],[-95.43035216,29.7268691199984],[-95.43038866,29.7272658099984]]},"properties":{"AADT_CUR":252,"RTE_NM":"1252544","RTE_PRFX":"CS","RTE_NBR":"1252544","SYSTEM":"Off"}},{"type":"Feature","geometry":{"type":"LineString","coordinates":[[-95.371868920602,29.7449655054542],[-95.3727403420286,29.7454726336695],[-95.37318371,29.7457431699985],[-95.373607589305,29.7460076031751]]},"properties":{"AADT_CUR":252,"RTE_NM":"1120828","RTE_PRFX":"CS","RTE_NBR":"1120828","SYSTEM":"Off"}},{"type":"Feature","geometry":{"type":"LineString","coordinates":[[-95.359114291,29.743507857],[-95.358522976,29.7442537],[-95.35792852,29.74499663],[-95.357415386,29.745654821],[-95.356755176,29.74649856]]},"properties":{"AADT_CUR":252,"RTE_NM":"1120185","RTE_PRFX":"CS","RTE_NBR":"1120185","SYSTEM":"Off"}},{"type":"Feature","geometry":{"type":"LineString","coordinates":[[-95.35159735,29.7270493099984],[-95.35112815,29.7281885199984],[-95.35094467,29.7286673399984],[-95.35059411,29.7296173399984],[-95.35034265,29.7302369599984],[-95.35010396,29.7308714199984],[-95.3498526,29.7314881399984],[-95.34960425,29.7321136399984],[-95.3492644782521,29.7329443700518],[-95.3491509,29.7332303299984],[-95.34913681,29.7332588499984],[-95.34909581,29.7333788499984],[-95.3486308577867,29.7345671911022]]},"properties":{"AADT_CUR":252,"RTE_NM":"1127296","RTE_PRFX":"CS","RTE_NBR":"1127296","SYSTEM":"Off"}},{"type":"Feature","geometry":{"type":"LineString","coordinates":[[-95.36269177,29.7078183099982],[-95.36255771,29.7078156199982],[-95.3623933,29.7077749499982],[-95.3622605,29.7077084199983],[-95.36214661,29.7076114199982],[-95.36199913,29.7074964299982],[-95.36183089,29.7074150199982],[-95.36162679,29.7073795899982],[-95.36097495,29.7072850499982],[-95.3605495,29.7072862899982],[-95.3603254,29.7072631199983],[-95.36014129,29.7072154299982],[-95.3578177363838,29.7065170355683]]},"properties":{"AADT_CUR":252,"RTE_NM":"1127907","RTE_PRFX":"CS","RTE_NBR":"1127907","SYSTEM":"Off"}},{"type":"Feature","geometry":{"type":"LineString","coordinates":[[-95.3518452694576,29.7104219419181],[-95.3518512927632,29.7104354463903]]},"properties":{"AADT_CUR":252,"RTE_NM":"1124847","RTE_PRFX":"CS","RTE_NBR":"1124847","SYSTEM":"Off"}},{"type":"Feature","geometry":{"type":"LineString","coordinates":[[-95.30427306,29.7710034499987],[-95.30324952,29.7709959099987],[-95.30222931,29.7710056799987],[-95.3012051486836,29.7710081552694]]},"properties":{"AADT_CUR":252,"RTE_NM":"1119777","RTE_PRFX":"CS","RTE_NBR":"1119777","SYSTEM":"Off"}},{"type":"Feature","geometry":{"type":"LineString","coordinates":[[-95.391831639259,29.7689512031424],[-95.39201766,29.76840875],[-95.39217011,29.76774416],[-95.39231388,29.76703139],[-95.39231936,29.76645718],[-95.3923422,29.76460079],[-95.39239561,29.76394217],[-95.39238977,29.76315522],[-95.3923894141202,29.762993803371]]},"properties":{"AADT_CUR":27437,"RTE_NM":"256824","RTE_PRFX":"CS","RTE_NBR":"256824","SYSTEM":"Off"}},{"type":"Feature","geometry":{"type":"LineString","coordinates":[[-95.40764069,29.75650456],[-95.40642084,29.7565217]]},"properties":{"AADT_CUR":252,"RTE_NM":"1119642","RTE_PRFX":"CS","RTE_NBR":"1119642","SYSTEM":"Off"}},{"type":"Feature","geometry":{"type":"LineString","coordinates":[[-95.42161272,29.71593799],[-95.42163485,29.71737736],[-95.4216678,29.7193011],[-95.42167619,29.72003082],[-95.42171576,29.72040001]]},"properties":{"AADT_CUR":252,"RTE_NM":"1252486","RTE_PRFX":"CS","RTE_NBR":"1252486","SYSTEM":"Off"}},{"type":"Feature","geometry":{"type":"LineString","coordinates":[[-95.3800230725444,29.7190761406868],[-95.3786755255326,29.7187481661809]]},"properties":{"AADT_CUR":252,"RTE_NM":"1123227","RTE_PRFX":"CS","RTE_NBR":"1123227","SYSTEM":"Off"}},{"type":"Feature","geometry":{"type":"LineString","coordinates":[[-95.38887323,29.7208498799966],[-95.38880098,29.7211566699966],[-95.38880448,29.7213476399967],[-95.3887831,29.7216760399967],[-95.38872609,29.7219211499966],[-95.38861855,29.7221598299966],[-95.38850267,29.7223446099966],[-95.3883735491174,29.7225446208381],[-95.38818833,29.7227211799967],[-95.38766326,29.7234105499967],[-95.38700401,29.7242462199966],[-95.3870031176736,29.7242473539097],[-95.38633861,29.7250917599967],[-95.38586731,29.7256830599968],[-95.38540799,29.7262561799967],[-95.3848591869638,29.7269524130217],[-95.38484653,29.7269684699968],[-95.38436349,29.7275724399968],[-95.38392608,29.7281279999968],[-95.3833606499991,29.7288405299979],[-95.38290919,29.7294073799968],[-95.38244378,29.7299950199968],[-95.3818874266227,29.7306999481927],[-95.38140618,29.7313052999968],[-95.38095601,29.7318721699968],[-95.38061422,29.7322972199968],[-95.3805548816149,29.7323635005244],[-95.3804420007791,29.7324895872402],[-95.380388495548,29.7325495504423],[-95.3803858592365,29.7325547279514],[-95.3803549202763,29.7326154895995],[-95.38033607,29.7326525099968],[-95.3803132912668,29.7326859951321],[-95.38030105,29.7327039899968],[-95.37994016,29.7331584799968],[-95.37948804,29.7337369299968],[-95.37921369,29.7340753799968],[-95.3788871868747,29.7344754140326],[-95.37842247,29.7350755199968],[-95.37796589,29.7356453999969],[-95.3774229979175,29.7363439125813]]},"properties":{"AADT_CUR":3532,"RTE_NM":"1121347","RTE_PRFX":"CS","RTE_NBR":"1121347","SYSTEM":"Off"}},{"type":"Feature","geometry":{"type":"LineString","coordinates":[[-95.3909690970824,29.7228980323907],[-95.39117176,29.7227974699983],[-95.39149484,29.7225768299984],[-95.39180828,29.7223154399983],[-95.39203072,29.7220204199983],[-95.3921909937399,29.7218102624266],[-95.3926605,29.7211946199983],[-95.39304038,29.7207537599983],[-95.393349,29.7203507399983],[-95.39362296,29.7199464599983],[-95.39391665,29.7196135999983],[-95.39414004,29.7192984099983],[-95.39436488,29.7189529599983],[-95.3945565,29.7185759799983],[-95.3947404,29.7181178999983],[-95.39486173,29.7177585799983],[-95.39502434,29.7173482999983],[-95.39524927,29.7169138499983],[-95.3956725,29.7164121499983],[-95.3964274430566,29.7153217396083]]},"properties":{"AADT_CUR":7815,"RTE_NM":"256264","RTE_PRFX":"CS","RTE_NBR":"256264","SYSTEM":"Off"}},{"type":"Feature","geometry":{"type":"LineString","coordinates":[[-95.32642702,29.7723188],[-95.32641208259,29.7723244174835]]},"properties":{"AADT_CUR":499,"RTE_NM":"IH0010-AG","RTE_PRFX":"IH","RTE_NBR":"10","SYSTEM":"On"}},{"type":"Feature","geometry":{"type":"LineString","coordinates":[[-95.35748301,29.807603309999],[-95.35645735,29.8076265899989],[-95.35548363,29.8076432699989],[-95.35450667,29.8076547399989],[-95.35353173,29.807683019999],[-95.35254884378,29.8077068795714],[-95.35167697,29.8077147399989],[-95.3515859513022,29.8076989221475]]},"properties":{"AADT_CUR":252,"RTE_NM":"1123143","RTE_PRFX":"CS","RTE_NBR":"1123143","SYSTEM":"Off"}},{"type":"Feature","geometry":{"type":"LineString","coordinates":[[-95.4200645939351,29.7769007249332],[-95.4200649579158,29.7769152664843]]},"properties":{"AADT_CUR":252,"RTE_NM":"1128490","RTE_PRFX":"CS","RTE_NBR":"1128490","SYSTEM":"Off"}},{"type":"Feature","geometry":{"type":"LineString","coordinates":[[-95.3512006223778,29.7932471714742],[-95.3512003554904,29.7932372803468],[-95.3511771033466,29.7923755237073],[-95.3511541911006,29.7915263492801],[-95.3511312930519,29.7906776862986],[-95.3511083781053,29.7898283822803],[-95.35108536,29.7889752399988],[-95.3510648537256,29.7881216344272],[-95.3510444042814,29.7872703796544],[-95.3510238643372,29.7864153426892],[-95.35100353,29.7855688499988],[-95.35096848,29.7852836299988],[-95.35091788,29.7851153699988],[-95.35075128,29.7847348599988],[-95.35066977,29.7845138599988],[-95.35063009,29.7843203499988],[-95.3506009686667,29.7834096371808]]},"properties":{"AADT_CUR":3114,"RTE_NM":"256249","RTE_PRFX":"CS","RTE_NBR":"256249","SYSTEM":"Off"}},{"type":"Feature","geometry":{"type":"LineString","coordinates":[[-95.357026947825,29.7804112679073],[-95.3569658185672,29.7804341056334]]},"properties":{"AADT_CUR":243,"RTE_NM":"1127423","RTE_PRFX":"CS","RTE_NBR":"1127423","SYSTEM":"Off"}},{"type":"Feature","geometry":{"type":"LineString","coordinates":[[-95.3980423389858,29.7526708900742],[-95.39803034,29.75258215],[-95.398003816,29.752495481],[-95.397976877,29.752427791],[-95.397936073,29.752340357],[-95.397892914,29.752262728],[-95.397846299,29.752181464],[-95.397793915,29.752102885],[-95.39773717,29.7520202],[-95.397564615,29.751738222],[-95.397382689,29.75154039],[-95.397090792,29.751086405],[-95.396724772,29.750504371],[-95.3963754,29.74991417],[-95.396225485,29.749668405],[-95.39591038,29.749177615],[-95.395730682,29.748914435],[-95.39514491,29.74796727],[-95.394650361,29.747157607],[-95.394127169,29.746317817],[-95.393996478,29.746094791],[-95.393956245,29.746036572],[-95.393908636,29.745979517],[-95.393869073,29.745932941],[-95.39382817,29.74589568],[-95.393759103,29.745846776],[-95.393583418,29.745736158],[-95.393386275,29.745632527],[-95.393277646,29.745573142],[-95.393181086,29.745521909],[-95.393080502,29.745446222],[-95.392994672,29.745388003],[-95.392950415,29.745341426],[-95.39287129,29.745262247],[-95.392804234,29.745164437],[-95.392718986,29.745043968],[-95.39267817,29.744962995],[-95.392639501,29.74484688],[-95.39261288,29.7447453],[-95.392610934,29.74464276]]},"properties":{"AADT_CUR":4996,"RTE_NM":"257282","RTE_PRFX":"CS","RTE_NBR":"257282","SYSTEM":"Off"}},{"type":"Feature","geometry":{"type":"LineString","coordinates":[[-95.3206360270759,29.7182641090962],[-95.31917246,29.71543629],[-95.31688329,29.71337],[-95.3163101511463,29.7128622197086]]},"properties":{"AADT_CUR":16944,"RTE_NM":"257207","RTE_PRFX":"CS","RTE_NBR":"257207","SYSTEM":"Off"}},{"type":"Feature","geometry":{"type":"LineString","coordinates":[[-95.34105777,29.78623247],[-95.340393863228,29.7862359451657]]},"properties":{"AADT_CUR":252,"RTE_NM":"1125367","RTE_PRFX":"CS","RTE_NBR":"1125367","SYSTEM":"Off"}},{"type":"Feature","geometry":{"type":"LineString","coordinates":[[-95.3150610967875,29.7882860743399],[-95.3151078,29.7897727499988],[-95.31510556,29.7906582099988],[-95.3151237,29.7914821699988],[-95.31512728,29.7917570499988],[-95.31512947,29.7921638799988],[-95.31515856,29.7923646799988],[-95.31522454,29.7926485399989],[-95.31533319,29.7929886099988],[-95.31560971,29.7933996299988],[-95.31571099,29.7935254899989],[-95.31582716,29.7937482999989]]},"properties":{"AADT_CUR":252,"RTE_NM":"1122819","RTE_PRFX":"CS","RTE_NBR":"1122819","SYSTEM":"Off"}},{"type":"Feature","geometry":{"type":"LineString","coordinates":[[-95.387600093852,29.813672846692],[-95.38726349,29.813401039999],[-95.38694592,29.813180269999],[-95.38601257,29.812465389999],[-95.38524469,29.811870939999],[-95.38489299,29.811590469999],[-95.38453486,29.811327389999],[-95.38435189,29.811189949999],[-95.3839114,29.810848219999],[-95.38375302,29.810731149999],[-95.38348821,29.810529409999],[-95.38271392,29.809922409999],[-95.3821706911851,29.8095089778102]]},"properties":{"AADT_CUR":765,"RTE_NM":"1126029","RTE_PRFX":"CS","RTE_NBR":"1126029","SYSTEM":"Off"}},{"type":"Feature","geometry":{"type":"LineString","coordinates":[[-95.344918635319,29.7026441873491],[-95.3449342919872,29.7026491006792]]},"properties":{"AADT_CUR":252,"RTE_NM":"1132212","RTE_PRFX":"CS","RTE_NBR":"1132212","SYSTEM":"Off"}},{"type":"Feature","geometry":{"type":"LineString","coordinates":[[-95.30940983,29.7346075599984],[-95.30849865,29.7343305399984],[-95.30789551,29.7341307299984],[-95.3074607926836,29.7339957158872]]},"properties":{"AADT_CUR":503,"RTE_NM":"1129196","RTE_PRFX":"CS","RTE_NBR":"1129196","SYSTEM":"Off"}},{"type":"Feature","geometry":{"type":"LineString","coordinates":[[-95.35184802,29.72893513],[-95.35094467,29.72866734]]},"properties":{"AADT_CUR":252,"RTE_NM":"1129174","RTE_PRFX":"CS","RTE_NBR":"1129174","SYSTEM":"Off"}},{"type":"Feature","geometry":{"type":"LineString","coordinates":[[-95.352588435728,29.7196438183007],[-95.35256733,29.71963729],[-95.348588314,29.718439725],[-95.348281313,29.718334623],[-95.347192555,29.717999468],[-95.346968512,29.717899721],[-95.346807579,29.717806544],[-95.346576909,29.717683083],[-95.346297959,29.717561952],[-95.3459651899605,29.7174402664823]]},"properties":{"AADT_CUR":4045,"RTE_NM":"257340","RTE_PRFX":"CS","RTE_NBR":"257340","SYSTEM":"Off"}},{"type":"Feature","geometry":{"type":"LineString","coordinates":[[-95.43677622,29.812500039999],[-95.43678514,29.812874869999],[-95.43679082,29.813624379999],[-95.43679533,29.814385109999],[-95.43679981,29.815146839999],[-95.43679558,29.815542139999],[-95.43677153,29.815735749999],[-95.43669387,29.815924589999],[-95.4365247,29.816149519999],[-95.43643286,29.816304489999],[-95.43637316,29.816528979999],[-95.43635037,29.817070949999],[-95.4363617099561,29.8172328029761]]},"properties":{"AADT_CUR":1456,"RTE_NM":"1127519","RTE_PRFX":"CS","RTE_NBR":"1127519","SYSTEM":"Off"}},{"type":"Feature","geometry":{"type":"LineString","coordinates":[[-95.3032476945252,29.7738522620107],[-95.3032482663299,29.7738667712891]]},"properties":{"AADT_CUR":252,"RTE_NM":"1132504","RTE_PRFX":"CS","RTE_NBR":"1132504","SYSTEM":"Off"}},{"type":"Feature","geometry":{"type":"LineString","coordinates":[[-95.38400046,29.75141313],[-95.38304391,29.75141173],[-95.38216015,29.75141497],[-95.38127447,29.75141788]]},"properties":{"AADT_CUR":252,"RTE_NM":"1121945","RTE_PRFX":"CS","RTE_NBR":"1121945","SYSTEM":"Off"}},{"type":"Feature","geometry":{"type":"LineString","coordinates":[[-95.40772987,29.73944032],[-95.40701013,29.73944816],[-95.40453521,29.7394819],[-95.4020082,29.73951284],[-95.39932367,29.73953996],[-95.39750636,29.73956102],[-95.39572773,29.73957802],[-95.39474882,29.73959164],[-95.3937512,29.73960202]]},"properties":{"AADT_CUR":252,"RTE_NM":"1126506","RTE_PRFX":"CS","RTE_NBR":"1126506","SYSTEM":"Off"}},{"type":"Feature","geometry":{"type":"LineString","coordinates":[[-95.39706594,29.71110808],[-95.39686697,29.71119603],[-95.39650512,29.71144742],[-95.39642831,29.71151913],[-95.39631048,29.71165977],[-95.39620902,29.71181504],[-95.3960742,29.71206038],[-95.39570019,29.71226756]]},"properties":{"AADT_CUR":252,"RTE_NM":"1122779","RTE_PRFX":"CS","RTE_NBR":"1122779","SYSTEM":"Off"}},{"type":"Feature","geometry":{"type":"LineString","coordinates":[[-95.3744157920065,29.7056702179292],[-95.3744048767952,29.7056974530378]]},"properties":{"AADT_CUR":252,"RTE_NM":"1129659","RTE_PRFX":"CS","RTE_NBR":"1129659","SYSTEM":"Off"}},{"type":"Feature","geometry":{"type":"LineString","coordinates":[[-95.3722318938737,29.722142614921],[-95.3705213678531,29.721117016273],[-95.37023689,29.7209468299966],[-95.36965943,29.7206127199967],[-95.3687936,29.7200815299967],[-95.36710609,29.7190664399966],[-95.36546222,29.7180805199966],[-95.3648407499993,29.7177060699966],[-95.36467887,29.7176987899966],[-95.3622725299994,29.7169748699964],[-95.35970741,29.7161979499966],[-95.3596897885764,29.7161925402038],[-95.3585318,29.7158370299966],[-95.3583156,29.7157859299966],[-95.35811883,29.7157656999966],[-95.35792508,29.7157647599966],[-95.35771592,29.7157871499966],[-95.35751402,29.7158154999966],[-95.35728494,29.7158154199966],[-95.35701483,29.7157920499966],[-95.35575709,29.7153934999966],[-95.3544397104905,29.7150195570937]]},"properties":{"AADT_CUR":1409,"RTE_NM":"1129054","RTE_PRFX":"CS","RTE_NBR":"1129054","SYSTEM":"Off"}},{"type":"Feature","geometry":{"type":"LineString","coordinates":[[-95.3661465106699,29.7713355375949],[-95.36640162,29.77174984],[-95.36666859,29.77222248],[-95.367235658,29.773097099],[-95.3676251493815,29.7737729372802]]},"properties":{"AADT_CUR":232308,"RTE_NM":"IH0045-LG","RTE_PRFX":"IH","RTE_NBR":"45","SYSTEM":"On"}},{"type":"Feature","geometry":{"type":"LineString","coordinates":[[-95.3470598536162,29.7600533200274],[-95.34705177,29.7600635299987],[-95.34636717,29.7609084499986],[-95.34629763,29.7609613599986]]},"properties":{"AADT_CUR":252,"RTE_NM":"1126212","RTE_PRFX":"CS","RTE_NBR":"1126212","SYSTEM":"Off"}},{"type":"Feature","geometry":{"type":"LineString","coordinates":[[-95.3474356527567,29.7584672057684],[-95.3474268767388,29.7584548737614]]},"properties":{"AADT_CUR":58,"RTE_NM":"1121223","RTE_PRFX":"CS","RTE_NBR":"1121223","SYSTEM":"Off"}},{"type":"Feature","geometry":{"type":"LineString","coordinates":[[-95.3854809168349,29.7684491413196],[-95.385502,29.7692104999961],[-95.3855020177656,29.7692123401242],[-95.38550709,29.7697377099961],[-95.38550552,29.7698497399961],[-95.38551916,29.7701889399961],[-95.38613225,29.7720646199961],[-95.38614008,29.7727833899961],[-95.38614777,29.7728337399961],[-95.38617123,29.7728668899987],[-95.3861639,29.7745064399961],[-95.38622314,29.7748594199961]]},"properties":{"AADT_CUR":1426,"RTE_NM":"1127663","RTE_PRFX":"CS","RTE_NBR":"1127663","SYSTEM":"Off"}},{"type":"Feature","geometry":{"type":"LineString","coordinates":[[-95.34858261,29.77952466],[-95.34809204,29.77952633],[-95.34753144,29.77952425],[-95.34749335,29.77952487],[-95.34666903,29.77953867],[-95.34579222,29.7795478],[-95.34491581,29.77954605],[-95.34392631,29.77955289],[-95.34288169,29.77956828],[-95.34185658,29.77956488],[-95.3413362,29.77956958],[-95.3409878,29.77957024],[-95.3405825143651,29.7795762638458]]},"properties":{"AADT_CUR":425,"RTE_NM":"1130535","RTE_PRFX":"CS","RTE_NBR":"1130535","SYSTEM":"Off"}},{"type":"Feature","geometry":{"type":"LineString","coordinates":[[-95.34426024,29.7643323399986],[-95.3429610946103,29.7643440699738]]},"properties":{"AADT_CUR":252,"RTE_NM":"1121046","RTE_PRFX":"CS","RTE_NBR":"1121046","SYSTEM":"Off"}},{"type":"Feature","geometry":{"type":"LineString","coordinates":[[-95.34039379,29.7439739299985],[-95.33935304,29.7436280199985],[-95.33832018,29.7433088299985],[-95.3372801,29.7429825999985],[-95.33624093,29.7426584499985],[-95.33519857,29.7423369299985],[-95.3342203,29.7420252099985],[-95.33415555,29.7420184999985],[-95.33410977,29.7420344999985],[-95.33408342346,29.7420426247562],[-95.33405834,29.7420503599985],[-95.33399069,29.7420460399985],[-95.33227708,29.7414880899985],[-95.3303652311887,29.7408976471687],[-95.32879736,29.7403941099985],[-95.32824994,29.7402292699985],[-95.32728161,29.7399233299985],[-95.3264723736066,29.7396603558634]]},"properties":{"AADT_CUR":1515,"RTE_NM":"1131706","RTE_PRFX":"CS","RTE_NBR":"1131706","SYSTEM":"Off"}},{"type":"Feature","geometry":{"type":"LineString","coordinates":[[-95.3222560154268,29.7140881457937],[-95.32189089,29.7139828199983],[-95.32151384,29.7137750099983],[-95.32110655,29.7135696499983],[-95.32080575,29.7134429099983],[-95.3202516,29.7127102599983],[-95.3196427,29.7120320499983],[-95.31906949,29.7113054499983],[-95.3186484922015,29.7107781985664]]},"properties":{"AADT_CUR":252,"RTE_NM":"1121357","RTE_PRFX":"CS","RTE_NBR":"1121357","SYSTEM":"Off"}},{"type":"Feature","geometry":{"type":"LineString","coordinates":[[-95.42084201,29.7348399299984],[-95.42084119,29.7348822099984],[-95.4208406,29.7351942899984],[-95.42085656,29.7364639499985],[-95.4208745,29.7383775499985],[-95.42093243,29.7384223199985],[-95.4209772619982,29.738442142711],[-95.42100184,29.7384530099985],[-95.4210614,29.7384863999985],[-95.42110002,29.7385404699984],[-95.42109946,29.7392701199985],[-95.42110755,29.7400997399985],[-95.42112428,29.7408722899985],[-95.4211440781011,29.742182154369]]},"properties":{"AADT_CUR":252,"RTE_NM":"1131475","RTE_PRFX":"CS","RTE_NBR":"1131475","SYSTEM":"Off"}},{"type":"Feature","geometry":{"type":"LineString","coordinates":[[-95.33799505,29.76911617],[-95.338799545,29.769050127],[-95.33955576,29.76901668],[-95.33985713,29.76901526],[-95.34038401,29.76900888],[-95.34067546,29.7690025],[-95.34109313,29.76897626],[-95.34162284,29.76893513],[-95.34197811,29.76890038],[-95.34230714,29.76885713],[-95.34262624,29.76879756],[-95.34296095,29.76871885],[-95.34325523,29.76863446],[-95.34360979,29.76852029],[-95.34411043,29.76834514],[-95.34454937,29.76819055],[-95.34502235,29.76801824],[-95.34530033,29.76790833],[-95.34563361,29.76777147],[-95.34593924,29.76764524],[-95.34626331,29.7675098],[-95.34659093,29.76736089],[-95.34683628,29.76724672],[-95.34706462,29.76712759],[-95.34729295,29.76699214],[-95.34749576,29.76686734],[-95.34768297,29.76673615],[-95.34800774,29.76648867]]},"properties":{"AADT_CUR":28996,"RTE_NM":"1633910521","RTE_PRFX":"IH","RTE_NBR":"10","SYSTEM":"On"}},{"type":"Feature","geometry":{"type":"LineString","coordinates":[[-95.3204811796386,29.7412499443015],[-95.32012383,29.7421169299985],[-95.31958224,29.7434496799985],[-95.31925927,29.7442721099985],[-95.31915849,29.7444957999985],[-95.3187638744094,29.7454579241875]]},"properties":{"AADT_CUR":1213,"RTE_NM":"1119655","RTE_PRFX":"CS","RTE_NBR":"1119655","SYSTEM":"Off"}},{"type":"Feature","geometry":{"type":"LineString","coordinates":[[-95.3714993522109,29.7340366387884],[-95.371426996,29.734095012],[-95.371245427,29.734250478],[-95.3710147,29.73447225],[-95.37088041,29.73460718],[-95.370725265,29.734773566],[-95.37057012,29.73496557],[-95.3702359,29.73535159],[-95.37006157,29.73558873],[-95.36970059,29.73602733],[-95.36935979,29.73650263],[-95.36926804,29.73660937],[-95.36905911,29.73685247],[-95.36810616,29.73804551],[-95.36584143,29.74092557],[-95.36560646,29.74120357],[-95.36520872,29.74167416],[-95.36449348,29.74255817],[-95.36409057,29.74311397],[-95.36397935,29.74325423],[-95.36366462,29.74365118],[-95.363209321,29.744204833],[-95.3629201795412,29.7445882634652]]},"properties":{"AADT_CUR":168109,"RTE_NM":"IH0069-LG","RTE_PRFX":"IH","RTE_NBR":"69","SYSTEM":"On"}},{"type":"Feature","geometry":{"type":"LineString","coordinates":[[-95.4179870338605,29.7917572579394],[-95.41794046,29.79173452],[-95.41778946,29.79165245],[-95.41764304,29.79156431],[-95.41750151,29.79147028],[-95.4173652,29.79137057],[-95.41723439,29.79126539],[-95.41710938,29.79115497],[-95.41709757,29.79114398],[-95.41701444,29.79108434],[-95.41691826,29.79100672],[-95.41682799,29.79092386],[-95.41674398,29.79083614],[-95.41666659,29.7907439],[-95.41659613,29.79064752],[-95.41653291,29.79054741],[-95.41647716,29.79044397],[-95.41642912,29.79033762],[-95.41638899,29.79022881],[-95.41636225,29.79013857]]},"properties":{"AADT_CUR":16980,"RTE_NM":"257195","RTE_PRFX":"CS","RTE_NBR":"257195","SYSTEM":"Off"}},{"type":"Feature","geometry":{"type":"LineString","coordinates":[[-95.3565431922307,29.7678955447085],[-95.35620288,29.7679508499987],[-95.3560817990496,29.7679792069896],[-95.35604182,29.7679885699987],[-95.35556131,29.7681285299987],[-95.35499225,29.7682884099987],[-95.35472091,29.7683476499987],[-95.3546638814036,29.768358282954],[-95.3545466985064,29.7683801315631],[-95.35446706,29.7683949799987],[-95.3542419726232,29.7684237953679],[-95.35415562,29.7684348499987],[-95.3538615,29.7684638499986],[-95.35337751,29.7684888399987],[-95.3523423804248,29.768559544732],[-95.352074948789,29.7685778103134],[-95.35207305,29.7685779399987]]},"properties":{"AADT_CUR":4010,"RTE_NM":"1633478422","RTE_PRFX":"IH","RTE_NBR":"10","SYSTEM":"On"}},{"type":"Feature","geometry":{"type":"LineString","coordinates":[[-95.39066882,29.7801841299987],[-95.3906714,29.7805022899988],[-95.3906848240061,29.7815660790299]]},"properties":{"AADT_CUR":252,"RTE_NM":"1123624","RTE_PRFX":"CS","RTE_NBR":"1123624","SYSTEM":"Off"}},{"type":"Feature","geometry":{"type":"LineString","coordinates":[[-95.3913997100152,29.710108105838],[-95.39139966,29.7101081399983],[-95.39104877,29.7103534899983],[-95.39059604,29.7111484199983],[-95.38985331,29.7125071699983],[-95.38964129,29.7128767599983],[-95.3895044,29.7131476099983],[-95.38942008,29.7133436299983],[-95.38935875,29.7135250099983],[-95.38929295,29.7138326499983],[-95.38927427,29.7140783699983],[-95.38926196,29.7142850399983],[-95.38923666,29.7148433999983],[-95.38910137,29.7152441299983],[-95.38873647,29.7160167499983],[-95.38832379,29.7161057199983],[-95.38803629,29.7158977699983],[-95.38772585,29.7158751099983],[-95.38750461,29.7160364199983],[-95.38700379,29.7172810199983],[-95.38694646,29.7174280999983],[-95.38693522,29.7175491199983],[-95.38692217,29.7177216599983],[-95.38691081,29.7180759899983],[-95.38692508,29.7183083699983],[-95.38694768,29.7185041499983],[-95.38698373,29.7187406199983],[-95.38706302,29.7190110999983],[-95.38713028,29.7192141699983],[-95.38724195,29.7194519899983],[-95.3873452,29.7196560299983],[-95.38744725,29.7198265099983],[-95.38751385,29.7199169199983],[-95.38763872,29.7201167899983],[-95.38781951,29.7203019599983],[-95.38801805,29.7204603599983],[-95.38813026,29.7205472399983],[-95.38887323,29.7208498799983],[-95.39054512,29.7213098399983]]},"properties":{"AADT_CUR":4798,"RTE_NM":"1124615","RTE_PRFX":"CS","RTE_NBR":"1124615","SYSTEM":"Off"}},{"type":"Feature","geometry":{"type":"LineString","coordinates":[[-95.32982612,29.79193167],[-95.32984187,29.79355482],[-95.32985462,29.79390749],[-95.3298555,29.79511981]]},"properties":{"AADT_CUR":252,"RTE_NM":"1126831","RTE_PRFX":"CS","RTE_NBR":"1126831","SYSTEM":"Off"}},{"type":"Feature","geometry":{"type":"LineString","coordinates":[[-95.3084455617655,29.7616013054504],[-95.30910365,29.7599059399986],[-95.3093675371221,29.7591600263917]]},"properties":{"AADT_CUR":959,"RTE_NM":"256617","RTE_PRFX":"CS","RTE_NBR":"256617","SYSTEM":"Off"}},{"type":"Feature","geometry":{"type":"LineString","coordinates":[[-95.44016672,29.7037168399982],[-95.43838499,29.7037207199982],[-95.43772051,29.7037255499982],[-95.43717184,29.7037317699982],[-95.43576465,29.7037443999982],[-95.43501557,29.7036961399982],[-95.43432926,29.7035646399982],[-95.43361851,29.7033475499982],[-95.43319657,29.7032165499982],[-95.43279917,29.7031128399982],[-95.43253922,29.7030597499982],[-95.43202559,29.7029969699982],[-95.43113352,29.7029902699982],[-95.42956104,29.7030059699982],[-95.42860975,29.7030147499982],[-95.42800077,29.7030219799982],[-95.4274076883762,29.7030332570285]]},"properties":{"AADT_CUR":1305,"RTE_NM":"1120354","RTE_PRFX":"CS","RTE_NBR":"1120354","SYSTEM":"Off"}},{"type":"Feature","geometry":{"type":"LineString","coordinates":[[-95.4182878228047,29.7061620516965],[-95.41828399,29.70527337],[-95.41824129,29.70438047],[-95.41827913,29.70358334],[-95.41830014,29.70269274],[-95.41830079,29.70178283],[-95.41828195,29.70083508],[-95.4182968,29.70007426],[-95.41830548,29.69944319],[-95.41828677,29.69894113],[-95.4182114,29.69828846],[-95.4181607691502,29.697821509101]]},"properties":{"AADT_CUR":18649,"RTE_NM":"256595","RTE_PRFX":"CS","RTE_NBR":"256595","SYSTEM":"Off"}},{"type":"Feature","geometry":{"type":"LineString","coordinates":[[-95.3723376195178,29.7668682559398],[-95.3723209038236,29.7668684407062]]},"properties":{"AADT_CUR":252,"RTE_NM":"1122365","RTE_PRFX":"CS","RTE_NBR":"1122365","SYSTEM":"Off"}},{"type":"Feature","geometry":{"type":"LineString","coordinates":[[-95.4250833,29.75848814],[-95.42508986,29.75931476]]},"properties":{"AADT_CUR":252,"RTE_NM":"1128512","RTE_PRFX":"CS","RTE_NBR":"1128512","SYSTEM":"Off"}},{"type":"Feature","geometry":{"type":"LineString","coordinates":[[-95.39931256,29.742789884],[-95.39931568,29.74285706],[-95.3995736,29.74332132],[-95.39998776,29.74397794],[-95.40079598,29.74529854]]},"properties":{"AADT_CUR":252,"RTE_NM":"1126379","RTE_PRFX":"CS","RTE_NBR":"1126379","SYSTEM":"Off"}},{"type":"Feature","geometry":{"type":"LineString","coordinates":[[-95.35941469,29.728711],[-95.35892548,29.72855832],[-95.35781634,29.72821297],[-95.35654187,29.72782501],[-95.35563113,29.72753555],[-95.35524394,29.72742607],[-95.35409761,29.72708789],[-95.35111821,29.72615425],[-95.350098209,29.725833811]]},"properties":{"AADT_CUR":252,"RTE_NM":"1128668","RTE_PRFX":"CS","RTE_NBR":"1128668","SYSTEM":"Off"}},{"type":"Feature","geometry":{"type":"LineString","coordinates":[[-95.3611632851222,29.8139775601527],[-95.36116359,29.813958069999],[-95.36118779127,29.8138298356608],[-95.3612291799547,29.8136105270953],[-95.3612221184584,29.8131579383541],[-95.3612105275818,29.81241504135],[-95.3611988725433,29.8116680206127],[-95.3611872673678,29.8109241844587],[-95.3611755507523,29.8101731940394],[-95.361163943236,29.8094291850888],[-95.3611522814526,29.8086816863572],[-95.3611405573527,29.8079301817205],[-95.3611288959096,29.8071826818709],[-95.3611171851692,29.8064320105489],[-95.36110552151,29.8056843457207],[-95.36109408,29.8049509099989],[-95.3610666844318,29.8042319491367],[-95.3610316575478,29.8033126972093]]},"properties":{"AADT_CUR":15389,"RTE_NM":"256549","RTE_PRFX":"CS","RTE_NBR":"256549","SYSTEM":"Off"}},{"type":"Feature","geometry":{"type":"LineString","coordinates":[[-95.37994193,29.81396354],[-95.37971673,29.813986],[-95.3790169,29.81402039],[-95.37867769,29.81403393],[-95.37836569,29.81403265],[-95.37822129,29.8140239],[-95.37807725,29.8140114],[-95.37793371,29.81399518],[-95.37779078,29.81397525],[-95.37761694,29.81394584],[-95.37744444,29.81391094],[-95.37726114,29.81386746],[-95.37709892,29.81382263],[-95.37697286,29.81379606],[-95.37688588,29.8137713],[-95.37675903,29.81375443],[-95.37664663,29.81374449],[-95.3765167,29.81374043],[-95.376462769,29.813743061],[-95.376325827,29.813750642],[-95.376218538,29.813768678],[-95.376115944,29.813790787],[-95.375987868,29.813825113],[-95.375932212,29.813846058],[-95.375847052,29.81387922],[-95.375698859,29.813950782],[-95.375621075,29.814001981],[-95.375519821,29.814077615],[-95.375452767,29.814121832],[-95.375350172,29.814216665],[-95.375297868,29.814271354],[-95.375213379,29.814382478],[-95.375169123,29.814454621],[-95.375126878,29.814529673],[-95.375094691,29.814601817],[-95.375061833,29.814701886],[-95.375028307,29.814803119],[-95.375018248,29.814859553],[-95.375012883,29.814917733],[-95.375006863,29.81499338],[-95.375004821,29.815068003],[-95.375012701,29.815178241],[-95.375033326,29.815278629],[-95.375053907,29.815363683],[-95.375075735,29.815434877],[-95.375104765,29.815507108],[-95.375151635,29.815609778],[-95.375202163,29.815701349],[-95.375251537,29.815788563],[-95.37531964,29.815887144],[-95.375389308,29.815975055],[-95.375510755,29.816118053],[-95.375576843,29.816190134],[-95.375649636,29.816256397],[-95.375842909,29.816433016],[-95.376252254,29.816838614]]},"properties":{"AADT_CUR":30397,"RTE_NM":"1628813017","RTE_PRFX":"IH","RTE_NBR":"45","SYSTEM":"On"}},{"type":"Feature","geometry":{"type":"LineString","coordinates":[[-95.31828663,29.78001448],[-95.31830584,29.78042848],[-95.31833165,29.7811377],[-95.31834623,29.78185864]]},"properties":{"AADT_CUR":252,"RTE_NM":"1123508","RTE_PRFX":"CS","RTE_NBR":"1123508","SYSTEM":"Off"}},{"type":"Feature","geometry":{"type":"LineString","coordinates":[[-95.34181187,29.77318277],[-95.34187318,29.77295647],[-95.34201369,29.77275944],[-95.34285438,29.77204312],[-95.34300155,29.77191668],[-95.34312945,29.77177193],[-95.34326953,29.77158369],[-95.34337065,29.77136763],[-95.343429,29.77120276],[-95.34342413,29.77088611],[-95.3434506693341,29.7701965941769]]},"properties":{"AADT_CUR":3780,"RTE_NM":"256561","RTE_PRFX":"CS","RTE_NBR":"256561","SYSTEM":"Off"}},{"type":"Feature","geometry":{"type":"LineString","coordinates":[[-95.42179496,29.7348371899984],[-95.4218035,29.7352200199985],[-95.42180005,29.7365465399985],[-95.42182412,29.7378696599985],[-95.42185992,29.7381200899985],[-95.42187482,29.7384320099985],[-95.42189072,29.7400980499985],[-95.42190938,29.7413642999985],[-95.42190459,29.7415973499985],[-95.42186346,29.7418058099985],[-95.4218677429378,29.7421549609111]]},"properties":{"AADT_CUR":252,"RTE_NM":"1123387","RTE_PRFX":"CS","RTE_NBR":"1123387","SYSTEM":"Off"}},{"type":"Feature","geometry":{"type":"LineString","coordinates":[[-95.37598588,29.7526001799985],[-95.375140789427,29.7520720656043],[-95.3742827121685,29.7515859902607],[-95.3740232501323,29.7514390803944],[-95.373873680417,29.7513543921611],[-95.3737417943263,29.751279716348],[-95.37340587,29.7510895099985],[-95.3733829064154,29.7510739864999],[-95.37258121,29.7505320299986],[-95.3725571699776,29.750517840789],[-95.37171346,29.7500198499986],[-95.3708165252595,29.7494824358463],[-95.36997834,29.7489498399985],[-95.36925553,29.7485261099985],[-95.3691001899976,29.7484573999971],[-95.3682215334333,29.7479342361394],[-95.367338955498,29.747408725684],[-95.3664983169232,29.7469081760827],[-95.36564135218,29.7463978942247],[-95.3647914101284,29.7458917830692],[-95.36474304,29.7458629799985],[-95.3639567752887,29.7453829138517],[-95.3637574479653,29.7452612099316],[-95.3636194751136,29.7451769670462],[-95.3630843435068,29.744850225841],[-95.3630114243612,29.7448057024506],[-95.3628348572457,29.7446978927463],[-95.3626808427028,29.74460385297],[-95.3625234194426,29.7445077314842],[-95.3623675265975,29.74441254408],[-95.3622089826384,29.744315737532],[-95.3618175170783,29.7440767079633],[-95.3613730695104,29.7438053246059],[-95.3613148133441,29.7437697526823],[-95.3610884259632,29.7436315172949],[-95.3605699433363,29.7433149213593],[-95.3605484754072,29.7433018125195],[-95.3596873555292,29.7427759858794],[-95.3588428482375,29.7422602922343],[-95.35798531,29.7417366299985]]},"properties":{"AADT_CUR":13431,"RTE_NM":"256934","RTE_PRFX":"CS","RTE_NBR":"256934","SYSTEM":"Off"}},{"type":"Feature","geometry":{"type":"LineString","coordinates":[[-95.32869504,29.7908805499976],[-95.32870368,29.7910345899976],[-95.32870838,29.7914405399988],[-95.32871892,29.7918553199976],[-95.32870598,29.7918920899976],[-95.32869759,29.7919235099988],[-95.32870441,29.7927274799988],[-95.32870734,29.7935292999977],[-95.32872119,29.7943813299989],[-95.32871908,29.7945282999977],[-95.32870873,29.7946389899978],[-95.3286947,29.7947634399977],[-95.32869264,29.7951739499989],[-95.32870669,29.7960204499989],[-95.3287155773567,29.7968282982189]]},"properties":{"AADT_CUR":252,"RTE_NM":"1126225","RTE_PRFX":"CS","RTE_NBR":"1126225","SYSTEM":"Off"}},{"type":"Feature","geometry":{"type":"LineString","coordinates":[[-95.38489992,29.808359159999],[-95.38477729,29.8083762199989],[-95.38199803,29.8083941299989],[-95.3819976336301,29.8083941342152]]},"properties":{"AADT_CUR":252,"RTE_NM":"1122708","RTE_PRFX":"CS","RTE_NBR":"1122708","SYSTEM":"Off"}},{"type":"Feature","geometry":{"type":"LineString","coordinates":[[-95.435872,29.79323166],[-95.43587357,29.79352704],[-95.43582381,29.79381528],[-95.43554491,29.79473931],[-95.43553147,29.79478619]]},"properties":{"AADT_CUR":252,"RTE_NM":"1129652","RTE_PRFX":"CS","RTE_NBR":"1129652","SYSTEM":"Off"}},{"type":"Feature","geometry":{"type":"LineString","coordinates":[[-95.324556347,29.7425601539985],[-95.324717284,29.7421375499985],[-95.32489399,29.7417046799985],[-95.324972442,29.7415518349985],[-95.325120121,29.7413683489985],[-95.32542605,29.7409566299985],[-95.3259398253417,29.7403256154492],[-95.32598159,29.7402743199985],[-95.3264723736066,29.7396603558634],[-95.32653034,29.7395878399984],[-95.32699964,29.7389905399985],[-95.327068609402,29.7388928697719],[-95.32716766,29.7387525999984],[-95.3273184388703,29.7385460878743],[-95.3274185,29.7384090399985],[-95.32767631,29.7380694299985],[-95.32794101,29.7377338799984],[-95.3279776360108,29.7376891748457],[-95.32821251,29.7374024899985],[-95.3284505526749,29.7371220403296],[-95.32846101,29.7371097199985],[-95.32854043,29.7369744099985],[-95.32862153,29.7368209799985],[-95.3286357546515,29.7367906821725],[-95.32869494,29.7366646199984],[-95.32876052,29.7365056299985],[-95.32881815,29.7363443099984],[-95.32884384,29.7362632299984],[-95.32886662,29.7362000099985],[-95.32899358,29.7358619499984],[-95.32912839,29.7355262099985],[-95.329271,29.7351929299984],[-95.32942133,29.7348622599984],[-95.3294638142049,29.7347740868893],[-95.32957934,29.7345343199984],[-95.32974496,29.7342092399984],[-95.3297509556951,29.7341978261647]]},"properties":{"AADT_CUR":3173,"RTE_NM":"256205","RTE_PRFX":"CS","RTE_NBR":"256205","SYSTEM":"Off"}},{"type":"Feature","geometry":{"type":"LineString","coordinates":[[-95.4022358,29.7718512],[-95.40404358,29.77204919],[-95.40488454,29.77214205],[-95.40616797,29.77228581]]},"properties":{"AADT_CUR":150,"RTE_NM":"1119609","RTE_PRFX":"CS","RTE_NBR":"1119609","SYSTEM":"Off"}},{"type":"Feature","geometry":{"type":"LineString","coordinates":[[-95.362824406,29.793066168],[-95.362648293,29.793132964],[-95.360736872,29.793168181],[-95.358968641,29.793184603],[-95.356996618,29.793130253],[-95.355935769,29.793163654],[-95.354052032,29.793201483],[-95.3521911951773,29.7932113581373]]},"properties":{"AADT_CUR":4863,"RTE_NM":"256115","RTE_PRFX":"CS","RTE_NBR":"256115","SYSTEM":"Off"}},{"type":"Feature","geometry":{"type":"LineString","coordinates":[[-95.34244927,29.81705366],[-95.33950077,29.81708589],[-95.33687574,29.817116],[-95.33678501,29.81711352],[-95.33668497,29.81709948],[-95.33656914,29.81707369],[-95.3364376,29.81703332],[-95.3362516,29.8169745],[-95.33604615,29.81691506]]},"properties":{"AADT_CUR":426,"RTE_NM":"1126711","RTE_PRFX":"CS","RTE_NBR":"1126711","SYSTEM":"Off"}},{"type":"Feature","geometry":{"type":"LineString","coordinates":[[-95.3644117589947,29.7819616777968],[-95.36363075,29.7822430399988],[-95.36283447,29.7825157099988],[-95.36206336,29.7827883299988],[-95.36129497,29.7830561899988],[-95.3605432873962,29.7833295691137]]},"properties":{"AADT_CUR":252,"RTE_NM":"1127022","RTE_PRFX":"CS","RTE_NBR":"1127022","SYSTEM":"Off"}},{"type":"Feature","geometry":{"type":"LineString","coordinates":[[-95.4126192565469,29.7086821112735],[-95.412602636615,29.7086823121292]]},"properties":{"AADT_CUR":252,"RTE_NM":"1132408","RTE_PRFX":"CS","RTE_NBR":"1132408","SYSTEM":"Off"}},{"type":"Feature","geometry":{"type":"LineString","coordinates":[[-95.3752983680237,29.7267705085446],[-95.375283224,29.726761525],[-95.3747636136564,29.7264498871233]]},"properties":{"AADT_CUR":3106,"RTE_NM":"255935","RTE_PRFX":"CS","RTE_NBR":"255935","SYSTEM":"Off"}},{"type":"Feature","geometry":{"type":"LineString","coordinates":[[-95.3656586850794,29.7384523269455],[-95.36564722,29.7384441699984],[-95.3656322461308,29.738435059473]]},"properties":{"AADT_CUR":205,"RTE_NM":"1122607","RTE_PRFX":"CS","RTE_NBR":"1122607","SYSTEM":"Off"}},{"type":"Feature","geometry":{"type":"LineString","coordinates":[[-95.4441274976273,29.8172309808534],[-95.43867825,29.81722488],[-95.4295337348304,29.8172559097637]]},"properties":{"AADT_CUR":12615,"RTE_NM":"255716","RTE_PRFX":"CS","RTE_NBR":"255716","SYSTEM":"Off"}},{"type":"Feature","geometry":{"type":"LineString","coordinates":[[-95.4540841452039,29.780526524393],[-95.45406875,29.78051697],[-95.45393014,29.78042468],[-95.45377506,29.78031819],[-95.45368468,29.78025648],[-95.45336251,29.78004632],[-95.45312823,29.77989188],[-95.45290838,29.77975546],[-95.45274692,29.77966428],[-95.45253864,29.77955031],[-95.4523399,29.77945734],[-95.4521853,29.77938798],[-95.45197116,29.77929812],[-95.45175143,29.77921496],[-95.45151945,29.77913502],[-95.4512782,29.77906209],[-95.45101884,29.77899357],[-95.45073559,29.77892969],[-95.45050869,29.77888712],[-95.45015973,29.77884389],[-95.44974236,29.77880237],[-95.44947829,29.77878787],[-95.44914216,29.77878441],[-95.44846892,29.77878103],[-95.44749645,29.77877623],[-95.44652252,29.778785],[-95.44552016,29.77878628],[-95.444369,29.77878723],[-95.44371621,29.778786],[-95.44341302,29.77878156],[-95.44315182,29.77877575],[-95.44275793,29.77875944],[-95.442375,29.77873706],[-95.44192446,29.77870149],[-95.44122376,29.77863541],[-95.43985219,29.77849543],[-95.43924288,29.77843862],[-95.43835278,29.77835208],[-95.43615075,29.77814585],[-95.43535713,29.7780738],[-95.4344149,29.77798322],[-95.4292394380637,29.7774496206818]]},"properties":{"AADT_CUR":266410,"RTE_NM":"IH0010-RG","RTE_PRFX":"IH","RTE_NBR":"10","SYSTEM":"On"}},{"type":"Feature","geometry":{"type":"LineString","coordinates":[[-95.4538136667756,29.780842133781],[-95.45349447,29.78063077],[-95.45298805,29.78029594],[-95.4527689,29.78016162],[-95.45257032,29.78004787],[-95.45239808,29.77995918],[-95.45202405,29.77978374],[-95.45165966,29.7796385],[-95.45125286,29.77950225],[-95.45085505,29.7793975],[-95.45050737,29.77932745],[-95.45008385,29.77925611],[-95.44963592,29.77920984],[-95.44919633,29.7791957],[-95.44870598,29.7791957],[-95.44783775,29.77919827],[-95.44669959,29.77920277],[-95.44543161,29.77920791],[-95.44449397,29.77919699],[-95.44397663,29.77917706],[-95.44337316,29.77914814],[-95.44281598,29.77911023],[-95.44186933,29.77902861],[-95.44115341,29.77895663],[-95.4401772,29.77885509],[-95.43918172,29.77874905],[-95.4380879,29.77861345],[-95.43681864,29.7784772],[-95.43517021,29.77832168],[-95.43413488,29.77820986],[-95.43346973,29.77813531],[-95.43286948,29.77806654],[-95.43196589,29.77796629],[-95.431383,29.77789559],[-95.43049805,29.77780305],[-95.42976606,29.77772529],[-95.4294982799081,29.7776967846533]]},"properties":{"AADT_CUR":266410,"RTE_NM":"IH0010-LG","RTE_PRFX":"IH","RTE_NBR":"10","SYSTEM":"On"}},{"type":"Feature","geometry":{"type":"LineString","coordinates":[[-95.32966629,29.80379889],[-95.32826571,29.80382982],[-95.32718141,29.80384143],[-95.32595795,29.80386088],[-95.32591649,29.80384927],[-95.32414607,29.8038704],[-95.32238657,29.80389249],[-95.3206137,29.8039088],[-95.31884854,29.80392873],[-95.31702058,29.80395032],[-95.31299596,29.80399696],[-95.3117333,29.80399984],[-95.31046696,29.80399576],[-95.30920038,29.8039985],[-95.30794959,29.80399825],[-95.3066245,29.80399251],[-95.30584805,29.80399505]]},"properties":{"AADT_CUR":1641,"RTE_NM":"1128544","RTE_PRFX":"CS","RTE_NBR":"1128544","SYSTEM":"Off"}},{"type":"Feature","geometry":{"type":"LineString","coordinates":[[-95.3067445070254,29.7089636948979],[-95.30674095,29.7089677599983],[-95.3066850400631,29.7090337306251]]},"properties":{"AADT_CUR":252,"RTE_NM":"1124299","RTE_PRFX":"CS","RTE_NBR":"1124299","SYSTEM":"Off"}},{"type":"Feature","geometry":{"type":"LineString","coordinates":[[-95.3482664699839,29.8132097471912],[-95.3482665,29.813211279999],[-95.34827898,29.814115779999],[-95.3482738,29.814761479999],[-95.34828839,29.815857839999],[-95.34829592,29.816051649999],[-95.34831904,29.816867069999],[-95.34833067,29.817831519999],[-95.34834602,29.819027779999]]},"properties":{"AADT_CUR":252,"RTE_NM":"1120193","RTE_PRFX":"CS","RTE_NBR":"1120193","SYSTEM":"Off"}},{"type":"Feature","geometry":{"type":"LineString","coordinates":[[-95.33230603,29.80203996],[-95.33142096,29.80205305],[-95.33065544,29.80206865],[-95.33033619,29.80206381]]},"properties":{"AADT_CUR":252,"RTE_NM":"1125179","RTE_PRFX":"CS","RTE_NBR":"1125179","SYSTEM":"Off"}},{"type":"Feature","geometry":{"type":"LineString","coordinates":[[-95.4166597898987,29.7150596299991],[-95.41665739,29.7158619799983],[-95.41667451,29.7166637099983],[-95.4166756516353,29.7174250455091],[-95.41667569,29.7174506299983],[-95.41668577,29.7182773199983],[-95.41670602,29.7190477299983],[-95.41670258,29.7198497499983],[-95.41672157,29.7206569099983],[-95.41672604,29.7214672799983],[-95.41672827,29.7222829699983],[-95.4167371370466,29.7230664910262],[-95.41674457,29.7232540099984],[-95.41674405,29.7238755199984],[-95.41676549,29.7246552599984],[-95.4167682942045,29.7254887033228]]},"properties":{"AADT_CUR":2487,"RTE_NM":"1125329","RTE_PRFX":"CS","RTE_NBR":"1125329","SYSTEM":"Off"}},{"type":"Feature","geometry":{"type":"LineString","coordinates":[[-95.42204727,29.7142505699983],[-95.42022487,29.7142634199983],[-95.4184130861755,29.7143001467071]]},"properties":{"AADT_CUR":252,"RTE_NM":"1252498","RTE_PRFX":"CS","RTE_NBR":"1252498","SYSTEM":"Off"}},{"type":"Feature","geometry":{"type":"LineString","coordinates":[[-95.3732222,29.7127930799983],[-95.37322222,29.7128087699983],[-95.37322237,29.7128369899983],[-95.37322277,29.7128652199983],[-95.37322313,29.7128840299983],[-95.37322016,29.7129232099983],[-95.37321146,29.7129560199983],[-95.37320599,29.7129789099983],[-95.37320197,29.7130020199983],[-95.37319939,29.7130252699983],[-95.37319825,29.7130486099983],[-95.37319858,29.7130719799983],[-95.37320033,29.7130953099983],[-95.37320279,29.7131222399983],[-95.37320332,29.7131414399983],[-95.37320316,29.7131567799983],[-95.37320198,29.7131797799983],[-95.37320011,29.7131989099983],[-95.37319745,29.7132179799983]]},"properties":{"AADT_CUR":252,"RTE_NM":"1126264","RTE_PRFX":"CS","RTE_NBR":"1126264","SYSTEM":"Off"}},{"type":"Feature","geometry":{"type":"LineString","coordinates":[[-95.3757003126055,29.7334611731069],[-95.3756954685598,29.7334750411978]]},"properties":{"AADT_CUR":537,"RTE_NM":"1122096","RTE_PRFX":"CS","RTE_NBR":"1122096","SYSTEM":"Off"}},{"type":"Feature","geometry":{"type":"LineString","coordinates":[[-95.36846883,29.7051231099982],[-95.36743626,29.7048182799982],[-95.36664256,29.7045585799982],[-95.36606382,29.7043825699982],[-95.3641795263682,29.7038051639908]]},"properties":{"AADT_CUR":252,"RTE_NM":"1130710","RTE_PRFX":"CS","RTE_NBR":"1130710","SYSTEM":"Off"}},{"type":"Feature","geometry":{"type":"LineString","coordinates":[[-95.4365815864637,29.8015692186411],[-95.4365817947171,29.801598328171]]},"properties":{"AADT_CUR":252,"RTE_NM":"1131771","RTE_PRFX":"CS","RTE_NBR":"1131771","SYSTEM":"Off"}},{"type":"Feature","geometry":{"type":"LineString","coordinates":[[-95.35197747,29.7604813399986],[-95.3520686126065,29.7603672433885],[-95.3526539405646,29.7596181803341],[-95.35326192,29.7588399699986],[-95.3538407343615,29.7581357790247]]},"properties":{"AADT_CUR":8026,"RTE_NM":"256070","RTE_PRFX":"CS","RTE_NBR":"256070","SYSTEM":"Off"}},{"type":"Feature","geometry":{"type":"LineString","coordinates":[[-95.3737479262496,29.7600092956838],[-95.3735541,29.7604526],[-95.37334354,29.76091487],[-95.37318018,29.76122053],[-95.37298025,29.76151379],[-95.37274283,29.76178724],[-95.37246805,29.76203927],[-95.37201445,29.76236817],[-95.37184961,29.76246495],[-95.37103215,29.76287074],[-95.3692001,29.76367016],[-95.36874001,29.7638831],[-95.368439579,29.76404692],[-95.36815846,29.76422564],[-95.36781107,29.76449057],[-95.367581,29.76471192],[-95.36724978,29.76509711],[-95.36706463,29.76541105],[-95.36687307,29.76574391],[-95.366660807,29.766217726],[-95.36647644,29.76669154],[-95.3660218,29.76770406],[-95.36568553,29.76839002],[-95.36541142,29.76900193],[-95.36523365,29.76943789],[-95.3651571,29.76963884],[-95.3650902512904,29.7699127590226]]},"properties":{"AADT_CUR":232308,"RTE_NM":"IH0045-RG","RTE_PRFX":"IH","RTE_NBR":"45","SYSTEM":"On"}},{"type":"Feature","geometry":{"type":"LineString","coordinates":[[-95.39916937,29.75458658],[-95.39909251,29.75462265],[-95.39901317,29.75462608],[-95.39806035,29.7546366],[-95.39593133,29.75467892],[-95.39471976,29.75470069],[-95.39295116,29.7547255]]},"properties":{"AADT_CUR":252,"RTE_NM":"1131550","RTE_PRFX":"CS","RTE_NBR":"1131550","SYSTEM":"Off"}},{"type":"Feature","geometry":{"type":"LineString","coordinates":[[-95.3973801883855,29.7742668895282],[-95.39608826775,29.7742723649332]]},"properties":{"AADT_CUR":252,"RTE_NM":"1122715","RTE_PRFX":"CS","RTE_NBR":"1122715","SYSTEM":"Off"}},{"type":"Feature","geometry":{"type":"LineString","coordinates":[[-95.3819551552567,29.8053589255948],[-95.3819385026991,29.8053588271961]]},"properties":{"AADT_CUR":252,"RTE_NM":"1126219","RTE_PRFX":"CS","RTE_NBR":"1126219","SYSTEM":"Off"}},{"type":"Feature","geometry":{"type":"LineString","coordinates":[[-95.40860565,29.78496536],[-95.40857195,29.78498688],[-95.40851995,29.78500301],[-95.40837843,29.78500623],[-95.40764219,29.78502008],[-95.40685759,29.78501968],[-95.40676501,29.78502731],[-95.4060558,29.78503507],[-95.40541751,29.7850464],[-95.40436867,29.78505904],[-95.40327108,29.78508648],[-95.40217063,29.78509906],[-95.40106626,29.78511189],[-95.3999658,29.7851236],[-95.39887284,29.78514582],[-95.39757997,29.78515585]]},"properties":{"AADT_CUR":727,"RTE_NM":"1131539","RTE_PRFX":"CS","RTE_NBR":"1131539","SYSTEM":"Off"}},{"type":"Feature","geometry":{"type":"LineString","coordinates":[[-95.4141233968967,29.7650146777516],[-95.4141214298955,29.765014822546],[-95.41377922,29.7650168499972],[-95.41350144,29.7650184699972],[-95.41340733,29.7650211199973]]},"properties":{"AADT_CUR":252,"RTE_NM":"1127924","RTE_PRFX":"CS","RTE_NBR":"1127924","SYSTEM":"Off"}},{"type":"Feature","geometry":{"type":"LineString","coordinates":[[-95.3700679739071,29.7852611795994],[-95.37000159,29.7851585499988],[-95.36985472,29.7850078899988],[-95.36980434,29.7849267499988],[-95.3697882,29.7848377799988],[-95.36977083,29.7844877199988]]},"properties":{"AADT_CUR":252,"RTE_NM":"1123197","RTE_PRFX":"CS","RTE_NBR":"1123197","SYSTEM":"Off"}},{"type":"Feature","geometry":{"type":"LineString","coordinates":[[-95.3519918839458,29.7676071141615],[-95.35198985,29.7676064399987],[-95.35124847,29.7676045199986]]},"properties":{"AADT_CUR":252,"RTE_NM":"1130375","RTE_PRFX":"CS","RTE_NBR":"1130375","SYSTEM":"Off"}},{"type":"Feature","geometry":{"type":"LineString","coordinates":[[-95.3563444884611,29.7517870281413],[-95.3563171859977,29.7517704462323]]},"properties":{"AADT_CUR":1379,"RTE_NM":"256779","RTE_PRFX":"CS","RTE_NBR":"256779","SYSTEM":"Off"}},{"type":"Feature","geometry":{"type":"LineString","coordinates":[[-95.34324567,29.78443033],[-95.34325938,29.78566436],[-95.3432861,29.78800523],[-95.34329517,29.78892805]]},"properties":{"AADT_CUR":252,"RTE_NM":"1261109","RTE_PRFX":"CS","RTE_NBR":"1261109","SYSTEM":"Off"}},{"type":"Feature","geometry":{"type":"LineString","coordinates":[[-95.377591,29.81852654],[-95.37751791,29.8182465],[-95.37706138,29.81720669],[-95.37698027,29.81683755],[-95.37696851,29.81643862],[-95.37701043,29.81620858],[-95.37708061,29.81602696],[-95.37715722,29.81584732],[-95.37725194,29.81564593],[-95.37735477,29.81544757],[-95.37745559,29.81526935],[-95.37758418,29.81506094],[-95.37762618,29.81500662],[-95.37767107,29.81495409],[-95.37771873,29.81490345],[-95.37776906,29.81485482],[-95.37782195,29.8148083],[-95.3778773,29.814764],[-95.37793496,29.81472201],[-95.37799483,29.81468243],[-95.37806022,29.81464338],[-95.37816224,29.81458767],[-95.3782419,29.81454717],[-95.37832308,29.81450902],[-95.37840738,29.81447256],[-95.37849306,29.81443863],[-95.37858002,29.81440729],[-95.37866816,29.81437856],[-95.3787986,29.81434143],[-95.378931,29.81431002],[-95.37906504,29.81428442],[-95.37920037,29.81426469],[-95.37930369,29.8142408],[-95.37960638,29.81418879]]},"properties":{"AADT_CUR":31926,"RTE_NM":"1628813009","RTE_PRFX":"IH","RTE_NBR":"45","SYSTEM":"On"}},{"type":"Feature","geometry":{"type":"LineString","coordinates":[[-95.342034535685,29.7551522886308],[-95.3410459891035,29.7563919510076]]},"properties":{"AADT_CUR":252,"RTE_NM":"1127228","RTE_PRFX":"CS","RTE_NBR":"1127228","SYSTEM":"Off"}},{"type":"Feature","geometry":{"type":"LineString","coordinates":[[-95.372503522,29.806390184],[-95.37217054,29.80634408],[-95.37189286,29.80633656],[-95.37111894,29.80633569],[-95.37099587,29.80634173],[-95.37056168,29.80634238],[-95.37017812,29.80635763],[-95.36982733,29.80636781],[-95.3694975,29.80637912],[-95.36909017,29.80638573],[-95.36902261,29.80631463]]},"properties":{"AADT_CUR":252,"RTE_NM":"1132449","RTE_PRFX":"CS","RTE_NBR":"1132449","SYSTEM":"Off"}},{"type":"Feature","geometry":{"type":"LineString","coordinates":[[-95.3810384,29.80150996],[-95.38107562,29.80155853],[-95.38109618,29.80208968]]},"properties":{"AADT_CUR":252,"RTE_NM":"1128641","RTE_PRFX":"CS","RTE_NBR":"1128641","SYSTEM":"Off"}},{"type":"Feature","geometry":{"type":"LineString","coordinates":[[-95.3535559379408,29.7257067408856],[-95.3535503654968,29.7257204338655]]},"properties":{"AADT_CUR":252,"RTE_NM":"1119948","RTE_PRFX":"CS","RTE_NBR":"1119948","SYSTEM":"Off"}},{"type":"Feature","geometry":{"type":"LineString","coordinates":[[-95.3048613939132,29.7457616846362],[-95.30458472,29.7464270299985],[-95.30429984,29.7470911499985],[-95.30402816,29.7477530499985],[-95.30376254,29.7484005299985],[-95.30348128,29.7490627899985],[-95.30321947,29.7497153599985],[-95.302942,29.7503831999985],[-95.30265854,29.7510388799986],[-95.30238865,29.7517008199986],[-95.30214796,29.7522852099986],[-95.30210779,29.7523552399985]]},"properties":{"AADT_CUR":252,"RTE_NM":"1119454","RTE_PRFX":"CS","RTE_NBR":"1119454","SYSTEM":"Off"}},{"type":"Feature","geometry":{"type":"LineString","coordinates":[[-95.37592455,29.7765959199987],[-95.37486296,29.7766051699987],[-95.37479487,29.7765804099987],[-95.37474476,29.7765582899987],[-95.37365805,29.7765611499987],[-95.3724356761604,29.7765590261979]]},"properties":{"AADT_CUR":252,"RTE_NM":"1119550","RTE_PRFX":"CS","RTE_NBR":"1119550","SYSTEM":"Off"}},{"type":"Feature","geometry":{"type":"LineString","coordinates":[[-95.4224096710978,29.7166559873803],[-95.4223930272617,29.7166562518707]]},"properties":{"AADT_CUR":252,"RTE_NM":"1252502","RTE_PRFX":"CS","RTE_NBR":"1252502","SYSTEM":"Off"}},{"type":"Feature","geometry":{"type":"LineString","coordinates":[[-95.39369028,29.72453934],[-95.39369472,29.72534792],[-95.39370508,29.7261301],[-95.39371676,29.72692923],[-95.39373319,29.72772763],[-95.39372953,29.72853261],[-95.3937404,29.72932151],[-95.39374252,29.7300659],[-95.39375313,29.73012408],[-95.39375344,29.7308792],[-95.39369079,29.73093261]]},"properties":{"AADT_CUR":113,"RTE_NM":"1127060","RTE_PRFX":"CS","RTE_NBR":"1127060","SYSTEM":"Off"}},{"type":"Feature","geometry":{"type":"LineString","coordinates":[[-95.3936653,29.73268836],[-95.39367752,29.73358851],[-95.39369216,29.73446602],[-95.39369024,29.73448312],[-95.39369609,29.73528511],[-95.39371693,29.73612932]]},"properties":{"AADT_CUR":113,"RTE_NM":"1127060","RTE_PRFX":"CS","RTE_NBR":"1127060","SYSTEM":"Off"}},{"type":"Feature","geometry":{"type":"LineString","coordinates":[[-95.3821905615624,29.7388787240875],[-95.3818073220909,29.7388727359763]]},"properties":{"AADT_CUR":10140,"RTE_NM":"255774","RTE_PRFX":"CS","RTE_NBR":"255774","SYSTEM":"Off"}},{"type":"Feature","geometry":{"type":"LineString","coordinates":[[-95.3818795799777,29.8012242739275],[-95.38114677,29.8012133399989]]},"properties":{"AADT_CUR":252,"RTE_NM":"1120297","RTE_PRFX":"CS","RTE_NBR":"1120297","SYSTEM":"Off"}},{"type":"Feature","geometry":{"type":"LineString","coordinates":[[-95.41337675,29.7634301999959],[-95.41338693,29.7637509299986],[-95.41340733,29.7650211199973],[-95.4134139299983,29.7652866199974],[-95.41335131,29.7653352699959],[-95.4133471758272,29.7660024938892],[-95.41336388,29.7666325799961],[-95.41335822,29.7667460899987],[-95.41338117,29.7674627199974],[-95.41338342,29.7679319999987],[-95.41338369,29.7681911799987],[-95.41339223,29.7685705999987],[-95.4133800000006,29.7689457799992],[-95.41340375,29.769057829996],[-95.41340387,29.7696621299961],[-95.4134045585649,29.7697013222192],[-95.4134172950337,29.7704262597843],[-95.41341987,29.7704878299961],[-95.41344343,29.7711696699974],[-95.41344223,29.7718843699974],[-95.4134566099995,29.7725731299974],[-95.41344633,29.7726024399961],[-95.41345834272,29.7735043418647]]},"properties":{"AADT_CUR":252,"RTE_NM":"1128688","RTE_PRFX":"CS","RTE_NBR":"1128688","SYSTEM":"Off"}},{"type":"Feature","geometry":{"type":"LineString","coordinates":[[-95.40038091,29.78009525],[-95.40039824,29.78142799]]},"properties":{"AADT_CUR":252,"RTE_NM":"1261220","RTE_PRFX":"CS","RTE_NBR":"1261220","SYSTEM":"Off"}},{"type":"Feature","geometry":{"type":"LineString","coordinates":[[-95.4048792893379,29.7703614238764],[-95.4048816206132,29.7703758037298]]},"properties":{"AADT_CUR":252,"RTE_NM":"1130050","RTE_PRFX":"CS","RTE_NBR":"1130050","SYSTEM":"Off"}},{"type":"Feature","geometry":{"type":"LineString","coordinates":[[-95.36662621,29.77838009],[-95.36670311,29.77837969],[-95.36674721,29.77842064],[-95.36683784,29.7785945],[-95.36690783,29.77870819],[-95.3670148,29.77882288],[-95.36709902,29.77893695],[-95.36715149,29.77906259],[-95.36735343,29.77950416]]},"properties":{"AADT_CUR":252,"RTE_NM":"1130100","RTE_PRFX":"CS","RTE_NBR":"1130100","SYSTEM":"Off"}},{"type":"Feature","geometry":{"type":"LineString","coordinates":[[-95.3989894718069,29.7634971176919],[-95.39879609,29.7632708499987],[-95.39870008,29.7631658299987],[-95.39859294,29.7631026099986],[-95.39844947,29.7630664799986],[-95.39832067,29.7630700299986],[-95.39820238,29.7630949199986],[-95.39807623,29.7631602899986],[-95.39799165,29.7632323899986],[-95.39791738,29.7633314299987],[-95.39787958,29.7634454799987],[-95.39788019,29.7635647799986],[-95.39791484,29.7636765699987],[-95.39797761,29.7637666699986],[-95.39806988,29.7638407199987],[-95.39819782,29.7639072999987],[-95.39833672,29.7639362999986],[-95.3987081994318,29.7639394268965],[-95.39894505,29.7639414199986]]},"properties":{"AADT_CUR":252,"RTE_NM":"1122822","RTE_PRFX":"CS","RTE_NBR":"1122822","SYSTEM":"Off"}},{"type":"Feature","geometry":{"type":"LineString","coordinates":[[-95.43057297,29.810427309999],[-95.429303808321,29.8104212554256]]},"properties":{"AADT_CUR":252,"RTE_NM":"1131521","RTE_PRFX":"CS","RTE_NBR":"1131521","SYSTEM":"Off"}},{"type":"Feature","geometry":{"type":"LineString","coordinates":[[-95.3134495,29.8155007],[-95.3134799,29.81628964],[-95.31352383,29.8194204],[-95.31355137,29.82083174],[-95.31362281,29.82428876],[-95.31366414,29.82669118],[-95.31366,29.82693432],[-95.31367337,29.82733689],[-95.3136491,29.82745642],[-95.31358274,29.82752276],[-95.31350717,29.82755559]]},"properties":{"AADT_CUR":252,"RTE_NM":"1129497","RTE_PRFX":"CS","RTE_NBR":"1129497","SYSTEM":"Off"}},{"type":"Feature","geometry":{"type":"LineString","coordinates":[[-95.3731499,29.6931401899981],[-95.37291156,29.6937517699981],[-95.37265098,29.6944132799981],[-95.37242703,29.6949729399981],[-95.37232609,29.6952011299982],[-95.37181218,29.6965482199982],[-95.3717665799342,29.6966510721198],[-95.37118694,29.6981294399982],[-95.37109416,29.6983627599982],[-95.37103486,29.6985105699982],[-95.37060139,29.6995742799982],[-95.3698441805033,29.7016222406482],[-95.3698181605663,29.7016926129751],[-95.36981212,29.7017089499982],[-95.3697941764149,29.7017544115609],[-95.3689142,29.7039838499982],[-95.36856379,29.7049226999982],[-95.36846883,29.7051231099982],[-95.36818071,29.7058461399982],[-95.36814394,29.7059264299982],[-95.36808236,29.7059769499982],[-95.36794773,29.7060403999982],[-95.36778191,29.7061402799982],[-95.36761582,29.7062476099982],[-95.367466,29.7063777499982],[-95.36733258,29.7065269699983],[-95.36729463,29.7067533399982],[-95.36727481,29.7069503799982],[-95.3672438,29.7072759999983],[-95.36719088,29.7075264099983],[-95.36713076,29.7077040599982],[-95.36700488,29.7079439599982],[-95.36687486,29.7081623899982],[-95.36686129,29.7082270499982],[-95.3668317,29.7084130699982],[-95.36685661,29.7085375299983],[-95.36691083,29.7086627899982],[-95.367275230985,29.7092990077003]]},"properties":{"AADT_CUR":770,"RTE_NM":"1122404","RTE_PRFX":"CS","RTE_NBR":"1122404","SYSTEM":"Off"}},{"type":"Feature","geometry":{"type":"LineString","coordinates":[[-95.43785024,29.72359723],[-95.43759605,29.72372366],[-95.43743802,29.72380613],[-95.43692126,29.72407913],[-95.4367933,29.72428143],[-95.43675883,29.72445013],[-95.43675707,29.72458228]]},"properties":{"AADT_CUR":252,"RTE_NM":"1130672","RTE_PRFX":"CS","RTE_NBR":"1130672","SYSTEM":"Off"}},{"type":"Feature","geometry":{"type":"LineString","coordinates":[[-95.34743612,29.80719999],[-95.34775545,29.80843382],[-95.34788142,29.80892653],[-95.34794167,29.80912388],[-95.34806372,29.80947556],[-95.34813006,29.80956451],[-95.34822382,29.80971583],[-95.34829875,29.80983895],[-95.34835361,29.80996846],[-95.34844108,29.81021779],[-95.34862577,29.81095085],[-95.34901573,29.81248342]]},"properties":{"AADT_CUR":252,"RTE_NM":"1123987","RTE_PRFX":"CS","RTE_NBR":"1123987","SYSTEM":"Off"}},{"type":"Feature","geometry":{"type":"LineString","coordinates":[[-95.3654323745975,29.7291843866918],[-95.36543719,29.7291782599984],[-95.3654513540922,29.7291605492832]]},"properties":{"AADT_CUR":185,"RTE_NM":"1127281","RTE_PRFX":"CS","RTE_NBR":"1127281","SYSTEM":"Off"}},{"type":"Feature","geometry":{"type":"LineString","coordinates":[[-95.43250518,29.78590629],[-95.43243195,29.78592745],[-95.43112805,29.78592863],[-95.43103743,29.78595672],[-95.43083371,29.78596846],[-95.43074871,29.78602341]]},"properties":{"AADT_CUR":252,"RTE_NM":"1130952","RTE_PRFX":"CS","RTE_NBR":"1130952","SYSTEM":"Off"}},{"type":"Feature","geometry":{"type":"LineString","coordinates":[[-95.32982668,29.75410218],[-95.32908117,29.75384136],[-95.328399,29.75360561],[-95.32808725,29.75350819]]},"properties":{"AADT_CUR":252,"RTE_NM":"1123599","RTE_PRFX":"CS","RTE_NBR":"1123599","SYSTEM":"Off"}},{"type":"Feature","geometry":{"type":"LineString","coordinates":[[-95.32483946,29.73418829],[-95.32305936,29.73365246],[-95.32124028,29.73310146],[-95.31941865,29.73253829],[-95.3190557,29.73243546],[-95.31874333,29.73233589],[-95.31788281,29.73207734],[-95.31614856,29.73147803]]},"properties":{"AADT_CUR":31,"RTE_NM":"1120340","RTE_PRFX":"CS","RTE_NBR":"1120340","SYSTEM":"Off"}},{"type":"Feature","geometry":{"type":"LineString","coordinates":[[-95.3961491653934,29.7770438552093],[-95.39615018,29.7770559299987],[-95.39616249,29.7778041099987],[-95.39618127,29.7795290099988],[-95.39619054,29.7796486399988],[-95.3962241497752,29.7814761829642],[-95.39622443,29.7814914199987],[-95.39623667,29.7818573999988],[-95.39626638,29.7833283899988],[-95.39630704,29.7851739599987],[-95.39633429,29.7870242399988],[-95.39636388,29.7888724999988],[-95.3964001307149,29.7906766611435],[-95.39640093,29.7907164399988],[-95.39644016,29.7925626999988],[-95.396446,29.7928744399988],[-95.39646206,29.7936940799989],[-95.39648037,29.7944017299989],[-95.3965213519966,29.7962172437553],[-95.3965219,29.7962415199988],[-95.39655003,29.7980895199989],[-95.39658619,29.7999272799989],[-95.39663585,29.8019627299989],[-95.39666915,29.8040024499989],[-95.39669416,29.8055308999989],[-95.39669326,29.8058590399989],[-95.39670154,29.8060276399989],[-95.39671785,29.8070193299989]]},"properties":{"AADT_CUR":213,"RTE_NM":"1124436","RTE_PRFX":"CS","RTE_NBR":"1124436","SYSTEM":"Off"}},{"type":"Feature","geometry":{"type":"LineString","coordinates":[[-95.42760542,29.79248659],[-95.42761324,29.79336315],[-95.42761291,29.79388646],[-95.4276179,29.79450978],[-95.42761845,29.79452825],[-95.42761853,29.795549]]},"properties":{"AADT_CUR":252,"RTE_NM":"1126408","RTE_PRFX":"CS","RTE_NBR":"1126408","SYSTEM":"Off"}},{"type":"Feature","geometry":{"type":"LineString","coordinates":[[-95.3521872656607,29.7932232047625],[-95.3521870712199,29.7932113799924],[-95.3521731301278,29.7923635553114],[-95.35216422,29.7918216799988],[-95.3521550817064,29.7915125004941],[-95.3521301028487,29.7906673709383],[-95.3521046276879,29.7898054345076],[-95.3520795640418,29.7889574065882],[-95.3520540967065,29.7880957047835],[-95.35202893,29.7872441599988],[-95.3520135873196,29.7863954631038],[-95.35200106,29.7857024899988],[-95.3519870585495,29.7855544886073],[-95.35198083,29.7854886499988],[-95.35195932,29.7853013999988],[-95.35192128,29.7851401899988],[-95.35180896,29.7849362899988],[-95.3516680947003,29.7847394377876],[-95.351623,29.7846764199988],[-95.35152464,29.7844996699988],[-95.3514463782434,29.7843238469217],[-95.35142821,29.7842830299988],[-95.35142322,29.7840697499988],[-95.3514169322591,29.7833737869173]]},"properties":{"AADT_CUR":2723,"RTE_NM":"256433","RTE_PRFX":"CS","RTE_NBR":"256433","SYSTEM":"Off"}},{"type":"Feature","geometry":{"type":"LineString","coordinates":[[-95.37088364,29.7337254],[-95.37098043,29.73354598],[-95.37106452,29.73336711],[-95.37115933,29.73314909],[-95.37128306,29.73281293],[-95.37134355,29.73264096],[-95.3714265,29.73233458],[-95.37154475,29.73191628],[-95.37162474,29.73166065],[-95.37184334,29.73093296],[-95.37192742,29.73061239],[-95.37205895,29.73010818],[-95.37215273,29.72979325],[-95.37225429,29.72953196],[-95.37237031,29.7292216],[-95.37247141,29.72898835],[-95.37260862,29.72872322],[-95.37276993,29.72846048],[-95.3729184,29.72824744],[-95.37349861,29.7275139],[-95.37402739,29.72683624],[-95.37484216,29.72580511],[-95.37515523,29.72537743],[-95.37525841,29.72522077],[-95.3754061,29.72499155],[-95.37560703,29.72465504],[-95.37577429,29.72435144],[-95.37592615,29.724092],[-95.37606405,29.72382369],[-95.37624081,29.72343995],[-95.3763731,29.7231241],[-95.37660675,29.72238348],[-95.37684722,29.721652],[-95.37775531,29.71859053],[-95.37817876,29.71716286],[-95.37824954,29.71690003],[-95.37835654,29.71650276],[-95.37848128,29.71580691],[-95.37850919,29.71547706],[-95.37853899,29.71495547],[-95.37853656,29.71458436],[-95.37850908,29.71412751],[-95.37849268,29.71395268],[-95.37845888,29.7136798],[-95.37841978,29.71343445],[-95.37837156,29.71319536],[-95.37831872,29.71296527],[-95.37824106,29.71266427],[-95.37810923,29.71218316],[-95.37798343,29.71179539],[-95.3777196,29.71108702],[-95.37741664,29.71039252],[-95.37720932,29.70996033],[-95.37685452,29.70928321],[-95.37551719,29.70691668],[-95.37523894,29.70632705],[-95.37512081,29.70604789],[-95.37500897,29.70574301],[-95.37488695,29.70540839],[-95.37479431,29.70509003],[-95.37471779,29.70477429],[-95.37466139,29.70447447],[-95.37461637,29.70422774],[-95.37456505,29.70384607],[-95.37452949,29.70337788],[-95.37452446,29.702926],[-95.37454154,29.70239998],[-95.37456201,29.70214351],[-95.3746526,29.70151076],[-95.374735,29.7011151],[-95.3747631672274,29.7009774139642]]},"properties":{"AADT_CUR":182659,"RTE_NM":"SH0288-LG","RTE_PRFX":"SH","RTE_NBR":"288","SYSTEM":"On"}},{"type":"Feature","geometry":{"type":"LineString","coordinates":[[-95.39273816,29.7036133999982],[-95.39150988,29.7032284799982],[-95.3912354673707,29.7031335837402]]},"properties":{"AADT_CUR":252,"RTE_NM":"1125797","RTE_PRFX":"CS","RTE_NBR":"1125797","SYSTEM":"Off"}},{"type":"Feature","geometry":{"type":"LineString","coordinates":[[-95.33459096,29.817673129999],[-95.334709722,29.817678814999],[-95.3347888666124,29.8176780647108],[-95.3350367029582,29.8176757149112],[-95.3351723799906,29.8176744283175],[-95.335200568,29.817674160999],[-95.3352543296746,29.817669185632],[-95.335401734,29.817655543999],[-95.3354658688727,29.8176446571696],[-95.335525116,29.817634599999],[-95.335618993,29.817595037999],[-95.335691413,29.817543841999],[-95.3357513580215,29.8174986762341],[-95.335793337,29.817467046999],[-95.335838935,29.817411195999],[-95.33588185,29.817322764999],[-95.335938176,29.817185463999],[-95.33604615,29.816915059999],[-95.336120567,29.816710727999],[-95.336188963,29.816538518999],[-95.336223832,29.816448923999],[-95.336241267,29.816351183999],[-95.3362293439255,29.8162891148481]]},"properties":{"AADT_CUR":252,"RTE_NM":"1503434","RTE_PRFX":"CS","RTE_NBR":"1503434","SYSTEM":"Off"}},{"type":"Feature","geometry":{"type":"LineString","coordinates":[[-95.32847894,29.77676321],[-95.32693191,29.7768318],[-95.32647648,29.77686136],[-95.32482986,29.77693604],[-95.32384502,29.77694498],[-95.32286032,29.77694991],[-95.32188906,29.7769632],[-95.32107834,29.77696891]]},"properties":{"AADT_CUR":268,"RTE_NM":"1127362","RTE_PRFX":"CS","RTE_NBR":"1127362","SYSTEM":"Off"}},{"type":"Feature","geometry":{"type":"LineString","coordinates":[[-95.3412403063618,29.7690892308441],[-95.3411979924356,29.7691340595735]]},"properties":{"AADT_CUR":177028,"RTE_NM":"IH0069-RG","RTE_PRFX":"IH","RTE_NBR":"69","SYSTEM":"On"}},{"type":"Feature","geometry":{"type":"LineString","coordinates":[[-95.3994918079893,29.73436401054],[-95.3994855754042,29.7343641501038],[-95.39859048,29.7343841899984],[-95.3964858401056,29.7344134444157],[-95.39466614,29.7344387099984],[-95.3946471542253,29.7344390864591],[-95.3936920265569,29.7344580215974],[-95.39250167,29.7344816099984],[-95.3912086294911,29.7344921056645]]},"properties":{"AADT_CUR":15805,"RTE_NM":"257017","RTE_PRFX":"CS","RTE_NBR":"257017","SYSTEM":"Off"}},{"type":"Feature","geometry":{"type":"LineString","coordinates":[[-95.364673012,29.7453947509985],[-95.3644907646241,29.7453115161665],[-95.3641366202028,29.7451497724841],[-95.36403767,29.7451045799985],[-95.36366681,29.7449338099985],[-95.36350368,29.7448751799985],[-95.363417828,29.7448426799985],[-95.3633096917056,29.7448226000298],[-95.363194933,29.7448049389985],[-95.3631229100875,29.744801358038],[-95.36309445,29.7447999429985],[-95.3630114243634,29.7448057024504],[-95.362979284,29.7448079319985],[-95.362888332,29.7448216029985],[-95.3627983484575,29.7448447348312],[-95.362712125,29.7448668999985],[-95.3626979662874,29.7448716780136],[-95.362601318,29.7449042929985],[-95.362487955,29.7449699799985],[-95.362379096,29.7450407559985],[-95.362272715,29.7451431119985],[-95.362172258,29.7452620309985],[-95.362098596802,29.7453493751237],[-95.3620855734925,29.7453648175559],[-95.362045725,29.7454120679985],[-95.361772871,29.7457335669985],[-95.3615703887429,29.7459881111121],[-95.3614987485952,29.7460781708451],[-95.361428963,29.7461658989985],[-95.3612787725233,29.7463163763119]]},"properties":{"AADT_CUR":921,"RTE_NM":"1599254902","RTE_PRFX":"IH","RTE_NBR":"45","SYSTEM":"On"}},{"type":"Feature","geometry":{"type":"LineString","coordinates":[[-95.36874415,29.7161041899983],[-95.36898928,29.7158253699983],[-95.3690121,29.7157725499983],[-95.36901747,29.7157122299983],[-95.36900961,29.7156613899983],[-95.36897787,29.7156028799983],[-95.36893737,29.7155638099983],[-95.36888078,29.7155243099983],[-95.3678461,29.7148962899983],[-95.36631992,29.7139883499983],[-95.36596965,29.7137775099983],[-95.36579636,29.7136853899983],[-95.36560406,29.7136088599983],[-95.3653982,29.7135434499983],[-95.36390782,29.7130879799983],[-95.36209471,29.7125471999983],[-95.36200547,29.7125072899983],[-95.36193619,29.7124429199983],[-95.3619113,29.7123381099982],[-95.36192543,29.7122093599983],[-95.361412331233,29.7120625895194]]},"properties":{"AADT_CUR":252,"RTE_NM":"1128387","RTE_PRFX":"CS","RTE_NBR":"1128387","SYSTEM":"Off"}},{"type":"Feature","geometry":{"type":"LineString","coordinates":[[-95.35878468,29.7778107299988],[-95.3580305774222,29.7780929945451],[-95.35698312,29.7784715999987]]},"properties":{"AADT_CUR":252,"RTE_NM":"1123773","RTE_PRFX":"CS","RTE_NBR":"1123773","SYSTEM":"Off"}},{"type":"Feature","geometry":{"type":"LineString","coordinates":[[-95.4187905023092,29.7432791743444],[-95.41759845,29.7432843999985],[-95.41640184,29.7432988799985],[-95.41555306,29.7433046099985]]},"properties":{"AADT_CUR":252,"RTE_NM":"1129479","RTE_PRFX":"CS","RTE_NBR":"1129479","SYSTEM":"Off"}},{"type":"Feature","geometry":{"type":"LineString","coordinates":[[-95.42080617,29.71506955],[-95.42081609,29.71594662],[-95.42084195,29.71738735],[-95.42087797,29.71931],[-95.420902,29.72041337]]},"properties":{"AADT_CUR":252,"RTE_NM":"1252472","RTE_PRFX":"CS","RTE_NBR":"1252472","SYSTEM":"Off"}},{"type":"Feature","geometry":{"type":"LineString","coordinates":[[-95.3852485702474,29.7119897254008],[-95.384772484,29.712537384],[-95.384453299,29.712832478],[-95.384198669,29.71306414],[-95.38389305,29.71335139],[-95.38365309,29.71355325],[-95.3833146,29.71375153],[-95.38305824,29.71383791],[-95.38282559,29.71388687],[-95.38252992,29.71388912],[-95.38218242,29.71380599],[-95.3818915072212,29.713712247482]]},"properties":{"AADT_CUR":21091,"RTE_NM":"256726","RTE_PRFX":"CS","RTE_NBR":"256726","SYSTEM":"Off"}},{"type":"Feature","geometry":{"type":"LineString","coordinates":[[-95.39938776,29.812138659999],[-95.39934173,29.812177339999],[-95.39755269,29.812199029999],[-95.39682018,29.8122059499989],[-95.39605602,29.812227779999],[-95.39462977,29.812238629999],[-95.39352891,29.812246059999],[-95.39242667,29.812265589999],[-95.39102427,29.812288049999],[-95.38925636,29.812314169999],[-95.38764761,29.812331119999],[-95.38726984,29.812339269999],[-95.38719972,29.812344089999],[-95.3859466045056,29.8123577339138]]},"properties":{"AADT_CUR":252,"RTE_NM":"1122713","RTE_PRFX":"CS","RTE_NBR":"1122713","SYSTEM":"Off"}},{"type":"Feature","geometry":{"type":"LineString","coordinates":[[-95.3052887995061,29.7728566037563],[-95.30528877,29.7728617299987],[-95.3052735685036,29.7738702019134]]},"properties":{"AADT_CUR":252,"RTE_NM":"1129100","RTE_PRFX":"CS","RTE_NBR":"1129100","SYSTEM":"Off"}},{"type":"Feature","geometry":{"type":"LineString","coordinates":[[-95.4334950618695,29.7228390762188],[-95.4334955408296,29.7228679681538]]},"properties":{"AADT_CUR":252,"RTE_NM":"1252494","RTE_PRFX":"CS","RTE_NBR":"1252494","SYSTEM":"Off"}},{"type":"Feature","geometry":{"type":"LineString","coordinates":[[-95.32116936,29.76264297],[-95.32118825,29.76325797],[-95.32120778,29.76397505],[-95.321225348272,29.7647455756282]]},"properties":{"AADT_CUR":252,"RTE_NM":"1125144","RTE_PRFX":"CS","RTE_NBR":"1125144","SYSTEM":"Off"}},{"type":"Feature","geometry":{"type":"LineString","coordinates":[[-95.37230512,29.76534468],[-95.37243426,29.76514888],[-95.37248312,29.76503226],[-95.37249589,29.76497562],[-95.3724905,29.76472676],[-95.37247897,29.76358599]]},"properties":{"AADT_CUR":252,"RTE_NM":"1307540","RTE_PRFX":"CS","RTE_NBR":"1307540","SYSTEM":"Off"}},{"type":"Feature","geometry":{"type":"LineString","coordinates":[[-95.38774116,29.7852479999988],[-95.38767378,29.7852094199988],[-95.38599958,29.7852287999988],[-95.38426628,29.7852413299988],[-95.38202658,29.7852668299988],[-95.380739117412,29.7852816985177],[-95.37929335,29.7852906299988],[-95.37783836,29.7853044899988],[-95.37638012,29.7853095099988],[-95.37493788,29.7853371699988],[-95.3741413796664,29.7853484468888]]},"properties":{"AADT_CUR":252,"RTE_NM":"1123194","RTE_PRFX":"CS","RTE_NBR":"1123194","SYSTEM":"Off"}},{"type":"Feature","geometry":{"type":"LineString","coordinates":[[-95.3878638986191,29.7908022705209],[-95.3878471647547,29.7908026671391],[-95.3869168750094,29.7908247126101],[-95.3860205934554,29.7908459457113],[-95.38600057,29.7908464199988],[-95.38543494,29.7908258299988],[-95.3853105369071,29.7907857541391],[-95.3851908400903,29.7907471942374],[-95.38514175,29.7907313799988],[-95.38476347,29.7906087099988],[-95.38448985,29.7905066099988],[-95.3843331918351,29.7904943686709],[-95.38428893,29.7904909099988]]},"properties":{"AADT_CUR":4300,"RTE_NM":"255696","RTE_PRFX":"CS","RTE_NBR":"255696","SYSTEM":"Off"}},{"type":"Feature","geometry":{"type":"LineString","coordinates":[[-95.41764913,29.7464457099985],[-95.41764821,29.7469396499985],[-95.41763341,29.7472551599985],[-95.4176607,29.7479812399985],[-95.4176561005875,29.7485092459702]]},"properties":{"AADT_CUR":252,"RTE_NM":"1119803","RTE_PRFX":"CS","RTE_NBR":"1119803","SYSTEM":"Off"}},{"type":"Feature","geometry":{"type":"LineString","coordinates":[[-95.3924307120692,29.7105701635963],[-95.39275226,29.7107789999983],[-95.39431509,29.7117740699983],[-95.3935928565846,29.7126750018872]]},"properties":{"AADT_CUR":252,"RTE_NM":"1120384","RTE_PRFX":"CS","RTE_NBR":"1120384","SYSTEM":"Off"}},{"type":"Feature","geometry":{"type":"LineString","coordinates":[[-95.343629530821,29.7281211707761],[-95.3436139371742,29.728116104247]]},"properties":{"AADT_CUR":953,"RTE_NM":"1119726","RTE_PRFX":"CS","RTE_NBR":"1119726","SYSTEM":"Off"}},{"type":"Feature","geometry":{"type":"LineString","coordinates":[[-95.41511858,29.78666499],[-95.41534038,29.78682561],[-95.41538856,29.7868807],[-95.41547921,29.78707608],[-95.41552544,29.78734434],[-95.41552817,29.78763197],[-95.41543968,29.78801799],[-95.41528441,29.78895074],[-95.41525258,29.78952746],[-95.41528623,29.7898843],[-95.41533609,29.7901431],[-95.41534854,29.79036225],[-95.41533458,29.79061297],[-95.41526359,29.79091194],[-95.41515287,29.79119422],[-95.41501845,29.791386],[-95.41483149,29.79154315],[-95.41438758,29.79174619]]},"properties":{"AADT_CUR":252,"RTE_NM":"1132413","RTE_PRFX":"CS","RTE_NBR":"1132413","SYSTEM":"Off"}},{"type":"Feature","geometry":{"type":"LineString","coordinates":[[-95.40096127,29.77425363],[-95.400969016,29.77479537],[-95.400973242,29.775090909],[-95.40098313,29.77520154],[-95.40101035,29.775288301],[-95.401034232,29.775969595],[-95.4010347990514,29.7760068726276]]},"properties":{"AADT_CUR":252,"RTE_NM":"1120176","RTE_PRFX":"CS","RTE_NBR":"1120176","SYSTEM":"Off"}},{"type":"Feature","geometry":{"type":"LineString","coordinates":[[-95.3624684630476,29.7778451466963],[-95.3624531457734,29.7778507173428]]},"properties":{"AADT_CUR":252,"RTE_NM":"1120543","RTE_PRFX":"CS","RTE_NBR":"1120543","SYSTEM":"Off"}},{"type":"Feature","geometry":{"type":"LineString","coordinates":[[-95.34941289,29.7632908499987],[-95.34916042,29.7637732299986],[-95.3490197,29.7640125599987],[-95.34887788,29.7642219699986],[-95.34872165,29.7644147599986],[-95.34855988,29.7646020199986],[-95.34826183,29.7649155799987],[-95.34797929,29.7651826099987],[-95.34753942,29.7655327299986],[-95.34701866,29.7659116699986],[-95.34660648,29.7661731599986],[-95.34618766,29.7664235599986],[-95.34594611,29.7665753599987],[-95.34576329,29.7667116399987],[-95.345637560969,29.7668178939807],[-95.34560596,29.7668445999987],[-95.34545084,29.7669975099986],[-95.34533893,29.7671293599987],[-95.3452780447919,29.7672123380681],[-95.34521373,29.7672999899987],[-95.3451692569946,29.7673731493617],[-95.3451248791616,29.7674461520388],[-95.34511068,29.7674695099987],[-95.3450266172799,29.7676306355124],[-95.34501761,29.7676478999987],[-95.34494081,29.7678225199987],[-95.3448706,29.7680083099987],[-95.3448524330568,29.7680801422304],[-95.34482451,29.7681905499986],[-95.34479827,29.7683777599987],[-95.34479331,29.7685649699987],[-95.3447948148374,29.7686529903429],[-95.34479685,29.7687720299987],[-95.3448238,29.7689712899987],[-95.34486777,29.7691769399987],[-95.3448706415342,29.7691851002271],[-95.3449212383337,29.7693288842599],[-95.34492591,29.7693421599987],[-95.34501526,29.7695080999987],[-95.34509185,29.7696243899987],[-95.3451181557569,29.7696544560253],[-95.34519112,29.7697378499987],[-95.3453027704599,29.7698368066213],[-95.34531593,29.7698484699987],[-95.34547406,29.7699612199987],[-95.34562652,29.7700456099987],[-95.34580664,29.7701228999987],[-95.34599172,29.7701895599987],[-95.34621296,29.7702562199987],[-95.34643776,29.7703072699987],[-95.34671289,29.7703448599987],[-95.34694052,29.7703597499987],[-95.34715538,29.7703611699987],[-95.34734543,29.7703583299987],[-95.34765673,29.7703448599987],[-95.34789925,29.7703299699987],[-95.34815453,29.7703108199987],[-95.34845591,29.7702859999987],[-95.3495537300637,29.7701810672547]]},"properties":{"AADT_CUR":17056,"RTE_NM":"1633910500","RTE_PRFX":"IH","RTE_NBR":"10","SYSTEM":"On"}},{"type":"Feature","geometry":{"type":"LineString","coordinates":[[-95.3733927859817,29.7543417051475],[-95.37337777,29.7543297699985],[-95.3724870903832,29.7537906474531],[-95.3716628509462,29.7532917298473],[-95.3707993867814,29.7527690580478],[-95.3699530925972,29.7522561162718],[-95.3690702895637,29.7517210346085],[-95.3681976845188,29.7511921223252],[-95.3673639999975,29.750686789997],[-95.3664852852514,29.7501533850138],[-95.3655943050588,29.7496125223986],[-95.3647707983597,29.74911260816],[-95.3639186845373,29.7485953168036],[-95.363068384738,29.7480791155236],[-95.36303838,29.7480608999985],[-95.3621955741336,29.7475608791157],[-95.3613323611767,29.7470487399856],[-95.3611659584142,29.7469500129211],[-95.361091152128,29.7469056300782],[-95.3610481860232,29.746880138093],[-95.360955851268,29.7468253553691],[-95.3609326554963,29.7468115931685]]},"properties":{"AADT_CUR":6481,"RTE_NM":"256923","RTE_PRFX":"CS","RTE_NBR":"256923","SYSTEM":"Off"}},{"type":"Feature","geometry":{"type":"LineString","coordinates":[[-95.34301345,29.8101241999989],[-95.34290838,29.809981459999],[-95.3423530742825,29.8098067073165],[-95.34132561,29.8094833599989],[-95.3405690193473,29.8091418140132],[-95.340254371,29.8089997709989],[-95.339838821,29.808788939999],[-95.3396591156935,29.8086972175589],[-95.3394854164949,29.8086085602591],[-95.33929165,29.8085096599989],[-95.338861155,29.8082908899989],[-95.338646578,29.808189650999],[-95.338529901,29.8081431039989],[-95.338402496,29.808101211999],[-95.338296548,29.808073283999],[-95.338198647,29.8080569919989],[-95.338075265,29.808041863999],[-95.337942496,29.808036045999],[-95.337833867,29.808038373999],[-95.337703779,29.808052337999],[-95.337603196,29.808070955999],[-95.337297621,29.808156956999],[-95.336873634,29.8083269639989],[-95.3368142158203,29.808352980432],[-95.3366917685466,29.8084065942166],[-95.3365982216137,29.8084475538096],[-95.3365646588937,29.808462249246],[-95.3359132379676,29.8087474712526],[-95.3357826840813,29.8088046331388],[-95.3356467183217,29.8088641643529],[-95.335564714,29.8089000689989],[-95.335449378,29.808965233999],[-95.3354259623063,29.8089796867793],[-95.335319291,29.809045526999],[-95.335252236,29.809097891999],[-95.335166405,29.809175856999],[-95.335079233,29.8092573129989],[-95.3350205919615,29.8093251553693],[-95.334998766,29.8093504059989],[-95.334934393,29.809449316999],[-95.334871362,29.809565681999],[-95.334835152,29.809652955999],[-95.33480833,29.809733247999],[-95.334780166,29.809839140999],[-95.33476005,29.809967141999],[-95.334753344,29.810163798999],[-95.334756026,29.8102801639989],[-95.334762732,29.8103907099989],[-95.334777484,29.810558274999],[-95.334794918,29.810794493999],[-95.334858444,29.811474961999],[-95.334882726,29.811696299999],[-95.334898555,29.811907622999],[-95.334903787,29.812013283999],[-95.335047442292,29.812304157481],[-95.335047481385,29.8123063030441]]},"properties":{"AADT_CUR":27105,"RTE_NM":"1599253801","RTE_PRFX":"IH","RTE_NBR":"69","SYSTEM":"On"}},{"type":"Feature","geometry":{"type":"LineString","coordinates":[[-95.30946157,29.7746837599987],[-95.30946925,29.7765144199987],[-95.30945914,29.7783291099988],[-95.30945471,29.7794952699987],[-95.30945949,29.7801459199987],[-95.30945534,29.7819566099988],[-95.30946037,29.7837741999988],[-95.30944497,29.7855910199988],[-95.3094367931403,29.7874352917202]]},"properties":{"AADT_CUR":288,"RTE_NM":"1124314","RTE_PRFX":"CS","RTE_NBR":"1124314","SYSTEM":"Off"}},{"type":"Feature","geometry":{"type":"LineString","coordinates":[[-95.31227362,29.7783324499988],[-95.31203743,29.7783341899987],[-95.31151361,29.7783238999987],[-95.31100736,29.7783317499987],[-95.31048477,29.7783253099987],[-95.30998341,29.7783270799987],[-95.30945914,29.7783291099988],[-95.30895404,29.7783234399988],[-95.30843449,29.7783256099987],[-95.30792894,29.7783322799987],[-95.3073624989132,29.7783207905417],[-95.30683367,29.7783226899987],[-95.30631426,29.7783207299987],[-95.30621965,29.7783288299987],[-95.30579463,29.7783220099987],[-95.30528455,29.7783251899988],[-95.3047709,29.7783179199987],[-95.30425712,29.7783140999987],[-95.30375099,29.7783173799988],[-95.30322894,29.7783236699987],[-95.30272713,29.7783167199988],[-95.3022052,29.7783195599987],[-95.30169932,29.7783159499988],[-95.3011716659964,29.7783150205729]]},"properties":{"AADT_CUR":252,"RTE_NM":"1124626","RTE_PRFX":"CS","RTE_NBR":"1124626","SYSTEM":"Off"}},{"type":"Feature","geometry":{"type":"LineString","coordinates":[[-95.3754373170517,29.8140193285173],[-95.375545477,29.814290483],[-95.375785369,29.814885135],[-95.37684476,29.81755283],[-95.377356729,29.818552202],[-95.377879427,29.819624168],[-95.37884931,29.82161314],[-95.37932787,29.8226698],[-95.37955683,29.82328925],[-95.37973292,29.82383238],[-95.37987109,29.82432336],[-95.38000931,29.82488768],[-95.38050529,29.82715184],[-95.38072713,29.82800958],[-95.38086592,29.82841977],[-95.3809356503584,29.8285914672705]]},"properties":{"AADT_CUR":233031,"RTE_NM":"IH0045-RG","RTE_PRFX":"IH","RTE_NBR":"45","SYSTEM":"On"}},{"type":"Feature","geometry":{"type":"LineString","coordinates":[[-95.34220067,29.80310543],[-95.34045177,29.80313265],[-95.340341255,29.803131009],[-95.3402654169249,29.8031256189654]]},"properties":{"AADT_CUR":252,"RTE_NM":"1131469","RTE_PRFX":"CS","RTE_NBR":"1131469","SYSTEM":"Off"}},{"type":"Feature","geometry":{"type":"LineString","coordinates":[[-95.32014122,29.74800324],[-95.3198802,29.74858918],[-95.31978518,29.74873705],[-95.31974261,29.74886341],[-95.31966407,29.74904572]]},"properties":{"AADT_CUR":252,"RTE_NM":"1120010","RTE_PRFX":"CS","RTE_NBR":"1120010","SYSTEM":"Off"}},{"type":"Feature","geometry":{"type":"LineString","coordinates":[[-95.365032445006,29.7344670249746],[-95.36502299,29.7344615499984],[-95.3641567317937,29.7339343015688],[-95.3633101510562,29.7334190186328],[-95.3624507274493,29.7328959073777],[-95.3616281852267,29.7323952342753],[-95.3607477839065,29.7318593313401],[-95.3598992936948,29.7313428414552],[-95.35968619,29.7312131199984],[-95.35967077,29.7312032899984],[-95.3594715798626,29.7310807758968],[-95.35924275,29.7309489399984],[-95.35902192,29.7308309199984],[-95.35879685,29.7307191699984],[-95.35856777,29.7306138199984],[-95.35833493,29.7305149499984],[-95.35809856,29.7304226799984],[-95.3580770776089,29.7304147901099],[-95.35800781,29.7303893499984],[-95.3577689,29.7303161199984],[-95.357073239724,29.7300987008935],[-95.35694071,29.7300572799984],[-95.35611537,29.7297916299984],[-95.3557817995244,29.7296811328666],[-95.35529293,29.7295191899984],[-95.3545208,29.7292563199984],[-95.35437748,29.7291903599984],[-95.35419645,29.7291144899984],[-95.35401198,29.7290452499984],[-95.35382435,29.7289827799984],[-95.35363392,29.7289271599984],[-95.353441,29.7288785199984],[-95.3533962301195,29.7288684276947],[-95.35336887,29.7288622599984],[-95.35325329,29.7288258899984],[-95.35262616,29.7286330799984],[-95.3520105261322,29.7284513172812],[-95.3516056232019,29.7283364981295],[-95.35136385,29.7282680399984],[-95.35133441,29.7282598899984],[-95.3511276838178,29.7281897365789],[-95.35105983,29.7281667099984],[-95.35072909,29.7280616399984],[-95.3503991248932,29.7279644482668],[-95.35005954,29.7278720799984],[-95.3498977114884,29.7278317305937],[-95.3498289029211,29.727814574181]]},"properties":{"AADT_CUR":6083,"RTE_NM":"256239","RTE_PRFX":"CS","RTE_NBR":"256239","SYSTEM":"Off"}},{"type":"Feature","geometry":{"type":"LineString","coordinates":[[-95.3115031482182,29.7027178976335],[-95.30893383,29.7019166499982],[-95.3089120896093,29.7019098079965],[-95.3063449853001,29.7011019779777]]},"properties":{"AADT_CUR":252,"RTE_NM":"1124218","RTE_PRFX":"CS","RTE_NBR":"1124218","SYSTEM":"Off"}},{"type":"Feature","geometry":{"type":"LineString","coordinates":[[-95.3630666873108,29.7480812922955],[-95.36305284,29.7480990499985],[-95.3624522402563,29.7488363830801],[-95.36243833,29.7488534599985],[-95.3618722415005,29.7495909503776],[-95.36125974,29.7503294799985],[-95.3606701925019,29.7510809996866]]},"properties":{"AADT_CUR":252,"RTE_NM":"1125112","RTE_PRFX":"CS","RTE_NBR":"1125112","SYSTEM":"Off"}},{"type":"Feature","geometry":{"type":"LineString","coordinates":[[-95.360667961,29.766588929],[-95.360585358,29.766653106],[-95.360552102,29.766678732],[-95.360515829,29.766701156],[-95.360474603,29.766717723],[-95.360425999,29.766731088],[-95.360372702,29.76673805],[-95.36031907,29.766738318],[-95.360245883,29.766735765],[-95.36014929,29.766719534],[-95.35996173,29.766674642],[-95.359774841,29.766627421],[-95.359421516,29.766546077],[-95.358915639,29.76644145],[-95.358416468,29.766342643],[-95.358152106,29.767207649]]},"properties":{"AADT_CUR":252,"RTE_NM":"1123849","RTE_PRFX":"CS","RTE_NBR":"1123849","SYSTEM":"Off"}},{"type":"Feature","geometry":{"type":"LineString","coordinates":[[-95.3813389641002,29.7766013256554],[-95.38132637,29.7766014799987],[-95.3813056931688,29.776599405806]]},"properties":{"AADT_CUR":252,"RTE_NM":"1119550","RTE_PRFX":"CS","RTE_NBR":"1119550","SYSTEM":"Off"}},{"type":"Feature","geometry":{"type":"LineString","coordinates":[[-95.3754129795051,29.7818677451383],[-95.37575806,29.7823829999988],[-95.37585066,29.7825087099988],[-95.37590282,29.7826107299988],[-95.37592794,29.7828257199988],[-95.37592389,29.7837151999988],[-95.37593458,29.7840211999988]]},"properties":{"AADT_CUR":252,"RTE_NM":"1127246","RTE_PRFX":"CS","RTE_NBR":"1127246","SYSTEM":"Off"}},{"type":"Feature","geometry":{"type":"LineString","coordinates":[[-95.3807556750867,29.7810611884331],[-95.38022283,29.7813554599988],[-95.38011408,29.7814228199987],[-95.37962926,29.7817138199988],[-95.37926224,29.7819428899988]]},"properties":{"AADT_CUR":252,"RTE_NM":"1131218","RTE_PRFX":"CS","RTE_NBR":"1131218","SYSTEM":"Off"}},{"type":"Feature","geometry":{"type":"LineString","coordinates":[[-95.4149453491677,29.7193320886299],[-95.41273571,29.7193598399983],[-95.41231194,29.7194040199983],[-95.41190461,29.7194839799983],[-95.41157743,29.7195847199983],[-95.41138908,29.7196604399983],[-95.4098328903839,29.7202536837399],[-95.40809395,29.7209129899983],[-95.40650446,29.7215228499983],[-95.40492107,29.7221224499983],[-95.40339283,29.7227055699984]]},"properties":{"AADT_CUR":252,"RTE_NM":"1122670","RTE_PRFX":"CS","RTE_NBR":"1122670","SYSTEM":"Off"}},{"type":"Feature","geometry":{"type":"LineString","coordinates":[[-95.3502984285429,29.7966484579425],[-95.3502818155725,29.7966487687336]]},"properties":{"AADT_CUR":252,"RTE_NM":"1123169","RTE_PRFX":"CS","RTE_NBR":"1123169","SYSTEM":"Off"}},{"type":"Feature","geometry":{"type":"LineString","coordinates":[[-95.41791472,29.78130035],[-95.4176799,29.78129873],[-95.41593832,29.78132045],[-95.4149335,29.78133242],[-95.41376345,29.7813489],[-95.41368738,29.78131557]]},"properties":{"AADT_CUR":252,"RTE_NM":"1125395","RTE_PRFX":"CS","RTE_NBR":"1125395","SYSTEM":"Off"}},{"type":"Feature","geometry":{"type":"LineString","coordinates":[[-95.41633985,29.7718823699987],[-95.4154383,29.7718900699987],[-95.4143584,29.7718820499987],[-95.41344223,29.7718843699987],[-95.4125299489426,29.771888501405]]},"properties":{"AADT_CUR":252,"RTE_NM":"1127347","RTE_PRFX":"CS","RTE_NBR":"1127347","SYSTEM":"Off"}},{"type":"Feature","geometry":{"type":"LineString","coordinates":[[-95.42710099,29.73743753],[-95.42630554,29.73745289],[-95.42534695,29.7374624]]},"properties":{"AADT_CUR":252,"RTE_NM":"1130490","RTE_PRFX":"CS","RTE_NBR":"1130490","SYSTEM":"Off"}},{"type":"Feature","geometry":{"type":"LineString","coordinates":[[-95.35512076,29.77630571],[-95.35552388,29.77718672],[-95.35551717,29.77724641],[-95.35594144,29.77817588],[-95.35649929,29.77933647],[-95.35707486,29.78050886],[-95.35721957,29.78080235],[-95.35761173,29.78162163]]},"properties":{"AADT_CUR":252,"RTE_NM":"1126475","RTE_PRFX":"CS","RTE_NBR":"1126475","SYSTEM":"Off"}},{"type":"Feature","geometry":{"type":"LineString","coordinates":[[-95.3524063228167,29.7572396929787],[-95.3523940859447,29.7572320483866],[-95.35237075,29.7572174699986],[-95.3522890195449,29.7571689965954],[-95.3521467053056,29.7570845913987],[-95.3512740469965,29.7565670195319],[-95.3504035727917,29.7560507316147],[-95.34903395,29.7552383699986],[-95.34887058,29.7550952399986],[-95.34879829,29.7549667699986]]},"properties":{"AADT_CUR":3740,"RTE_NM":"256128","RTE_PRFX":"CS","RTE_NBR":"256128","SYSTEM":"Off"}},{"type":"Feature","geometry":{"type":"LineString","coordinates":[[-95.32579576,29.72613487],[-95.32595818,29.7264343],[-95.32672827,29.72792848],[-95.32734519,29.72909225],[-95.3279954,29.73034271]]},"properties":{"AADT_CUR":252,"RTE_NM":"1123049","RTE_PRFX":"CS","RTE_NBR":"1123049","SYSTEM":"Off"}},{"type":"Feature","geometry":{"type":"LineString","coordinates":[[-95.32938732,29.7951375],[-95.32944273,29.79677853],[-95.3295626,29.80026115],[-95.32961765,29.80207907],[-95.32967149,29.80371221],[-95.32966629,29.80379889],[-95.32975089,29.80580404],[-95.32977041,29.80654474],[-95.32982581,29.80798644]]},"properties":{"AADT_CUR":137,"RTE_NM":"1125926","RTE_PRFX":"CS","RTE_NBR":"1125926","SYSTEM":"Off"}},{"type":"Feature","geometry":{"type":"LineString","coordinates":[[-95.3052907115283,29.7085423244649],[-95.31238438,29.71333087],[-95.3153072094791,29.7152241350913]]},"properties":{"AADT_CUR":195048,"RTE_NM":"IH0045-RG","RTE_PRFX":"IH","RTE_NBR":"45","SYSTEM":"On"}},{"type":"Feature","geometry":{"type":"LineString","coordinates":[[-95.3110169280487,29.747647350229],[-95.31101679,29.7476478599985],[-95.31039867,29.7501019899986],[-95.31005472,29.7515196299986],[-95.31046848,29.7516757599985]]},"properties":{"AADT_CUR":2236,"RTE_NM":"1126619","RTE_PRFX":"CS","RTE_NBR":"1126619","SYSTEM":"Off"}},{"type":"Feature","geometry":{"type":"LineString","coordinates":[[-95.32141707,29.76691878],[-95.32135934,29.76795051]]},"properties":{"AADT_CUR":252,"RTE_NM":"1123423","RTE_PRFX":"CS","RTE_NBR":"1123423","SYSTEM":"Off"}},{"type":"Feature","geometry":{"type":"LineString","coordinates":[[-95.357268,29.80078712],[-95.35626753,29.80080857],[-95.35528834,29.80083433],[-95.3533482,29.8008564],[-95.35236473,29.80088202],[-95.35138997,29.80090414],[-95.35041212,29.80091902]]},"properties":{"AADT_CUR":252,"RTE_NM":"1119700","RTE_PRFX":"CS","RTE_NBR":"1119700","SYSTEM":"Off"}},{"type":"Feature","geometry":{"type":"LineString","coordinates":[[-95.3287319192535,29.8180019100533],[-95.3287152547313,29.8180019394745]]},"properties":{"AADT_CUR":252,"RTE_NM":"1125427","RTE_PRFX":"CS","RTE_NBR":"1125427","SYSTEM":"Off"}},{"type":"Feature","geometry":{"type":"LineString","coordinates":[[-95.41965245,29.7977989899989],[-95.41965295,29.7978731699989],[-95.4196559299895,29.7983151384415]]},"properties":{"AADT_CUR":252,"RTE_NM":"1120414","RTE_PRFX":"CS","RTE_NBR":"1120414","SYSTEM":"Off"}},{"type":"Feature","geometry":{"type":"LineString","coordinates":[[-95.39378246,29.76383154],[-95.3935935,29.76431783],[-95.39358521,29.76464339]]},"properties":{"AADT_CUR":252,"RTE_NM":"1124068","RTE_PRFX":"CS","RTE_NBR":"1124068","SYSTEM":"Off"}},{"type":"Feature","geometry":{"type":"LineString","coordinates":[[-95.4219743153116,29.7092756179792],[-95.4219576864106,29.7092758588802]]},"properties":{"AADT_CUR":252,"RTE_NM":"1252481","RTE_PRFX":"CS","RTE_NBR":"1252481","SYSTEM":"Off"}},{"type":"Feature","geometry":{"type":"LineString","coordinates":[[-95.3598131502697,29.7232435333073],[-95.3597012999998,29.7235222799983],[-95.35961916,29.7243953599951],[-95.3595141399985,29.7247966599977],[-95.35946765,29.7248763399952],[-95.35942008,29.7249312199952],[-95.35937086,29.7249903499952],[-95.35926776,29.7249673399952],[-95.35916785,29.7249739899951],[-95.35910562,29.7250204899952],[-95.35906421,29.7251063599951],[-95.35889521,29.7255558899951],[-95.3588408121516,29.725664620888],[-95.3585638299995,29.7263699799965],[-95.3583366399989,29.7269433699978],[-95.35805859,29.7276271799952],[-95.3580576218367,29.7276295211469],[-95.3578163399988,29.728212969998],[-95.3575625899989,29.7288593399981],[-95.3572915999988,29.729578509998],[-95.35707687,29.7300893899952],[-95.357073239724,29.7300987008919],[-95.3567919399988,29.730820169998],[-95.3565373899989,29.7314415199981],[-95.3562947899994,29.7320684999966],[-95.35603746,29.7326968399952]]},"properties":{"AADT_CUR":252,"RTE_NM":"1121104","RTE_PRFX":"CS","RTE_NBR":"1121104","SYSTEM":"Off"}},{"type":"Feature","geometry":{"type":"LineString","coordinates":[[-95.3666717145886,29.7466802728953],[-95.36668809,29.7466587499985],[-95.366726017038,29.7466114277343],[-95.367100202046,29.7461445471492]]},"properties":{"AADT_CUR":5119,"RTE_NM":"256623","RTE_PRFX":"CS","RTE_NBR":"256623","SYSTEM":"Off"}},{"type":"Feature","geometry":{"type":"LineString","coordinates":[[-95.3577480692809,29.7355588308398],[-95.357688,29.7356086599984],[-95.35765591,29.7356517099984],[-95.35742502,29.7362274899984],[-95.35717337,29.7368742699985],[-95.35700264,29.7373369799984],[-95.35694523,29.7374528699985],[-95.35690366,29.7375178099985],[-95.35685571,29.7376045899985],[-95.35681939,29.7376794499985],[-95.35678263,29.7377665399985],[-95.35674675,29.7378291899984],[-95.35660813,29.7381777699985],[-95.35657479,29.7382478199985],[-95.35646428,29.7385793699985],[-95.35630775,29.7389303299985],[-95.3561263271397,29.739431529413],[-95.35606813,29.7395775799985],[-95.35597548,29.7398349499985],[-95.35592245,29.7400008899985],[-95.35586948,29.7401401899985],[-95.35582747,29.7402412599985],[-95.3557847858094,29.7403539665444]]},"properties":{"AADT_CUR":252,"RTE_NM":"1129559","RTE_PRFX":"CS","RTE_NBR":"1129559","SYSTEM":"Off"}},{"type":"Feature","geometry":{"type":"LineString","coordinates":[[-95.3196746,29.79266865],[-95.31942065,29.79267357],[-95.31911898,29.7926744],[-95.31867587,29.79268581],[-95.3183754,29.79267755],[-95.31772698,29.79268419],[-95.317662,29.79266922]]},"properties":{"AADT_CUR":252,"RTE_NM":"1123140","RTE_PRFX":"CS","RTE_NBR":"1123140","SYSTEM":"Off"}},{"type":"Feature","geometry":{"type":"LineString","coordinates":[[-95.3163101511463,29.7128622197086],[-95.31630856,29.71286081],[-95.31614528,29.71269918],[-95.31599068,29.71256877],[-95.31588986,29.71248373],[-95.31574875,29.71233123],[-95.31560005,29.71217053],[-95.31548885,29.71194441],[-95.31488054,29.71073094],[-95.31473488,29.71052769],[-95.3145394,29.71030767],[-95.31414972,29.70986956],[-95.31370838,29.7093736],[-95.31341177,29.70888446],[-95.31314076,29.70837537],[-95.31285331,29.70791015],[-95.3128514987653,29.7079095230638]]},"properties":{"AADT_CUR":10990,"RTE_NM":"257207","RTE_PRFX":"CS","RTE_NBR":"257207","SYSTEM":"Off"}},{"type":"Feature","geometry":{"type":"LineString","coordinates":[[-95.3051306142668,29.7086354482936],[-95.30579507,29.70907856],[-95.30626568,29.70940435],[-95.306970263,29.709958849],[-95.307268743,29.710163958],[-95.311792082,29.713226454],[-95.3121174801723,29.7134416115144]]},"properties":{"AADT_CUR":18680,"RTE_NM":"IH0045-AG","RTE_PRFX":"IH","RTE_NBR":"45","SYSTEM":"On"}},{"type":"Feature","geometry":{"type":"LineString","coordinates":[[-95.4336687459947,29.7060300929856],[-95.43313561,29.70603348]]},"properties":{"AADT_CUR":25175,"RTE_NM":"257712","RTE_PRFX":"CS","RTE_NBR":"257712","SYSTEM":"Off"}},{"type":"Feature","geometry":{"type":"LineString","coordinates":[[-95.33775758,29.7759859499987],[-95.33754011,29.7761162999987],[-95.33707656,29.7763780899987],[-95.33703112,29.7764126499987],[-95.33700687,29.7764725799987],[-95.33699858,29.7766155699987],[-95.33700661,29.7769292299987]]},"properties":{"AADT_CUR":252,"RTE_NM":"1127593","RTE_PRFX":"CS","RTE_NBR":"1127593","SYSTEM":"Off"}},{"type":"Feature","geometry":{"type":"LineString","coordinates":[[-95.4127032715159,29.7174859229808],[-95.41216995,29.71752193],[-95.41164292,29.71759425],[-95.41104331,29.71772488],[-95.41054534,29.71792012],[-95.40894496,29.7185426],[-95.40721437,29.71921113],[-95.40408607,29.72039768],[-95.39839505,29.72261847],[-95.39821743,29.72268311]]},"properties":{"AADT_CUR":5103,"RTE_NM":"257010","RTE_PRFX":"CS","RTE_NBR":"257010","SYSTEM":"Off"}},{"type":"Feature","geometry":{"type":"LineString","coordinates":[[-95.3750865439146,29.7551929504441],[-95.3750699120998,29.7551929591135]]},"properties":{"AADT_CUR":252,"RTE_NM":"1129216","RTE_PRFX":"CS","RTE_NBR":"1129216","SYSTEM":"Off"}},{"type":"Feature","geometry":{"type":"LineString","coordinates":[[-95.4293722399795,29.8127182892585],[-95.4293721796854,29.8127106594691],[-95.4293692276043,29.8126118515854],[-95.4293606628784,29.8123251840603],[-95.42930416,29.810433949999],[-95.4292840140213,29.8097067344329],[-95.4292635621751,29.8086885060972],[-95.42926314,29.8086673999989],[-95.4292416446557,29.8076731389392],[-95.4292204916395,29.8066566291927],[-95.4291992550617,29.8056356908421],[-95.4291859427155,29.8047724971522],[-95.42918556,29.8047476299989],[-95.4292637930576,29.80421772976]]},"properties":{"AADT_CUR":21627,"RTE_NM":"256242","RTE_PRFX":"CS","RTE_NBR":"256242","SYSTEM":"Off"}},{"type":"Feature","geometry":{"type":"LineString","coordinates":[[-95.3158684,29.78467252],[-95.31606212,29.78493322],[-95.31619598,29.78507408],[-95.31649901,29.78528071],[-95.31656735,29.78538416],[-95.31659068,29.78550571],[-95.31659234,29.78576693],[-95.31658985,29.78598934],[-95.31658042,29.78625026],[-95.31647286,29.78646495],[-95.31628221,29.78667736],[-95.31609989,29.7868126],[-95.31546331,29.78709013],[-95.3150421,29.78723816],[-95.31488233,29.78720958]]},"properties":{"AADT_CUR":252,"RTE_NM":"1131671","RTE_PRFX":"CS","RTE_NBR":"1131671","SYSTEM":"Off"}},{"type":"Feature","geometry":{"type":"LineString","coordinates":[[-95.3742811935676,29.7837426677193],[-95.3742645468877,29.7837427027945]]},"properties":{"AADT_CUR":252,"RTE_NM":"1130783","RTE_PRFX":"CS","RTE_NBR":"1130783","SYSTEM":"Off"}},{"type":"Feature","geometry":{"type":"LineString","coordinates":[[-95.37421629,29.79174081],[-95.3741991,29.79146914],[-95.374168,29.78856413],[-95.37414114,29.78647696],[-95.3741174,29.78484385],[-95.37412848,29.7846237],[-95.37419725,29.78435868],[-95.37425557,29.78409069],[-95.37426803,29.78360768],[-95.37426516,29.78276168],[-95.37419151,29.78252947],[-95.37396856,29.78209612],[-95.37379482,29.7818468],[-95.37353171,29.78159757]]},"properties":{"AADT_CUR":1098,"RTE_NM":"255847","RTE_PRFX":"CS","RTE_NBR":"255847","SYSTEM":"Off"}},{"type":"Feature","geometry":{"type":"LineString","coordinates":[[-95.36872369,29.79860475],[-95.36872424,29.79932353],[-95.36872963,29.80004592]]},"properties":{"AADT_CUR":252,"RTE_NM":"1122233","RTE_PRFX":"CS","RTE_NBR":"1122233","SYSTEM":"Off"}},{"type":"Feature","geometry":{"type":"LineString","coordinates":[[-95.38840519,29.7281999],[-95.38839308,29.72828513],[-95.38839691,29.7288554],[-95.38830932,29.72898732],[-95.38823425,29.72905204],[-95.38813156,29.72919268],[-95.38808288,29.72934883]]},"properties":{"AADT_CUR":252,"RTE_NM":"1131036","RTE_PRFX":"CS","RTE_NBR":"1131036","SYSTEM":"Off"}},{"type":"Feature","geometry":{"type":"LineString","coordinates":[[-95.3577543065763,29.7775069892041],[-95.355960363,29.778166009],[-95.355561043,29.778306186],[-95.355441969,29.778336379],[-95.355180738,29.778338637]]},"properties":{"AADT_CUR":4132,"RTE_NM":"256497","RTE_PRFX":"CS","RTE_NBR":"256497","SYSTEM":"Off"}},{"type":"Feature","geometry":{"type":"LineString","coordinates":[[-95.3925528081238,29.7378615183251],[-95.39116525,29.7378673699985],[-95.39028414,29.7378818599984],[-95.38985472,29.7378873799985],[-95.38888307,29.7378929799984],[-95.38791293,29.7379155399985],[-95.38694489,29.7379261899985],[-95.38613702,29.7379323299985],[-95.38604393,29.7379444799985],[-95.3859349,29.7379814599984],[-95.38585572,29.7379934799985],[-95.38542206,29.7379953199985],[-95.38443552,29.7380048399984],[-95.38346243,29.7380146899984]]},"properties":{"AADT_CUR":252,"RTE_NM":"1130490","RTE_PRFX":"CS","RTE_NBR":"1130490","SYSTEM":"Off"}},{"type":"Feature","geometry":{"type":"LineString","coordinates":[[-95.3474146815422,29.7584614809706],[-95.34715863,29.7583555999986],[-95.3457483838194,29.7575092920548],[-95.34551248,29.7573677199986],[-95.345171607342,29.7571214987854],[-95.34515465,29.7571092499986],[-95.3443415768924,29.7565915961945],[-95.34290303,29.7556756999986],[-95.3428946320139,29.7556706388792],[-95.3411460171159,29.7546167973895],[-95.3403887623945,29.7541604065364],[-95.3383972446733,29.7529600941692],[-95.3383681580241,29.752942562836],[-95.3379397718549,29.7526843610641]]},"properties":{"AADT_CUR":4665,"RTE_NM":"256037","RTE_PRFX":"CS","RTE_NBR":"256037","SYSTEM":"Off"}},{"type":"Feature","geometry":{"type":"LineString","coordinates":[[-95.3847846419325,29.7446100155124],[-95.38479828,29.7454752199985],[-95.3848064,29.7460572899985],[-95.38481181,29.7463910399985],[-95.38481407,29.7468163299985],[-95.38480609,29.7468676099985],[-95.38481861,29.7475455999985],[-95.3848307912679,29.7482340307465],[-95.38482579,29.7489208299985],[-95.38482182,29.7496093099985],[-95.38484807,29.7503027499985],[-95.38485267,29.7509757099985],[-95.38486192,29.7520153199985],[-95.38486154,29.7527141899986],[-95.38488003,29.7527789999985],[-95.38488613,29.7533715599986],[-95.3848572060138,29.75341123982],[-95.38482194,29.7534596199986],[-95.38476346,29.7535142899986],[-95.38478004,29.7538602999986],[-95.38479005,29.7543777099986],[-95.38481599,29.7550567599986],[-95.38482778,29.7553946599986]]},"properties":{"AADT_CUR":252,"RTE_NM":"1126534","RTE_PRFX":"CS","RTE_NBR":"1126534","SYSTEM":"Off"}},{"type":"Feature","geometry":{"type":"LineString","coordinates":[[-95.3634325742797,29.7571877674116],[-95.36345795,29.7571545499986],[-95.3640306461229,29.7564503667098],[-95.3646447702776,29.7556952296437],[-95.3652272819401,29.7549503337499],[-95.3658259122279,29.7541848113083],[-95.3664060600008,29.7534429099976],[-95.3670276790141,29.7526803542542],[-95.36706108,29.7526393799986],[-95.3675922434847,29.7519569538558],[-95.36759866,29.7519487099986],[-95.3681976845196,29.7511921223242],[-95.3687827050047,29.7504532081831],[-95.36937151,29.7497094999985],[-95.3693776863565,29.749701746433],[-95.3699727896835,29.7489546689293]]},"properties":{"AADT_CUR":6801,"RTE_NM":"256264","RTE_PRFX":"CS","RTE_NBR":"256264","SYSTEM":"Off"}},{"type":"Feature","geometry":{"type":"LineString","coordinates":[[-95.42112428,29.74087229],[-95.42005313,29.74085692]]},"properties":{"AADT_CUR":252,"RTE_NM":"1129035","RTE_PRFX":"CS","RTE_NBR":"1129035","SYSTEM":"Off"}},{"type":"Feature","geometry":{"type":"LineString","coordinates":[[-95.3757313356581,29.7481394474347],[-95.37650803,29.7486057099985],[-95.3766017276109,29.7486425979956],[-95.37673495,29.7486850399985],[-95.3774553682375,29.7491506133764],[-95.37830378,29.7496631599985],[-95.3790616,29.7501224799985],[-95.37910298,29.7501471999985],[-95.3791528460593,29.7501522221436]]},"properties":{"AADT_CUR":168,"RTE_NM":"1126627","RTE_PRFX":"CS","RTE_NBR":"1126627","SYSTEM":"Off"}},{"type":"Feature","geometry":{"type":"LineString","coordinates":[[-95.3273126431774,29.7863341587786],[-95.3272977458777,29.7863406315122]]},"properties":{"AADT_CUR":5004,"RTE_NM":"256663","RTE_PRFX":"CS","RTE_NBR":"256663","SYSTEM":"Off"}},{"type":"Feature","geometry":{"type":"LineString","coordinates":[[-95.3703422871007,29.7565286558022],[-95.3703515007264,29.756516564616]]},"properties":{"AADT_CUR":13622,"RTE_NM":"257140","RTE_PRFX":"CS","RTE_NBR":"257140","SYSTEM":"Off"}},{"type":"Feature","geometry":{"type":"LineString","coordinates":[[-95.3692579396606,29.7563164025994],[-95.3692678296181,29.7563039297346],[-95.3698893931791,29.7555200276106],[-95.37046845,29.7547897199986],[-95.3704988079035,29.7547516508869],[-95.37165798,29.7532980099986],[-95.3722404515591,29.7525470177258],[-95.3728566901859,29.7517524734337],[-95.3733829064161,29.7510739865004],[-95.3734602525648,29.7509742577912],[-95.3734950747052,29.7509293586785]]},"properties":{"AADT_CUR":17473,"RTE_NM":"256712","RTE_PRFX":"CS","RTE_NBR":"256712","SYSTEM":"Off"}},{"type":"Feature","geometry":{"type":"LineString","coordinates":[[-95.38803472,29.80407595],[-95.3880179,29.80311103],[-95.38798573,29.80092168],[-95.38796184,29.79873223],[-95.38795923,29.79843433],[-95.38794524,29.79767425],[-95.38790889,29.79539761],[-95.38788083,29.79312088],[-95.38787366,29.79239894],[-95.3878473281088,29.7908125073136]]},"properties":{"AADT_CUR":7899,"RTE_NM":"257176","RTE_PRFX":"CS","RTE_NBR":"257176","SYSTEM":"Off"}},{"type":"Feature","geometry":{"type":"LineString","coordinates":[[-95.31886618,29.75773573],[-95.31865061,29.75765596],[-95.31851515,29.75762104],[-95.31837141,29.75761573],[-95.31301249,29.7576809],[-95.3094057267541,29.7577219844643]]},"properties":{"AADT_CUR":1327,"RTE_NM":"255823","RTE_PRFX":"CS","RTE_NBR":"255823","SYSTEM":"Off"}},{"type":"Feature","geometry":{"type":"LineString","coordinates":[[-95.32729558,29.78634157],[-95.32725728,29.7858388],[-95.3272187,29.78518131],[-95.32718841,29.78452349],[-95.3271664,29.78386543],[-95.32715269,29.78320719],[-95.32714877,29.78285803],[-95.32713793,29.78275468],[-95.32710483,29.78249479],[-95.32706345,29.7822358],[-95.32701383,29.78197792],[-95.32695603,29.78172135],[-95.32689006,29.78146627],[-95.326816,29.78121289],[-95.32674498,29.78099389],[-95.32671654,29.78084253],[-95.32667514,29.78058639],[-95.326642,29.78032934],[-95.32661712,29.78007157],[-95.32660054,29.7798133],[-95.32659227,29.77955472],[-95.32659233,29.77929604],[-95.32660047,29.77904197],[-95.32660362,29.77893182],[-95.32660825,29.778579],[-95.32660458,29.77822618],[-95.3265926,29.77787349],[-95.32657232,29.77752109],[-95.32654375,29.77716913],[-95.3265069,29.77681775],[-95.3264618,29.77646711],[-95.32641485,29.7761566],[-95.3264147902246,29.7761530658208]]},"properties":{"AADT_CUR":8937,"RTE_NM":"257259","RTE_PRFX":"CS","RTE_NBR":"257259","SYSTEM":"Off"}},{"type":"Feature","geometry":{"type":"LineString","coordinates":[[-95.3334181842149,29.7392073916408],[-95.33340421,29.7392065799985],[-95.3333873495382,29.7392147668347]]},"properties":{"AADT_CUR":252,"RTE_NM":"1122267","RTE_PRFX":"CS","RTE_NBR":"1122267","SYSTEM":"Off"}},{"type":"Feature","geometry":{"type":"LineString","coordinates":[[-95.37694031,29.75812829],[-95.37696262,29.75848882],[-95.37696807,29.75932368]]},"properties":{"AADT_CUR":252,"RTE_NM":"1129998","RTE_PRFX":"CS","RTE_NBR":"1129998","SYSTEM":"Off"}},{"type":"Feature","geometry":{"type":"LineString","coordinates":[[-95.4187164976791,29.7369068724383],[-95.41752593,29.7369161099985],[-95.41634418,29.7369212099985],[-95.41513671,29.7369309499984],[-95.41494205,29.7368479399985],[-95.41479794,29.7368291999984],[-95.41298068,29.7368537499984],[-95.41289891,29.7368202499985],[-95.41280818,29.7367865199985],[-95.41097168,29.7368059299984],[-95.41067185,29.7368156799985],[-95.40804274,29.7368398399985],[-95.4070852469907,29.7368469015374],[-95.4062614,29.7368519099984],[-95.40449908,29.7368868899984],[-95.40350663,29.7368912099985]]},"properties":{"AADT_CUR":252,"RTE_NM":"1120794","RTE_PRFX":"CS","RTE_NBR":"1120794","SYSTEM":"Off"}},{"type":"Feature","geometry":{"type":"LineString","coordinates":[[-95.3516799587317,29.7358390093726],[-95.3516659,29.7358350299984],[-95.3507264347654,29.7355690613891],[-95.34931852,29.7351609799984]]},"properties":{"AADT_CUR":190,"RTE_NM":"1124309","RTE_PRFX":"CS","RTE_NBR":"1124309","SYSTEM":"Off"}},{"type":"Feature","geometry":{"type":"LineString","coordinates":[[-95.34110249,29.75733488],[-95.34068474,29.75789601],[-95.340471,29.75816169],[-95.34026461,29.75842827],[-95.34023935,29.75846202],[-95.33981011,29.75902502],[-95.33935611,29.75961125],[-95.337979,29.76134629]]},"properties":{"AADT_CUR":167,"RTE_NM":"1126808","RTE_PRFX":"CS","RTE_NBR":"1126808","SYSTEM":"Off"}},{"type":"Feature","geometry":{"type":"LineString","coordinates":[[-95.3758768739969,29.7271136804912],[-95.37537385,29.7277632299984],[-95.37488832,29.7283681899984],[-95.3743869830023,29.7289768778964],[-95.37390775,29.7295924099984],[-95.37345386,29.7301627899984],[-95.37290637,29.7308789699984],[-95.37250208,29.7313955099984],[-95.37248556,29.7314273799984],[-95.37248173,29.7314710599984]]},"properties":{"AADT_CUR":252,"RTE_NM":"1121538","RTE_PRFX":"CS","RTE_NBR":"1121538","SYSTEM":"Off"}},{"type":"Feature","geometry":{"type":"LineString","coordinates":[[-95.3761025112183,29.7300184555685],[-95.3760930042401,29.730030382811]]},"properties":{"AADT_CUR":1877,"RTE_NM":"1121585","RTE_PRFX":"CS","RTE_NBR":"1121585","SYSTEM":"Off"}},{"type":"Feature","geometry":{"type":"LineString","coordinates":[[-95.3185731927697,29.8230861201763],[-95.31829802,29.823092899998],[-95.31815132,29.8229644399981],[-95.31789013,29.8227384799981],[-95.31658718,29.821640469998],[-95.3150488735579,29.8205256509189],[-95.31352383,29.819420399998],[-95.3123818041195,29.8185860968034],[-95.3111181547141,29.817662913362],[-95.31108905,29.817641649998],[-95.31066462,29.817352889998],[-95.31043454,29.817248359998],[-95.31019496,29.817206779998],[-95.30993404,29.817168509998],[-95.30894254,29.817151109998],[-95.30583931,29.817154589998],[-95.3019234,29.817144209998],[-95.3019192739089,29.8171442273899],[-95.30111142,29.817147629998],[-95.3010771356857,29.8171457027198],[-95.30079247,29.817129699998],[-95.30069257,29.817123479998],[-95.3001780643603,29.817000692074],[-95.30005034,29.816970209998],[-95.3000189672076,29.8169689024239],[-95.2999401171322,29.8169656160282],[-95.29988335,29.816963249998],[-95.2985435988123,29.816964405405],[-95.2979087693114,29.8169649479443],[-95.296477130179,29.8169661597949],[-95.2964531,29.816966179998],[-95.2964310669749,29.8169662338446],[-95.2936522891517,29.8169729942383],[-95.29357971,29.816973169998],[-95.2935778819464,29.8169732276692],[-95.29334292,29.816980639998],[-95.29307221,29.817029069998],[-95.2924717139613,29.8172465909138]]},"properties":{"AADT_CUR":2081,"RTE_NM":"255895","RTE_PRFX":"CS","RTE_NBR":"255895","SYSTEM":"Off"}},{"type":"Feature","geometry":{"type":"LineString","coordinates":[[-95.4218677429378,29.7421549609111],[-95.42186791,29.7421685799985],[-95.4218686715031,29.7421839960383]]},"properties":{"AADT_CUR":252,"RTE_NM":"1123387","RTE_PRFX":"CS","RTE_NBR":"1123387","SYSTEM":"Off"}},{"type":"Feature","geometry":{"type":"LineString","coordinates":[[-95.40299422,29.70471691],[-95.4025544,29.70478295],[-95.40200634,29.70494241],[-95.40142619,29.70495294],[-95.40049125,29.70494025]]},"properties":{"AADT_CUR":252,"RTE_NM":"1122001","RTE_PRFX":"CS","RTE_NBR":"1122001","SYSTEM":"Off"}},{"type":"Feature","geometry":{"type":"LineString","coordinates":[[-95.4219724554867,29.7075086747093],[-95.42195673,29.7075134299964]]},"properties":{"AADT_CUR":252,"RTE_NM":"1252484","RTE_PRFX":"CS","RTE_NBR":"1252484","SYSTEM":"Off"}},{"type":"Feature","geometry":{"type":"LineString","coordinates":[[-95.38359457,29.7085299899983],[-95.3835626637954,29.7085217584579]]},"properties":{"AADT_CUR":1680,"RTE_NM":"256191","RTE_PRFX":"CS","RTE_NBR":"256191","SYSTEM":"Off"}},{"type":"Feature","geometry":{"type":"LineString","coordinates":[[-95.3743403,29.7354177999984],[-95.3746541958928,29.7347073989819],[-95.3746754,29.7346594099984],[-95.37499626,29.7339531299984],[-95.3751685931149,29.7333408156627],[-95.37518538,29.7332811699984],[-95.3752832191255,29.7329918409115],[-95.3752968446832,29.7329515473785],[-95.3753164402403,29.7328935992169],[-95.3753350436594,29.732833101816],[-95.3754571907344,29.7324358836301],[-95.37548166,29.7323563099984],[-95.37622722,29.7301344499984],[-95.3762386636732,29.730101119874],[-95.3765011436503,29.729336630649],[-95.3767592947321,29.7285847374268],[-95.37702959,29.7277974599984],[-95.3773282986839,29.7269353033289],[-95.3775920466535,29.7261740398374],[-95.37782254,29.7255087499984],[-95.3779189437783,29.7252192909554],[-95.3781155849534,29.724628856631],[-95.3782446951198,29.7242411867149],[-95.3783469870289,29.7239340398004],[-95.3785965351881,29.7231847253792]]},"properties":{"AADT_CUR":5560,"RTE_NM":"255799","RTE_PRFX":"CS","RTE_NBR":"255799","SYSTEM":"Off"}},{"type":"Feature","geometry":{"type":"LineString","coordinates":[[-95.375191648308,29.7246545755049],[-95.37519146,29.7246544999983],[-95.3735538246678,29.7236765725331],[-95.3718975,29.7226673099983],[-95.3718395700538,29.7226361040309]]},"properties":{"AADT_CUR":252,"RTE_NM":"1119785","RTE_PRFX":"CS","RTE_NBR":"1119785","SYSTEM":"Off"}},{"type":"Feature","geometry":{"type":"LineString","coordinates":[[-95.3609201177287,29.7364232409242],[-95.36006395,29.7359035499985],[-95.3592305956587,29.7353952945388],[-95.35870807,29.7350872999984],[-95.35861673,29.7350347499984],[-95.35850681,29.7350004799984],[-95.3580272,29.7348590099984],[-95.35713804,29.7345784099984],[-95.35623901,29.7343040899984],[-95.35537135,29.7340307799984],[-95.35498836,29.7339177099984],[-95.35445014,29.7337586999984],[-95.35356573,29.7334801399984],[-95.35315475,29.7333701599984],[-95.35175827,29.7329322099984],[-95.35052098,29.7325504199984],[-95.35045383,29.7324493699984],[-95.35044861,29.7324006399984],[-95.35042876,29.7323717399984],[-95.35037804,29.7323485399984],[-95.34960425,29.7321136399984],[-95.34919498,29.7319985499984],[-95.34882076,29.7318781999984],[-95.34779643,29.7315597999984],[-95.34674434,29.7312357199984],[-95.34570757,29.7309194399984],[-95.34475066,29.7306314499984],[-95.34470308,29.7307473099984],[-95.34355143,29.7303850899984],[-95.3427891435773,29.7301476455856]]},"properties":{"AADT_CUR":252,"RTE_NM":"1122448","RTE_PRFX":"CS","RTE_NBR":"1122448","SYSTEM":"Off"}},{"type":"Feature","geometry":{"type":"LineString","coordinates":[[-95.3717797961465,29.7898981177411],[-95.37179254,29.79039302],[-95.37179082,29.79127626],[-95.37178333,29.79171443],[-95.37175972,29.79209905],[-95.37171539,29.79265698],[-95.37168833,29.79296733],[-95.37167796,29.7932057],[-95.37167566,29.79350338],[-95.37174878,29.79911032],[-95.37175857,29.79947075],[-95.37177872,29.79974655],[-95.37181269,29.80013808],[-95.37186509,29.80059007],[-95.37189964,29.80082902],[-95.37193649,29.80106048],[-95.37202899,29.80156196],[-95.37218522,29.80233641],[-95.3724865223772,29.8038850411703]]},"properties":{"AADT_CUR":206900,"RTE_NM":"IH0045-UG","RTE_PRFX":"IH","RTE_NBR":"45","SYSTEM":"On"}},{"type":"Feature","geometry":{"type":"LineString","coordinates":[[-95.3600733230632,29.7948379567926],[-95.360073499759,29.7948524497853]]},"properties":{"AADT_CUR":252,"RTE_NM":"1126991","RTE_PRFX":"CS","RTE_NBR":"1126991","SYSTEM":"Off"}},{"type":"Feature","geometry":{"type":"LineString","coordinates":[[-95.35680942,29.77360183],[-95.35721372,29.77447428],[-95.35726841,29.77458413],[-95.35764197,29.77539648],[-95.35808205,29.77632037],[-95.35852311,29.77724033],[-95.35878468,29.77781073],[-95.35906396,29.7784101],[-95.35962035,29.77956721],[-95.36018705,29.78074378],[-95.36025169,29.78088475],[-95.36074086,29.78191209],[-95.36129497,29.78305619],[-95.3616217,29.78374109],[-95.36195169,29.78446009],[-95.36197312,29.78450366],[-95.36199765,29.78455304],[-95.36201049,29.78494877],[-95.36201392,29.78555089],[-95.36202992,29.78625944],[-95.36203123,29.78663548]]},"properties":{"AADT_CUR":252,"RTE_NM":"1123815","RTE_PRFX":"CS","RTE_NBR":"1123815","SYSTEM":"Off"}},{"type":"Feature","geometry":{"type":"LineString","coordinates":[[-95.37112235,29.76413295],[-95.3711485,29.76425625],[-95.37116362,29.76439716],[-95.37116468,29.76495137]]},"properties":{"AADT_CUR":252,"RTE_NM":"1128814","RTE_PRFX":"CS","RTE_NBR":"1128814","SYSTEM":"Off"}},{"type":"Feature","geometry":{"type":"LineString","coordinates":[[-95.38802647,29.7677526099987],[-95.3880125930107,29.7686848154557]]},"properties":{"AADT_CUR":252,"RTE_NM":"1123158","RTE_PRFX":"CS","RTE_NBR":"1123158","SYSTEM":"Off"}},{"type":"Feature","geometry":{"type":"LineString","coordinates":[[-95.3593886637508,29.7022942087592],[-95.3593887090047,29.7022940606149],[-95.3594030125735,29.7022298653552],[-95.35951308,29.7017127299982],[-95.3595114,29.7012914399982],[-95.35936429,29.7007020799982],[-95.35924266,29.7002668199982],[-95.35923731,29.6999219899982],[-95.3593098939568,29.6995033527577],[-95.35931318,29.6994843999982],[-95.3595684618505,29.6987820387909],[-95.35962909,29.6986152299982],[-95.3598526602782,29.6980613674454],[-95.3601433365013,29.6973412498116],[-95.3604323602196,29.6966252149184],[-95.360718986662,29.6959151081142],[-95.3610109789662,29.6951916963303],[-95.3612961143119,29.6944852617255],[-95.3616618449582,29.6935791330831]]},"properties":{"AADT_CUR":15412,"RTE_NM":"257106","RTE_PRFX":"CS","RTE_NBR":"257106","SYSTEM":"Off"}},{"type":"Feature","geometry":{"type":"LineString","coordinates":[[-95.43309167,29.70676794],[-95.43297745,29.70677435]]},"properties":{"AADT_CUR":252,"RTE_NM":"1233719","RTE_PRFX":"CS","RTE_NBR":"1233719","SYSTEM":"Off"}},{"type":"Feature","geometry":{"type":"LineString","coordinates":[[-95.34331202,29.7752449599974],[-95.34327318,29.7752786999974],[-95.34320077,29.7752946299974],[-95.34282606,29.7752978799974],[-95.3425334,29.7753014799974],[-95.34239941,29.7753175199974],[-95.34223868,29.7753346199974],[-95.34210097,29.7753398199974],[-95.3418055760158,29.7753300171243]]},"properties":{"AADT_CUR":10,"RTE_NM":"1121010","RTE_PRFX":"CS","RTE_NBR":"1121010","SYSTEM":"Off"}},{"type":"Feature","geometry":{"type":"LineString","coordinates":[[-95.33382254,29.76935835],[-95.33291792,29.76935767],[-95.33208663,29.76936251],[-95.33136948,29.76935273],[-95.33078673,29.7693555],[-95.33001633,29.76937453],[-95.32974703,29.76935913],[-95.32960381,29.76933381],[-95.32945801,29.76929503],[-95.32929048,29.76926369],[-95.32911949,29.76924295],[-95.32888097,29.7692279]]},"properties":{"AADT_CUR":252,"RTE_NM":"1124399","RTE_PRFX":"CS","RTE_NBR":"1124399","SYSTEM":"Off"}},{"type":"Feature","geometry":{"type":"LineString","coordinates":[[-95.339507712,29.769418877],[-95.339256159,29.769378623],[-95.33900358,29.7693498],[-95.33863084,29.76933952],[-95.33795171,29.76935073],[-95.33673168,29.76937408],[-95.33637704,29.76938032],[-95.33618094,29.76938929],[-95.33600457,29.76941201],[-95.33584195,29.76944669],[-95.33553644,29.76954175],[-95.3354067,29.76960871],[-95.33525125,29.76970437],[-95.33502885,29.76985623],[-95.33486444,29.76995846],[-95.33466654,29.77004635],[-95.33448898,29.77012168],[-95.3328988,29.77074859],[-95.33197958,29.77110416],[-95.33152184,29.77128165],[-95.33108951,29.77144476],[-95.33059328,29.77163847],[-95.33010781,29.7718256],[-95.32965104,29.77199539],[-95.32934553,29.77211018],[-95.32913448,29.77218791],[-95.32908665,29.77221899],[-95.32905921,29.77226398]]},"properties":{"AADT_CUR":499,"RTE_NM":"IH0010-XG","RTE_PRFX":"IH","RTE_NBR":"10","SYSTEM":"On"}},{"type":"Feature","geometry":{"type":"LineString","coordinates":[[-95.330887798521,29.7492422630894],[-95.33088449,29.7492505199985],[-95.33085855,29.7493264699985],[-95.33016379,29.7502460499985],[-95.33008679,29.7503207999985],[-95.32949682,29.7511174699986],[-95.32949187,29.7511463499985],[-95.32949651,29.7511805999985]]},"properties":{"AADT_CUR":252,"RTE_NM":"1127198","RTE_PRFX":"CS","RTE_NBR":"1127198","SYSTEM":"Off"}},{"type":"Feature","geometry":{"type":"LineString","coordinates":[[-95.3923861753351,29.7615247616041],[-95.39238615,29.76151327],[-95.392386739205,29.761350222899]]},"properties":{"AADT_CUR":23087,"RTE_NM":"256824","RTE_PRFX":"CS","RTE_NBR":"256824","SYSTEM":"Off"}},{"type":"Feature","geometry":{"type":"LineString","coordinates":[[-95.39765398,29.78885367],[-95.39636388,29.7888725],[-95.39526539,29.78889532],[-95.39416414,29.78890737],[-95.39305957,29.78892235],[-95.39196706,29.78893078],[-95.38992171,29.78895651],[-95.38847544,29.78896777],[-95.38787701,29.78898339],[-95.38780262,29.78889322]]},"properties":{"AADT_CUR":252,"RTE_NM":"1122694","RTE_PRFX":"CS","RTE_NBR":"1122694","SYSTEM":"Off"}},{"type":"Feature","geometry":{"type":"LineString","coordinates":[[-95.4069819857489,29.7301751436651],[-95.40629314,29.7302181599984],[-95.40607125,29.7301606099984],[-95.40451162,29.7301721499984],[-95.4044622,29.7302138399984],[-95.40443363,29.7302640299984],[-95.4044110711355,29.7303023076848],[-95.40440309,29.7303158499984],[-95.40435527,29.7303468699984],[-95.40344601,29.7303534099984],[-95.40337485,29.7303605099984],[-95.4032937,29.7303775599984],[-95.4020995560522,29.7303930343227],[-95.399496601105,29.7304314987865],[-95.39527043,29.7306110299984]]},"properties":{"AADT_CUR":252,"RTE_NM":"1131318","RTE_PRFX":"CS","RTE_NBR":"1131318","SYSTEM":"Off"}},{"type":"Feature","geometry":{"type":"LineString","coordinates":[[-95.4008916920779,29.7114956545752],[-95.40308603,29.70871801],[-95.4050622706714,29.7062507908964]]},"properties":{"AADT_CUR":30895,"RTE_NM":"256734","RTE_PRFX":"CS","RTE_NBR":"256734","SYSTEM":"Off"}},{"type":"Feature","geometry":{"type":"LineString","coordinates":[[-95.39763584,29.71144057],[-95.39734231,29.71193539],[-95.39664369,29.71286331]]},"properties":{"AADT_CUR":252,"RTE_NM":"1131570","RTE_PRFX":"CS","RTE_NBR":"1131570","SYSTEM":"Off"}},{"type":"Feature","geometry":{"type":"LineString","coordinates":[[-95.3643556349613,29.7257150303918],[-95.364348,29.7257104],[-95.36264363,29.72469898],[-95.36223503,29.72437468],[-95.36183309,29.72393985],[-95.36090751,29.72358237],[-95.35887625,29.72295344],[-95.35848874,29.7228834],[-95.35758636,29.72281734],[-95.35715194,29.72271236],[-95.35573944,29.72238956],[-95.35421613,29.72192801],[-95.351934679,29.721227028]]},"properties":{"AADT_CUR":2853,"RTE_NM":"256098","RTE_PRFX":"CS","RTE_NBR":"256098","SYSTEM":"Off"}},{"type":"Feature","geometry":{"type":"LineString","coordinates":[[-95.31694575,29.73329077],[-95.31746483,29.73262194],[-95.31792942,29.7319773],[-95.31832179,29.73148126],[-95.31889542,29.73082175],[-95.31928606,29.73022954]]},"properties":{"AADT_CUR":1582,"RTE_NM":"256534","RTE_PRFX":"CS","RTE_NBR":"256534","SYSTEM":"Off"}},{"type":"Feature","geometry":{"type":"LineString","coordinates":[[-95.3339650104771,29.7357160477669],[-95.33394472,29.73571017],[-95.33275261,29.73536657],[-95.33211281,29.73524709],[-95.3318151,29.73523795]]},"properties":{"AADT_CUR":2423,"RTE_NM":"256657","RTE_PRFX":"CS","RTE_NBR":"256657","SYSTEM":"Off"}},{"type":"Feature","geometry":{"type":"LineString","coordinates":[[-95.3879895140898,29.8011792137497],[-95.3862197431381,29.8012111106151],[-95.3858706244334,29.801217399919]]},"properties":{"AADT_CUR":252,"RTE_NM":"1132227","RTE_PRFX":"CS","RTE_NBR":"1132227","SYSTEM":"Off"}},{"type":"Feature","geometry":{"type":"LineString","coordinates":[[-95.35345637,29.7673613],[-95.35346913,29.76819504]]},"properties":{"AADT_CUR":252,"RTE_NM":"1132092","RTE_PRFX":"CS","RTE_NBR":"1132092","SYSTEM":"Off"}},{"type":"Feature","geometry":{"type":"LineString","coordinates":[[-95.35717095,29.74214279],[-95.35745851,29.74237005],[-95.35803755,29.74273553],[-95.35875801,29.74319307],[-95.36019715,29.74402903],[-95.36059939,29.74423812],[-95.36090207,29.74442132],[-95.36105879,29.74454177],[-95.36113152,29.74460414],[-95.36118647,29.7446657],[-95.36123781,29.74472958],[-95.36128541,29.74479564],[-95.36132915,29.74486369],[-95.36141185,29.74502668],[-95.36147159,29.74517404],[-95.36150942,29.74529352],[-95.36152734,29.74539707],[-95.36153332,29.74550062],[-95.36153133,29.74562408],[-95.36150544,29.74582321],[-95.36144968,29.74601238],[-95.3613416,29.74622954],[-95.3611384,29.74651039],[-95.36064126,29.74712406],[-95.36032985,29.74749808],[-95.35955993,29.74837806],[-95.35887491,29.74914671],[-95.35862003,29.74942151],[-95.357907293,29.750100283]]},"properties":{"AADT_CUR":19541,"RTE_NM":"1599356409","RTE_PRFX":"IH","RTE_NBR":"45","SYSTEM":"On"}},{"type":"Feature","geometry":{"type":"LineString","coordinates":[[-95.33723359,29.79464674],[-95.33670672,29.79465857],[-95.33604754,29.79466942],[-95.33586112,29.79466694],[-95.33571339,29.79467602],[-95.33556238,29.79469288],[-95.33526304,29.79474075],[-95.33504162,29.79478622],[-95.33483274,29.79482249],[-95.33461561,29.79483754],[-95.33439266,29.79484718],[-95.33208413,29.79488122]]},"properties":{"AADT_CUR":252,"RTE_NM":"1120058","RTE_PRFX":"CS","RTE_NBR":"1120058","SYSTEM":"Off"}},{"type":"Feature","geometry":{"type":"LineString","coordinates":[[-95.3189526302087,29.8097778038855],[-95.31898356,29.811835829999],[-95.31897992,29.812161869999],[-95.31899583,29.8124719099989],[-95.3190120362581,29.8134897024885],[-95.31901233,29.813508149999],[-95.31904348,29.815251509999],[-95.31904812,29.815557489999]]},"properties":{"AADT_CUR":252,"RTE_NM":"1128110","RTE_PRFX":"CS","RTE_NBR":"1128110","SYSTEM":"Off"}},{"type":"Feature","geometry":{"type":"LineString","coordinates":[[-95.31348322,29.78559434],[-95.31253566,29.78558824],[-95.31203107,29.78561429],[-95.31150548,29.78558784],[-95.31125804,29.78559301],[-95.3109926,29.7855897],[-95.310466,29.78559118],[-95.30996714,29.78558543],[-95.30944497,29.78559102],[-95.30892726,29.78558574],[-95.3084836,29.78557764],[-95.30841636,29.78560875]]},"properties":{"AADT_CUR":252,"RTE_NM":"1122593","RTE_PRFX":"CS","RTE_NBR":"1122593","SYSTEM":"Off"}},{"type":"Feature","geometry":{"type":"LineString","coordinates":[[-95.3115443524407,29.7239294394326],[-95.30860681,29.7230136199984],[-95.30822893,29.7228310399983],[-95.30665199,29.7221178399983]]},"properties":{"AADT_CUR":252,"RTE_NM":"1126683","RTE_PRFX":"CS","RTE_NBR":"1126683","SYSTEM":"Off"}},{"type":"Feature","geometry":{"type":"LineString","coordinates":[[-95.3563370442185,29.803302035902],[-95.35633699,29.8033064399989],[-95.35636408,29.8042064699989],[-95.3563591,29.8042854999989],[-95.3563532,29.8043597999989],[-95.35635572,29.8044403199989],[-95.35637644,29.8049103999989],[-95.35639478,29.8050722899989],[-95.35641257,29.8059252999989],[-95.35644278,29.8067681199989],[-95.35645433,29.8074035599989],[-95.35645735,29.8076265899989],[-95.35648355,29.8084756699989],[-95.35650392,29.809334369999],[-95.35653484,29.810179719999],[-95.35655767,29.811041689999],[-95.35657539,29.811901449999],[-95.35659727,29.812774509999],[-95.35661609,29.813564779999],[-95.3566214400657,29.8136959334779]]},"properties":{"AADT_CUR":495,"RTE_NM":"1121834","RTE_PRFX":"CS","RTE_NBR":"1121834","SYSTEM":"Off"}},{"type":"Feature","geometry":{"type":"LineString","coordinates":[[-95.4228190156279,29.7421462728981],[-95.4228192313173,29.7421607896657]]},"properties":{"AADT_CUR":252,"RTE_NM":"1129367","RTE_PRFX":"CS","RTE_NBR":"1129367","SYSTEM":"Off"}},{"type":"Feature","geometry":{"type":"LineString","coordinates":[[-95.4230679209705,29.7061272035395],[-95.41828783,29.70616372]]},"properties":{"AADT_CUR":26324,"RTE_NM":"257722","RTE_PRFX":"CS","RTE_NBR":"257722","SYSTEM":"Off"}},{"type":"Feature","geometry":{"type":"LineString","coordinates":[[-95.3830406497099,29.744652948374],[-95.38301336,29.7446536199985],[-95.38233613,29.7446163899985],[-95.38201221,29.7445676899985],[-95.3816953,29.7444456199985]]},"properties":{"AADT_CUR":19970,"RTE_NM":"257311","RTE_PRFX":"CS","RTE_NBR":"257311","SYSTEM":"Off"}},{"type":"Feature","geometry":{"type":"LineString","coordinates":[[-95.36126018,29.73123989],[-95.36073498,29.73187481],[-95.3602622,29.73246588],[-95.35980844,29.7330392],[-95.35925937,29.73373168]]},"properties":{"AADT_CUR":221,"RTE_NM":"1127754","RTE_PRFX":"CS","RTE_NBR":"1127754","SYSTEM":"Off"}},{"type":"Feature","geometry":{"type":"LineString","coordinates":[[-95.35517362,29.742248199],[-95.35594523,29.74271713]]},"properties":{"AADT_CUR":648,"RTE_NM":"1125159","RTE_PRFX":"CS","RTE_NBR":"1125159","SYSTEM":"Off"}},{"type":"Feature","geometry":{"type":"LineString","coordinates":[[-95.33205956,29.77259191],[-95.33207259,29.77344174],[-95.33209787,29.77427415]]},"properties":{"AADT_CUR":252,"RTE_NM":"1127813","RTE_PRFX":"CS","RTE_NBR":"1127813","SYSTEM":"Off"}},{"type":"Feature","geometry":{"type":"LineString","coordinates":[[-95.3860210462493,29.7908604895248],[-95.38602105,29.7908606099988],[-95.38604694,29.7915660699988],[-95.38605478,29.7922532799988],[-95.38606089,29.7929455999988],[-95.38608653,29.7943197499989],[-95.38609636,29.7950144899988],[-95.38611079,29.7957000799989],[-95.3861247119001,29.7963543815569],[-95.38612568,29.7963998799989],[-95.38613493,29.7970798899988],[-95.3861635,29.7984556999989],[-95.38617179,29.7991429499989],[-95.38618766,29.7998383499989],[-95.38620261,29.8005259699989],[-95.38621972,29.8012069399989],[-95.38622109,29.8014538799989],[-95.3861712597271,29.8016101020931],[-95.38615118,29.8017641999989],[-95.38614921,29.8024768799989],[-95.38615167,29.8031879599989],[-95.3861575576228,29.8039305341087],[-95.38615769,29.8039472299989],[-95.38616207,29.8045475699989],[-95.38615748,29.8046296099989],[-95.3861646,29.8052473899989],[-95.38616461,29.8053383399989],[-95.3861784,29.8060522899989],[-95.38617755,29.8067653899989],[-95.38617756,29.8075259399989]]},"properties":{"AADT_CUR":252,"RTE_NM":"1127444","RTE_PRFX":"CS","RTE_NBR":"1127444","SYSTEM":"Off"}},{"type":"Feature","geometry":{"type":"LineString","coordinates":[[-95.39025968,29.804782],[-95.38946348,29.80480156]]},"properties":{"AADT_CUR":252,"RTE_NM":"1132066","RTE_PRFX":"CS","RTE_NBR":"1132066","SYSTEM":"Off"}},{"type":"Feature","geometry":{"type":"LineString","coordinates":[[-95.42205591,29.78503481],[-95.42211335,29.78564938]]},"properties":{"AADT_CUR":252,"RTE_NM":"1130320","RTE_PRFX":"CS","RTE_NBR":"1130320","SYSTEM":"Off"}},{"type":"Feature","geometry":{"type":"LineString","coordinates":[[-95.3928365776203,29.7770746734172],[-95.3928370670891,29.7770891769939]]},"properties":{"AADT_CUR":373,"RTE_NM":"1121888","RTE_PRFX":"CS","RTE_NBR":"1121888","SYSTEM":"Off"}},{"type":"Feature","geometry":{"type":"LineString","coordinates":[[-95.4103234965165,29.8127602598938],[-95.41031348,29.81276037],[-95.41016828,29.81276197],[-95.40897632,29.81277508],[-95.40203132,29.81285128],[-95.40190331,29.81285268],[-95.39794765,29.81292249],[-95.39716438,29.81299598],[-95.39654018,29.81309514],[-95.39646618,29.81311211],[-95.39566292,29.81329627],[-95.39494126,29.81351113],[-95.39439734,29.81364572],[-95.39397111,29.8137278],[-95.39340466,29.81381496],[-95.39285903,29.81385274],[-95.3923799,29.81386181],[-95.3885723,29.81388432],[-95.38784439,29.81389894],[-95.38637282,29.81392848],[-95.38611257,29.81393136],[-95.38532014,29.81394014],[-95.38179033,29.81393446],[-95.38058778,29.81395338],[-95.37966274,29.81396793],[-95.37923789,29.81396157],[-95.37894467,29.81393285],[-95.37848514,29.81386207],[-95.37776177,29.81372263],[-95.37680352,29.81347511],[-95.3761871,29.8133276],[-95.37576121,29.81325528],[-95.37550398,29.81322249],[-95.37528833,29.81319703],[-95.3752292092068,29.8131964530526]]},"properties":{"AADT_CUR":193890,"RTE_NM":"IH0610-RG","RTE_PRFX":"IH","RTE_NBR":"610","SYSTEM":"On"}},{"type":"Feature","geometry":{"type":"LineString","coordinates":[[-95.44595265,29.7494282],[-95.44480851,29.7495314],[-95.44330607,29.74960776],[-95.44257944,29.74961847],[-95.44213306,29.74960286],[-95.44165823,29.74956676],[-95.44130626,29.74952551],[-95.44084935,29.74948785],[-95.43837114,29.74961126],[-95.43768435,29.7497355],[-95.43708477,29.74987481],[-95.43649419,29.75003563],[-95.43589002,29.7502365],[-95.43570319,29.75030144],[-95.43505009,29.75052018],[-95.43454425,29.75064535],[-95.4340306,29.75070966],[-95.43314829,29.75072256],[-95.43274522,29.75071887],[-95.4322283,29.75066522],[-95.43172361,29.75056969],[-95.43114605,29.75038327],[-95.43088071,29.75027262],[-95.4301635,29.75002506],[-95.42948413,29.74983409],[-95.42853977,29.74966412],[-95.42775005,29.74958937],[-95.42710773,29.74959784],[-95.4264866,29.74963245],[-95.42547049,29.74979363],[-95.42487119,29.74993514],[-95.42441271,29.75007849],[-95.42393976,29.75025795],[-95.42353973,29.75036636],[-95.42312846,29.75041877],[-95.42287827,29.75043003],[-95.42147896,29.75045109],[-95.42078446,29.75048651],[-95.42004297,29.75055423],[-95.41900551,29.75070318],[-95.41883104,29.75078531],[-95.41863165,29.75090445],[-95.41851148,29.75101262],[-95.41840134,29.75108115],[-95.4176265,29.7512752],[-95.41705383,29.75141234],[-95.41634298,29.75154579],[-95.41554143,29.75167045],[-95.41511713,29.75171897],[-95.4142769,29.75179059],[-95.41291925,29.75182902],[-95.41225245,29.7518421],[-95.41170332,29.75188495],[-95.41083261,29.75201034],[-95.4107024,29.75201588]]},"properties":{"AADT_CUR":252,"RTE_NM":"1122400","RTE_PRFX":"CS","RTE_NBR":"1122400","SYSTEM":"Off"}},{"type":"Feature","geometry":{"type":"LineString","coordinates":[[-95.358481292894,29.7047684909325],[-95.35848405,29.7047623899982],[-95.35923465,29.7027983899982],[-95.3593669786803,29.7023651975881],[-95.3593843782627,29.7023082378566]]},"properties":{"AADT_CUR":15497,"RTE_NM":"257106","RTE_PRFX":"CS","RTE_NBR":"257106","SYSTEM":"Off"}},{"type":"Feature","geometry":{"type":"LineString","coordinates":[[-95.31313233,29.7348052],[-95.31295265,29.73475094],[-95.31176206,29.73437807],[-95.30977154,29.73375798],[-95.30897852,29.73347544]]},"properties":{"AADT_CUR":28,"RTE_NM":"1130598","RTE_PRFX":"CS","RTE_NBR":"1130598","SYSTEM":"Off"}},{"type":"Feature","geometry":{"type":"LineString","coordinates":[[-95.4352744528457,29.7415063183889],[-95.43527473,29.7415167399985],[-95.4352733648962,29.7415644905262]]},"properties":{"AADT_CUR":252,"RTE_NM":"1129431","RTE_PRFX":"CS","RTE_NBR":"1129431","SYSTEM":"Off"}},{"type":"Feature","geometry":{"type":"LineString","coordinates":[[-95.3403575144375,29.7828190218226],[-95.340324185,29.7828192899988]]},"properties":{"AADT_CUR":251,"RTE_NM":"1121209","RTE_PRFX":"CS","RTE_NBR":"1121209","SYSTEM":"Off"}},{"type":"Feature","geometry":{"type":"LineString","coordinates":[[-95.3783469870284,29.7239340398019],[-95.38013388,29.7250086099984]]},"properties":{"AADT_CUR":252,"RTE_NM":"1127772","RTE_PRFX":"CS","RTE_NBR":"1127772","SYSTEM":"Off"}},{"type":"Feature","geometry":{"type":"LineString","coordinates":[[-95.3545483644072,29.7145635261647],[-95.35365374,29.7143256599983],[-95.35298905,29.7141557599983],[-95.35250601,29.7140471799983],[-95.35154178,29.7137780199983],[-95.3509899,29.7136240499983]]},"properties":{"AADT_CUR":1409,"RTE_NM":"1129054","RTE_PRFX":"CS","RTE_NBR":"1129054","SYSTEM":"Off"}},{"type":"Feature","geometry":{"type":"LineString","coordinates":[[-95.35192932,29.71131995],[-95.35131462,29.71112488]]},"properties":{"AADT_CUR":252,"RTE_NM":"1130132","RTE_PRFX":"CS","RTE_NBR":"1130132","SYSTEM":"Off"}},{"type":"Feature","geometry":{"type":"LineString","coordinates":[[-95.3761030837298,29.8189332159056],[-95.3761030457825,29.8189477059986]]},"properties":{"AADT_CUR":252,"RTE_NM":"1119667","RTE_PRFX":"CS","RTE_NBR":"1119667","SYSTEM":"Off"}},{"type":"Feature","geometry":{"type":"LineString","coordinates":[[-95.32791862,29.74204837],[-95.32785603,29.74209184],[-95.3274641,29.74260235],[-95.32726821,29.74285572],[-95.32711614,29.74305597],[-95.327023181,29.743256054]]},"properties":{"AADT_CUR":252,"RTE_NM":"1130378","RTE_PRFX":"CS","RTE_NBR":"1130378","SYSTEM":"Off"}},{"type":"Feature","geometry":{"type":"LineString","coordinates":[[-95.3443720624684,29.7445628426087],[-95.3443573893088,29.7445541208635],[-95.3436846387592,29.7441542330897]]},"properties":{"AADT_CUR":1702,"RTE_NM":"256779","RTE_PRFX":"CS","RTE_NBR":"256779","SYSTEM":"Off"}},{"type":"Feature","geometry":{"type":"LineString","coordinates":[[-95.37112235,29.7641329499987],[-95.37108076,29.7640282599987],[-95.37106282606,29.7639987416332],[-95.37101543,29.7639207299986],[-95.3708967269863,29.7638202315608],[-95.37086924,29.7637969599986],[-95.37065151,29.7636123099986],[-95.3705711415739,29.7634792776253],[-95.3705162533043,29.763388421848],[-95.3704588,29.7632933199986],[-95.3704304079176,29.7632628572646],[-95.3703445786494,29.7631707682619],[-95.3702969780035,29.7631196958869],[-95.37012083,29.7629306999987],[-95.36995544,29.7628148099986],[-95.36972128,29.7626710199986],[-95.36925818,29.7623003499986],[-95.368778667186,29.7617662614582]]},"properties":{"AADT_CUR":3147,"RTE_NM":"257065","RTE_PRFX":"CS","RTE_NBR":"257065","SYSTEM":"Off"}},{"type":"Feature","geometry":{"type":"LineString","coordinates":[[-95.3826764,29.79151407],[-95.38269141,29.79220984],[-95.38270474,29.79292563],[-95.38270912,29.79332356],[-95.38271273,29.79363757],[-95.38272416,29.79434766],[-95.38273124,29.79506399]]},"properties":{"AADT_CUR":252,"RTE_NM":"1125235","RTE_PRFX":"CS","RTE_NBR":"1125235","SYSTEM":"Off"}},{"type":"Feature","geometry":{"type":"LineString","coordinates":[[-95.4149340297714,29.7184847436741],[-95.41271915,29.7185146099983],[-95.41238574,29.7185311799983],[-95.41190837,29.7186009799983],[-95.41160957,29.7186706399983],[-95.41142698,29.7187250099983],[-95.41123001,29.7187940299983],[-95.41100164,29.7188794299983],[-95.4094323454108,29.7194790972701],[-95.40769902,29.7201401999983],[-95.40611604,29.7207500299983],[-95.40452089,29.7213468299983],[-95.40341925,29.7217705099984],[-95.40340481,29.7218281999983],[-95.40338445,29.7219260899983],[-95.40336034,29.7220022099984],[-95.40334153,29.7220558399983],[-95.4013066,29.7220808499983]]},"properties":{"AADT_CUR":252,"RTE_NM":"1120662","RTE_PRFX":"CS","RTE_NBR":"1120662","SYSTEM":"Off"}},{"type":"Feature","geometry":{"type":"LineString","coordinates":[[-95.3786109853882,29.7231923102071],[-95.3785968606171,29.7231837482095],[-95.37857225,29.7231688299968],[-95.3775579196267,29.7225567512079],[-95.3772436988848,29.7223671373493],[-95.377024201258,29.7222346824575]]},"properties":{"AADT_CUR":9236,"RTE_NM":"257148","RTE_PRFX":"CS","RTE_NBR":"257148","SYSTEM":"Off"}},{"type":"Feature","geometry":{"type":"LineString","coordinates":[[-95.31836175,29.79174573],[-95.3183754,29.79267755]]},"properties":{"AADT_CUR":252,"RTE_NM":"1125415","RTE_PRFX":"CS","RTE_NBR":"1125415","SYSTEM":"Off"}},{"type":"Feature","geometry":{"type":"LineString","coordinates":[[-95.43861647,29.74214262],[-95.43708852,29.74209529]]},"properties":{"AADT_CUR":252,"RTE_NM":"1126093","RTE_PRFX":"CS","RTE_NBR":"1126093","SYSTEM":"Off"}},{"type":"Feature","geometry":{"type":"LineString","coordinates":[[-95.32569893,29.7741675499987],[-95.32570046,29.7743793099987],[-95.3257177770046,29.7761840556652]]},"properties":{"AADT_CUR":252,"RTE_NM":"1131028","RTE_PRFX":"CS","RTE_NBR":"1131028","SYSTEM":"Off"}},{"type":"Feature","geometry":{"type":"LineString","coordinates":[[-95.3442213480123,29.8024481251671],[-95.34420784,29.8029131499989],[-95.3442437,29.8040966199989]]},"properties":{"AADT_CUR":16,"RTE_NM":"1121604","RTE_PRFX":"CS","RTE_NBR":"1121604","SYSTEM":"Off"}},{"type":"Feature","geometry":{"type":"LineString","coordinates":[[-95.38011829,29.8030375199989],[-95.38012393,29.8034052899989],[-95.3801240370058,29.8039223131452]]},"properties":{"AADT_CUR":252,"RTE_NM":"1123108","RTE_PRFX":"CS","RTE_NBR":"1123108","SYSTEM":"Off"}},{"type":"Feature","geometry":{"type":"LineString","coordinates":[[-95.4121895598046,29.799704526342],[-95.4121892,29.8001764599989],[-95.4121968,29.8003055699989],[-95.41215925,29.8003946199989],[-95.41209848,29.8004530199989],[-95.4120963879299,29.8005124813062],[-95.41209488,29.8005553399989],[-95.4121066322463,29.8007101239665]]},"properties":{"AADT_CUR":252,"RTE_NM":"1127301","RTE_PRFX":"CS","RTE_NBR":"1127301","SYSTEM":"Off"}},{"type":"Feature","geometry":{"type":"LineString","coordinates":[[-95.3629228239797,29.7371048742662],[-95.36200347,29.7365510299984]]},"properties":{"AADT_CUR":205,"RTE_NM":"1122607","RTE_PRFX":"CS","RTE_NBR":"1122607","SYSTEM":"Off"}},{"type":"Feature","geometry":{"type":"LineString","coordinates":[[-95.3699727896835,29.7489546689293],[-95.3699771785913,29.7489491591553],[-95.37009824,29.7487971799985],[-95.3701075309374,29.7487849465018],[-95.3701388695426,29.7487436825299],[-95.3701766015835,29.7486940001769],[-95.3705466799585,29.7482067090738]]},"properties":{"AADT_CUR":8898,"RTE_NM":"256264","RTE_PRFX":"CS","RTE_NBR":"256264","SYSTEM":"Off"}},{"type":"Feature","geometry":{"type":"LineString","coordinates":[[-95.35138372,29.71266957],[-95.35058687,29.71240484]]},"properties":{"AADT_CUR":252,"RTE_NM":"1127772","RTE_PRFX":"CS","RTE_NBR":"1127772","SYSTEM":"Off"}},{"type":"Feature","geometry":{"type":"LineString","coordinates":[[-95.4099969117439,29.7960310845238],[-95.40456587,29.79611927],[-95.4045617451125,29.7961193186677]]},"properties":{"AADT_CUR":2173,"RTE_NM":"255704","RTE_PRFX":"CS","RTE_NBR":"255704","SYSTEM":"Off"}},{"type":"Feature","geometry":{"type":"LineString","coordinates":[[-95.36869361,29.7694767399987],[-95.368687620047,29.7700924351648]]},"properties":{"AADT_CUR":252,"RTE_NM":"1261101","RTE_PRFX":"CS","RTE_NBR":"1261101","SYSTEM":"Off"}},{"type":"Feature","geometry":{"type":"LineString","coordinates":[[-95.4107195374461,29.7342283215605],[-95.4106363691387,29.7342294615984]]},"properties":{"AADT_CUR":11726,"RTE_NM":"257017","RTE_PRFX":"CS","RTE_NBR":"257017","SYSTEM":"Off"}},{"type":"Feature","geometry":{"type":"LineString","coordinates":[[-95.3782694556124,29.7203736253689],[-95.37863124,29.7204938499983],[-95.3793947334613,29.7208729336103],[-95.37941388,29.7208824399983],[-95.37944764,29.7209236499983],[-95.38036047,29.7214663399983],[-95.38173127,29.7223125399983],[-95.38208153,29.7225242799983],[-95.38290832,29.7230094899984],[-95.38376392,29.7235380299983],[-95.38463109,29.7240551999984],[-95.38546523,29.7245615199984],[-95.38633861,29.7250917599984],[-95.3871955106106,29.7256098466129],[-95.38804979,29.7261086299984],[-95.3888950624907,29.7266292020779]]},"properties":{"AADT_CUR":2256,"RTE_NM":"1121189","RTE_PRFX":"CS","RTE_NBR":"1121189","SYSTEM":"Off"}},{"type":"Feature","geometry":{"type":"LineString","coordinates":[[-95.3724800725311,29.7250690284214],[-95.372460389,29.72505709],[-95.370743082,29.724024644],[-95.369039696,29.723000523],[-95.36861966,29.72274798],[-95.3673155282595,29.7219638624161]]},"properties":{"AADT_CUR":5820,"RTE_NM":"255935","RTE_PRFX":"CS","RTE_NBR":"255935","SYSTEM":"Off"}},{"type":"Feature","geometry":{"type":"LineString","coordinates":[[-95.3234670607501,29.7201560604023],[-95.323413864,29.7202420759983],[-95.32319552,29.7207180999983],[-95.32313784,29.7208799099983],[-95.32317678,29.7210167299984],[-95.32359129,29.7217973599983],[-95.32411695,29.7228210599984],[-95.32438759,29.7233603499983]]},"properties":{"AADT_CUR":252,"RTE_NM":"1127092","RTE_PRFX":"CS","RTE_NBR":"1127092","SYSTEM":"Off"}},{"type":"Feature","geometry":{"type":"LineString","coordinates":[[-95.32595818,29.7264343],[-95.32616707,29.72649902],[-95.32835993,29.72790016],[-95.32868622,29.72810607],[-95.3303943,29.72921766],[-95.3304501,29.72925328],[-95.33048171,29.72929349],[-95.33049484,29.7293463]]},"properties":{"AADT_CUR":252,"RTE_NM":"1125855","RTE_PRFX":"CS","RTE_NBR":"1125855","SYSTEM":"Off"}},{"type":"Feature","geometry":{"type":"LineString","coordinates":[[-95.3400337108934,29.7837383486342],[-95.34003548,29.78422713],[-95.3400415,29.78589642],[-95.34004489,29.78683267],[-95.34003221,29.78719724],[-95.33996693,29.78907346],[-95.33994667,29.78988675],[-95.33992892,29.79059873],[-95.33992554,29.79135175],[-95.33992529,29.79140571],[-95.33995409,29.7936445],[-95.33995988,29.79409388],[-95.34000583,29.7976642],[-95.34013362,29.80053203],[-95.34011608,29.80119842],[-95.34009454,29.80148713],[-95.34007,29.80181603],[-95.33998617,29.8023924],[-95.33995015,29.8025535],[-95.33981681,29.80314949],[-95.33970426,29.80349246],[-95.33952322,29.80389766],[-95.33940277,29.80416724],[-95.33909249,29.80464535],[-95.33862619,29.8052871],[-95.33801091,29.80605075],[-95.337876543,29.806217521],[-95.337718482,29.806404337],[-95.337154546,29.807105459],[-95.336580648,29.807814777],[-95.336300932,29.80815975],[-95.3362106871482,29.8082899878293]]},"properties":{"AADT_CUR":187372,"RTE_NM":"IH0069-LG","RTE_PRFX":"IH","RTE_NBR":"69","SYSTEM":"On"}},{"type":"Feature","geometry":{"type":"LineString","coordinates":[[-95.3392158518478,29.789815594032],[-95.33842493,29.7898302399988],[-95.3383301750184,29.789832199895]]},"properties":{"AADT_CUR":252,"RTE_NM":"1125178","RTE_PRFX":"CS","RTE_NBR":"1125178","SYSTEM":"Off"}},{"type":"Feature","geometry":{"type":"LineString","coordinates":[[-95.3420873086969,29.7937456353554],[-95.341579702,29.79375071],[-95.341442909,29.793763512],[-95.340442444,29.79389037],[-95.340340519,29.793898517],[-95.3402682687828,29.7938982598596]]},"properties":{"AADT_CUR":14663,"RTE_NM":"256115","RTE_PRFX":"CS","RTE_NBR":"256115","SYSTEM":"Off"}},{"type":"Feature","geometry":{"type":"LineString","coordinates":[[-95.39098326,29.81590286],[-95.38932025,29.81592002],[-95.38753699,29.8159415],[-95.38751961,29.81594281],[-95.38588829,29.81595665]]},"properties":{"AADT_CUR":252,"RTE_NM":"1122719","RTE_PRFX":"CS","RTE_NBR":"1122719","SYSTEM":"Off"}},{"type":"Feature","geometry":{"type":"LineString","coordinates":[[-95.39322066,29.76466049],[-95.39324131,29.76535992],[-95.39324798,29.76578168]]},"properties":{"AADT_CUR":252,"RTE_NM":"1129310","RTE_PRFX":"CS","RTE_NBR":"1129310","SYSTEM":"Off"}},{"type":"Feature","geometry":{"type":"LineString","coordinates":[[-95.39021312,29.76862577],[-95.3895321,29.76858583]]},"properties":{"AADT_CUR":252,"RTE_NM":"1127188","RTE_PRFX":"CS","RTE_NBR":"1127188","SYSTEM":"Off"}},{"type":"Feature","geometry":{"type":"LineString","coordinates":[[-95.4092824041686,29.7555069000192],[-95.4083886673547,29.7555100599978]]},"properties":{"AADT_CUR":252,"RTE_NM":"1127378","RTE_PRFX":"CS","RTE_NBR":"1127378","SYSTEM":"Off"}},{"type":"Feature","geometry":{"type":"LineString","coordinates":[[-95.4126988157654,29.7151002736743],[-95.4126748093792,29.7151003593763],[-95.41222621,29.7151019599983],[-95.41173763,29.7150288399983],[-95.41131383,29.7149121599983],[-95.41008996,29.7145297299983],[-95.4096666080195,29.7143937993496],[-95.40881016,29.7141132699983],[-95.40761007,29.7137201599983],[-95.40654651,29.7133717599983],[-95.40416119,29.7125917899983],[-95.40208226,29.7119082499983],[-95.4008965760124,29.7114894752183],[-95.40076497,29.7113317199982],[-95.40013134,29.7109775899983],[-95.39997096,29.7108753599983]]},"properties":{"AADT_CUR":12320,"RTE_NM":"257239","RTE_PRFX":"CS","RTE_NBR":"257239","SYSTEM":"Off"}},{"type":"Feature","geometry":{"type":"LineString","coordinates":[[-95.30433031,29.7616336099986],[-95.30430216,29.7619887399986],[-95.30431324,29.7628451399986],[-95.30430852,29.7630159799986],[-95.30428531,29.7649463199986],[-95.30429464,29.7662601099986],[-95.30429039,29.7673771899987],[-95.30428918,29.7675219399987],[-95.30427593,29.7691792099987],[-95.30427306,29.7710034499987],[-95.3042651997586,29.7728376451441],[-95.30426511,29.7728585899987],[-95.30425496,29.7737928899987],[-95.3042561650994,29.7738684825946]]},"properties":{"AADT_CUR":648,"RTE_NM":"1123805","RTE_PRFX":"CS","RTE_NBR":"1123805","SYSTEM":"Off"}},{"type":"Feature","geometry":{"type":"LineString","coordinates":[[-95.42192491,29.77789074],[-95.42078396,29.77789256],[-95.4195135,29.7779104],[-95.41838773,29.77792724],[-95.41709845,29.77794508],[-95.41602222,29.77795796],[-95.41509762,29.77797184],[-95.4138787,29.7779867],[-95.41308392,29.77799959],[-95.41227229,29.77800652],[-95.41144382,29.77799959],[-95.41108508,29.77799166],[-95.41032499,29.77800157],[-95.4098176,29.77800851],[-95.40934489,29.7780095],[-95.40894651,29.77800058],[-95.40844209,29.77796688],[-95.40794263,29.77791139],[-95.40728263,29.77782418],[-95.40612217,29.77766562],[-95.40561379,29.77758634],[-95.40536802,29.77754175],[-95.40499937,29.77746148],[-95.40461388,29.7773713],[-95.40400441,29.77723751],[-95.40363973,29.77716616],[-95.40335333,29.7771176],[-95.4029054,29.77705814],[-95.40247432,29.77701652],[-95.40206603,29.77698481],[-95.40147836,29.77694418],[-95.40099674,29.77691246],[-95.40047647,29.77689562],[-95.39987295,29.77689165],[-95.39899592,29.77689066],[-95.3987280380594,29.7768928866554]]},"properties":{"AADT_CUR":14221,"RTE_NM":"IH0010-XG","RTE_PRFX":"IH","RTE_NBR":"10","SYSTEM":"On"}},{"type":"Feature","geometry":{"type":"LineString","coordinates":[[-95.41281679,29.7847939599988],[-95.41219949,29.7848166499988],[-95.4116778251428,29.784814579098]]},"properties":{"AADT_CUR":252,"RTE_NM":"1123890","RTE_PRFX":"CS","RTE_NBR":"1123890","SYSTEM":"Off"}},{"type":"Feature","geometry":{"type":"LineString","coordinates":[[-95.36075796,29.7666940899987],[-95.360762468,29.7666707099986],[-95.360762679,29.7666265749987],[-95.36075853,29.7665512989987],[-95.3607536910528,29.7664958421178],[-95.360750904,29.7664639009986],[-95.360749363,29.7663410979987],[-95.36075343,29.7662196399986],[-95.36075582,29.7661792799986],[-95.36077245,29.7660841999987],[-95.36081028,29.7659048799987],[-95.3608563,29.7657270299987],[-95.36091044,29.7655509299986],[-95.36097261,29.7653768599986],[-95.3609993730687,29.7653112810116],[-95.36104271,29.7652050899986],[-95.36112063,29.7650359099986],[-95.36116796,29.7649417799987],[-95.36120774,29.7648855799987],[-95.36133075,29.7647209999986],[-95.36146064,29.7645604899986],[-95.36159724,29.7644042899986],[-95.36170299,29.7642911099986],[-95.3618827090723,29.7640597656127]]},"properties":{"AADT_CUR":13363,"RTE_NM":"1501595","RTE_PRFX":"CS","RTE_NBR":"1501595","SYSTEM":"Off"}},{"type":"Feature","geometry":{"type":"LineString","coordinates":[[-95.37496734,29.7538560399986],[-95.37539818,29.7533343199986],[-95.3754298159725,29.7532948013795],[-95.3759858789005,29.7526001793114],[-95.3765708638897,29.7518694150318],[-95.3771582093809,29.7511194236131]]},"properties":{"AADT_CUR":14977,"RTE_NM":"255832","RTE_PRFX":"CS","RTE_NBR":"255832","SYSTEM":"Off"}},{"type":"Feature","geometry":{"type":"LineString","coordinates":[[-95.39044608,29.74742938],[-95.39044652,29.74803618],[-95.39043833,29.74811876],[-95.39044705,29.74879463],[-95.39045825,29.74945031],[-95.39045256,29.74951495],[-95.39046668,29.75007426],[-95.39047601,29.7501482],[-95.39047114,29.75081233],[-95.39047646,29.75149972]]},"properties":{"AADT_CUR":252,"RTE_NM":"1121942","RTE_PRFX":"CS","RTE_NBR":"1121942","SYSTEM":"Off"}},{"type":"Feature","geometry":{"type":"LineString","coordinates":[[-95.32751676,29.71672329],[-95.32677323,29.71650413],[-95.32612886,29.71626713],[-95.32599203,29.71621325],[-95.32516866,29.71595675],[-95.32491379,29.71586789]]},"properties":{"AADT_CUR":252,"RTE_NM":"1124372","RTE_PRFX":"CS","RTE_NBR":"1124372","SYSTEM":"Off"}},{"type":"Feature","geometry":{"type":"LineString","coordinates":[[-95.3236273,29.7131856899983],[-95.32275107,29.7153956099983],[-95.32248605,29.7160420299983],[-95.3222375,29.7166883199983],[-95.32197759,29.7173471299983],[-95.32173058,29.7179873299983],[-95.321559473134,29.7184028712507]]},"properties":{"AADT_CUR":252,"RTE_NM":"1122406","RTE_PRFX":"CS","RTE_NBR":"1122406","SYSTEM":"Off"}},{"type":"Feature","geometry":{"type":"LineString","coordinates":[[-95.3287152603947,29.8180043784409],[-95.3287095302088,29.8155362223133]]},"properties":{"AADT_CUR":6906,"RTE_NM":"256493","RTE_PRFX":"CS","RTE_NBR":"256493","SYSTEM":"Off"}},{"type":"Feature","geometry":{"type":"LineString","coordinates":[[-95.32420923,29.8065781699989],[-95.3242234351948,29.8087580232369]]},"properties":{"AADT_CUR":252,"RTE_NM":"1125282","RTE_PRFX":"CS","RTE_NBR":"1125282","SYSTEM":"Off"}},{"type":"Feature","geometry":{"type":"LineString","coordinates":[[-95.34107926,29.81102897],[-95.34110021,29.8122872],[-95.34113581,29.81233141],[-95.34121322,29.81236235]]},"properties":{"AADT_CUR":252,"RTE_NM":"1120744","RTE_PRFX":"CS","RTE_NBR":"1120744","SYSTEM":"Off"}},{"type":"Feature","geometry":{"type":"LineString","coordinates":[[-95.31119874,29.78672566],[-95.31046115,29.7867373]]},"properties":{"AADT_CUR":252,"RTE_NM":"1119710","RTE_PRFX":"CS","RTE_NBR":"1119710","SYSTEM":"Off"}},{"type":"Feature","geometry":{"type":"LineString","coordinates":[[-95.38285108,29.8172038],[-95.38273921,29.81723177],[-95.38242732,29.81724815],[-95.38100149,29.81727665],[-95.37874546,29.81732662]]},"properties":{"AADT_CUR":252,"RTE_NM":"1122723","RTE_PRFX":"CS","RTE_NBR":"1122723","SYSTEM":"Off"}},{"type":"Feature","geometry":{"type":"LineString","coordinates":[[-95.36011345,29.7507528999985],[-95.359592348,29.7514714919986],[-95.358364802,29.7530323379986],[-95.3578310410566,29.7537177638337],[-95.3577806552785,29.753782465809],[-95.357732498,29.7538443059986],[-95.3572204076282,29.7545026454177],[-95.3566350372586,29.7552765588303],[-95.3560335507591,29.7560404501173]]},"properties":{"AADT_CUR":2342,"RTE_NM":"296163","RTE_PRFX":"CS","RTE_NBR":"296163","SYSTEM":"Off"}},{"type":"Feature","geometry":{"type":"LineString","coordinates":[[-95.3547121807533,29.7586422636093],[-95.3541358224416,29.7593697470994],[-95.3535364307571,29.760125072318]]},"properties":{"AADT_CUR":4044,"RTE_NM":"1125112","RTE_PRFX":"CS","RTE_NBR":"1125112","SYSTEM":"Off"}},{"type":"Feature","geometry":{"type":"LineString","coordinates":[[-95.32839027,29.75089305],[-95.32803235,29.7507931],[-95.32787161,29.75073987],[-95.32734741,29.75057152]]},"properties":{"AADT_CUR":1927,"RTE_NM":"1123137","RTE_PRFX":"CS","RTE_NBR":"1123137","SYSTEM":"Off"}},{"type":"Feature","geometry":{"type":"LineString","coordinates":[[-95.3316183468803,29.7494498343764],[-95.3316128299121,29.7494636030581]]},"properties":{"AADT_CUR":252,"RTE_NM":"1127252","RTE_PRFX":"CS","RTE_NBR":"1127252","SYSTEM":"Off"}},{"type":"Feature","geometry":{"type":"LineString","coordinates":[[-95.3819860112083,29.8075636869331],[-95.38196934061,29.8075638056179]]},"properties":{"AADT_CUR":252,"RTE_NM":"1122707","RTE_PRFX":"CS","RTE_NBR":"1122707","SYSTEM":"Off"}},{"type":"Feature","geometry":{"type":"LineString","coordinates":[[-95.42181793,29.7681311399987],[-95.42175682,29.7682874299987],[-95.4217642,29.7688759599987],[-95.42183407,29.7702151199987],[-95.4218455146904,29.771033995089]]},"properties":{"AADT_CUR":252,"RTE_NM":"1121844","RTE_PRFX":"CS","RTE_NBR":"1121844","SYSTEM":"Off"}},{"type":"Feature","geometry":{"type":"LineString","coordinates":[[-95.3440964817207,29.7432844154837],[-95.34494097,29.7437976099985],[-95.34582572,29.7443323999985],[-95.34623263,29.7445788299985],[-95.34666788,29.7448384099985],[-95.34697833,29.7450309599985],[-95.34752945,29.7453585799985],[-95.34837901,29.7458729099985],[-95.34869123,29.7460745599985],[-95.34922778,29.7463930199985],[-95.35009566,29.7469088799985],[-95.35094163,29.7474117399985],[-95.35181578,29.7479284199985],[-95.35265191,29.7484599699986],[-95.35351321,29.7489580799985],[-95.3535311953784,29.748969074028],[-95.35435832,29.7494746699985],[-95.35441245,29.7495128299985],[-95.35488704,29.7498062699986],[-95.35521265,29.7500087599985],[-95.3560785,29.7505193999985],[-95.3569127170404,29.7510238154187]]},"properties":{"AADT_CUR":945,"RTE_NM":"1125702","RTE_PRFX":"CS","RTE_NBR":"1125702","SYSTEM":"Off"}},{"type":"Feature","geometry":{"type":"LineString","coordinates":[[-95.31425967,29.7796971699987],[-95.3142588,29.7801132299988],[-95.31425256,29.7811043099987],[-95.31424567,29.7819191499987],[-95.31426858,29.7828681199988],[-95.31427989,29.7836951699988],[-95.31429991,29.7845344499988],[-95.31431074,29.7855012799988],[-95.31432658,29.7864562599988],[-95.31432182,29.7865879399988],[-95.31433446168,29.7873437412919]]},"properties":{"AADT_CUR":252,"RTE_NM":"1129445","RTE_PRFX":"CS","RTE_NBR":"1129445","SYSTEM":"Off"}},{"type":"Feature","geometry":{"type":"LineString","coordinates":[[-95.3027862477817,29.695950503078],[-95.30244635,29.6958297599981],[-95.30209953,29.6957642999982],[-95.30174575,29.6956946599982],[-95.30110645,29.6955693099982],[-95.3006265699564,29.6954735707904],[-95.30055489,29.6954592699982],[-95.30023036,29.6954258399982],[-95.3001949270971,29.6954216519029],[-95.29964119,29.6953561999982],[-95.2984866377332,29.6952462483503],[-95.29847122,29.6952447799982],[-95.2981974532813,29.6952173322919],[-95.2979379451183,29.6951913135806],[-95.29740153,29.6951375299981],[-95.2969684355264,29.6951003793972],[-95.29673576,29.6950804199981],[-95.296402191,29.6950655079981],[-95.29575103,29.6951068899981],[-95.2954357621026,29.6951340334158],[-95.295304574,29.6951453279982],[-95.2952797097767,29.6951499854911],[-95.295186921599,29.6951673662516],[-95.294848359,29.6952307839982],[-95.2947568513462,29.6952530967165],[-95.294292395,29.6953663459981],[-95.293552394,29.6955822259982],[-95.293126497,29.6957088769982],[-95.2930677829826,29.6957349032547],[-95.292778472,29.6958631459982],[-95.2925644297481,29.6959924668653],[-95.2924929706363,29.6960356411485],[-95.292431241,29.6960729369982],[-95.2921955423861,29.6962864566076],[-95.2921648747751,29.6963142383263],[-95.292127266,29.6963483079982],[-95.2919691746335,29.69655747592],[-95.2919599379828,29.6965696967374],[-95.2918988065408,29.696650578362],[-95.291868318,29.6966909169982],[-95.2918343849825,29.6967453666502],[-95.291745605058,29.6968878245034],[-95.291670381,29.6970085299982],[-95.291516983,29.6974365289982],[-95.291432322,29.6978260989982],[-95.2914177545386,29.6981305039558],[-95.291411879,29.6982532799981],[-95.2914399119313,29.6984980556186],[-95.291453669,29.6986181779982],[-95.291542053,29.6990072519982],[-95.2915713054957,29.6990846991382],[-95.2916157621741,29.6992023997064],[-95.2916596695584,29.6993186457068],[-95.2916813852945,29.6993761386042],[-95.291691839,29.6994038149982],[-95.291912132,29.6997802939982],[-95.2919819529951,29.6998782142542],[-95.292108522,29.7000557199982],[-95.29246814,29.7003689899982],[-95.29277874,29.7006252699982],[-95.29305452,29.7008174799982],[-95.2932633152174,29.7009326951449],[-95.29340263,29.7010095699982],[-95.29371986,29.7011944499982],[-95.295179188509,29.7021267636131],[-95.2953841152545,29.702257681331],[-95.29550638,29.7023357899982],[-95.2955495311948,29.7023631808049],[-95.29685429,29.7031913799982],[-95.2971295057466,29.7033550805734],[-95.29760995,29.7036408499983],[-95.29968378,29.7049298799982],[-95.30077086,29.7056296399982],[-95.30148679,29.7061081599982],[-95.3022744,29.7066657599982],[-95.30340884,29.7074546599982],[-95.30432743,29.7080771999983],[-95.30505773,29.7085522899983],[-95.305176336672,29.7086037913385],[-95.3057520130074,29.7088537589338],[-95.3057530328332,29.7088544474149]]},"properties":{"AADT_CUR":2370,"RTE_NM":"1629158731","RTE_PRFX":"IH","RTE_NBR":"45","SYSTEM":"On"}},{"type":"Feature","geometry":{"type":"LineString","coordinates":[[-95.33934693,29.77373619],[-95.33929313,29.77336548],[-95.33862201,29.77334389],[-95.33765878,29.77335337],[-95.33667307,29.77337324],[-95.33587403,29.77338076],[-95.3357814,29.77332407],[-95.33569189,29.77326392],[-95.33503501,29.77327336],[-95.33462105,29.77328407]]},"properties":{"AADT_CUR":252,"RTE_NM":"1130423","RTE_PRFX":"CS","RTE_NBR":"1130423","SYSTEM":"Off"}},{"type":"Feature","geometry":{"type":"LineString","coordinates":[[-95.3419242622752,29.7835246888503],[-95.3419151684542,29.7835247000736],[-95.341407132,29.7835497259976],[-95.341031622,29.7835962839976],[-95.340425442,29.7837406149976],[-95.3403425099643,29.7837678103954],[-95.3400341834753,29.7838689174167],[-95.3399056075597,29.7839110799962]]},"properties":{"AADT_CUR":9000,"RTE_NM":"256977","RTE_PRFX":"CS","RTE_NBR":"256977","SYSTEM":"Off"}},{"type":"Feature","geometry":{"type":"LineString","coordinates":[[-95.356094264878,29.7814049537278],[-95.35467283,29.7814146299987],[-95.35385657,29.7814219199988],[-95.35303223,29.7814280899987],[-95.35220721,29.7814333599988],[-95.3513995,29.7814453399988],[-95.3505704258323,29.7814487348605],[-95.34973831,29.7814506299988],[-95.34934131,29.7814953399988],[-95.34892277,29.7814949199988],[-95.34889073,29.7814966199988],[-95.34811808,29.7815093599988],[-95.34755695,29.7815190399988],[-95.34742211,29.7815132799988],[-95.3467060251923,29.7815106513546],[-95.34580233,29.7815204599988],[-95.34501523,29.7815346399988],[-95.34494351,29.7815358099988],[-95.34393447,29.7815412099988],[-95.3428963,29.7815481699988],[-95.3418923157349,29.7815503903827],[-95.34136431,29.7815542799988],[-95.34100487,29.7815500899988],[-95.34033596,29.7815603699988]]},"properties":{"AADT_CUR":300,"RTE_NM":"1125921","RTE_PRFX":"CS","RTE_NBR":"1125921","SYSTEM":"Off"}},{"type":"Feature","geometry":{"type":"LineString","coordinates":[[-95.3482874218181,29.7026959843466],[-95.34764905,29.7027228399982],[-95.3451942275633,29.7020161068578]]},"properties":{"AADT_CUR":252,"RTE_NM":"1131826","RTE_PRFX":"CS","RTE_NBR":"1131826","SYSTEM":"Off"}},{"type":"Feature","geometry":{"type":"LineString","coordinates":[[-95.4375018532532,29.7194289933641],[-95.4334262448598,29.7194721601745]]},"properties":{"AADT_CUR":252,"RTE_NM":"1252534","RTE_PRFX":"CS","RTE_NBR":"1252534","SYSTEM":"Off"}},{"type":"Feature","geometry":{"type":"LineString","coordinates":[[-95.3060453008137,29.70625348205],[-95.30603919,29.7062449399982],[-95.3060275943785,29.7062289614932]]},"properties":{"AADT_CUR":252,"RTE_NM":"1130388","RTE_PRFX":"CS","RTE_NBR":"1130388","SYSTEM":"Off"}},{"type":"Feature","geometry":{"type":"LineString","coordinates":[[-95.3575881743654,29.813580375926],[-95.35758845,29.813591379998],[-95.3575901631376,29.8136820123186]]},"properties":{"AADT_CUR":252,"RTE_NM":"1128925","RTE_PRFX":"CS","RTE_NBR":"1128925","SYSTEM":"Off"}},{"type":"Feature","geometry":{"type":"LineString","coordinates":[[-95.4341739106933,29.7807760505816],[-95.4341578497809,29.7807722679421]]},"properties":{"AADT_CUR":10073,"RTE_NM":"256573","RTE_PRFX":"CS","RTE_NBR":"256573","SYSTEM":"Off"}},{"type":"Feature","geometry":{"type":"LineString","coordinates":[[-95.38254636,29.71166391],[-95.38000917,29.71091284],[-95.37995915,29.71089457],[-95.37992894,29.71086383]]},"properties":{"AADT_CUR":252,"RTE_NM":"1121201","RTE_PRFX":"CS","RTE_NBR":"1121201","SYSTEM":"Off"}},{"type":"Feature","geometry":{"type":"LineString","coordinates":[[-95.32052267,29.81875607],[-95.32056682,29.82116155],[-95.32057533,29.82164291]]},"properties":{"AADT_CUR":252,"RTE_NM":"1125834","RTE_PRFX":"CS","RTE_NBR":"1125834","SYSTEM":"Off"}},{"type":"Feature","geometry":{"type":"LineString","coordinates":[[-95.3457483838194,29.7575092920548],[-95.34527058,29.7581132999986],[-95.3448510507562,29.7586421905051]]},"properties":{"AADT_CUR":252,"RTE_NM":"1126594","RTE_PRFX":"CS","RTE_NBR":"1126594","SYSTEM":"Off"}},{"type":"Feature","geometry":{"type":"LineString","coordinates":[[-95.38579977,29.76114235],[-95.38388217,29.76116532],[-95.38299373,29.76112253],[-95.38150023,29.76110436],[-95.38021259,29.76111284],[-95.37974747,29.76109565],[-95.37935169,29.7610364],[-95.37901032,29.76093549],[-95.37862216,29.76073242],[-95.37825461,29.76050037],[-95.3778486,29.76028747],[-95.37749125,29.76016165],[-95.37711318,29.76009044],[-95.37646766,29.76008857],[-95.37589156,29.76011635],[-95.37476567,29.76014517]]},"properties":{"AADT_CUR":29897,"RTE_NM":"255795","RTE_PRFX":"CS","RTE_NBR":"255795","SYSTEM":"Off"}},{"type":"Feature","geometry":{"type":"LineString","coordinates":[[-95.3939581,29.7554151],[-95.39401135,29.75743393]]},"properties":{"AADT_CUR":252,"RTE_NM":"1131294","RTE_PRFX":"CS","RTE_NBR":"1131294","SYSTEM":"Off"}},{"type":"Feature","geometry":{"type":"LineString","coordinates":[[-95.3958374642774,29.7640234033105],[-95.39583477,29.7640330499986],[-95.39628467,29.7642653899987],[-95.39643017,29.7643280399986],[-95.39657737,29.7643956199986],[-95.39689614,29.7645820199986],[-95.39701163,29.7646636099986],[-95.39712138,29.7647585799987],[-95.39720507,29.7648555099986],[-95.39728602,29.7649680299986],[-95.39734056,29.7650605699987],[-95.39740913,29.7651653999986],[-95.39747526,29.7652708599987],[-95.39752617,29.7653752099986],[-95.39757664,29.7655150199987],[-95.39759789,29.7656420399986],[-95.39759511,29.7657589499986],[-95.3975623430146,29.7662292715534]]},"properties":{"AADT_CUR":252,"RTE_NM":"1131614","RTE_PRFX":"CS","RTE_NBR":"1131614","SYSTEM":"Off"}},{"type":"Feature","geometry":{"type":"LineString","coordinates":[[-95.33488597,29.77788176],[-95.3348927,29.77887619]]},"properties":{"AADT_CUR":252,"RTE_NM":"1130329","RTE_PRFX":"CS","RTE_NBR":"1130329","SYSTEM":"Off"}},{"type":"Feature","geometry":{"type":"LineString","coordinates":[[-95.32651616,29.73616136],[-95.32629848,29.73646519],[-95.32587225,29.73703564]]},"properties":{"AADT_CUR":252,"RTE_NM":"1123053","RTE_PRFX":"CS","RTE_NBR":"1123053","SYSTEM":"Off"}},{"type":"Feature","geometry":{"type":"LineString","coordinates":[[-95.3818596187692,29.7998385239407],[-95.38105898,29.7998459499989]]},"properties":{"AADT_CUR":278,"RTE_NM":"1121993","RTE_PRFX":"CS","RTE_NBR":"1121993","SYSTEM":"Off"}},{"type":"Feature","geometry":{"type":"LineString","coordinates":[[-95.41536421,29.7654166899987],[-95.41489717,29.7651807599986],[-95.4147993679882,29.7650963642074]]},"properties":{"AADT_CUR":252,"RTE_NM":"1121176","RTE_PRFX":"CS","RTE_NBR":"1121176","SYSTEM":"Off"}},{"type":"Feature","geometry":{"type":"LineString","coordinates":[[-95.4151385330154,29.73506438921],[-95.4151455286006,29.7356196242562],[-95.4151413557607,29.7361094071151],[-95.41515163,29.7361999899953],[-95.41518217156,29.7362414445849]]},"properties":{"AADT_CUR":1897,"RTE_NM":"1127017","RTE_PRFX":"CS","RTE_NBR":"1127017","SYSTEM":"Off"}},{"type":"Feature","geometry":{"type":"LineString","coordinates":[[-95.4152223228285,29.7362726090767],[-95.41519515,29.736264239997],[-95.4151988428394,29.7362621020097]]},"properties":{"AADT_CUR":252,"RTE_NM":"1131610","RTE_PRFX":"CS","RTE_NBR":"1131610","SYSTEM":"Off"}},{"type":"Feature","geometry":{"type":"LineString","coordinates":[[-95.33042179,29.7951159],[-95.33047099,29.79657644],[-95.33048259,29.79669605],[-95.33051535,29.79790647],[-95.33055895,29.79908111],[-95.33060111,29.80023019],[-95.33065544,29.80206865],[-95.33071575,29.8037408],[-95.33071504,29.80381021],[-95.3307872,29.80579529],[-95.33080505,29.80629677],[-95.33083603,29.80718324],[-95.33083523,29.80730103],[-95.33083317,29.80759739],[-95.33083651,29.80767177],[-95.33086252,29.8078098]]},"properties":{"AADT_CUR":252,"RTE_NM":"1123301","RTE_PRFX":"CS","RTE_NBR":"1123301","SYSTEM":"Off"}},{"type":"Feature","geometry":{"type":"LineString","coordinates":[[-95.31171224,29.73776978],[-95.311447812,29.738411259]]},"properties":{"AADT_CUR":403,"RTE_NM":"1129226","RTE_PRFX":"CS","RTE_NBR":"1129226","SYSTEM":"Off"}},{"type":"Feature","geometry":{"type":"LineString","coordinates":[[-95.38752134,29.8073417],[-95.38708672,29.80750435],[-95.38672483,29.80763316],[-95.38533697,29.80818109],[-95.38520289,29.80823354],[-95.38489992,29.80835916],[-95.38310239,29.80907783],[-95.38218992,29.80944959],[-95.38206248,29.80945859],[-95.38200876,29.80957042]]},"properties":{"AADT_CUR":375,"RTE_NM":"1123834","RTE_PRFX":"CS","RTE_NBR":"1123834","SYSTEM":"Off"}},{"type":"Feature","geometry":{"type":"LineString","coordinates":[[-95.33889928,29.77538131],[-95.33889222,29.77505061],[-95.33888423,29.77500908],[-95.33884994,29.77499713],[-95.33866355,29.7750003],[-95.3376938,29.77501511],[-95.33670483,29.77503765],[-95.33579835,29.77504866],[-95.33549615,29.77511464],[-95.33530427,29.7751388],[-95.33513064,29.77512425],[-95.33504488,29.7750876],[-95.33488353,29.77504398],[-95.33392527,29.77507454],[-95.3330598,29.77508666],[-95.33228253,29.77509766]]},"properties":{"AADT_CUR":252,"RTE_NM":"1123317","RTE_PRFX":"CS","RTE_NBR":"1123317","SYSTEM":"Off"}},{"type":"Feature","geometry":{"type":"LineString","coordinates":[[-95.34580086,29.7348904199984],[-95.34601734,29.7351219599984],[-95.3461688,29.7352491999984],[-95.3462366877388,29.7353077047963],[-95.34631893,29.7353785799984],[-95.3465657766794,29.7355512827814],[-95.34681296,29.7357242199984],[-95.34717562,29.7359537999984],[-95.3472534104474,29.7360039650874],[-95.34750415,29.7361656599984],[-95.34763483,29.7362572999984],[-95.34770923,29.7363220399985],[-95.3477833,29.7364059299984],[-95.34783394,29.7364837799984],[-95.3478551,29.7365472599984],[-95.34786492,29.7366167899984],[-95.34786568,29.7366878299985],[-95.34784603,29.7367611399984],[-95.34780824,29.7368397399985],[-95.34774627,29.7369070099984],[-95.34765935,29.7369689799985],[-95.34756186,29.7370075199984],[-95.34746814,29.7370241499985],[-95.3473442,29.7370256599984],[-95.34711974,29.7369765399984],[-95.3467922866567,29.7368712116275],[-95.34672998,29.7368511699985],[-95.3467915124138,29.7368728827962]]},"properties":{"AADT_CUR":4570,"RTE_NM":"1599356453","RTE_PRFX":"SS","RTE_NBR":"5","SYSTEM":"On"}},{"type":"Feature","geometry":{"type":"LineString","coordinates":[[-95.3511112,29.71333663],[-95.35093047,29.71327433],[-95.35026371,29.71306932]]},"properties":{"AADT_CUR":252,"RTE_NM":"1132029","RTE_PRFX":"CS","RTE_NBR":"1132029","SYSTEM":"Off"}},{"type":"Feature","geometry":{"type":"LineString","coordinates":[[-95.4114606,29.7333989999984],[-95.41109117,29.7334093099984],[-95.4107748768063,29.7334083802934],[-95.41071017,29.7334081899984],[-95.4106227625663,29.7334091510499],[-95.4070324504319,29.7334485772684],[-95.40660563,29.7334557999984],[-95.40647019,29.7334444599984],[-95.40628747,29.7334644499984],[-95.40445072,29.7334845199985],[-95.40347634,29.7335186699984]]},"properties":{"AADT_CUR":252,"RTE_NM":"1128317","RTE_PRFX":"CS","RTE_NBR":"1128317","SYSTEM":"Off"}},{"type":"Feature","geometry":{"type":"LineString","coordinates":[[-95.4021028009483,29.7312116612633],[-95.40210271,29.73120535],[-95.4020995721339,29.7303971757783]]},"properties":{"AADT_CUR":2774,"RTE_NM":"256207","RTE_PRFX":"CS","RTE_NBR":"256207","SYSTEM":"Off"}},{"type":"Feature","geometry":{"type":"LineString","coordinates":[[-95.4183274355375,29.7102298126443],[-95.41482553,29.7102498599982],[-95.41274136,29.7102682699983],[-95.4126155350077,29.7102157897449],[-95.41190683,29.7102173699983],[-95.41004669,29.7102310999983],[-95.40990635,29.7102188699982],[-95.40948719,29.7101731799983],[-95.40919772,29.7101535199982],[-95.4089076,29.7101525399983],[-95.40861073,29.7101768799983],[-95.40813116,29.7102255399982],[-95.40788378,29.7102494099983],[-95.40763271,29.7102401299983],[-95.4074942,29.7102424899983],[-95.4052981,29.7102637499983],[-95.4051329,29.7102900499983]]},"properties":{"AADT_CUR":252,"RTE_NM":"1124008","RTE_PRFX":"CS","RTE_NBR":"1124008","SYSTEM":"Off"}},{"type":"Feature","geometry":{"type":"LineString","coordinates":[[-95.42176872,29.7070618099982],[-95.42010145,29.7070932899982],[-95.41841558,29.7071146299982],[-95.4182927500132,29.7070713065519]]},"properties":{"AADT_CUR":252,"RTE_NM":"1252541","RTE_PRFX":"CS","RTE_NBR":"1252541","SYSTEM":"Off"}},{"type":"Feature","geometry":{"type":"LineString","coordinates":[[-95.3723161699457,29.7492588477383],[-95.3728888380872,29.748545550147]]},"properties":{"AADT_CUR":13613,"RTE_NM":"257236","RTE_PRFX":"CS","RTE_NBR":"257236","SYSTEM":"Off"}},{"type":"Feature","geometry":{"type":"LineString","coordinates":[[-95.36033756,29.7483046859985],[-95.3602675497055,29.7480409548181],[-95.360241467,29.7479426999985],[-95.3602140617043,29.7478611755068],[-95.36020155,29.7478239559985],[-95.3601676395082,29.7477510587732],[-95.3601471154647,29.7477069382758],[-95.360128202,29.7476662799985],[-95.3600702805196,29.74757805472],[-95.359999092,29.7474696209985],[-95.3598853551738,29.7472789296431]]},"properties":{"AADT_CUR":252,"RTE_NM":"1501647","RTE_PRFX":"CS","RTE_NBR":"1501647","SYSTEM":"Off"}},{"type":"Feature","geometry":{"type":"LineString","coordinates":[[-95.3419167489106,29.7846727039527],[-95.34190717,29.7846728199988],[-95.34176948,29.7846659699988],[-95.34136038,29.7846332099988],[-95.34082641,29.7846309699988],[-95.3403652520668,29.7846409212948]]},"properties":{"AADT_CUR":252,"RTE_NM":"1125986","RTE_PRFX":"CS","RTE_NBR":"1125986","SYSTEM":"Off"}},{"type":"Feature","geometry":{"type":"LineString","coordinates":[[-95.3196427,29.7120320499983],[-95.318543919032,29.7148503721684]]},"properties":{"AADT_CUR":252,"RTE_NM":"1122082","RTE_PRFX":"CS","RTE_NBR":"1122082","SYSTEM":"Off"}},{"type":"Feature","geometry":{"type":"LineString","coordinates":[[-95.37248719,29.80389577],[-95.37134581,29.8038386],[-95.370853221,29.803792737],[-95.37033033,29.80373521],[-95.37011289,29.80369137],[-95.36982869,29.80360919],[-95.36945148,29.80346378],[-95.36907254,29.8033542],[-95.36870673,29.80325707],[-95.36843278,29.80324706],[-95.3680641,29.80320965],[-95.36410954,29.80326855],[-95.36139117,29.80330075],[-95.3610893576037,29.8033042207832]]},"properties":{"AADT_CUR":13976,"RTE_NM":"256054","RTE_PRFX":"CS","RTE_NBR":"256054","SYSTEM":"Off"}},{"type":"Feature","geometry":{"type":"LineString","coordinates":[[-95.40088217,29.76918357],[-95.40017604,29.76919099],[-95.40006374,29.76915987],[-95.40003347,29.76908522]]},"properties":{"AADT_CUR":252,"RTE_NM":"1129043","RTE_PRFX":"CS","RTE_NBR":"1129043","SYSTEM":"Off"}},{"type":"Feature","geometry":{"type":"LineString","coordinates":[[-95.3627392034862,29.7645787654401],[-95.362731748,29.764576923],[-95.36240467,29.76436849],[-95.35666651,29.76090938],[-95.3558466018164,29.7604118528725]]},"properties":{"AADT_CUR":5996,"RTE_NM":"256312","RTE_PRFX":"CS","RTE_NBR":"256312","SYSTEM":"Off"}},{"type":"Feature","geometry":{"type":"LineString","coordinates":[[-95.4293024540691,29.733841802952],[-95.42928773,29.7338432399984],[-95.42811467,29.7339836899984],[-95.42648946,29.7340504599984],[-95.4262735669764,29.7340543130737],[-95.42450237,29.7340859099985],[-95.42189043,29.7340456199984],[-95.4198747627869,29.7340758706633],[-95.4188028699502,29.7340919443016]]},"properties":{"AADT_CUR":18734,"RTE_NM":"257017","RTE_PRFX":"CS","RTE_NBR":"257017","SYSTEM":"Off"}},{"type":"Feature","geometry":{"type":"LineString","coordinates":[[-95.4334982325959,29.738297838108],[-95.4299655373853,29.738339651635]]},"properties":{"AADT_CUR":9619,"RTE_NM":"255774","RTE_PRFX":"CS","RTE_NBR":"255774","SYSTEM":"Off"}},{"type":"Feature","geometry":{"type":"LineString","coordinates":[[-95.31108767,29.7692143399987],[-95.31051573,29.7692076999987],[-95.30948318,29.7692184199987],[-95.30845134,29.7692095699987],[-95.3074097,29.7691852599987],[-95.30655063,29.7691921099987],[-95.30633707,29.7691937199987],[-95.30532025,29.7691832799987],[-95.30427593,29.7691792099987],[-95.3032521600037,29.7691785491282],[-95.3022284,29.7691778799987],[-95.3012002912035,29.7691839893144]]},"properties":{"AADT_CUR":252,"RTE_NM":"1125961","RTE_PRFX":"CS","RTE_NBR":"1125961","SYSTEM":"Off"}},{"type":"Feature","geometry":{"type":"LineString","coordinates":[[-95.3051478228541,29.7396598091775],[-95.3071429563308,29.7402957636831],[-95.30760054,29.7404321699985],[-95.309095967772,29.7409012042861]]},"properties":{"AADT_CUR":329,"RTE_NM":"1119988","RTE_PRFX":"CS","RTE_NBR":"1119988","SYSTEM":"Off"}},{"type":"Feature","geometry":{"type":"LineString","coordinates":[[-95.34537152,29.81140554],[-95.34538814,29.81197896],[-95.34539689,29.81323324]]},"properties":{"AADT_CUR":16,"RTE_NM":"1121604","RTE_PRFX":"CS","RTE_NBR":"1121604","SYSTEM":"Off"}},{"type":"Feature","geometry":{"type":"LineString","coordinates":[[-95.36839627,29.7787163],[-95.36839506,29.77886255],[-95.36840516,29.77944644],[-95.36842062,29.77972394],[-95.36842132,29.78038119],[-95.36840977,29.78079899],[-95.36840608,29.78107328],[-95.36841087,29.78130034]]},"properties":{"AADT_CUR":671,"RTE_NM":"1638921911","RTE_PRFX":"IH","RTE_NBR":"45","SYSTEM":"On"}},{"type":"Feature","geometry":{"type":"LineString","coordinates":[[-95.3581851649931,29.7678704671848],[-95.35818743,29.76785087],[-95.358211088,29.767697431],[-95.358225935,29.767594955],[-95.358252301,29.767416534],[-95.358260693244,29.7673666304545]]},"properties":{"AADT_CUR":2946,"RTE_NM":"256740","RTE_PRFX":"CS","RTE_NBR":"256740","SYSTEM":"Off"}},{"type":"Feature","geometry":{"type":"LineString","coordinates":[[-95.3975646918574,29.7833199424901],[-95.39626638,29.7833283899988],[-95.39515516,29.7833437899988],[-95.39405675,29.7833710699988],[-95.39296216,29.7833849299988],[-95.3918552503259,29.7834039995496],[-95.39012502,29.7834183099988]]},"properties":{"AADT_CUR":295,"RTE_NM":"1122749","RTE_PRFX":"CS","RTE_NBR":"1122749","SYSTEM":"Off"}},{"type":"Feature","geometry":{"type":"LineString","coordinates":[[-95.3689437016489,29.8055542579654],[-95.3688779921882,29.8055636426078]]},"properties":{"AADT_CUR":252,"RTE_NM":"1123710","RTE_PRFX":"CS","RTE_NBR":"1123710","SYSTEM":"Off"}},{"type":"Feature","geometry":{"type":"LineString","coordinates":[[-95.4253085852737,29.8018003625796],[-95.42489501,29.8013232999978],[-95.4243849,29.8005596899978],[-95.42399138,29.7996001099978],[-95.42344994,29.7982881799978],[-95.42310499,29.7974619899978],[-95.42290341,29.7970837499978],[-95.42270289,29.7963943999977],[-95.4223825,29.7956289399977],[-95.42188586,29.7951083999978],[-95.42142179,29.7947685499978],[-95.41991899,29.7941112699976],[-95.41935738,29.7937485999977],[-95.4191482898298,29.7935254154079],[-95.41891669,29.7932061399976],[-95.41868945,29.7927910599976],[-95.4186857387187,29.7927813288439],[-95.41855525,29.7924391799976],[-95.41835144,29.7921087099977],[-95.4179765219783,29.7917521259085]]},"properties":{"AADT_CUR":8946,"RTE_NM":"257189","RTE_PRFX":"CS","RTE_NBR":"257189","SYSTEM":"Off"}},{"type":"Feature","geometry":{"type":"LineString","coordinates":[[-95.4204895,29.79643859],[-95.42027821,29.79651382],[-95.42002125,29.79652475],[-95.41800531,29.79652769],[-95.41788348,29.79652905],[-95.41621671,29.79652715],[-95.41505167,29.79654144],[-95.4149194,29.79653999],[-95.4148025,29.79650975],[-95.4147123,29.79644546],[-95.41463692,29.79634472],[-95.41436503,29.79603406],[-95.41429714,29.79594527]]},"properties":{"AADT_CUR":252,"RTE_NM":"1131508","RTE_PRFX":"CS","RTE_NBR":"1131508","SYSTEM":"Off"}},{"type":"Feature","geometry":{"type":"LineString","coordinates":[[-95.4022269985389,29.7700912446189],[-95.40221995,29.7701875399987],[-95.4022205161639,29.7709113756023],[-95.4022358,29.7718511999987],[-95.4022474,29.7730185899987],[-95.40224922,29.7734987699987],[-95.40226075,29.7742356499987],[-95.40226,29.7749433299987],[-95.40225904,29.7752209399987],[-95.40226153,29.7759105199987]]},"properties":{"AADT_CUR":169,"RTE_NM":"1120678","RTE_PRFX":"CS","RTE_NBR":"1120678","SYSTEM":"Off"}},{"type":"Feature","geometry":{"type":"LineString","coordinates":[[-95.41580615,29.7745091799987],[-95.41583064,29.7745874699987],[-95.41582055,29.7747709799987],[-95.41583483,29.7754857799988],[-95.41584169,29.7762193999987],[-95.4158664610608,29.7769443480458]]},"properties":{"AADT_CUR":252,"RTE_NM":"1122461","RTE_PRFX":"CS","RTE_NBR":"1122461","SYSTEM":"Off"}},{"type":"Feature","geometry":{"type":"LineString","coordinates":[[-95.4283109951118,29.7307997417923],[-95.42752155,29.7309109699984],[-95.42712555,29.7309374699984],[-95.42659958,29.7309152399984]]},"properties":{"AADT_CUR":252,"RTE_NM":"1122297","RTE_PRFX":"CS","RTE_NBR":"1122297","SYSTEM":"Off"}},{"type":"Feature","geometry":{"type":"LineString","coordinates":[[-95.3935484910877,29.8135547627601],[-95.3935492280293,29.8135692725466]]},"properties":{"AADT_CUR":373,"RTE_NM":"1121888","RTE_PRFX":"CS","RTE_NBR":"1121888","SYSTEM":"Off"}},{"type":"Feature","geometry":{"type":"LineString","coordinates":[[-95.3421155883248,29.7965553618319],[-95.3403240295591,29.7965758484206]]},"properties":{"AADT_CUR":252,"RTE_NM":"1122089","RTE_PRFX":"CS","RTE_NBR":"1122089","SYSTEM":"Off"}},{"type":"Feature","geometry":{"type":"LineString","coordinates":[[-95.32586408,29.76392308],[-95.32514731,29.76393284],[-95.32507968,29.76393834],[-95.32417204,29.7639448]]},"properties":{"AADT_CUR":252,"RTE_NM":"1122665","RTE_PRFX":"CS","RTE_NBR":"1122665","SYSTEM":"Off"}},{"type":"Feature","geometry":{"type":"LineString","coordinates":[[-95.33738706,29.7542250999986],[-95.33691073,29.7539443599986],[-95.33606887,29.7534199799986],[-95.33591349,29.7533516599986],[-95.33523582,29.7529314899985],[-95.33458696,29.7525439799986],[-95.3339425249727,29.7521639100089]]},"properties":{"AADT_CUR":252,"RTE_NM":"1129179","RTE_PRFX":"CS","RTE_NBR":"1129179","SYSTEM":"Off"}},{"type":"Feature","geometry":{"type":"LineString","coordinates":[[-95.34216221,29.75335458],[-95.34114017,29.75462406],[-95.34016144,29.75585828],[-95.3397378,29.75638882],[-95.33972938,29.7564514],[-95.33976052,29.7565007],[-95.33978581,29.75654088],[-95.33977964,29.75659813],[-95.33971991,29.75666373],[-95.33935896,29.7571164]]},"properties":{"AADT_CUR":219,"RTE_NM":"1127166","RTE_PRFX":"CS","RTE_NBR":"1127166","SYSTEM":"Off"}},{"type":"Feature","geometry":{"type":"LineString","coordinates":[[-95.3471712376386,29.7357806326349],[-95.34698567,29.73566299],[-95.34674432,29.73550999],[-95.34608133,29.73508451],[-95.34580086,29.73489042],[-95.34568508,29.7348103],[-95.34500508,29.73431055],[-95.34278101,29.73256726],[-95.34162959,29.7316862],[-95.3412859,29.73145402],[-95.34066415,29.73107669],[-95.34005212,29.73064604],[-95.33932989,29.73020835],[-95.33896304,29.72995014],[-95.33871079,29.7297175],[-95.3385532,29.72953081],[-95.33843947,29.72937896],[-95.33832428,29.72910727],[-95.33827713,29.72899373],[-95.33821082,29.72883402],[-95.33805267,29.72845396],[-95.33782416,29.72790483],[-95.33775088,29.72769043],[-95.3374566089678,29.7268294117225]]},"properties":{"AADT_CUR":37909,"RTE_NM":"SS0005-LG","RTE_PRFX":"SS","RTE_NBR":"5","SYSTEM":"On"}},{"type":"Feature","geometry":{"type":"LineString","coordinates":[[-95.3287093279721,29.8154491109206],[-95.32870927,29.815424139999],[-95.3287083922727,29.8153620040484]]},"properties":{"AADT_CUR":6490,"RTE_NM":"256493","RTE_PRFX":"CS","RTE_NBR":"256493","SYSTEM":"Off"}},{"type":"Feature","geometry":{"type":"LineString","coordinates":[[-95.37358705,29.81484547],[-95.373412015428,29.8146900494478]]},"properties":{"AADT_CUR":2296,"RTE_NM":"IH0610-XG","RTE_PRFX":"IH","RTE_NBR":"610","SYSTEM":"On"}},{"type":"Feature","geometry":{"type":"LineString","coordinates":[[-95.3346032888973,29.7395406816824],[-95.33458721,29.7395359099985],[-95.33352542,29.7392136199985],[-95.3334181842149,29.7392073916408]]},"properties":{"AADT_CUR":252,"RTE_NM":"1122267","RTE_PRFX":"CS","RTE_NBR":"1122267","SYSTEM":"Off"}},{"type":"Feature","geometry":{"type":"LineString","coordinates":[[-95.33810136,29.7360942499985],[-95.33618389,29.7355036699984],[-95.3342651456536,29.7349123996407]]},"properties":{"AADT_CUR":115,"RTE_NM":"1127980","RTE_PRFX":"CS","RTE_NBR":"1127980","SYSTEM":"Off"}},{"type":"Feature","geometry":{"type":"LineString","coordinates":[[-95.41490626,29.78286621],[-95.4148582103075,29.7833008895477]]},"properties":{"AADT_CUR":252,"RTE_NM":"1127075","RTE_PRFX":"CS","RTE_NBR":"1127075","SYSTEM":"Off"}},{"type":"Feature","geometry":{"type":"LineString","coordinates":[[-95.34849125,29.7608928],[-95.34809445,29.7614284],[-95.34792867,29.76166448],[-95.34781727,29.76193695],[-95.34748901,29.76264429]]},"properties":{"AADT_CUR":252,"RTE_NM":"1122894","RTE_PRFX":"CS","RTE_NBR":"1122894","SYSTEM":"Off"}},{"type":"Feature","geometry":{"type":"LineString","coordinates":[[-95.41308367,29.73984575],[-95.41071903,29.73988235]]},"properties":{"AADT_CUR":252,"RTE_NM":"1125470","RTE_PRFX":"CS","RTE_NBR":"1125470","SYSTEM":"Off"}},{"type":"Feature","geometry":{"type":"LineString","coordinates":[[-95.41991065,29.74225764],[-95.41991579,29.74281941],[-95.41994438,29.74299583],[-95.42007114,29.74340092]]},"properties":{"AADT_CUR":252,"RTE_NM":"1125649","RTE_PRFX":"CS","RTE_NBR":"1125649","SYSTEM":"Off"}},{"type":"Feature","geometry":{"type":"LineString","coordinates":[[-95.3844137102388,29.7345691812143],[-95.3844110557167,29.7352065138015]]},"properties":{"AADT_CUR":252,"RTE_NM":"1121131","RTE_PRFX":"CS","RTE_NBR":"1121131","SYSTEM":"Off"}},{"type":"Feature","geometry":{"type":"LineString","coordinates":[[-95.3679952471377,29.7307102779708],[-95.36799037,29.7307073199984],[-95.3671586685866,29.7302006577519],[-95.3662751470915,29.7296624156291],[-95.3654513540913,29.7291605492827],[-95.36511125,29.7289533499984],[-95.3645776564199,29.7286296342358],[-95.3628560736905,29.7275851699739],[-95.3621921811774,29.7271823818911],[-95.36166877,29.7268648199984],[-95.3612308772246,29.7265996774199],[-95.36102928,29.7264776099984],[-95.36077294,29.7263341999984],[-95.3607060621933,29.7262957609699],[-95.36061284,29.7262421799984],[-95.36045181,29.7261692699984],[-95.36020367,29.7260835899984],[-95.35889584,29.7256814699983],[-95.3588408121516,29.7256646208896],[-95.35815001,29.7254530999984],[-95.3577719310875,29.7253368356958],[-95.35724739,29.7251755299984],[-95.35663349,29.7249953799984],[-95.35625724,29.7249081399984]]},"properties":{"AADT_CUR":4350,"RTE_NM":"255779","RTE_PRFX":"CS","RTE_NBR":"255779","SYSTEM":"Off"}},{"type":"Feature","geometry":{"type":"LineString","coordinates":[[-95.41716129,29.817131689999],[-95.41686628,29.817132999999],[-95.4168458779792,29.8171330933617]]},"properties":{"AADT_CUR":252,"RTE_NM":"1123750","RTE_PRFX":"CS","RTE_NBR":"1123750","SYSTEM":"Off"}},{"type":"Feature","geometry":{"type":"LineString","coordinates":[[-95.305402322677,29.7084937264174],[-95.30581203,29.70877106],[-95.3072316,29.70972882],[-95.30850158,29.71058676],[-95.30932925,29.71114483],[-95.31022054,29.71174561],[-95.31089405,29.71220329],[-95.31192328,29.71289536],[-95.3125545,29.71331959],[-95.31301479,29.71361912],[-95.3136758,29.71404687],[-95.31499064,29.71488757],[-95.3153862246297,29.7151376574999]]},"properties":{"AADT_CUR":195048,"RTE_NM":"IH0045-UG","RTE_PRFX":"IH","RTE_NBR":"45","SYSTEM":"On"}},{"type":"Feature","geometry":{"type":"LineString","coordinates":[[-95.3336015977584,29.8133569842753],[-95.3336017,29.813362349999],[-95.33361535,29.814273769999],[-95.3336328073405,29.8151228630952],[-95.33363316,29.815651379999],[-95.33363764,29.815975329999],[-95.33364593,29.816826889999],[-95.33366415,29.817673059999],[-95.33369082,29.818824929999]]},"properties":{"AADT_CUR":252,"RTE_NM":"1131151","RTE_PRFX":"CS","RTE_NBR":"1131151","SYSTEM":"Off"}},{"type":"Feature","geometry":{"type":"LineString","coordinates":[[-95.31188641,29.7401741899985],[-95.31110395,29.7399260999985],[-95.30967405,29.7394817499985],[-95.30772605,29.7388697799985],[-95.30764969,29.7388379499985],[-95.3057570679309,29.7382361448315]]},"properties":{"AADT_CUR":252,"RTE_NM":"1119986","RTE_PRFX":"CS","RTE_NBR":"1119986","SYSTEM":"Off"}},{"type":"Feature","geometry":{"type":"LineString","coordinates":[[-95.32489399,29.74170468],[-95.32398183,29.74139744],[-95.32310311,29.74111618],[-95.32219717,29.74083618],[-95.3213138,29.74056],[-95.32119787,29.74052958],[-95.32042165,29.74028004],[-95.31953259,29.7400025],[-95.31864754,29.7397287],[-95.31774206,29.73944708],[-95.31684086,29.73916197],[-95.31597639,29.73889232],[-95.315089755,29.738610575]]},"properties":{"AADT_CUR":252,"RTE_NM":"1130821","RTE_PRFX":"CS","RTE_NBR":"1130821","SYSTEM":"Off"}},{"type":"Feature","geometry":{"type":"LineString","coordinates":[[-95.4329523,29.79200984],[-95.43295604,29.79251071]]},"properties":{"AADT_CUR":252,"RTE_NM":"1124602","RTE_PRFX":"CS","RTE_NBR":"1124602","SYSTEM":"Off"}},{"type":"Feature","geometry":{"type":"LineString","coordinates":[[-95.32470987,29.7374667399984],[-95.32468038,29.7375272199985],[-95.3245923,29.7376984199985],[-95.32441956,29.7379455999984],[-95.32407566,29.7383957499985],[-95.32348215,29.7391692799985],[-95.32290508,29.7399194199985],[-95.32279071,29.7400739199985],[-95.3225711,29.7403696599984],[-95.32219717,29.7408361799985],[-95.3216230582601,29.7416103657384]]},"properties":{"AADT_CUR":252,"RTE_NM":"1122423","RTE_PRFX":"CS","RTE_NBR":"1122423","SYSTEM":"Off"}},{"type":"Feature","geometry":{"type":"LineString","coordinates":[[-95.3879038196987,29.7949862241505],[-95.38609636,29.7950144899989],[-95.38432748,29.7950352499989],[-95.38273124,29.7950639899989],[-95.3822687,29.7950683699989],[-95.38148332,29.7950754099989],[-95.38102367,29.7950805399989],[-95.38045567,29.7950877199989]]},"properties":{"AADT_CUR":252,"RTE_NM":"1123672","RTE_PRFX":"CS","RTE_NBR":"1123672","SYSTEM":"Off"}},{"type":"Feature","geometry":{"type":"LineString","coordinates":[[-95.39457401,29.72541502],[-95.39460334,29.72601817]]},"properties":{"AADT_CUR":252,"RTE_NM":"1262762","RTE_PRFX":"CS","RTE_NBR":"1262762","SYSTEM":"Off"}},{"type":"Feature","geometry":{"type":"LineString","coordinates":[[-95.39866104,29.74788961],[-95.39713935,29.74859985],[-95.39703551,29.74864367],[-95.39591038,29.749177615]]},"properties":{"AADT_CUR":252,"RTE_NM":"1126803","RTE_PRFX":"CS","RTE_NBR":"1126803","SYSTEM":"Off"}},{"type":"Feature","geometry":{"type":"LineString","coordinates":[[-95.3843854755672,29.7322000981794],[-95.3840971,29.732034054],[-95.38361559,29.73173133],[-95.38275548,29.73121856],[-95.381887427,29.730699948],[-95.381013496,29.730177813],[-95.380182028,29.729681037],[-95.379314897,29.729162943],[-95.378446307,29.728643965],[-95.377651881,29.72816929],[-95.3770731051409,29.7278234612591]]},"properties":{"AADT_CUR":2173,"RTE_NM":"255935","RTE_PRFX":"CS","RTE_NBR":"255935","SYSTEM":"Off"}},{"type":"Feature","geometry":{"type":"LineString","coordinates":[[-95.36733258,29.7065269699983],[-95.36555339,29.7060007699982],[-95.3635363779056,29.7053895313905]]},"properties":{"AADT_CUR":252,"RTE_NM":"1121525","RTE_PRFX":"CS","RTE_NBR":"1121525","SYSTEM":"Off"}},{"type":"Feature","geometry":{"type":"LineString","coordinates":[[-95.4191482898298,29.7935254154091],[-95.4191201433839,29.7935409484421]]},"properties":{"AADT_CUR":252,"RTE_NM":"1124245","RTE_PRFX":"CS","RTE_NBR":"1124245","SYSTEM":"Off"}},{"type":"Feature","geometry":{"type":"LineString","coordinates":[[-95.35197747,29.7604813399986],[-95.35193367,29.7605637899986],[-95.3519204091463,29.7605916248475],[-95.35177198,29.7609031799986],[-95.35144486,29.7615717599986],[-95.35123179,29.7619883399986],[-95.35091614,29.7625642399986],[-95.350879819746,29.7626202146851],[-95.35060825,29.7630387399986],[-95.35045767,29.7632641099986],[-95.35014662,29.7636690199986],[-95.34988028,29.7639551599986],[-95.3497816392341,29.7640423444586],[-95.34958048,29.7642201399986],[-95.3494343267005,29.7643490044762],[-95.3491318053859,29.7646157382101],[-95.34900887,29.7647241299986],[-95.34875739823,29.7649448735339],[-95.34833824,29.7653128099986],[-95.34789297,29.7656850099987],[-95.34742039,29.7660483199986],[-95.34677708,29.7664567099987],[-95.34619796,29.7667592499987],[-95.3455117837925,29.7671335369274],[-95.3454995184883,29.7671376719806]]},"properties":{"AADT_CUR":6707,"RTE_NM":"1638403220","RTE_PRFX":"IH","RTE_NBR":"69","SYSTEM":"On"}},{"type":"Feature","geometry":{"type":"LineString","coordinates":[[-95.35916298,29.7545769],[-95.36152536,29.75160053]]},"properties":{"AADT_CUR":252,"RTE_NM":"1264372","RTE_PRFX":"CS","RTE_NBR":"1264372","SYSTEM":"Off"}},{"type":"Feature","geometry":{"type":"LineString","coordinates":[[-95.3737577772061,29.7674254796867],[-95.37375684,29.7674336699974],[-95.37375183,29.7675905799974],[-95.37375387,29.7677199199974],[-95.3737622590579,29.7681307450838]]},"properties":{"AADT_CUR":252,"RTE_NM":"1119857","RTE_PRFX":"CS","RTE_NBR":"1119857","SYSTEM":"Off"}},{"type":"Feature","geometry":{"type":"LineString","coordinates":[[-95.37257016,29.76237986],[-95.3730146,29.76189039],[-95.37326696,29.7616139],[-95.37345002,29.76143835],[-95.37364715,29.76128267],[-95.37383406,29.76116233],[-95.37412833,29.76102125],[-95.37463899,29.76079903],[-95.37526854,29.7605537],[-95.375833628,29.760376079],[-95.376118464,29.760286273],[-95.376431956,29.760214378],[-95.376626333,29.760183642],[-95.376816125,29.760172808],[-95.37711318,29.76009044]]},"properties":{"AADT_CUR":4458,"RTE_NM":"1629677510","RTE_PRFX":"IH","RTE_NBR":"45","SYSTEM":"On"}},{"type":"Feature","geometry":{"type":"LineString","coordinates":[[-95.3762689009272,29.7577592754077],[-95.37626938,29.7584853899986],[-95.37626525,29.7593429599986],[-95.3762690983508,29.7599442027448]]},"properties":{"AADT_CUR":252,"RTE_NM":"1122177","RTE_PRFX":"CS","RTE_NBR":"1122177","SYSTEM":"Off"}},{"type":"Feature","geometry":{"type":"LineString","coordinates":[[-95.343505909543,29.7440479940475],[-95.34349236,29.7440399399985],[-95.34317034,29.7438659199985],[-95.34087084,29.7433759099985],[-95.3398129170067,29.7430444214716],[-95.3387867560841,29.74272287466],[-95.3377764050775,29.742381683005],[-95.33764789,29.7423382799985],[-95.3356866198784,29.7417343147259],[-95.3346295098745,29.7414087662614]]},"properties":{"AADT_CUR":1689,"RTE_NM":"256779","RTE_PRFX":"CS","RTE_NBR":"256779","SYSTEM":"Off"}},{"type":"Feature","geometry":{"type":"LineString","coordinates":[[-95.3289160484899,29.7361616883363],[-95.3289081,29.7361593099984],[-95.328884446159,29.7361525439269]]},"properties":{"AADT_CUR":84,"RTE_NM":"1121724","RTE_PRFX":"CS","RTE_NBR":"1121724","SYSTEM":"Off"}},{"type":"Feature","geometry":{"type":"LineString","coordinates":[[-95.3582437041782,29.8033805366778],[-95.35824371,29.8033807199989],[-95.35826041,29.8042343699989]]},"properties":{"AADT_CUR":252,"RTE_NM":"1123088","RTE_PRFX":"CS","RTE_NBR":"1123088","SYSTEM":"Off"}},{"type":"Feature","geometry":{"type":"LineString","coordinates":[[-95.37290362,29.79219779],[-95.37291027,29.7930587],[-95.37291357,29.7931529],[-95.37293065,29.79411173],[-95.37294744,29.79512098],[-95.37296471,29.79618547],[-95.37297321,29.79714994],[-95.37299694,29.7981214],[-95.37300513,29.79907339]]},"properties":{"AADT_CUR":252,"RTE_NM":"1131453","RTE_PRFX":"CS","RTE_NBR":"1131453","SYSTEM":"Off"}},{"type":"Feature","geometry":{"type":"LineString","coordinates":[[-95.3922332468395,29.8030358376299],[-95.39047796,29.8030637699989],[-95.38910861,29.8030836199989],[-95.3880510117748,29.8030962187739]]},"properties":{"AADT_CUR":252,"RTE_NM":"1122704","RTE_PRFX":"CS","RTE_NBR":"1122704","SYSTEM":"Off"}},{"type":"Feature","geometry":{"type":"LineString","coordinates":[[-95.34130766,29.7516334399986],[-95.340436,29.7511089099986],[-95.3395816638892,29.7505912800225],[-95.3395678,29.7505828799985],[-95.33871734,29.7500674299985],[-95.33798308,29.7496278899985],[-95.3372817599992,29.749205189998],[-95.3366015696305,29.7487877504605],[-95.33653174,29.7487235199985],[-95.3358234,29.7484968999985],[-95.335039129999,29.7482614399982],[-95.33443687,29.7480614799985],[-95.3336525,29.7478199699985],[-95.3328831199995,29.7475949299984],[-95.3321159899995,29.7473510799984],[-95.3313419099995,29.7471209599984],[-95.33054079,29.7468691899985],[-95.32963999,29.7465935399985],[-95.32954155,29.7465814299985],[-95.32939497,29.7465317199985],[-95.32857104,29.7462566199985],[-95.32803841,29.7461063399985],[-95.3275920186627,29.7459727231438],[-95.3266119499995,29.7456578699983],[-95.3256244999995,29.7453528799983],[-95.32463848,29.7450496699985],[-95.32367313,29.7447448499985],[-95.3226936799995,29.7444305199983],[-95.32249617,29.7443610199985],[-95.3216355399994,29.7440787399983],[-95.32053382,29.7437422199985],[-95.3195822399995,29.7434496799983],[-95.31866376,29.7431588699985],[-95.3177262099994,29.7428707699983],[-95.3167515199995,29.7425788499983],[-95.3158461499994,29.7422936199983],[-95.31492318,29.7420126799985],[-95.3135957999995,29.7415964899983],[-95.31276443,29.7413277399985],[-95.3126574599995,29.7413067099983],[-95.3117570499995,29.7410240299983],[-95.3107954499994,29.7406660699983],[-95.30937901,29.7401931599984],[-95.30762077,29.7396371299985],[-95.3074356899363,29.7395809712995],[-95.3054421159351,29.7389515533686],[-95.3044438314112,29.7386362894882],[-95.3034596234302,29.7383254613757],[-95.30148709,29.7377003299985],[-95.29926023,29.7369907899985],[-95.2991974699996,29.7369157499979],[-95.2991247,29.7368266799984],[-95.29724104,29.7362439899984],[-95.29672477,29.7360721799985],[-95.29657073,29.7359974499984],[-95.2952930799995,29.7356014399983],[-95.29332925,29.7350040399984],[-95.2913844371886,29.7344055993996],[-95.2893730000053,29.7337844871389],[-95.28738633,29.7331641899984],[-95.28541258,29.7325658099984],[-95.28345667,29.7319601799984],[-95.28162854,29.7314015299984],[-95.28157343,29.7313853899984],[-95.28149399,29.7313605499984],[-95.27955929,29.7307860599984]]},"properties":{"AADT_CUR":579,"RTE_NM":"1129871","RTE_PRFX":"CS","RTE_NBR":"1129871","SYSTEM":"Off"}},{"type":"Feature","geometry":{"type":"LineString","coordinates":[[-95.3282628035868,29.8002872171717],[-95.328246169868,29.8002877913397]]},"properties":{"AADT_CUR":7093,"RTE_NM":"256054","RTE_PRFX":"CS","RTE_NBR":"256054","SYSTEM":"Off"}},{"type":"Feature","geometry":{"type":"LineString","coordinates":[[-95.33056389,29.7318447],[-95.32980631,29.73213283],[-95.32892638,29.73249037],[-95.32852255,29.7326544],[-95.32840806,29.73269218],[-95.3281912,29.73276432]]},"properties":{"AADT_CUR":252,"RTE_NM":"1126948","RTE_PRFX":"CS","RTE_NBR":"1126948","SYSTEM":"Off"}},{"type":"Feature","geometry":{"type":"LineString","coordinates":[[-95.38908723,29.80212726],[-95.38910861,29.80308362]]},"properties":{"AADT_CUR":252,"RTE_NM":"1129848","RTE_PRFX":"CS","RTE_NBR":"1129848","SYSTEM":"Off"}},{"type":"Feature","geometry":{"type":"LineString","coordinates":[[-95.3724264220311,29.7806705006911],[-95.37243027,29.78065535],[-95.37245284,29.78053275],[-95.37246713,29.7804092],[-95.37247308,29.78028514],[-95.37247068,29.78016099],[-95.37245993,29.78003717],[-95.3724495,29.77996338],[-95.3724433272079,29.7781180504373]]},"properties":{"AADT_CUR":9894,"RTE_NM":"256528","RTE_PRFX":"CS","RTE_NBR":"256528","SYSTEM":"Off"}},{"type":"Feature","geometry":{"type":"LineString","coordinates":[[-95.37728422,29.79118871],[-95.3770831,29.79119065],[-95.3770253,29.7911788],[-95.37634957,29.79120423]]},"properties":{"AADT_CUR":252,"RTE_NM":"1128497","RTE_PRFX":"CS","RTE_NBR":"1128497","SYSTEM":"Off"}},{"type":"Feature","geometry":{"type":"LineString","coordinates":[[-95.4265254583255,29.7477337257032],[-95.4264921838599,29.747733829446]]},"properties":{"AADT_CUR":17156,"RTE_NM":"257081","RTE_PRFX":"CS","RTE_NBR":"257081","SYSTEM":"Off"}},{"type":"Feature","geometry":{"type":"LineString","coordinates":[[-95.391079030611,29.7306778276462],[-95.39053895,29.7306800699984],[-95.38919262,29.7306935599984],[-95.38903243,29.7306775499984],[-95.38890064,29.7306164399984],[-95.38876433,29.7305372099984],[-95.38811593,29.7301465099984],[-95.38746575,29.7297555399984]]},"properties":{"AADT_CUR":252,"RTE_NM":"1121581","RTE_PRFX":"CS","RTE_NBR":"1121581","SYSTEM":"Off"}},{"type":"Feature","geometry":{"type":"LineString","coordinates":[[-95.3471224286092,29.7358701861268],[-95.34752167,29.73612372],[-95.34937494,29.73730055],[-95.349851226,29.73761858],[-95.350768293,29.738192902],[-95.352759537,29.739446298],[-95.353664023,29.74003868],[-95.354041604,29.740307509],[-95.354977872,29.740909941],[-95.355218999,29.741140967],[-95.35539572,29.74134593],[-95.3554507290803,29.7414131224125]]},"properties":{"AADT_CUR":7492,"RTE_NM":"IH0045-AG","RTE_PRFX":"IH","RTE_NBR":"45","SYSTEM":"On"}},{"type":"Feature","geometry":{"type":"LineString","coordinates":[[-95.42518958,29.78531641],[-95.42528885,29.78539826],[-95.42531197,29.78600722],[-95.42532978,29.78688472],[-95.42535413,29.78763991],[-95.42538809,29.78866284],[-95.42539898,29.78926855],[-95.42540826,29.7898443],[-95.42540973,29.79072822],[-95.4254122,29.79186754],[-95.42541792,29.79277309]]},"properties":{"AADT_CUR":252,"RTE_NM":"1129900","RTE_PRFX":"CS","RTE_NBR":"1129900","SYSTEM":"Off"}},{"type":"Feature","geometry":{"type":"LineString","coordinates":[[-95.4084925523701,29.7779848194202],[-95.40849208,29.7779901999987],[-95.40848908,29.7785081199987]]},"properties":{"AADT_CUR":397,"RTE_NM":"1127886","RTE_PRFX":"CS","RTE_NBR":"1127886","SYSTEM":"Off"}},{"type":"Feature","geometry":{"type":"LineString","coordinates":[[-95.387761283756,29.7866306598427],[-95.38775652,29.7866307199988],[-95.38600106,29.7866503399988],[-95.3842875900308,29.7866722111579],[-95.38204666,29.7867007799988],[-95.3807602573067,29.7867100900244],[-95.37932413,29.7867296399988],[-95.37785792,29.7867400099988],[-95.37640975,29.7867513799988],[-95.37496068,29.7867688099988],[-95.3741449170566,29.7867704634885],[-95.3731322,29.7867776999988],[-95.372121433192,29.7867911253947]]},"properties":{"AADT_CUR":1125,"RTE_NM":"1120224","RTE_PRFX":"CS","RTE_NBR":"1120224","SYSTEM":"Off"}},{"type":"Feature","geometry":{"type":"LineString","coordinates":[[-95.3225156228915,29.7218712673258],[-95.32212451,29.7228594399984],[-95.3213717516756,29.7247762759592],[-95.3203162434442,29.7274429759327]]},"properties":{"AADT_CUR":252,"RTE_NM":"1122458","RTE_PRFX":"CS","RTE_NBR":"1122458","SYSTEM":"Off"}},{"type":"Feature","geometry":{"type":"LineString","coordinates":[[-95.3178772911493,29.726722619593],[-95.31777851,29.7266925799984],[-95.3168721124306,29.7264225590423],[-95.3160074868973,29.7261649747835],[-95.3153541270551,29.7259703247712],[-95.3130816709899,29.7252932787606],[-95.3113047184894,29.7247638260918],[-95.311266146409,29.7247523329907]]},"properties":{"AADT_CUR":4609,"RTE_NM":"256645","RTE_PRFX":"CS","RTE_NBR":"256645","SYSTEM":"Off"}},{"type":"Feature","geometry":{"type":"LineString","coordinates":[[-95.32696087,29.79061331],[-95.32657588,29.79061961],[-95.32643535,29.79061386],[-95.3257472,29.79060508],[-95.32491925,29.79060071]]},"properties":{"AADT_CUR":252,"RTE_NM":"1130307","RTE_PRFX":"CS","RTE_NBR":"1130307","SYSTEM":"Off"}},{"type":"Feature","geometry":{"type":"LineString","coordinates":[[-95.316370562,29.740048634],[-95.315962992,29.73981184],[-95.315226724,29.739584768],[-95.314750631,29.739432223],[-95.314613838,29.739385644],[-95.314503988,29.739331842],[-95.314324159,29.739248236],[-95.314092148,29.739149256],[-95.313880253,29.739068908],[-95.31373139,29.739045618],[-95.313570458,29.739026986],[-95.313326376,29.738979243],[-95.312914656,29.738872111],[-95.31275713,29.738831587],[-95.312619613,29.738780117],[-95.312401012,29.738699768],[-95.311993315,29.738574004],[-95.311548068,29.738442418],[-95.310693783,29.738176916],[-95.310587836,29.738155955],[-95.310213709,29.738157559]]},"properties":{"AADT_CUR":252,"RTE_NM":"1501609","RTE_PRFX":"CS","RTE_NBR":"1501609","SYSTEM":"Off"}},{"type":"Feature","geometry":{"type":"LineString","coordinates":[[-95.40374923,29.810010919999],[-95.40376889,29.810506889999],[-95.40377665,29.8110395799989],[-95.40377783,29.811532739999],[-95.40378328,29.812032309999],[-95.4037931615092,29.812589113111]]},"properties":{"AADT_CUR":252,"RTE_NM":"1119893","RTE_PRFX":"CS","RTE_NBR":"1119893","SYSTEM":"Off"}},{"type":"Feature","geometry":{"type":"LineString","coordinates":[[-95.36645204,29.7421879],[-95.365647702,29.741684399]]},"properties":{"AADT_CUR":168,"RTE_NM":"1126627","RTE_PRFX":"CS","RTE_NBR":"1126627","SYSTEM":"Off"}},{"type":"Feature","geometry":{"type":"LineString","coordinates":[[-95.36297447,29.78555896],[-95.36201392,29.78555089],[-95.3607786,29.78553135],[-95.36071134,29.78549798],[-95.35891302,29.7855254],[-95.35830782,29.78554552],[-95.35813522,29.78556007],[-95.35758622,29.78561253]]},"properties":{"AADT_CUR":252,"RTE_NM":"1127806","RTE_PRFX":"CS","RTE_NBR":"1127806","SYSTEM":"Off"}},{"type":"Feature","geometry":{"type":"LineString","coordinates":[[-95.38201483,29.7844116899988],[-95.3807263254271,29.784417342701],[-95.37928931,29.7844281499988],[-95.37919501,29.7844378499988],[-95.37896576,29.7844460199988],[-95.37886992,29.7844997199988],[-95.3788022,29.7845515799988],[-95.37873323,29.7845779799988],[-95.3786629,29.7845817299988],[-95.37794251,29.7845836099988],[-95.37782506,29.7845913899988],[-95.37639713,29.7846070099988],[-95.3749385,29.7846185199988],[-95.37416663,29.7846234399988],[-95.3741248087214,29.7846966452335],[-95.3741143,29.7847150399988],[-95.37407654,29.7848443699988],[-95.37321067,29.7848556399988],[-95.37310401,29.7848637099988],[-95.3721195121414,29.7848746625587]]},"properties":{"AADT_CUR":252,"RTE_NM":"1121142","RTE_PRFX":"CS","RTE_NBR":"1121142","SYSTEM":"Off"}},{"type":"Feature","geometry":{"type":"LineString","coordinates":[[-95.3712767703728,29.7585694356413],[-95.37122061,29.75853343],[-95.369564400448,29.7575664548401]]},"properties":{"AADT_CUR":1974,"RTE_NM":"256177","RTE_PRFX":"CS","RTE_NBR":"256177","SYSTEM":"Off"}},{"type":"Feature","geometry":{"type":"LineString","coordinates":[[-95.40005814,29.7897290699988],[-95.3989734412271,29.7897573460739],[-95.3976898367842,29.7897706592428]]},"properties":{"AADT_CUR":252,"RTE_NM":"1131501","RTE_PRFX":"CS","RTE_NBR":"1131501","SYSTEM":"Off"}},{"type":"Feature","geometry":{"type":"LineString","coordinates":[[-95.40847183,29.72190205],[-95.40678274,29.72222364]]},"properties":{"AADT_CUR":252,"RTE_NM":"1128461","RTE_PRFX":"CS","RTE_NBR":"1128461","SYSTEM":"Off"}},{"type":"Feature","geometry":{"type":"LineString","coordinates":[[-95.43251621,29.78503347],[-95.43112585,29.78502685]]},"properties":{"AADT_CUR":252,"RTE_NM":"1125964","RTE_PRFX":"CS","RTE_NBR":"1125964","SYSTEM":"Off"}},{"type":"Feature","geometry":{"type":"LineString","coordinates":[[-95.3424894608649,29.772366888585],[-95.3424727177939,29.7723683218512]]},"properties":{"AADT_CUR":256,"RTE_NM":"1127679","RTE_PRFX":"CS","RTE_NBR":"1127679","SYSTEM":"Off"}},{"type":"Feature","geometry":{"type":"LineString","coordinates":[[-95.35851608,29.79560448],[-95.35852294,29.79637546],[-95.35853166,29.79663575],[-95.35856036,29.79776128],[-95.35856604,29.79807488]]},"properties":{"AADT_CUR":252,"RTE_NM":"1123088","RTE_PRFX":"CS","RTE_NBR":"1123088","SYSTEM":"Off"}},{"type":"Feature","geometry":{"type":"LineString","coordinates":[[-95.42814731,29.78619227],[-95.42794575,29.78619944],[-95.42602851,29.78620778],[-95.42578991,29.78620885]]},"properties":{"AADT_CUR":252,"RTE_NM":"1128397","RTE_PRFX":"CS","RTE_NBR":"1128397","SYSTEM":"Off"}},{"type":"Feature","geometry":{"type":"LineString","coordinates":[[-95.35699284,29.79232956],[-95.35600709,29.79233496],[-95.35505641,29.79233283],[-95.35408469,29.79234505],[-95.35307595,29.79235549],[-95.35213677,29.79236388],[-95.35116092,29.79237572],[-95.35017272,29.79241145]]},"properties":{"AADT_CUR":252,"RTE_NM":"1120709","RTE_PRFX":"CS","RTE_NBR":"1120709","SYSTEM":"Off"}},{"type":"Feature","geometry":{"type":"LineString","coordinates":[[-95.33590157,29.79240251],[-95.33199955,29.79246505]]},"properties":{"AADT_CUR":252,"RTE_NM":"1120927","RTE_PRFX":"CS","RTE_NBR":"1120927","SYSTEM":"Off"}},{"type":"Feature","geometry":{"type":"LineString","coordinates":[[-95.3533501477112,29.8135872558241],[-95.35284792,29.81343546],[-95.34862259,29.81208721],[-95.34630395,29.81136988],[-95.34625159,29.81135368],[-95.34615181,29.81132034],[-95.34604245,29.8112838],[-95.34509471,29.81096712],[-95.34004428,29.80937079],[-95.33915451,29.80910702],[-95.33820238,29.8088034],[-95.33733727,29.80859636],[-95.3369228645435,29.8085242967031]]},"properties":{"AADT_CUR":194204,"RTE_NM":"IH0610-LG","RTE_PRFX":"IH","RTE_NBR":"610","SYSTEM":"On"}},{"type":"Feature","geometry":{"type":"LineString","coordinates":[[-95.38960898,29.70259417],[-95.38979936,29.70291828],[-95.38987374,29.70310043],[-95.38972022,29.70352117],[-95.38946817,29.70421894],[-95.38923609,29.70477362]]},"properties":{"AADT_CUR":252,"RTE_NM":"1125876","RTE_PRFX":"CS","RTE_NBR":"1125876","SYSTEM":"Off"}},{"type":"Feature","geometry":{"type":"LineString","coordinates":[[-95.37422727,29.70261195],[-95.37421554,29.70242513],[-95.37420891,29.70213926],[-95.37420498,29.70186097],[-95.37420979,29.7015377],[-95.37423082,29.70132386],[-95.37429416,29.70102848],[-95.37430739,29.70098485],[-95.37432494,29.70092695],[-95.3745128,29.70036979],[-95.37482679,29.69927425],[-95.37493532,29.69893154],[-95.37497301,29.69884139],[-95.37527684,29.69796703],[-95.37546762,29.697406],[-95.3755799,29.6970951],[-95.37566854,29.69688749],[-95.37575724,29.69670262],[-95.37588575,29.69646321],[-95.37605949,29.696121],[-95.37622833,29.69574568]]},"properties":{"AADT_CUR":11384,"RTE_NM":"SH0288-XG","RTE_PRFX":"SH","RTE_NBR":"288","SYSTEM":"On"}},{"type":"Feature","geometry":{"type":"LineString","coordinates":[[-95.3067839653883,29.7356708487207],[-95.30603189,29.73753215],[-95.30156221,29.74828819],[-95.30018781,29.75163648],[-95.30010377,29.75181004],[-95.29991864,29.75205905],[-95.29962828,29.75232216],[-95.29730313,29.75395219],[-95.2963583,29.75465554],[-95.29603547,29.75490282],[-95.29572577,29.75521152],[-95.29559217,29.7553856],[-95.29544843,29.75557288],[-95.2952944,29.75583617],[-95.29511433,29.75625041],[-95.29503431,29.75652693],[-95.2949495,29.75711106],[-95.29463925,29.76001507],[-95.29458646,29.76080262],[-95.29457487,29.76143649],[-95.29462517,29.76322094],[-95.29462263,29.76482508],[-95.2946683,29.76658628],[-95.29466422,29.76680554],[-95.29463843,29.76701857],[-95.29463206,29.76704678],[-95.29458919,29.7672363],[-95.29451221,29.76746876],[-95.29440516,29.76771206],[-95.2942731,29.76795323],[-95.29412119,29.76819589],[-95.29405443,29.76829396],[-95.29199492,29.77131906],[-95.29176288,29.7717596],[-95.29164964,29.77209179],[-95.29156875,29.7724913],[-95.29154987,29.77281651]]},"properties":{"AADT_CUR":30543,"RTE_NM":"UA0090-LG","RTE_PRFX":"UA","RTE_NBR":"90","SYSTEM":"On"}},{"type":"Feature","geometry":{"type":"LineString","coordinates":[[-95.3045443951355,29.8090243649098],[-95.30443915,29.80898223],[-95.3037203,29.80861087],[-95.29819657,29.80560775],[-95.29777567,29.80539103],[-95.29736506,29.80520164],[-95.29673746,29.80495475],[-95.29620438,29.80478275],[-95.29574913,29.80466523],[-95.29517735,29.80455041],[-95.29448525,29.8044501],[-95.29395511,29.80440178],[-95.29342013,29.80438675],[-95.28985296,29.80442865],[-95.287553,29.80447301],[-95.28513857,29.80448679],[-95.2845813571521,29.8044804470774]]},"properties":{"AADT_CUR":161140,"RTE_NM":"IH0610-LG","RTE_PRFX":"IH","RTE_NBR":"610","SYSTEM":"On"}},{"type":"Feature","geometry":{"type":"LineString","coordinates":[[-95.3742340972569,29.7681681350662],[-95.37423475,29.7681781299987],[-95.3742320377951,29.7681968670923]]},"properties":{"AADT_CUR":252,"RTE_NM":"1128699","RTE_PRFX":"CS","RTE_NBR":"1128699","SYSTEM":"Off"}},{"type":"Feature","geometry":{"type":"LineString","coordinates":[[-95.4106241546022,29.7335687096041],[-95.4106035,29.73120117],[-95.4106065696592,29.7308483091724]]},"properties":{"AADT_CUR":16540,"RTE_NM":"257133","RTE_PRFX":"CS","RTE_NBR":"257133","SYSTEM":"Off"}},{"type":"Feature","geometry":{"type":"LineString","coordinates":[[-95.4185402301325,29.7222916462263],[-95.41853346,29.7222869599984],[-95.4185088286487,29.7222871726755]]},"properties":{"AADT_CUR":252,"RTE_NM":"1252514","RTE_PRFX":"CS","RTE_NBR":"1252514","SYSTEM":"Off"}},{"type":"Feature","geometry":{"type":"LineString","coordinates":[[-95.4276815997224,29.7187271483477],[-95.4276649666132,29.7187274176247]]},"properties":{"AADT_CUR":252,"RTE_NM":"1252504","RTE_PRFX":"CS","RTE_NBR":"1252504","SYSTEM":"Off"}},{"type":"Feature","geometry":{"type":"LineString","coordinates":[[-95.3505140132686,29.7416375312828],[-95.3505045696945,29.7416494769815]]},"properties":{"AADT_CUR":171,"RTE_NM":"1127780","RTE_PRFX":"CS","RTE_NBR":"1127780","SYSTEM":"Off"}},{"type":"Feature","geometry":{"type":"LineString","coordinates":[[-95.3666532,29.70815755],[-95.3661558,29.70833159],[-95.36587852,29.70840428],[-95.3653186,29.70847445],[-95.36368567,29.70860512],[-95.36314711,29.70862464],[-95.36303093,29.70859161],[-95.36295581,29.70850419],[-95.36284658,29.70824173],[-95.36276672,29.70802641],[-95.36269177,29.70781831]]},"properties":{"AADT_CUR":252,"RTE_NM":"1127232","RTE_PRFX":"CS","RTE_NBR":"1127232","SYSTEM":"Off"}},{"type":"Feature","geometry":{"type":"LineString","coordinates":[[-95.33338988,29.78046318],[-95.33334066,29.78046435],[-95.33321845,29.78048372],[-95.33311249,29.78053383],[-95.33260191,29.78075474],[-95.33178108,29.78111508],[-95.33148095,29.78125137],[-95.33094492,29.78151432],[-95.33089009,29.78151029],[-95.33015481,29.78182783],[-95.32940576,29.78215613],[-95.3293671,29.78218536]]},"properties":{"AADT_CUR":252,"RTE_NM":"1124415","RTE_PRFX":"CS","RTE_NBR":"1124415","SYSTEM":"Off"}},{"type":"Feature","geometry":{"type":"LineString","coordinates":[[-95.3807066410306,29.7965254884416],[-95.38070352,29.7965287299967],[-95.3806965700002,29.7971127099988],[-95.38073261,29.7977900199967],[-95.3807183,29.7981932199967],[-95.3807182742394,29.7981995015964],[-95.38071581,29.7988003899967],[-95.38104641,29.7991667899989],[-95.38105898,29.7998459499978],[-95.38106303,29.8005355399967]]},"properties":{"AADT_CUR":252,"RTE_NM":"1122975","RTE_PRFX":"CS","RTE_NBR":"1122975","SYSTEM":"Off"}},{"type":"Feature","geometry":{"type":"LineString","coordinates":[[-95.40396264,29.76949907],[-95.40396227,29.77023432],[-95.40396426,29.77025361],[-95.40399392,29.77029082],[-95.404,29.77111508],[-95.40404358,29.77204919],[-95.40404352,29.77222354],[-95.40406547,29.77250648],[-95.40409331,29.77292922],[-95.40409876,29.77298765],[-95.40412078,29.77339992],[-95.40413152,29.77346431],[-95.40415117,29.77418819],[-95.40416949,29.77492255],[-95.40417746,29.77515745],[-95.40426335,29.77518667],[-95.40435123,29.77521287],[-95.40436517,29.77584224],[-95.40438072,29.77650929]]},"properties":{"AADT_CUR":252,"RTE_NM":"1130844","RTE_PRFX":"CS","RTE_NBR":"1130844","SYSTEM":"Off"}},{"type":"Feature","geometry":{"type":"LineString","coordinates":[[-95.3700300318226,29.7785709037791],[-95.36999394,29.7786005],[-95.36986824,29.77873192],[-95.36976539,29.77886987],[-95.36963316,29.7790674],[-95.36947072,29.77932942],[-95.36921687,29.77979223],[-95.36898913,29.78019628],[-95.36883731,29.78048931],[-95.36876548,29.78065991],[-95.36871324,29.78080683],[-95.36855622,29.78116506]]},"properties":{"AADT_CUR":9600,"RTE_NM":"1633910414","RTE_PRFX":"IH","RTE_NBR":"10","SYSTEM":"On"}},{"type":"Feature","geometry":{"type":"LineString","coordinates":[[-95.32248605,29.7160420299983],[-95.3216128218464,29.7157743782244]]},"properties":{"AADT_CUR":252,"RTE_NM":"1126563","RTE_PRFX":"CS","RTE_NBR":"1126563","SYSTEM":"Off"}},{"type":"Feature","geometry":{"type":"LineString","coordinates":[[-95.33926223,29.79552891],[-95.33843499,29.79554586]]},"properties":{"AADT_CUR":252,"RTE_NM":"1125931","RTE_PRFX":"CS","RTE_NBR":"1125931","SYSTEM":"Off"}},{"type":"Feature","geometry":{"type":"LineString","coordinates":[[-95.3229946460854,29.7876710461496],[-95.32299474,29.7876808999988],[-95.322997,29.7883798999988],[-95.32298315,29.7888907399988],[-95.32297596,29.7890902499988],[-95.32298036,29.7895717499988],[-95.32298428,29.7902928799988],[-95.32298489,29.7908543899988],[-95.32298848,29.7910026599989],[-95.3230051,29.7916986599988],[-95.3230071,29.7917258199988]]},"properties":{"AADT_CUR":252,"RTE_NM":"1129618","RTE_PRFX":"CS","RTE_NBR":"1129618","SYSTEM":"Off"}},{"type":"Feature","geometry":{"type":"LineString","coordinates":[[-95.4415182191691,29.7326327365158],[-95.4414927800497,29.7326334435857],[-95.44142167,29.7326354199984],[-95.4384385152761,29.7327107275506],[-95.43636383,29.7327630599984],[-95.43498833,29.7327800699984],[-95.43343315,29.7330298199984],[-95.4323279780889,29.7332198635126],[-95.43086198,29.7336348099984],[-95.43019929,29.7337542699984],[-95.4293024540691,29.733841802952]]},"properties":{"AADT_CUR":18965,"RTE_NM":"257017","RTE_PRFX":"CS","RTE_NBR":"257017","SYSTEM":"Off"}},{"type":"Feature","geometry":{"type":"LineString","coordinates":[[-95.4374272016733,29.7177256685724],[-95.43404095,29.7177739199983],[-95.43367613,29.7178015399983],[-95.4336759421776,29.7178014011581]]},"properties":{"AADT_CUR":252,"RTE_NM":"1252500","RTE_PRFX":"CS","RTE_NBR":"1252500","SYSTEM":"Off"}},{"type":"Feature","geometry":{"type":"LineString","coordinates":[[-95.40896203,29.81644886],[-95.40815727,29.81673289],[-95.40782018,29.81683575],[-95.40721772,29.81699548],[-95.40654224,29.81712454],[-95.40605498,29.81718448],[-95.40559392,29.81722833],[-95.4051703,29.81724968],[-95.40489743,29.81725272],[-95.40418177,29.81723712],[-95.40335761,29.81720277],[-95.40233992,29.81717514],[-95.40190836,29.817169],[-95.4009425,29.81717498],[-95.40014805,29.81719295],[-95.39981641,29.81720399],[-95.39962256,29.81721074],[-95.3994751,29.81719393]]},"properties":{"AADT_CUR":252,"RTE_NM":"1131527","RTE_PRFX":"CS","RTE_NBR":"1131527","SYSTEM":"Off"}},{"type":"Feature","geometry":{"type":"LineString","coordinates":[[-95.4149862966578,29.7214931143006],[-95.4149696481532,29.7214933614125]]},"properties":{"AADT_CUR":252,"RTE_NM":"1128461","RTE_PRFX":"CS","RTE_NBR":"1128461","SYSTEM":"Off"}},{"type":"Feature","geometry":{"type":"LineString","coordinates":[[-95.3910922046215,29.7325639697539],[-95.39047208,29.7325701699984],[-95.39027148,29.7325715899984],[-95.38979834,29.7325746199984],[-95.38882039,29.7325866799984],[-95.38785104,29.7325929699984]]},"properties":{"AADT_CUR":252,"RTE_NM":"1132363","RTE_PRFX":"CS","RTE_NBR":"1132363","SYSTEM":"Off"}},{"type":"Feature","geometry":{"type":"LineString","coordinates":[[-95.38789318,29.7370699199984],[-95.38692864,29.7370855599985],[-95.38541248,29.7371145599985],[-95.38442838,29.7371181899985],[-95.3836634984428,29.7371188182392]]},"properties":{"AADT_CUR":252,"RTE_NM":"1120794","RTE_PRFX":"CS","RTE_NBR":"1120794","SYSTEM":"Off"}},{"type":"Feature","geometry":{"type":"LineString","coordinates":[[-95.345227609,29.741853391],[-95.34523686,29.74199943],[-95.3452505,29.74215538],[-95.34525941,29.7422772],[-95.34526389,29.7423989],[-95.3452641,29.74251663],[-95.34523946,29.74288086],[-95.34519378,29.74313494],[-95.34512788,29.74337023],[-95.3450473,29.74357777],[-95.34494097,29.74379761]]},"properties":{"AADT_CUR":2404,"RTE_NM":"1129622","RTE_PRFX":"CS","RTE_NBR":"1129622","SYSTEM":"Off"}},{"type":"Feature","geometry":{"type":"LineString","coordinates":[[-95.348787329319,29.7060484771077],[-95.34764604,29.7057022199982]]},"properties":{"AADT_CUR":252,"RTE_NM":"1119570","RTE_PRFX":"CS","RTE_NBR":"1119570","SYSTEM":"Off"}},{"type":"Feature","geometry":{"type":"LineString","coordinates":[[-95.37875339,29.75209296],[-95.37863957,29.75211504],[-95.37863992,29.7527027],[-95.37864095,29.75297483],[-95.37865131,29.75309335],[-95.37865983,29.7539174],[-95.3786682,29.75454209],[-95.37867782,29.75516777],[-95.3786823,29.75580509],[-95.37868556,29.75643081],[-95.37869592,29.75706322],[-95.37869843,29.75772309],[-95.37868856,29.75788624]]},"properties":{"AADT_CUR":252,"RTE_NM":"1131228","RTE_PRFX":"CS","RTE_NBR":"1131228","SYSTEM":"Off"}},{"type":"Feature","geometry":{"type":"LineString","coordinates":[[-95.3947016,29.75812195],[-95.39459523,29.75812553],[-95.39405595,29.75813736],[-95.39355351,29.75814441],[-95.39351733,29.75813092]]},"properties":{"AADT_CUR":252,"RTE_NM":"1131603","RTE_PRFX":"CS","RTE_NBR":"1131603","SYSTEM":"Off"}},{"type":"Feature","geometry":{"type":"LineString","coordinates":[[-95.3795074722359,29.7804494113457],[-95.3795168082924,29.7804613632089]]},"properties":{"AADT_CUR":252,"RTE_NM":"1124159","RTE_PRFX":"CS","RTE_NBR":"1124159","SYSTEM":"Off"}},{"type":"Feature","geometry":{"type":"LineString","coordinates":[[-95.3808721826091,29.7905500992581],[-95.38092163,29.7905862099988],[-95.38094358,29.7906248499988],[-95.38095605,29.7915253699988],[-95.3809819,29.7922372499988],[-95.38098952,29.7929526999988],[-95.38099336,29.7932772299988],[-95.38099754,29.7936601199988],[-95.38101659,29.7943764999989],[-95.38102367,29.7950805399989],[-95.38101866,29.7954188599989]]},"properties":{"AADT_CUR":252,"RTE_NM":"1131778","RTE_PRFX":"CS","RTE_NBR":"1131778","SYSTEM":"Off"}},{"type":"Feature","geometry":{"type":"LineString","coordinates":[[-95.39757997,29.78515585],[-95.39630704,29.78517396],[-95.39520402,29.78520194],[-95.39410737,29.78521715],[-95.39299066,29.78524213],[-95.39189425,29.78525044],[-95.39179559,29.78525885],[-95.39089588,29.7852536],[-95.38985149,29.78526077],[-95.3897324,29.78527449],[-95.38860588,29.78528518],[-95.38779726,29.78529343],[-95.38774116,29.785248]]},"properties":{"AADT_CUR":252,"RTE_NM":"1122751","RTE_PRFX":"CS","RTE_NBR":"1122751","SYSTEM":"Off"}},{"type":"Feature","geometry":{"type":"LineString","coordinates":[[-95.41517941,29.7552143],[-95.41511289,29.75537655],[-95.41505041,29.75563811],[-95.41490365,29.75589145],[-95.41456638,29.75628168],[-95.41425772,29.75656576],[-95.41398016,29.75678219],[-95.41366643,29.75699263],[-95.41349395,29.75709908],[-95.41298578,29.75735456],[-95.4126754,29.75748536],[-95.41209367,29.7576773],[-95.41154592,29.75779489],[-95.41104202,29.75785436],[-95.41050102,29.75786703],[-95.41023116,29.75784949],[-95.4098736,29.75784886],[-95.40967177,29.7579344],[-95.40957004,29.75802768],[-95.40950098,29.75812519],[-95.40937766,29.75839305],[-95.40937789,29.75854891],[-95.40941258,29.75869618],[-95.40951568,29.75886419],[-95.4096837,29.75907234],[-95.40978146,29.75922003]]},"properties":{"AADT_CUR":252,"RTE_NM":"1131081","RTE_PRFX":"CS","RTE_NBR":"1131081","SYSTEM":"Off"}},{"type":"Feature","geometry":{"type":"LineString","coordinates":[[-95.3211045,29.7803787],[-95.32008181,29.780395],[-95.31923299,29.78041298],[-95.31830584,29.78042848],[-95.31743881,29.78043445]]},"properties":{"AADT_CUR":243,"RTE_NM":"1127423","RTE_PRFX":"CS","RTE_NBR":"1127423","SYSTEM":"Off"}},{"type":"Feature","geometry":{"type":"LineString","coordinates":[[-95.3323696051546,29.7496992550695],[-95.33236797,29.7497032499985],[-95.33155006,29.7507510899986],[-95.33104515,29.7513669299986]]},"properties":{"AADT_CUR":252,"RTE_NM":"1127167","RTE_PRFX":"CS","RTE_NBR":"1127167","SYSTEM":"Off"}},{"type":"Feature","geometry":{"type":"LineString","coordinates":[[-95.328588,29.73340614],[-95.32849413,29.73344414],[-95.32690419,29.73350979],[-95.32532771,29.7335783]]},"properties":{"AADT_CUR":252,"RTE_NM":"1130392","RTE_PRFX":"CS","RTE_NBR":"1130392","SYSTEM":"Off"}},{"type":"Feature","geometry":{"type":"LineString","coordinates":[[-95.32515243,29.7083616199982],[-95.32492628,29.7089344999983],[-95.32424506,29.7106699999983],[-95.32402097,29.7112430699983],[-95.3240007851243,29.7112993335315]]},"properties":{"AADT_CUR":252,"RTE_NM":"1128228","RTE_PRFX":"CS","RTE_NBR":"1128228","SYSTEM":"Off"}},{"type":"Feature","geometry":{"type":"LineString","coordinates":[[-95.3687371616934,29.8048135501742],[-95.36872596,29.8048151499989],[-95.36724923,29.8048538099989],[-95.36555969,29.8048717699989],[-95.3610936774685,29.8049403461639],[-95.35743917,29.8050024399989]]},"properties":{"AADT_CUR":252,"RTE_NM":"1121220","RTE_PRFX":"CS","RTE_NBR":"1121220","SYSTEM":"Off"}},{"type":"Feature","geometry":{"type":"LineString","coordinates":[[-95.3558197674956,29.7547868675269],[-95.355647485,29.7547643009986],[-95.355503663,29.7547658229985],[-95.355370062,29.7548084989986],[-95.355264369,29.7548833939986],[-95.355022426,29.7550884989986],[-95.3547982847289,29.7553073648879],[-95.35359089,29.7568317699986],[-95.35299108,29.7576007699986],[-95.3524112331833,29.7583436079743],[-95.35182298,29.7590942999986]]},"properties":{"AADT_CUR":252,"RTE_NM":"1124349","RTE_PRFX":"CS","RTE_NBR":"1124349","SYSTEM":"Off"}},{"type":"Feature","geometry":{"type":"LineString","coordinates":[[-95.3159659670109,29.7879177924269],[-95.31594011,29.7879264799976],[-95.3150610967875,29.7882860743387],[-95.3135416350659,29.7889076483002],[-95.3128113992998,29.7892063602994],[-95.3121392102843,29.7894960289131],[-95.3104021999994,29.7902445399978],[-95.30788805,29.7913287999976],[-95.3064926542963,29.7919220923463],[-95.30454506,29.7927501299976],[-95.30181042,29.7939131199978],[-95.3018028334362,29.7939163665404]]},"properties":{"AADT_CUR":1775,"RTE_NM":"256663","RTE_PRFX":"CS","RTE_NBR":"256663","SYSTEM":"Off"}},{"type":"Feature","geometry":{"type":"LineString","coordinates":[[-95.38144129,29.7014403499982],[-95.38140141,29.7014860399982],[-95.38137536,29.7015462999982],[-95.3809413,29.7028200399982],[-95.3807057725781,29.7035421121296],[-95.38048075,29.7041911499982],[-95.38027516,29.7048213699982],[-95.37989443,29.7059913199982],[-95.3795812,29.7069251199982],[-95.3794742008592,29.7072446409326],[-95.37894663,29.7087991699983],[-95.37866643,29.7095939799982],[-95.37844649,29.7102486999982],[-95.37840231,29.7104260799983],[-95.37839786,29.7105516199983],[-95.3783981591974,29.7106755493199]]},"properties":{"AADT_CUR":735,"RTE_NM":"1124054","RTE_PRFX":"CS","RTE_NBR":"1124054","SYSTEM":"Off"}},{"type":"Feature","geometry":{"type":"LineString","coordinates":[[-95.3889143799466,29.8164914446992],[-95.38890687,29.817151869999],[-95.3889187,29.818110739999],[-95.3889845,29.819478049999],[-95.38899867,29.820183869999],[-95.38900625,29.8208825299991],[-95.38902898,29.821578989999],[-95.38903332,29.8222665699991],[-95.38905612,29.822912569999],[-95.38907049,29.8237473099991],[-95.38909616,29.8240039799991],[-95.38911781,29.8241561199991],[-95.38913615,29.8242796099991],[-95.38914576,29.8246508299991],[-95.38914726,29.8248832999991],[-95.38915378,29.8249253599991],[-95.38917504,29.8249632999991]]},"properties":{"AADT_CUR":940,"RTE_NM":"1121987","RTE_PRFX":"CS","RTE_NBR":"1121987","SYSTEM":"Off"}},{"type":"Feature","geometry":{"type":"LineString","coordinates":[[-95.3394098749792,29.776392482999],[-95.3393953572476,29.7763995996259]]},"properties":{"AADT_CUR":268,"RTE_NM":"1127362","RTE_PRFX":"CS","RTE_NBR":"1127362","SYSTEM":"Off"}},{"type":"Feature","geometry":{"type":"LineString","coordinates":[[-95.33435608,29.77362936],[-95.33435551,29.77426005]]},"properties":{"AADT_CUR":252,"RTE_NM":"1261246","RTE_PRFX":"CS","RTE_NBR":"1261246","SYSTEM":"Off"}},{"type":"Feature","geometry":{"type":"LineString","coordinates":[[-95.38082775,29.78055964],[-95.3811084,29.77830824],[-95.3811542025163,29.7777518118861]]},"properties":{"AADT_CUR":8543,"RTE_NM":"257100","RTE_PRFX":"CS","RTE_NBR":"257100","SYSTEM":"Off"}},{"type":"Feature","geometry":{"type":"LineString","coordinates":[[-95.368299023,29.7353149319985],[-95.3681694686635,29.7352377054357],[-95.36731588,29.7347288799984],[-95.36719613,29.7347233199984],[-95.3667223,29.7344382599984],[-95.36642815,29.7342576499984],[-95.3656226762919,29.7337538910401]]},"properties":{"AADT_CUR":252,"RTE_NM":"1130462","RTE_PRFX":"CS","RTE_NBR":"1130462","SYSTEM":"Off"}},{"type":"Feature","geometry":{"type":"LineString","coordinates":[[-95.351508938998,29.7386591118003],[-95.3495943328753,29.7410838247975],[-95.3495831,29.7410980499985],[-95.34890045,29.7419772199985],[-95.34881791,29.7420702099985],[-95.34850925,29.7424811499985],[-95.3478237194844,29.7433191595035]]},"properties":{"AADT_CUR":2558,"RTE_NM":"1131331","RTE_PRFX":"CS","RTE_NBR":"1131331","SYSTEM":"Off"}},{"type":"Feature","geometry":{"type":"LineString","coordinates":[[-95.339253761,29.781176597],[-95.33829965,29.78118065]]},"properties":{"AADT_CUR":243,"RTE_NM":"1127423","RTE_PRFX":"CS","RTE_NBR":"1127423","SYSTEM":"Off"}},{"type":"Feature","geometry":{"type":"LineString","coordinates":[[-95.322515552556,29.7108696084021],[-95.3225104622918,29.7108834629084]]},"properties":{"AADT_CUR":252,"RTE_NM":"1123353","RTE_PRFX":"CS","RTE_NBR":"1123353","SYSTEM":"Off"}},{"type":"Feature","geometry":{"type":"LineString","coordinates":[[-95.33763434,29.70839846],[-95.33729555,29.70846688],[-95.33603604,29.70893671],[-95.33555671,29.70907731],[-95.33450316,29.70933807],[-95.33359939,29.70957178],[-95.3325507027957,29.7098021902331]]},"properties":{"AADT_CUR":22908,"RTE_NM":"UA0090-RG","RTE_PRFX":"UA","RTE_NBR":"90","SYSTEM":"On"}},{"type":"Feature","geometry":{"type":"LineString","coordinates":[[-95.3642831621173,29.7816538828712],[-95.3642677509938,29.7816594302078]]},"properties":{"AADT_CUR":252,"RTE_NM":"1127022","RTE_PRFX":"CS","RTE_NBR":"1127022","SYSTEM":"Off"}},{"type":"Feature","geometry":{"type":"LineString","coordinates":[[-95.38896305,29.77146093],[-95.38894483,29.77149937],[-95.38894543,29.77153833],[-95.38896642,29.7727185],[-95.38895704,29.7727752],[-95.38892557,29.7728313]]},"properties":{"AADT_CUR":252,"RTE_NM":"1122500","RTE_PRFX":"CS","RTE_NBR":"1122500","SYSTEM":"Off"}},{"type":"Feature","geometry":{"type":"LineString","coordinates":[[-95.3391977701478,29.7910839642031],[-95.33918882,29.7910840299977],[-95.33892619,29.7910780099976],[-95.33835019,29.7910656399977],[-95.33740137,29.7910787899976],[-95.33718693,29.7911020999976],[-95.33635897,29.7911007699976],[-95.3359991936122,29.7911136132166]]},"properties":{"AADT_CUR":252,"RTE_NM":"1129000","RTE_PRFX":"CS","RTE_NBR":"1129000","SYSTEM":"Off"}},{"type":"Feature","geometry":{"type":"LineString","coordinates":[[-95.30594521,29.7490959],[-95.30376254,29.74840053],[-95.29979511,29.74714808],[-95.29782446,29.74651488],[-95.29776544,29.74647165],[-95.29768457,29.74640642],[-95.29562415,29.74576837],[-95.2940911,29.74530329]]},"properties":{"AADT_CUR":252,"RTE_NM":"1119999","RTE_PRFX":"CS","RTE_NBR":"1119999","SYSTEM":"Off"}},{"type":"Feature","geometry":{"type":"LineString","coordinates":[[-95.3694616190213,29.8085408363714],[-95.36945177,29.808542339999],[-95.36711606,29.808590229999],[-95.36536933,29.8086142399989],[-95.3611522814526,29.8086816863583],[-95.35750271,29.8087405399989]]},"properties":{"AADT_CUR":252,"RTE_NM":"1124041","RTE_PRFX":"CS","RTE_NBR":"1124041","SYSTEM":"Off"}},{"type":"Feature","geometry":{"type":"LineString","coordinates":[[-95.4224781779528,29.8136126839175],[-95.42249288,29.814394729999]]},"properties":{"AADT_CUR":2913,"RTE_NM":"1120485","RTE_PRFX":"CS","RTE_NBR":"1120485","SYSTEM":"Off"}},{"type":"Feature","geometry":{"type":"LineString","coordinates":[[-95.42488333,29.77444612],[-95.42555022,29.77520062],[-95.42611248,29.77584603],[-95.42616334,29.77593329],[-95.42617368,29.77666075]]},"properties":{"AADT_CUR":252,"RTE_NM":"1121168","RTE_PRFX":"CS","RTE_NBR":"1121168","SYSTEM":"Off"}},{"type":"Feature","geometry":{"type":"LineString","coordinates":[[-95.387048034,29.776626079],[-95.386683329,29.776687258],[-95.386435634,29.776727193],[-95.386312161,29.776743556],[-95.386156835,29.77676283],[-95.385680725,29.776807924],[-95.385215344,29.776857093],[-95.384397268,29.776950216],[-95.383884966,29.777028206],[-95.383302925,29.777142282],[-95.382852313,29.777235404],[-95.382416454,29.777337839],[-95.381906833,29.777469374],[-95.381429399,29.777609057],[-95.380828583,29.777802285],[-95.380151324,29.778033926],[-95.37972217,29.778199217],[-95.379196456,29.778395936],[-95.378901413,29.778507682],[-95.37863185,29.778608951],[-95.378360947,29.778703236],[-95.378012259,29.778798685],[-95.377762813,29.778856886],[-95.377420831,29.778918578],[-95.377121764,29.778960483],[-95.376700656,29.778995403],[-95.376397566,29.779003551],[-95.376094476,29.778993075],[-95.375904039,29.778980271],[-95.37557815,29.778947679],[-95.375304564,29.778906938],[-95.375012203,29.77884641],[-95.374662174,29.778774241],[-95.374325556,29.778699744],[-95.374082816,29.778635723],[-95.373840075,29.778565882],[-95.373376052,29.77841456],[-95.372729639,29.778206201],[-95.3724471082732,29.7781150405134]]},"properties":{"AADT_CUR":230774,"RTE_NM":"IH0010-UG","RTE_PRFX":"IH","RTE_NBR":"10","SYSTEM":"On"}},{"type":"Feature","geometry":{"type":"LineString","coordinates":[[-95.4041855100636,29.7591590533997],[-95.4041858088411,29.7591735725636]]},"properties":{"AADT_CUR":252,"RTE_NM":"1130944","RTE_PRFX":"CS","RTE_NBR":"1130944","SYSTEM":"Off"}},{"type":"Feature","geometry":{"type":"LineString","coordinates":[[-95.3811626805633,29.7380787218159],[-95.3811550499014,29.7381070206416]]},"properties":{"AADT_CUR":252,"RTE_NM":"1131036","RTE_PRFX":"CS","RTE_NBR":"1131036","SYSTEM":"Off"}},{"type":"Feature","geometry":{"type":"LineString","coordinates":[[-95.3450778153467,29.713151249762],[-95.34507473,29.7131419499983],[-95.3450692720349,29.7131232402948]]},"properties":{"AADT_CUR":252,"RTE_NM":"1123236","RTE_PRFX":"CS","RTE_NBR":"1123236","SYSTEM":"Off"}},{"type":"Feature","geometry":{"type":"LineString","coordinates":[[-95.42487036,29.77393356],[-95.4232993,29.77394501],[-95.42188057,29.77396429],[-95.42108702,29.77396945],[-95.42022442,29.77398046],[-95.41936713,29.7739916],[-95.41852969,29.77399644]]},"properties":{"AADT_CUR":252,"RTE_NM":"1126558","RTE_PRFX":"CS","RTE_NBR":"1126558","SYSTEM":"Off"}},{"type":"Feature","geometry":{"type":"LineString","coordinates":[[-95.37005534,29.77007994],[-95.37006669,29.77044212],[-95.37006714,29.77080425],[-95.3700501,29.77127438],[-95.37005806,29.77178705],[-95.37006489,29.77223664],[-95.37007393,29.77232389],[-95.37007529,29.7724965],[-95.37009031,29.77301408],[-95.37010056,29.77368348],[-95.37011218,29.77377313],[-95.37010816,29.77451307],[-95.37012223,29.77522747],[-95.37011958,29.77526036],[-95.37011698,29.77590688]]},"properties":{"AADT_CUR":16,"RTE_NM":"1124017","RTE_PRFX":"CS","RTE_NBR":"1124017","SYSTEM":"Off"}},{"type":"Feature","geometry":{"type":"LineString","coordinates":[[-95.3624967466724,29.7445464557463],[-95.361919777,29.745384108],[-95.361141934,29.746341242],[-95.360246075,29.747372886],[-95.359548699,29.748186783],[-95.358670274,29.749202106],[-95.358168589,29.749789786],[-95.357550624,29.750524111],[-95.35695942,29.751282234],[-95.356086135,29.752392861],[-95.355360597,29.753302191],[-95.354731617,29.754096246],[-95.354203221,29.754757566],[-95.353949752,29.755088224],[-95.35240882,29.757016267],[-95.351578675,29.758074579],[-95.351173661,29.758607806],[-95.350811562,29.759097953],[-95.350599667,29.759443732],[-95.350497743,29.759639324],[-95.350356927,29.759950174],[-95.350252321,29.760237739],[-95.350158443,29.760512496],[-95.350115527,29.760681309],[-95.349913021,29.761702328],[-95.3498946830403,29.7617892148093]]},"properties":{"AADT_CUR":173273,"RTE_NM":"IH0069-RG","RTE_PRFX":"IH","RTE_NBR":"69","SYSTEM":"On"}},{"type":"Feature","geometry":{"type":"LineString","coordinates":[[-95.36635545,29.766961],[-95.36622848,29.76707352],[-95.36613568,29.76720452],[-95.36605012,29.76733742],[-95.36599666,29.76741523],[-95.36591714,29.76752116],[-95.36583625,29.76761569],[-95.36579027,29.76766387],[-95.36573863,29.7677111],[-95.36568451,29.76775616],[-95.365628,29.76779894],[-95.36556924,29.76783934],[-95.3654926,29.76788362],[-95.36541657,29.7679243],[-95.36533263,29.76796123],[-95.36522787,29.76800013],[-95.36511849,29.76803533],[-95.36499353,29.76806299],[-95.36488645,29.76808056],[-95.36476023,29.76809027],[-95.36461654,29.76809055],[-95.36443128,29.76807857],[-95.36421818,29.76804798],[-95.36399934,29.76800356],[-95.36317258,29.7677916],[-95.3623923,29.76758192],[-95.36215809,29.76751297],[-95.36176124,29.76738658],[-95.36134866,29.76725379],[-95.36083872,29.7671476]]},"properties":{"AADT_CUR":12903,"RTE_NM":"1633478418","RTE_PRFX":"IH","RTE_NBR":"10","SYSTEM":"On"}},{"type":"Feature","geometry":{"type":"LineString","coordinates":[[-95.38914511,29.75893296],[-95.38797375,29.75895989],[-95.3857532,29.75900257]]},"properties":{"AADT_CUR":252,"RTE_NM":"1131611","RTE_PRFX":"CS","RTE_NBR":"1131611","SYSTEM":"Off"}},{"type":"Feature","geometry":{"type":"LineString","coordinates":[[-95.3981163463774,29.7573312117724],[-95.39811564,29.75731122],[-95.39806249,29.755263],[-95.39804186,29.75323311],[-95.3980384,29.75289274],[-95.39804232,29.75285751],[-95.3980467,29.75276554],[-95.3980427,29.75267356],[-95.3980423389858,29.7526708900742]]},"properties":{"AADT_CUR":22090,"RTE_NM":"257282","RTE_PRFX":"CS","RTE_NBR":"257282","SYSTEM":"Off"}},{"type":"Feature","geometry":{"type":"LineString","coordinates":[[-95.3151538,29.77369759],[-95.31362902,29.7737064],[-95.31354256,29.77368372]]},"properties":{"AADT_CUR":252,"RTE_NM":"1130423","RTE_PRFX":"CS","RTE_NBR":"1130423","SYSTEM":"Off"}},{"type":"Feature","geometry":{"type":"LineString","coordinates":[[-95.312717059229,29.7209100620698],[-95.31106218,29.7203843899983],[-95.31014222,29.7200919599983]]},"properties":{"AADT_CUR":252,"RTE_NM":"1126021","RTE_PRFX":"CS","RTE_NBR":"1126021","SYSTEM":"Off"}},{"type":"Feature","geometry":{"type":"LineString","coordinates":[[-95.32119971,29.78183464],[-95.32104118,29.78184998],[-95.32017923,29.781846],[-95.31927175,29.78185257],[-95.31834623,29.78185864],[-95.31744778,29.78186545]]},"properties":{"AADT_CUR":300,"RTE_NM":"1125921","RTE_PRFX":"CS","RTE_NBR":"1125921","SYSTEM":"Off"}},{"type":"Feature","geometry":{"type":"LineString","coordinates":[[-95.4180816139574,29.7774050784412],[-95.41796077,29.77361646],[-95.4179667,29.77347993],[-95.417966,29.77331829],[-95.41795693,29.77315684],[-95.4179395,29.77299591],[-95.41791376,29.77283583],[-95.41787975,29.77267693],[-95.41783754,29.77251954],[-95.41778723,29.77236396],[-95.41772891,29.77221053],[-95.41767808,29.77209287],[-95.41763321,29.77197328],[-95.41757956,29.77180999],[-95.41753397,29.77164485],[-95.41749649,29.77147816],[-95.41746722,29.77131023],[-95.41744619,29.77114136],[-95.41743347,29.77097186],[-95.41742904,29.77080204],[-95.41743214,29.77065025]]},"properties":{"AADT_CUR":11515,"RTE_NM":"257195","RTE_PRFX":"CS","RTE_NBR":"257195","SYSTEM":"Off"}},{"type":"Feature","geometry":{"type":"LineString","coordinates":[[-95.38020861,29.70782021],[-95.37973871,29.70919698]]},"properties":{"AADT_CUR":252,"RTE_NM":"1127118","RTE_PRFX":"CS","RTE_NBR":"1127118","SYSTEM":"Off"}},{"type":"Feature","geometry":{"type":"LineString","coordinates":[[-95.3822986445674,29.7125263410537],[-95.38224081,29.7125099],[-95.38016966,29.71189462],[-95.3796808,29.71176304],[-95.37905482,29.71163783],[-95.37857435,29.71160324],[-95.3782269136136,29.7116073183622]]},"properties":{"AADT_CUR":15506,"RTE_NM":"256730","RTE_PRFX":"CS","RTE_NBR":"256730","SYSTEM":"Off"}},{"type":"Feature","geometry":{"type":"LineString","coordinates":[[-95.3627317489499,29.7645769232334],[-95.36319678,29.7639846799986],[-95.3633285405224,29.7638149002874],[-95.36343206,29.7636815099986],[-95.3639082456156,29.7630590975633],[-95.3645101928528,29.7623003805408],[-95.3651189107825,29.7615334572512]]},"properties":{"AADT_CUR":6513,"RTE_NM":"256712","RTE_PRFX":"CS","RTE_NBR":"256712","SYSTEM":"Off"}},{"type":"Feature","geometry":{"type":"LineString","coordinates":[[-95.39893271,29.75531618],[-95.39895074,29.75657428],[-95.3989743,29.75723366],[-95.39900517,29.7573133],[-95.39903158,29.7582712],[-95.39904817,29.75872372],[-95.39905933,29.75947945],[-95.39905109,29.75957311],[-95.39906182,29.76015823],[-95.39909239,29.76086197]]},"properties":{"AADT_CUR":252,"RTE_NM":"1129072","RTE_PRFX":"CS","RTE_NBR":"1129072","SYSTEM":"Off"}},{"type":"Feature","geometry":{"type":"LineString","coordinates":[[-95.39372958,29.76577901],[-95.39324798,29.76578168],[-95.39252048,29.76575778]]},"properties":{"AADT_CUR":252,"RTE_NM":"1122181","RTE_PRFX":"CS","RTE_NBR":"1122181","SYSTEM":"Off"}},{"type":"Feature","geometry":{"type":"LineString","coordinates":[[-95.39267445,29.7742053299987],[-95.3931401695744,29.774193901006]]},"properties":{"AADT_CUR":252,"RTE_NM":"1291862","RTE_PRFX":"CS","RTE_NBR":"1291862","SYSTEM":"Off"}},{"type":"Feature","geometry":{"type":"LineString","coordinates":[[-95.34285638,29.77676915],[-95.34286579,29.77758039],[-95.34287246,29.77857281],[-95.34288169,29.77956828],[-95.34289065,29.78006278],[-95.34289633,29.78041219],[-95.3428967,29.78056524],[-95.34290383,29.78106028],[-95.3428963,29.78154817],[-95.34290952,29.78254099],[-95.34292011,29.78344574],[-95.34288099,29.78349293],[-95.34280997,29.78352222],[-95.34274724,29.78357005],[-95.34270516,29.78363149],[-95.34272368,29.784436],[-95.34275708,29.78565985],[-95.3427802,29.78751328]]},"properties":{"AADT_CUR":252,"RTE_NM":"1122322","RTE_PRFX":"CS","RTE_NBR":"1122322","SYSTEM":"Off"}},{"type":"Feature","geometry":{"type":"LineString","coordinates":[[-95.3171656737529,29.8134915277942],[-95.31706148,29.813491629999],[-95.31378505,29.813539979999],[-95.313581677056,29.8135426889689],[-95.31271347,29.813554249999],[-95.31195548,29.813472339999],[-95.31140306,29.813398029999],[-95.31095866,29.813219969999],[-95.31039527,29.812947709999],[-95.30883808,29.811938279999],[-95.30874359,29.811868369999]]},"properties":{"AADT_CUR":6633,"RTE_NM":"256577","RTE_PRFX":"CS","RTE_NBR":"256577","SYSTEM":"Off"}},{"type":"Feature","geometry":{"type":"LineString","coordinates":[[-95.34347696,29.811000709999],[-95.3435035449297,29.8132370258316]]},"properties":{"AADT_CUR":252,"RTE_NM":"1124874","RTE_PRFX":"CS","RTE_NBR":"1124874","SYSTEM":"Off"}},{"type":"Feature","geometry":{"type":"LineString","coordinates":[[-95.3755802350466,29.8140722743491],[-95.3755635907701,29.8140719416776]]},"properties":{"AADT_CUR":178636,"RTE_NM":"IH0610-KG","RTE_PRFX":"IH","RTE_NBR":"610","SYSTEM":"On"}},{"type":"Feature","geometry":{"type":"LineString","coordinates":[[-95.344914455,29.750951062],[-95.34474967,29.75113145],[-95.34452255,29.75142855],[-95.34393636,29.7521309]]},"properties":{"AADT_CUR":252,"RTE_NM":"1126813","RTE_PRFX":"CS","RTE_NBR":"1126813","SYSTEM":"Off"}},{"type":"Feature","geometry":{"type":"LineString","coordinates":[[-95.33009126,29.7326605099984],[-95.33009154,29.7327060099984],[-95.33007833,29.7327379599984],[-95.32958022,29.7332561799984],[-95.3291221310298,29.7337367077203]]},"properties":{"AADT_CUR":252,"RTE_NM":"1126494","RTE_PRFX":"CS","RTE_NBR":"1126494","SYSTEM":"Off"}},{"type":"Feature","geometry":{"type":"LineString","coordinates":[[-95.383002531874,29.8174117144776],[-95.38299295,29.817412159999],[-95.3829695187808,29.8174142273029]]},"properties":{"AADT_CUR":252,"RTE_NM":"1122723","RTE_PRFX":"CS","RTE_NBR":"1122723","SYSTEM":"Off"}},{"type":"Feature","geometry":{"type":"LineString","coordinates":[[-95.30272433,29.7039859999982],[-95.30245487,29.7044648099982],[-95.30236146,29.7046157799982],[-95.3018156868292,29.7056085000944]]},"properties":{"AADT_CUR":252,"RTE_NM":"1124281","RTE_PRFX":"CS","RTE_NBR":"1124281","SYSTEM":"Off"}},{"type":"Feature","geometry":{"type":"LineString","coordinates":[[-95.3032381521476,29.7746944961866],[-95.30323553,29.7765064299987],[-95.30322894,29.7783236699987],[-95.30322205,29.7793234499987],[-95.30322377,29.7801359199987],[-95.30321812,29.7808293199988],[-95.30321647,29.7815194299987],[-95.30320705,29.7822093299988],[-95.30320554,29.7828960399988],[-95.30321168,29.7835863699988],[-95.30320652,29.7842661799988],[-95.30320099,29.7849561899988],[-95.30320325,29.7856463999988],[-95.30320173,29.7863331199988],[-95.30320046,29.7870130399988],[-95.3031982253779,29.7874961300525]]},"properties":{"AADT_CUR":252,"RTE_NM":"1132504","RTE_PRFX":"CS","RTE_NBR":"1132504","SYSTEM":"Off"}},{"type":"Feature","geometry":{"type":"LineString","coordinates":[[-95.41411719,29.76792815],[-95.41338342,29.767932]]},"properties":{"AADT_CUR":252,"RTE_NM":"1123488","RTE_PRFX":"CS","RTE_NBR":"1123488","SYSTEM":"Off"}},{"type":"Feature","geometry":{"type":"LineString","coordinates":[[-95.39113033,29.75197101],[-95.39110193,29.75198396],[-95.39106229,29.75199054],[-95.3898551,29.75199697],[-95.38982573,29.75199197],[-95.38980778,29.75198304]]},"properties":{"AADT_CUR":252,"RTE_NM":"1122275","RTE_PRFX":"CS","RTE_NBR":"1122275","SYSTEM":"Off"}},{"type":"Feature","geometry":{"type":"LineString","coordinates":[[-95.41429089,29.74005977],[-95.41456538,29.74006712],[-95.41466369,29.74011711],[-95.41468797,29.74020015],[-95.41468237,29.74072447],[-95.41470175,29.741722],[-95.41471462,29.74248365],[-95.41468432,29.74270784],[-95.41471792,29.74399938],[-95.41473435,29.74474243],[-95.41472667,29.74545413],[-95.41472942,29.74574746],[-95.4146683,29.74601634],[-95.41462565,29.74613667],[-95.41465273,29.74628644],[-95.41473825,29.74662025],[-95.41475098,29.74682526]]},"properties":{"AADT_CUR":252,"RTE_NM":"1131911","RTE_PRFX":"CS","RTE_NBR":"1131911","SYSTEM":"Off"}},{"type":"Feature","geometry":{"type":"LineString","coordinates":[[-95.4030365991676,29.7062302514915],[-95.4030199676247,29.706230121812]]},"properties":{"AADT_CUR":30361,"RTE_NM":"256498","RTE_PRFX":"CS","RTE_NBR":"256498","SYSTEM":"Off"}},{"type":"Feature","geometry":{"type":"LineString","coordinates":[[-95.369792035,29.718832317],[-95.368336735,29.71794854]]},"properties":{"AADT_CUR":252,"RTE_NM":"1501630","RTE_PRFX":"CS","RTE_NBR":"1501630","SYSTEM":"Off"}},{"type":"Feature","geometry":{"type":"LineString","coordinates":[[-95.32409996,29.7131547099983],[-95.32359008,29.7144721299983],[-95.32334628,29.7151131099983],[-95.32314428,29.7156363499983],[-95.32294256,29.7161801599983],[-95.32267426,29.7168921499983],[-95.3219941178726,29.7186267228517]]},"properties":{"AADT_CUR":252,"RTE_NM":"1125523","RTE_PRFX":"CS","RTE_NBR":"1125523","SYSTEM":"Off"}},{"type":"Feature","geometry":{"type":"LineString","coordinates":[[-95.31110886,29.81523803],[-95.31111818,29.81766951],[-95.3111152,29.82082753],[-95.31111417,29.82429399],[-95.31111239,29.82686424],[-95.31110904,29.82756675]]},"properties":{"AADT_CUR":1017,"RTE_NM":"1124769","RTE_PRFX":"CS","RTE_NBR":"1124769","SYSTEM":"Off"}},{"type":"Feature","geometry":{"type":"LineString","coordinates":[[-95.37515485,29.81628654],[-95.37514808,29.81619845],[-95.37513116,29.81612456],[-95.37505692,29.81605567],[-95.37431264,29.81543519],[-95.37401286,29.81518789],[-95.37358705,29.81484547]]},"properties":{"AADT_CUR":252,"RTE_NM":"1127213","RTE_PRFX":"CS","RTE_NBR":"1127213","SYSTEM":"Off"}},{"type":"Feature","geometry":{"type":"LineString","coordinates":[[-95.38089988,29.811501809999],[-95.38090921,29.811907799999],[-95.38091309,29.812575539999],[-95.38092218,29.813248059999],[-95.3809355772927,29.813697815374]]},"properties":{"AADT_CUR":252,"RTE_NM":"1122911","RTE_PRFX":"CS","RTE_NBR":"1122911","SYSTEM":"Off"}},{"type":"Feature","geometry":{"type":"LineString","coordinates":[[-95.3422967713986,29.8067072925532],[-95.342280132731,29.8067074924954]]},"properties":{"AADT_CUR":252,"RTE_NM":"1125096","RTE_PRFX":"CS","RTE_NBR":"1125096","SYSTEM":"Off"}},{"type":"Feature","geometry":{"type":"LineString","coordinates":[[-95.34879829,29.75496677],[-95.3499123645656,29.7535561936152]]},"properties":{"AADT_CUR":6072,"RTE_NM":"256200","RTE_PRFX":"CS","RTE_NBR":"256200","SYSTEM":"Off"}},{"type":"Feature","geometry":{"type":"LineString","coordinates":[[-95.4277467010524,29.7245558772553],[-95.42480362,29.7245855499984],[-95.42211744,29.7246291699984],[-95.41868658,29.7246763799984],[-95.41856746033,29.7246485304143]]},"properties":{"AADT_CUR":252,"RTE_NM":"1252545","RTE_PRFX":"CS","RTE_NBR":"1252545","SYSTEM":"Off"}},{"type":"Feature","geometry":{"type":"LineString","coordinates":[[-95.3744048767952,29.7056974530378],[-95.37440384,29.7057000399982],[-95.37411775,29.7063738299982]]},"properties":{"AADT_CUR":252,"RTE_NM":"1129659","RTE_PRFX":"CS","RTE_NBR":"1129659","SYSTEM":"Off"}},{"type":"Feature","geometry":{"type":"LineString","coordinates":[[-95.38242521,29.73806869],[-95.38267857,29.73781345],[-95.38292976,29.73752562],[-95.38318095,29.73722559],[-95.38348448,29.73685403],[-95.38371997,29.73655748],[-95.38407757,29.7361022],[-95.38434795,29.73575681],[-95.38481719,29.73519511],[-95.38530737,29.7345776],[-95.38583941,29.73389205],[-95.38613393,29.73350368],[-95.38629804,29.73329491],[-95.38650123,29.73303702],[-95.38663632,29.73289189],[-95.38677029,29.73276239],[-95.38699133,29.73256925],[-95.3872068,29.73244198],[-95.38744795,29.73232364],[-95.3877036,29.73222651],[-95.38794028,29.73215841],[-95.38817026,29.73211375],[-95.38828007,29.73209281]]},"properties":{"AADT_CUR":61540,"RTE_NM":"SS0527-UG","RTE_PRFX":"SS","RTE_NBR":"527","SYSTEM":"On"}},{"type":"Feature","geometry":{"type":"LineString","coordinates":[[-95.35764793,29.74375403],[-95.35731181,29.74350195],[-95.35712733,29.74332461],[-95.35698715,29.74312239],[-95.35685431,29.74286401],[-95.35679123,29.74264979],[-95.35672078,29.74226096],[-95.35663364,29.74191778],[-95.35654844,29.74158226],[-95.35652025,29.74144903],[-95.35643566,29.74127761],[-95.35630006,29.74103994],[-95.35611947,29.74085081],[-95.35560247,29.74047188],[-95.3552964,29.74027571],[-95.35385408,29.7393389],[-95.35372698,29.73925634],[-95.35320805,29.73889462],[-95.35196384,29.73814504],[-95.34939662,29.73652088],[-95.34842397,29.73590549],[-95.34765849,29.73540894],[-95.3473925979939,29.7352364600889]]},"properties":{"AADT_CUR":14058,"RTE_NM":"SS0005-RG","RTE_PRFX":"SS","RTE_NBR":"5","SYSTEM":"On"}},{"type":"Feature","geometry":{"type":"LineString","coordinates":[[-95.35329361,29.70341129],[-95.35289891,29.7034691],[-95.3522744,29.70342127]]},"properties":{"AADT_CUR":252,"RTE_NM":"1131574","RTE_PRFX":"CS","RTE_NBR":"1131574","SYSTEM":"Off"}},{"type":"Feature","geometry":{"type":"LineString","coordinates":[[-95.3237070930546,29.7470234081774],[-95.32370316,29.7470329199985],[-95.32294331,29.7486968599985],[-95.32254096,29.7495908999986],[-95.3221287787696,29.7505184726879],[-95.32176903,29.7513047699986]]},"properties":{"AADT_CUR":252,"RTE_NM":"1127138","RTE_PRFX":"CS","RTE_NBR":"1127138","SYSTEM":"Off"}},{"type":"Feature","geometry":{"type":"LineString","coordinates":[[-95.32457384,29.73799409],[-95.32532617,29.73822581]]},"properties":{"AADT_CUR":252,"RTE_NM":"1126645","RTE_PRFX":"CS","RTE_NBR":"1126645","SYSTEM":"Off"}},{"type":"Feature","geometry":{"type":"LineString","coordinates":[[-95.4200861612369,29.7779168792483],[-95.42008167,29.7782757599987],[-95.42007621,29.7783548499987],[-95.42008196,29.7790028599988],[-95.42006923,29.7790864099988],[-95.42008874,29.7798129399988],[-95.42010156,29.7805432399988],[-95.4201157,29.7812735699987],[-95.4201244133082,29.7819837974423],[-95.42012463,29.7820014599988],[-95.42012838,29.7822722499987]]},"properties":{"AADT_CUR":252,"RTE_NM":"1128490","RTE_PRFX":"CS","RTE_NBR":"1128490","SYSTEM":"Off"}},{"type":"Feature","geometry":{"type":"LineString","coordinates":[[-95.3468973475064,29.7936238991336],[-95.346886053,29.793624338],[-95.346842216,29.793657186],[-95.346845778,29.79380396],[-95.346884209,29.793839005],[-95.346941374,29.793858148],[-95.347699435,29.79384988],[-95.348046111,29.794054472]]},"properties":{"AADT_CUR":252,"RTE_NM":"1501645","RTE_PRFX":"CS","RTE_NBR":"1501645","SYSTEM":"Off"}},{"type":"Feature","geometry":{"type":"LineString","coordinates":[[-95.3547369554621,29.7849554888558],[-95.35472032,29.7849556899988]]},"properties":{"AADT_CUR":252,"RTE_NM":"1123813","RTE_PRFX":"CS","RTE_NBR":"1123813","SYSTEM":"Off"}},{"type":"Feature","geometry":{"type":"LineString","coordinates":[[-95.3421894138052,29.8020683530545],[-95.3421893499768,29.8020560982721],[-95.3421654839552,29.8002762677455],[-95.34216525,29.8002588199989],[-95.3421255141071,29.7972955872386],[-95.3421155883248,29.7965553618307],[-95.3420919717558,29.7947940868616],[-95.34207791,29.7937453599988],[-95.3420406259238,29.7914039962614],[-95.3420163920749,29.7898820999725],[-95.3419784358906,29.7874983397994],[-95.3419486399994,29.7856269886273],[-95.3419334429766,29.7846725017055],[-95.3419151684542,29.7835247000724],[-95.34191484,29.7835040699988],[-95.3419069742407,29.7828218291489],[-95.3419038933492,29.7825546037727],[-95.3418923157349,29.7815503903815],[-95.341881004236,29.7805692392493],[-95.3418751657653,29.7800628068781],[-95.341869425902,29.7795649226562],[-95.34185807,29.7785798799987],[-95.3418421420579,29.7775938159699],[-95.3418055760157,29.775330017123],[-95.3417940859065,29.774618644337],[-95.3417818291359,29.7738597947898]]},"properties":{"AADT_CUR":4769,"RTE_NM":"256558","RTE_PRFX":"CS","RTE_NBR":"256558","SYSTEM":"Off"}},{"type":"Feature","geometry":{"type":"LineString","coordinates":[[-95.3594301026445,29.7022282818707],[-95.35599495,29.70242801],[-95.35519861,29.70248859],[-95.35381121,29.70259411],[-95.35285981,29.70272393],[-95.3522244460189,29.7028748806249]]},"properties":{"AADT_CUR":13206,"RTE_NM":"UA0090-RG","RTE_PRFX":"UA","RTE_NBR":"90","SYSTEM":"On"}},{"type":"Feature","geometry":{"type":"LineString","coordinates":[[-95.3153656878501,29.7743117870064],[-95.3153649884667,29.7742919200003],[-95.31536444,29.7742763399987],[-95.3153660654152,29.7741901396079],[-95.3153722057276,29.7738645000049],[-95.3153953052895,29.7726394399436],[-95.3154039856398,29.772179079105],[-95.31541439,29.7716272799987],[-95.3154156498323,29.7710278294809],[-95.3154169497667,29.7704092899996],[-95.3154181966251,29.7698159979524],[-95.31542417,29.7669735899987],[-95.31548149,29.7646390799986],[-95.3154797312551,29.763627511914]]},"properties":{"AADT_CUR":9995,"RTE_NM":"256687","RTE_PRFX":"CS","RTE_NBR":"256687","SYSTEM":"Off"}},{"type":"Feature","geometry":{"type":"LineString","coordinates":[[-95.31956502,29.77005239],[-95.31895941,29.76983202],[-95.31785185,29.76981756],[-95.31740756,29.76982133],[-95.31673928,29.76981495],[-95.3154156,29.769816],[-95.31359017,29.76979166]]},"properties":{"AADT_CUR":252,"RTE_NM":"1130079","RTE_PRFX":"CS","RTE_NBR":"1130079","SYSTEM":"Off"}},{"type":"Feature","geometry":{"type":"LineString","coordinates":[[-95.3657165488331,29.8041928528929],[-95.36571656,29.8041934199989],[-95.3656986,29.8043919899989],[-95.36568066,29.8044734199989],[-95.36565906,29.8045600399989],[-95.36560861,29.8047074299989],[-95.3655462745402,29.8048719762287],[-95.36554053,29.8048871399989],[-95.36542883,29.8051220299989],[-95.36539424,29.8052194399989],[-95.3653378,29.805473179999],[-95.36531061,29.8056233599989],[-95.36533812,29.8063764399989],[-95.3653528,29.8071219599989],[-95.3653573800645,29.8078697640163],[-95.36536933,29.8086142399989],[-95.36537784,29.8093643399989],[-95.36538922,29.8101111799989],[-95.3653997355995,29.8108571650152],[-95.36541064,29.811606929999],[-95.36542034,29.812351349999],[-95.36543138,29.813096319999],[-95.3654356921254,29.8134598952032]]},"properties":{"AADT_CUR":918,"RTE_NM":"1124566","RTE_PRFX":"CS","RTE_NBR":"1124566","SYSTEM":"Off"}},{"type":"Feature","geometry":{"type":"LineString","coordinates":[[-95.4298031643232,29.778067127464],[-95.42910789,29.77801221],[-95.42840769,29.77790686],[-95.42698149,29.77768842],[-95.42653402,29.77761834]]},"properties":{"AADT_CUR":7628,"RTE_NM":"IH0010-XG","RTE_PRFX":"IH","RTE_NBR":"10","SYSTEM":"On"}},{"type":"Feature","geometry":{"type":"LineString","coordinates":[[-95.3989587547633,29.7638338039622],[-95.39896937,29.76377104],[-95.3989838,29.76364461],[-95.39898985,29.76351765],[-95.39898751,29.76339061],[-95.39897679,29.76326389],[-95.39895772,29.76313793],[-95.39893036,29.76301313],[-95.3988948,29.76288991],[-95.39885118,29.76276869],[-95.39879961,29.76264986],[-95.39875657,29.76256391],[-95.39873316,29.76251462],[-95.39843682,29.7619008],[-95.39819516,29.76141374],[-95.39818668,29.76139419],[-95.39817656,29.76133911],[-95.39817495,29.76128334],[-95.3981750075009,29.7612803400224]]},"properties":{"AADT_CUR":27306,"RTE_NM":"257282","RTE_PRFX":"CS","RTE_NBR":"257282","SYSTEM":"Off"}},{"type":"Feature","geometry":{"type":"LineString","coordinates":[[-95.4106477870053,29.7312209355717],[-95.41059788,29.73122147]]},"properties":{"AADT_CUR":36156,"RTE_NM":"IH0069-XG","RTE_PRFX":"IH","RTE_NBR":"69","SYSTEM":"On"}},{"type":"Feature","geometry":{"type":"LineString","coordinates":[[-95.42212255,29.7253524899984],[-95.4221042688834,29.7246293514142],[-95.4220861148922,29.7239112309094],[-95.4220672781836,29.7231660928979],[-95.4220482776274,29.7224144619548],[-95.42204265,29.7221918399983],[-95.4220384403687,29.7217040693515],[-95.42203328,29.7211061299983],[-95.4220331929444,29.7210780449204],[-95.4220328410504,29.7209645199071],[-95.42203168,29.7205899499983],[-95.42209238,29.7204099799983],[-95.4220924665978,29.7203925849058],[-95.4220932382885,29.7202375734599],[-95.4220934,29.7202050899983],[-95.4220892070064,29.7201766150657]]},"properties":{"AADT_CUR":2818,"RTE_NM":"257728","RTE_PRFX":"CS","RTE_NBR":"257728","SYSTEM":"Off"}},{"type":"Feature","geometry":{"type":"LineString","coordinates":[[-95.4149800590176,29.7198607150588],[-95.4149633876019,29.7198608210752]]},"properties":{"AADT_CUR":252,"RTE_NM":"1130725","RTE_PRFX":"CS","RTE_NBR":"1130725","SYSTEM":"Off"}},{"type":"Feature","geometry":{"type":"LineString","coordinates":[[-95.3737870249222,29.7377794230358],[-95.3729032842203,29.7372447867035],[-95.37205475,29.7367254999984],[-95.37182809,29.7365780199984],[-95.37173435,29.7364994599985],[-95.37165877,29.7364269399985],[-95.3715151185374,29.7362861783642]]},"properties":{"AADT_CUR":252,"RTE_NM":"1123618","RTE_PRFX":"CS","RTE_NBR":"1123618","SYSTEM":"Off"}},{"type":"Feature","geometry":{"type":"LineString","coordinates":[[-95.34725216,29.7424904499985],[-95.34700163,29.7428470899985],[-95.3464021283142,29.7435850278608],[-95.34582572,29.7443323999985],[-95.34529443,29.7449850199985],[-95.3452363877992,29.7450589909222]]},"properties":{"AADT_CUR":69,"RTE_NM":"1128924","RTE_PRFX":"CS","RTE_NBR":"1128924","SYSTEM":"Off"}},{"type":"Feature","geometry":{"type":"LineString","coordinates":[[-95.43490058,29.71017743],[-95.43492507,29.71117571]]},"properties":{"AADT_CUR":252,"RTE_NM":"1233726","RTE_PRFX":"CS","RTE_NBR":"1233726","SYSTEM":"Off"}},{"type":"Feature","geometry":{"type":"LineString","coordinates":[[-95.335793926023,29.7717029394257],[-95.33579383,29.7716976499987],[-95.3357899520106,29.7716595997205],[-95.33575146,29.7712819199987],[-95.3357210923651,29.7706572989837],[-95.33572014,29.7706377099987],[-95.33573767,29.7700170999987],[-95.3357173445602,29.7694854613223],[-95.3357116513701,29.7693365473918],[-95.3357082660233,29.7692479983494],[-95.3357072888543,29.7692224389362]]},"properties":{"AADT_CUR":3187,"RTE_NM":"256400","RTE_PRFX":"CS","RTE_NBR":"256400","SYSTEM":"Off"}},{"type":"Feature","geometry":{"type":"LineString","coordinates":[[-95.3769071995202,29.8080720202645],[-95.3769068139554,29.8080865262981]]},"properties":{"AADT_CUR":252,"RTE_NM":"1131740","RTE_PRFX":"CS","RTE_NBR":"1131740","SYSTEM":"Off"}},{"type":"Feature","geometry":{"type":"LineString","coordinates":[[-95.4106194270959,29.7733081879454],[-95.41056781,29.7733940399987],[-95.40968359,29.7734033499987],[-95.40952243,29.7734018999987],[-95.4094753322009,29.7734025865695],[-95.4084083704351,29.7734181355738],[-95.40729558,29.7734295799987],[-95.40619759,29.7734410499987],[-95.40413152,29.7734643099987],[-95.40224922,29.7734987699987]]},"properties":{"AADT_CUR":252,"RTE_NM":"1123023","RTE_PRFX":"CS","RTE_NBR":"1123023","SYSTEM":"Off"}},{"type":"Feature","geometry":{"type":"LineString","coordinates":[[-95.3521301028488,29.7906673709395],[-95.3511312930519,29.7906776862998],[-95.3501651068157,29.790688127399]]},"properties":{"AADT_CUR":252,"RTE_NM":"1120121","RTE_PRFX":"CS","RTE_NBR":"1120121","SYSTEM":"Off"}},{"type":"Feature","geometry":{"type":"LineString","coordinates":[[-95.3496369162908,29.7705787259533],[-95.3496506,29.7715835999987],[-95.34965166,29.7725688999987],[-95.349668,29.7732700599987],[-95.3496713536881,29.7735449000299],[-95.34967146,29.7745531899987],[-95.34967753,29.7755265999987],[-95.34969716,29.7765435299987],[-95.34970169,29.7775391099987],[-95.349705839,29.7778760759987],[-95.349627529,29.7780477939987]]},"properties":{"AADT_CUR":3300,"RTE_NM":"1126553","RTE_PRFX":"CS","RTE_NBR":"1126553","SYSTEM":"Off"}},{"type":"Feature","geometry":{"type":"LineString","coordinates":[[-95.33117453,29.79110764],[-95.33101725,29.79125844],[-95.33092939,29.79137152],[-95.33094313,29.79190213],[-95.33098775,29.7939718],[-95.33100173,29.79411367],[-95.33098241,29.79447378],[-95.33099281,29.79462664],[-95.33101355,29.79475759],[-95.33104391,29.79488603],[-95.33110991,29.7950848],[-95.33115298,29.79519384],[-95.33118322,29.79529571],[-95.33121098,29.79546653],[-95.33122913,29.79654449],[-95.33124906,29.79669761],[-95.33127588,29.79789677],[-95.33132256,29.79907428],[-95.3313672,29.8001986],[-95.33142096,29.80205305],[-95.33147998,29.80376172],[-95.33148134,29.80379987],[-95.33155225,29.805803]]},"properties":{"AADT_CUR":970,"RTE_NM":"1129574","RTE_PRFX":"CS","RTE_NBR":"1129574","SYSTEM":"Off"}},{"type":"Feature","geometry":{"type":"LineString","coordinates":[[-95.31860625,29.78919792],[-95.31862093,29.78973116],[-95.31862981,29.79042494],[-95.31863199,29.79076754],[-95.31863813,29.79111074]]},"properties":{"AADT_CUR":252,"RTE_NM":"1123508","RTE_PRFX":"CS","RTE_NBR":"1123508","SYSTEM":"Off"}},{"type":"Feature","geometry":{"type":"LineString","coordinates":[[-95.40821583,29.81320157],[-95.40822392,29.81377176],[-95.40825384,29.81399253],[-95.40837338,29.81409839],[-95.40849007,29.81418327],[-95.40861255,29.81430327],[-95.40868131,29.81436061],[-95.40877832,29.81455108],[-95.40884986,29.81472868],[-95.40889926,29.81495369],[-95.4089118,29.81523349],[-95.40896203,29.81644886],[-95.40898378,29.81656514],[-95.409031,29.81674069],[-95.40910416,29.81691394],[-95.40939585,29.81757077]]},"properties":{"AADT_CUR":1855,"RTE_NM":"1125854","RTE_PRFX":"CS","RTE_NBR":"1125854","SYSTEM":"Off"}},{"type":"Feature","geometry":{"type":"LineString","coordinates":[[-95.33762297,29.77162551],[-95.33762313,29.77206067],[-95.3376357,29.77250169],[-95.33765878,29.77335337],[-95.33768136,29.7742188],[-95.3376938,29.77501511],[-95.33777383,29.77506288],[-95.33779283,29.77554139]]},"properties":{"AADT_CUR":252,"RTE_NM":"1120252","RTE_PRFX":"CS","RTE_NBR":"1120252","SYSTEM":"Off"}},{"type":"Feature","geometry":{"type":"LineString","coordinates":[[-95.38396269,29.7484862399985],[-95.38352521,29.7483147299985],[-95.3832775749871,29.7481636015458],[-95.382430262905,29.7476464907268],[-95.3815769455522,29.7471257036719],[-95.38072049,29.7466029899985],[-95.3798690697733,29.7460970841586],[-95.3790295451525,29.7455982358556],[-95.3781568874467,29.7450796883051],[-95.37731646,29.7445222899985],[-95.37694518,29.7442574399985],[-95.37648579,29.7439714299985]]},"properties":{"AADT_CUR":5832,"RTE_NM":"257238","RTE_PRFX":"CS","RTE_NBR":"257238","SYSTEM":"Off"}},{"type":"Feature","geometry":{"type":"LineString","coordinates":[[-95.42153228,29.78508023],[-95.42146993,29.78556363]]},"properties":{"AADT_CUR":252,"RTE_NM":"1130323","RTE_PRFX":"CS","RTE_NBR":"1130323","SYSTEM":"Off"}},{"type":"Feature","geometry":{"type":"LineString","coordinates":[[-95.41448319,29.76517593],[-95.41448507,29.76572326]]},"properties":{"AADT_CUR":252,"RTE_NM":"1121183","RTE_PRFX":"CS","RTE_NBR":"1121183","SYSTEM":"Off"}},{"type":"Feature","geometry":{"type":"LineString","coordinates":[[-95.4186934333033,29.7320510046523],[-95.4186602458385,29.7320516876245]]},"properties":{"AADT_CUR":252,"RTE_NM":"1119594","RTE_PRFX":"CS","RTE_NBR":"1119594","SYSTEM":"Off"}},{"type":"Feature","geometry":{"type":"LineString","coordinates":[[-95.3663217,29.76534347],[-95.36612359,29.76607597]]},"properties":{"AADT_CUR":252,"RTE_NM":"1120051","RTE_PRFX":"CS","RTE_NBR":"1120051","SYSTEM":"Off"}},{"type":"Feature","geometry":{"type":"LineString","coordinates":[[-95.4187175007156,29.7384688492397],[-95.4163678467819,29.7384913525241]]},"properties":{"AADT_CUR":13653,"RTE_NM":"255774","RTE_PRFX":"CS","RTE_NBR":"255774","SYSTEM":"Off"}},{"type":"Feature","geometry":{"type":"LineString","coordinates":[[-95.3736459305183,29.7267259763019],[-95.37195263,29.7256967399984],[-95.37023324,29.7246613799984],[-95.37010762,29.7245807399984],[-95.3685223169146,29.7236329812491],[-95.3668235314527,29.7226025908795]]},"properties":{"AADT_CUR":252,"RTE_NM":"1129213","RTE_PRFX":"CS","RTE_NBR":"1129213","SYSTEM":"Off"}},{"type":"Feature","geometry":{"type":"LineString","coordinates":[[-95.33076184,29.7575626],[-95.33016049,29.75720421],[-95.33011932,29.75715629],[-95.33013506,29.75709121]]},"properties":{"AADT_CUR":252,"RTE_NM":"1261069","RTE_PRFX":"CS","RTE_NBR":"1261069","SYSTEM":"Off"}},{"type":"Feature","geometry":{"type":"LineString","coordinates":[[-95.3324239,29.7565424099986],[-95.33229732,29.7564607099986],[-95.3320045251356,29.7562624439587]]},"properties":{"AADT_CUR":252,"RTE_NM":"1123655","RTE_PRFX":"CS","RTE_NBR":"1123655","SYSTEM":"Off"}},{"type":"Feature","geometry":{"type":"LineString","coordinates":[[-95.3183305504516,29.7484193587668],[-95.31833067,29.7484311999985],[-95.3183193182267,29.7484451762103]]},"properties":{"AADT_CUR":252,"RTE_NM":"1120261","RTE_PRFX":"CS","RTE_NBR":"1120261","SYSTEM":"Off"}},{"type":"Feature","geometry":{"type":"LineString","coordinates":[[-95.32456716,29.73487023],[-95.32277783,29.73432751],[-95.32096306,29.73377049],[-95.31916631,29.73321847]]},"properties":{"AADT_CUR":84,"RTE_NM":"1121724","RTE_PRFX":"CS","RTE_NBR":"1121724","SYSTEM":"Off"}},{"type":"Feature","geometry":{"type":"LineString","coordinates":[[-95.3810384,29.80150996],[-95.38095374,29.8014805],[-95.38069617,29.80149393],[-95.3803379,29.80149105],[-95.37994048,29.80149391]]},"properties":{"AADT_CUR":252,"RTE_NM":"1128644","RTE_PRFX":"CS","RTE_NBR":"1128644","SYSTEM":"Off"}},{"type":"Feature","geometry":{"type":"LineString","coordinates":[[-95.33109456,29.7903718799988],[-95.32893844,29.7904034699988],[-95.3287224061356,29.7904061834792]]},"properties":{"AADT_CUR":252,"RTE_NM":"1125178","RTE_PRFX":"CS","RTE_NBR":"1125178","SYSTEM":"Off"}},{"type":"Feature","geometry":{"type":"LineString","coordinates":[[-95.4292926517759,29.7338594415446],[-95.4292877299994,29.7338432399969],[-95.42888093,29.7327476699984],[-95.428667,29.7320994199984],[-95.42850328,29.7313595699984],[-95.42831484,29.7308189899984],[-95.4283109951114,29.7307997417908],[-95.4282109702788,29.7302989966849],[-95.4281603795202,29.7300457268499],[-95.4281400360962,29.7299438822688]]},"properties":{"AADT_CUR":18505,"RTE_NM":"256006","RTE_PRFX":"CS","RTE_NBR":"256006","SYSTEM":"Off"}},{"type":"Feature","geometry":{"type":"LineString","coordinates":[[-95.33012148,29.7478889399985],[-95.32913816,29.7475849299985],[-95.32907042,29.7475618399985],[-95.32816065,29.7472803199985],[-95.32799816,29.7472243999985],[-95.32716713,29.7469725199985],[-95.3262010199995,29.7466718699983],[-95.3252114099995,29.7463611099984],[-95.32423631,29.7460636099985],[-95.32326379,29.7457625099985],[-95.3222741799995,29.7454645499983],[-95.3212137499995,29.7451176199983],[-95.32011221,29.7447831799985],[-95.3191584899995,29.7444957999983],[-95.3183674,29.7442475899985],[-95.31825049,29.7442109999985],[-95.3172958299995,29.7439135699984],[-95.3163412899995,29.7436125199983],[-95.3154188699995,29.7433338099983],[-95.31450946,29.7430523099985],[-95.3131777999995,29.7426396199983],[-95.31272318,29.7424933199985],[-95.3122357055418,29.7423388886698],[-95.3113134099995,29.7420639999983],[-95.31107738,29.7419883999985],[-95.3103461,29.7417734099985]]},"properties":{"AADT_CUR":68,"RTE_NM":"1120756","RTE_PRFX":"CS","RTE_NBR":"1120756","SYSTEM":"Off"}},{"type":"Feature","geometry":{"type":"LineString","coordinates":[[-95.3359549806273,29.8083501859562],[-95.335870783,29.808467933],[-95.3357702,29.808643647],[-95.335705827,29.808757686],[-95.335582445,29.808979946],[-95.335489908,29.809185914],[-95.335365185,29.809515228],[-95.335247168,29.809878288],[-95.33518816,29.810118],[-95.335139192,29.810370997],[-95.335066118,29.810692841],[-95.335052707,29.810868551],[-95.335041979,29.811153642],[-95.335036614,29.811709858],[-95.33505737,29.812849023],[-95.335044109,29.813720621],[-95.335041426,29.814245406],[-95.335034721,29.815002907],[-95.335023577,29.81619607],[-95.335024917,29.816960537],[-95.335030282,29.817413165],[-95.33504101,29.817851827],[-95.33505174,29.818359137],[-95.335067833,29.819111954],[-95.335081244,29.820120741],[-95.335094655,29.821036436],[-95.335105843,29.821886935],[-95.335109407,29.822747962],[-95.335129524,29.823593823],[-95.335140252,29.82419651],[-95.335164392,29.824881801],[-95.335189873,29.826153472],[-95.335197968,29.826857365],[-95.335180485,29.827531002],[-95.335120135,29.828279095],[-95.335085267,29.828628125],[-95.335031622,29.828985298],[-95.334997881595,29.8291616522461]]},"properties":{"AADT_CUR":232137,"RTE_NM":"IH0069-RG","RTE_PRFX":"IH","RTE_NBR":"69","SYSTEM":"On"}},{"type":"Feature","geometry":{"type":"LineString","coordinates":[[-95.3357715054226,29.7758993939626],[-95.33574572,29.77589827],[-95.33188568,29.77597304],[-95.32812593,29.77607165],[-95.3264413812209,29.7761552829735]]},"properties":{"AADT_CUR":5852,"RTE_NM":"256721","RTE_PRFX":"CS","RTE_NBR":"256721","SYSTEM":"Off"}},{"type":"Feature","geometry":{"type":"LineString","coordinates":[[-95.3631595,29.74156842],[-95.36230446,29.74106006],[-95.36141944,29.74053263],[-95.36059601,29.74002958],[-95.35975207,29.73951228],[-95.35889926,29.73897935],[-95.35802967,29.73848511],[-95.35715693,29.73797003],[-95.35678263,29.73776654]]},"properties":{"AADT_CUR":190,"RTE_NM":"1124309","RTE_PRFX":"CS","RTE_NBR":"1124309","SYSTEM":"Off"}},{"type":"Feature","geometry":{"type":"LineString","coordinates":[[-95.35723724,29.720479876],[-95.356806363,29.720474673],[-95.35654868,29.72048114],[-95.35608165,29.72049992],[-95.35578028,29.72049485],[-95.35545212,29.72047684],[-95.35513281,29.72041726],[-95.35484173,29.72034077],[-95.352588435728,29.7196438183007]]},"properties":{"AADT_CUR":1577,"RTE_NM":"257340","RTE_PRFX":"CS","RTE_NBR":"257340","SYSTEM":"Off"}},{"type":"Feature","geometry":{"type":"LineString","coordinates":[[-95.3056220035632,29.7029825240591],[-95.3056063350452,29.702977645696]]},"properties":{"AADT_CUR":252,"RTE_NM":"1124901","RTE_PRFX":"CS","RTE_NBR":"1124901","SYSTEM":"Off"}},{"type":"Feature","geometry":{"type":"LineString","coordinates":[[-95.40815127,29.73985674],[-95.40815367,29.74002953],[-95.40815855,29.74029616],[-95.40816179,29.74073287],[-95.40815937,29.74114325]]},"properties":{"AADT_CUR":252,"RTE_NM":"1126617","RTE_PRFX":"CS","RTE_NBR":"1126617","SYSTEM":"Off"}},{"type":"Feature","geometry":{"type":"LineString","coordinates":[[-95.4184902112114,29.7206443845086],[-95.41672157,29.7206569099983],[-95.4149843346124,29.7206703177938]]},"properties":{"AADT_CUR":252,"RTE_NM":"1128934","RTE_PRFX":"CS","RTE_NBR":"1128934","SYSTEM":"Off"}},{"type":"Feature","geometry":{"type":"LineString","coordinates":[[-95.4220340520125,29.7128556099995],[-95.4220174137514,29.7128558650564]]},"properties":{"AADT_CUR":252,"RTE_NM":"1252492","RTE_PRFX":"CS","RTE_NBR":"1252492","SYSTEM":"Off"}},{"type":"Feature","geometry":{"type":"LineString","coordinates":[[-95.3758026020161,29.7260321926003],[-95.37721306,29.7268799099984],[-95.3773282986834,29.7269353033303],[-95.377343,29.7269423699984],[-95.37744966,29.7269860499984],[-95.37820874,29.7274508699984],[-95.37900579,29.7279321099984],[-95.37987827,29.7284574999984],[-95.38074437,29.7289755099984],[-95.38149488,29.7294339999984],[-95.38157538,29.7294742099984],[-95.38244378,29.7299950199984],[-95.38325773,29.7304834299984],[-95.38331392,29.7304751699984],[-95.3833468223081,29.730457544882],[-95.38337726,29.7304412399984],[-95.38345983,29.7304155799984],[-95.38353679,29.7304194899984],[-95.38416811,29.7307837399984],[-95.3842869415296,29.7308666509082],[-95.3851538490649,29.7313822946081]]},"properties":{"AADT_CUR":252,"RTE_NM":"1131851","RTE_PRFX":"CS","RTE_NBR":"1131851","SYSTEM":"Off"}},{"type":"Feature","geometry":{"type":"LineString","coordinates":[[-95.409453949008,29.7704716635722],[-95.4094373090467,29.7704718540692]]},"properties":{"AADT_CUR":17446,"RTE_NM":"257274","RTE_PRFX":"CS","RTE_NBR":"257274","SYSTEM":"Off"}},{"type":"Feature","geometry":{"type":"LineString","coordinates":[[-95.3512744623757,29.7724779678951],[-95.35126825,29.7724914299987]]},"properties":{"AADT_CUR":1464,"RTE_NM":"1124397","RTE_PRFX":"CS","RTE_NBR":"1124397","SYSTEM":"Off"}},{"type":"Feature","geometry":{"type":"LineString","coordinates":[[-95.351139710086,29.7519509777815],[-95.35115043,29.7519572299985],[-95.3511672120707,29.7519673216199]]},"properties":{"AADT_CUR":970,"RTE_NM":"1121286","RTE_PRFX":"CS","RTE_NBR":"1121286","SYSTEM":"Off"}},{"type":"Feature","geometry":{"type":"LineString","coordinates":[[-95.3897007419198,29.7533945698517],[-95.38970484,29.7542509699986],[-95.38971649,29.7555474499986],[-95.3897515788514,29.7575281593826]]},"properties":{"AADT_CUR":252,"RTE_NM":"1122167","RTE_PRFX":"CS","RTE_NBR":"1122167","SYSTEM":"Off"}},{"type":"Feature","geometry":{"type":"LineString","coordinates":[[-95.42090872,29.76074701],[-95.42088467,29.76073287],[-95.42082976,29.76072004],[-95.42008864,29.76072287],[-95.41923439,29.76025223],[-95.41836243,29.75984869]]},"properties":{"AADT_CUR":252,"RTE_NM":"1261140","RTE_PRFX":"CS","RTE_NBR":"1261140","SYSTEM":"Off"}},{"type":"Feature","geometry":{"type":"LineString","coordinates":[[-95.3359917200001,29.7911138799976],[-95.3359432559203,29.7911242013653]]},"properties":{"AADT_CUR":252,"RTE_NM":"1126041","RTE_PRFX":"CS","RTE_NBR":"1126041","SYSTEM":"Off"}},{"type":"Feature","geometry":{"type":"LineString","coordinates":[[-95.43312838,29.80561881],[-95.42921159,29.805636],[-95.42918406,29.80563531],[-95.4257818,29.8056552],[-95.42238695,29.80567093],[-95.42141795,29.8056835],[-95.4180882,29.80572576],[-95.41711488,29.80573564],[-95.41622917,29.80576064],[-95.41229253,29.80579497],[-95.41017752,29.80582389],[-95.40854078,29.80584911],[-95.40806878,29.80586577],[-95.40594405,29.80588862],[-95.4036653,29.80592354],[-95.40355462,29.80593157],[-95.4015515,29.80595611],[-95.40146312,29.80596054],[-95.40055211,29.8059687],[-95.39926549,29.80599694]]},"properties":{"AADT_CUR":697,"RTE_NM":"1131516","RTE_PRFX":"CS","RTE_NBR":"1131516","SYSTEM":"Off"}},{"type":"Feature","geometry":{"type":"LineString","coordinates":[[-95.4414041905073,29.7287374050501],[-95.440832516,29.728731212],[-95.440218289,29.728748682],[-95.439514208,29.72878129],[-95.438278801,29.728837763],[-95.436589254,29.728924535],[-95.435592811,29.72896879],[-95.432887798,29.729103882],[-95.432278936,29.729137655],[-95.431885992,29.729174921],[-95.431569491,29.729211024],[-95.431148383,29.729268088],[-95.430947217,29.729297203],[-95.430064769,29.729438119],[-95.428751825,29.729658225],[-95.428160397,29.729752556],[-95.427277758,29.729901693],[-95.425887221,29.73012988],[-95.424874685,29.730277782],[-95.424122324,29.730347656],[-95.423812528,29.730369783],[-95.423042733,29.730408214],[-95.422417777,29.730421024],[-95.420813813,29.730436164],[-95.418934923,29.730457126],[-95.417575041,29.730468771],[-95.41532064,29.73049905],[-95.414855267,29.730521028],[-95.414304081,29.730557279],[-95.413952711,29.730589887],[-95.413047464,29.730669078],[-95.412575394,29.730693534],[-95.412264257,29.73070285],[-95.411646007,29.730704015],[-95.410528856,29.730710203],[-95.40773946,29.73073528],[-95.406569912,29.730742921],[-95.405667353,29.730768066],[-95.405022281,29.730798345],[-95.403989628,29.730846092],[-95.402277072,29.730923628],[-95.400439718,29.731007967],[-95.399691215,29.731034388],[-95.39918868,29.731062551],[-95.398068875,29.731145437],[-95.396241867,29.731262358],[-95.39446595,29.73140051],[-95.392510936,29.731559669],[-95.390737481,29.731699718],[-95.390073633,29.731752123],[-95.388758007,29.731865667],[-95.3884373544954,29.7318877299709]]},"properties":{"AADT_CUR":231090,"RTE_NM":"IH0069-RG","RTE_PRFX":"IH","RTE_NBR":"69","SYSTEM":"On"}},{"type":"Feature","geometry":{"type":"LineString","coordinates":[[-95.3346258768787,29.8159649100003],[-95.33363764,29.815975329999],[-95.33181401,29.815994119999],[-95.3287273327492,29.8160270908253]]},"properties":{"AADT_CUR":155,"RTE_NM":"1121287","RTE_PRFX":"CS","RTE_NBR":"1121287","SYSTEM":"Off"}},{"type":"Feature","geometry":{"type":"LineString","coordinates":[[-95.3224514708003,29.808878754568],[-95.3224516423611,29.8088932763455]]},"properties":{"AADT_CUR":160,"RTE_NM":"1132243","RTE_PRFX":"CS","RTE_NBR":"1132243","SYSTEM":"Off"}},{"type":"Feature","geometry":{"type":"LineString","coordinates":[[-95.3582691372929,29.7087245790356],[-95.3582635480112,29.7087382968151]]},"properties":{"AADT_CUR":252,"RTE_NM":"1125957","RTE_PRFX":"CS","RTE_NBR":"1125957","SYSTEM":"Off"}},{"type":"Feature","geometry":{"type":"LineString","coordinates":[[-95.3481556036502,29.7076013725885],[-95.34564907,29.7068302499982],[-95.34518272,29.7066936799982]]},"properties":{"AADT_CUR":252,"RTE_NM":"1125806","RTE_PRFX":"CS","RTE_NBR":"1125806","SYSTEM":"Off"}},{"type":"Feature","geometry":{"type":"LineString","coordinates":[[-95.41109739,29.71105036],[-95.41104783,29.71103866],[-95.41005397,29.71103548],[-95.40986267,29.7110295],[-95.40962191,29.7110027],[-95.40941922,29.71097016],[-95.40920478,29.71091272],[-95.40897443,29.71083875],[-95.40875064,29.71074378],[-95.40851132,29.71062128],[-95.40830984,29.71049894],[-95.40808748,29.71036333],[-95.40788378,29.71024941]]},"properties":{"AADT_CUR":252,"RTE_NM":"1131780","RTE_PRFX":"CS","RTE_NBR":"1131780","SYSTEM":"Off"}},{"type":"Feature","geometry":{"type":"LineString","coordinates":[[-95.390420945337,29.7051393837843],[-95.39007062,29.7050032299982],[-95.3895308,29.7048906399982],[-95.38923609,29.7047736199982],[-95.38811781,29.7043962199982]]},"properties":{"AADT_CUR":252,"RTE_NM":"1121402","RTE_PRFX":"CS","RTE_NBR":"1121402","SYSTEM":"Off"}},{"type":"Feature","geometry":{"type":"LineString","coordinates":[[-95.3744695107445,29.7400604420442],[-95.3744746997712,29.7400538935826],[-95.3750185831493,29.7393675159434],[-95.37545689,29.738803349997],[-95.3759184699813,29.7382167954359]]},"properties":{"AADT_CUR":493,"RTE_NM":"256051","RTE_PRFX":"CS","RTE_NBR":"256051","SYSTEM":"Off"}},{"type":"Feature","geometry":{"type":"LineString","coordinates":[[-95.3594189471714,29.7319726936641],[-95.35941494,29.7319703499984],[-95.359378106715,29.731947670485]]},"properties":{"AADT_CUR":162,"RTE_NM":"1129033","RTE_PRFX":"CS","RTE_NBR":"1129033","SYSTEM":"Off"}},{"type":"Feature","geometry":{"type":"LineString","coordinates":[[-95.35111821,29.72615425],[-95.3508544,29.72682776],[-95.35068189,29.72724052],[-95.350399125,29.727964448]]},"properties":{"AADT_CUR":252,"RTE_NM":"1119501","RTE_PRFX":"CS","RTE_NBR":"1119501","SYSTEM":"Off"}},{"type":"Feature","geometry":{"type":"LineString","coordinates":[[-95.37017227,29.79108135],[-95.37017244,29.79162346]]},"properties":{"AADT_CUR":252,"RTE_NM":"1123098","RTE_PRFX":"CS","RTE_NBR":"1123098","SYSTEM":"Off"}},{"type":"Feature","geometry":{"type":"LineString","coordinates":[[-95.42568823,29.75895771],[-95.42548408,29.75906791],[-95.42545132,29.75932983]]},"properties":{"AADT_CUR":252,"RTE_NM":"1126467","RTE_PRFX":"CS","RTE_NBR":"1126467","SYSTEM":"Off"}},{"type":"Feature","geometry":{"type":"LineString","coordinates":[[-95.4206160835351,29.7253971257037],[-95.4206172133893,29.7254261820852]]},"properties":{"AADT_CUR":252,"RTE_NM":"1122504","RTE_PRFX":"CS","RTE_NBR":"1122504","SYSTEM":"Off"}},{"type":"Feature","geometry":{"type":"LineString","coordinates":[[-95.42565697,29.81090553],[-95.42251667,29.81094093]]},"properties":{"AADT_CUR":252,"RTE_NM":"1131522","RTE_PRFX":"CS","RTE_NBR":"1131522","SYSTEM":"Off"}},{"type":"Feature","geometry":{"type":"LineString","coordinates":[[-95.31778518,29.77635514],[-95.31778564,29.77722999]]},"properties":{"AADT_CUR":252,"RTE_NM":"1121185","RTE_PRFX":"CS","RTE_NBR":"1121185","SYSTEM":"Off"}},{"type":"Feature","geometry":{"type":"LineString","coordinates":[[-95.34236996,29.7800653799987],[-95.3418751657653,29.7800628068794]]},"properties":{"AADT_CUR":252,"RTE_NM":"1127331","RTE_PRFX":"CS","RTE_NBR":"1127331","SYSTEM":"Off"}},{"type":"Feature","geometry":{"type":"LineString","coordinates":[[-95.3264272560016,29.7721258726699],[-95.32545606,29.7721395599987],[-95.324723,29.7721513999987],[-95.32395864,29.7721424199987],[-95.3228053662881,29.7721731025766],[-95.32277614,29.7721738799987],[-95.32110373,29.7722038699987]]},"properties":{"AADT_CUR":252,"RTE_NM":"1131361","RTE_PRFX":"CS","RTE_NBR":"1131361","SYSTEM":"Off"}},{"type":"Feature","geometry":{"type":"LineString","coordinates":[[-95.32439907,29.70107363],[-95.32425621,29.70140542],[-95.32408627,29.7018079],[-95.32397109,29.70227974],[-95.32394431,29.70268257],[-95.32399093,29.70320528],[-95.32392395,29.70347487],[-95.3237944,29.70366417],[-95.32358798,29.70382993],[-95.32318832,29.70402252],[-95.32284776,29.70427745],[-95.32252611,29.70457576],[-95.32216126,29.70493717],[-95.32174534,29.70524003],[-95.32126049,29.70541242],[-95.32066605,29.70556037],[-95.32028632,29.70565351],[-95.31990049,29.70568933],[-95.31955361,29.70566551],[-95.31924532,29.70559275],[-95.31877844,29.70537991]]},"properties":{"AADT_CUR":252,"RTE_NM":"1128204","RTE_PRFX":"CS","RTE_NBR":"1128204","SYSTEM":"Off"}},{"type":"Feature","geometry":{"type":"LineString","coordinates":[[-95.4106108972812,29.7728866852949],[-95.40970737,29.7727277199987],[-95.40951369,29.7726897199987],[-95.4094653409674,29.7726825815538],[-95.408392540659,29.7725241840073]]},"properties":{"AADT_CUR":252,"RTE_NM":"1119608","RTE_PRFX":"CS","RTE_NBR":"1119608","SYSTEM":"Off"}},{"type":"Feature","geometry":{"type":"LineString","coordinates":[[-95.31867587,29.79268581],[-95.31869036,29.79363814],[-95.31873318,29.79698965],[-95.31878991,29.80037965],[-95.31883964,29.80341513],[-95.31884854,29.80392873],[-95.31888601,29.80592141],[-95.3189061,29.80711677]]},"properties":{"AADT_CUR":252,"RTE_NM":"1128110","RTE_PRFX":"CS","RTE_NBR":"1128110","SYSTEM":"Off"}},{"type":"Feature","geometry":{"type":"LineString","coordinates":[[-95.43196509,29.80766513],[-95.42923787,29.80767315],[-95.42913989,29.80768277],[-95.42582976,29.80769426],[-95.42243443,29.80770517],[-95.42118832,29.80772281],[-95.41813829,29.8077559],[-95.41761581,29.80776198],[-95.41511711,29.80779817],[-95.41234191,29.80782329],[-95.41021551,29.80786459],[-95.40846929,29.80787836],[-95.40810885,29.80788675],[-95.40598897,29.80792716],[-95.40371785,29.8079658],[-95.40150025,29.80799193],[-95.39939303,29.80802318],[-95.39934515,29.80796311],[-95.39931175,29.80786268]]},"properties":{"AADT_CUR":1053,"RTE_NM":"1131518","RTE_PRFX":"CS","RTE_NBR":"1131518","SYSTEM":"Off"}},{"type":"Feature","geometry":{"type":"LineString","coordinates":[[-95.3073719934096,29.7625980638229],[-95.30737161,29.7625798699986],[-95.307372257412,29.7625746037312],[-95.30740793,29.7622844299986],[-95.3077119,29.7613900199986]]},"properties":{"AADT_CUR":1670,"RTE_NM":"256617","RTE_PRFX":"CS","RTE_NBR":"256617","SYSTEM":"Off"}},{"type":"Feature","geometry":{"type":"LineString","coordinates":[[-95.4330322058978,29.712711422446],[-95.4330323911058,29.7127259247223]]},"properties":{"AADT_CUR":252,"RTE_NM":"1264852","RTE_PRFX":"CS","RTE_NBR":"1264852","SYSTEM":"Off"}},{"type":"Feature","geometry":{"type":"LineString","coordinates":[[-95.32832939,29.78441786],[-95.32789877,29.78460609],[-95.32778776,29.78462078]]},"properties":{"AADT_CUR":252,"RTE_NM":"1128481","RTE_PRFX":"CS","RTE_NBR":"1128481","SYSTEM":"Off"}},{"type":"Feature","geometry":{"type":"LineString","coordinates":[[-95.3422945958128,29.7685825163279],[-95.34220849,29.7685608],[-95.34196982,29.76850643],[-95.34186454,29.76848471],[-95.34174998,29.76846813],[-95.34158777,29.76844884],[-95.3413966,29.768438],[-95.34121966,29.76843697],[-95.34102847,29.76844869],[-95.34082513,29.76847228],[-95.34055645,29.76851471],[-95.3398708,29.76864342],[-95.33949623,29.76871482],[-95.33912106,29.7687867],[-95.33887506,29.76883245],[-95.33874215,29.76885346],[-95.3386277,29.76887067],[-95.33842331,29.76889534],[-95.3382739,29.7689103],[-95.33809072,29.76892307],[-95.33782744,29.76893237],[-95.33701117,29.76894474],[-95.33671991,29.76895437],[-95.33653366,29.76896854],[-95.33628221,29.76900287],[-95.33604893,29.76904877],[-95.33581691,29.76910561],[-95.33558169,29.76917322],[-95.33531948,29.76926398],[-95.33491459,29.76940816],[-95.33457272,29.76954159],[-95.3341021,29.76972479],[-95.33367794,29.76989158],[-95.33315513,29.77009493],[-95.33215508,29.77048151],[-95.33148019,29.77074852],[-95.33068657,29.77105396],[-95.32974637,29.77142016],[-95.32921363,29.77162546],[-95.32876091,29.77179946],[-95.32837805,29.77194958],[-95.32792048,29.77212567],[-95.32746084,29.77230103],[-95.32674522,29.77257975],[-95.32621072,29.7727842],[-95.32552333,29.77305072],[-95.32502413,29.77324479],[-95.3246606,29.77338237],[-95.32441974,29.77347389],[-95.32420995,29.77354921],[-95.32395228,29.77363877],[-95.32370022,29.7737221],[-95.3234531,29.77379762],[-95.32320249,29.77386718],[-95.3229894,29.77391876],[-95.32278789,29.77396424],[-95.32256466,29.77401079],[-95.32230775,29.7740571],[-95.32205759,29.7740937],[-95.3219164851796,29.7741111408737]]},"properties":{"AADT_CUR":161859,"RTE_NM":"IH0010-RG","RTE_PRFX":"IH","RTE_NBR":"10","SYSTEM":"On"}},{"type":"Feature","geometry":{"type":"LineString","coordinates":[[-95.355627773,29.741629377],[-95.355530522,29.741667114],[-95.355446085,29.741742837],[-95.35537023,29.74184837],[-95.355284459,29.742017993],[-95.355224128,29.742104588],[-95.355179562,29.742189435],[-95.35517362,29.742248199]]},"properties":{"AADT_CUR":185,"RTE_NM":"1127281","RTE_PRFX":"CS","RTE_NBR":"1127281","SYSTEM":"Off"}},{"type":"Feature","geometry":{"type":"LineString","coordinates":[[-95.3447067991405,29.7425581169287],[-95.3446930624356,29.7425499169191]]},"properties":{"AADT_CUR":69,"RTE_NM":"1122267","RTE_PRFX":"CS","RTE_NBR":"1122267","SYSTEM":"Off"}},{"type":"Feature","geometry":{"type":"LineString","coordinates":[[-95.3287326081486,29.8189522781987],[-95.3287159377188,29.8189522398114]]},"properties":{"AADT_CUR":252,"RTE_NM":"1122145","RTE_PRFX":"CS","RTE_NBR":"1122145","SYSTEM":"Off"}},{"type":"Feature","geometry":{"type":"LineString","coordinates":[[-95.36068231,29.76665244],[-95.3607198,29.76666494],[-95.36075796,29.76669409],[-95.3607886,29.76674291],[-95.36084202,29.76686817],[-95.36093064,29.76706835],[-95.36105741,29.7672887],[-95.36120078,29.76742608],[-95.36134553,29.76752565],[-95.36144234,29.76759158],[-95.36189181,29.76784236],[-95.36243578,29.76812817],[-95.3627239,29.768272],[-95.36314571,29.76846516],[-95.36357258,29.76864494],[-95.36373056,29.76871748],[-95.36386155,29.76878711],[-95.36402471,29.76888093],[-95.36417222,29.76898066],[-95.36427637,29.76906769],[-95.36437786,29.76916269],[-95.36448437,29.76928307],[-95.36496847,29.7698721],[-95.36522343,29.77019915],[-95.36535944,29.77041334],[-95.36544698,29.77057973],[-95.36550684,29.77071667],[-95.36557067,29.77092765]]},"properties":{"AADT_CUR":232308,"RTE_NM":"IH0045-NG","RTE_PRFX":"IH","RTE_NBR":"45","SYSTEM":"On"}},{"type":"Feature","geometry":{"type":"LineString","coordinates":[[-95.4033541510443,29.7206833145427],[-95.40338069,29.7217846899984],[-95.40338445,29.7219260899983],[-95.40338409,29.7220523499983],[-95.40339283,29.7227055699984],[-95.40339276,29.7228960699984],[-95.40339214,29.7229741299983],[-95.4034052887188,29.7230492077402],[-95.40341818,29.7239695899983],[-95.40342801,29.7247324699984],[-95.4034474928959,29.7256569289966]]},"properties":{"AADT_CUR":252,"RTE_NM":"1119864","RTE_PRFX":"CS","RTE_NBR":"1119864","SYSTEM":"Off"}},{"type":"Feature","geometry":{"type":"LineString","coordinates":[[-95.4183538255566,29.7118309567545],[-95.41819068,29.7117622199983],[-95.414852,29.7117731899983],[-95.4126512173293,29.7117858061362]]},"properties":{"AADT_CUR":252,"RTE_NM":"1119510","RTE_PRFX":"CS","RTE_NBR":"1119510","SYSTEM":"Off"}},{"type":"Feature","geometry":{"type":"LineString","coordinates":[[-95.38007784,29.74901408],[-95.37922561,29.74849831]]},"properties":{"AADT_CUR":252,"RTE_NM":"1264391","RTE_PRFX":"CS","RTE_NBR":"1264391","SYSTEM":"Off"}},{"type":"Feature","geometry":{"type":"LineString","coordinates":[[-95.3472316831164,29.7356023174325],[-95.34869765,29.73653872],[-95.35078502,29.73784487],[-95.35174602,29.73849092],[-95.352776882,29.739110585],[-95.353746589,29.739721862],[-95.354678319,29.740315146],[-95.35540963,29.74080321],[-95.35601509,29.74120662],[-95.35653969,29.741541],[-95.35745681,29.74211357],[-95.358718406,29.742933971],[-95.359612622,29.743475567],[-95.360061934,29.74370417],[-95.36049408,29.74390669],[-95.36205485,29.74454434],[-95.36241646,29.74468933],[-95.3625040138568,29.744724945239]]},"properties":{"AADT_CUR":199536,"RTE_NM":"IH0045-RG","RTE_PRFX":"IH","RTE_NBR":"45","SYSTEM":"On"}},{"type":"Feature","geometry":{"type":"LineString","coordinates":[[-95.31966521,29.74820386],[-95.319226546,29.748066262]]},"properties":{"AADT_CUR":252,"RTE_NM":"1125204","RTE_PRFX":"CS","RTE_NBR":"1125204","SYSTEM":"Off"}},{"type":"Feature","geometry":{"type":"LineString","coordinates":[[-95.3291873566837,29.7354715705657],[-95.32918532,29.7354709299984],[-95.3291561169592,29.7354614122014]]},"properties":{"AADT_CUR":31,"RTE_NM":"1120340","RTE_PRFX":"CS","RTE_NBR":"1120340","SYSTEM":"Off"}},{"type":"Feature","geometry":{"type":"LineString","coordinates":[[-95.4186857387187,29.7927813288451],[-95.41833261,29.7928567099988],[-95.41789863,29.7929204199988],[-95.41738642,29.7929282499988],[-95.41691127,29.7928760899989],[-95.41654613,29.7927945999988]]},"properties":{"AADT_CUR":252,"RTE_NM":"1131742","RTE_PRFX":"CS","RTE_NBR":"1131742","SYSTEM":"Off"}},{"type":"Feature","geometry":{"type":"LineString","coordinates":[[-95.4116859604722,29.7780016160193],[-95.41168977,29.7784535999987],[-95.41169469,29.7791930899988],[-95.4117106,29.7799178199987]]},"properties":{"AADT_CUR":697,"RTE_NM":"1129493","RTE_PRFX":"CS","RTE_NBR":"1129493","SYSTEM":"Off"}},{"type":"Feature","geometry":{"type":"LineString","coordinates":[[-95.3746867455361,29.7577747260756],[-95.3746728200146,29.7577747400212],[-95.3746003079758,29.757774904073],[-95.3743707293027,29.7577754232002],[-95.3742925,29.7577755999986],[-95.37408969,29.7577854199986],[-95.37358747,29.7578027699986],[-95.3727396,29.7578136799986],[-95.3719592,29.7578157299986],[-95.3718447,29.7578325199986],[-95.37174431,29.7579324999986],[-95.37126476,29.7585592099986]]},"properties":{"AADT_CUR":4949,"RTE_NM":"256179","RTE_PRFX":"CS","RTE_NBR":"256179","SYSTEM":"Off"}},{"type":"Feature","geometry":{"type":"LineString","coordinates":[[-95.32000462,29.72658792],[-95.31808639,29.72601162],[-95.31562448,29.72528391]]},"properties":{"AADT_CUR":252,"RTE_NM":"1124731","RTE_PRFX":"CS","RTE_NBR":"1124731","SYSTEM":"Off"}},{"type":"Feature","geometry":{"type":"LineString","coordinates":[[-95.32003733,29.78917379],[-95.31929562,29.7891889],[-95.31860625,29.78919792],[-95.31842078,29.78919682],[-95.3175248,29.78920626]]},"properties":{"AADT_CUR":252,"RTE_NM":"1125941","RTE_PRFX":"CS","RTE_NBR":"1125941","SYSTEM":"Off"}},{"type":"Feature","geometry":{"type":"LineString","coordinates":[[-95.35104007,29.6998519999982],[-95.35056462,29.7010145899982],[-95.35027696,29.7017527299982],[-95.3500892327113,29.702214117867]]},"properties":{"AADT_CUR":252,"RTE_NM":"1123581","RTE_PRFX":"CS","RTE_NBR":"1123581","SYSTEM":"Off"}},{"type":"Feature","geometry":{"type":"LineString","coordinates":[[-95.3264147902246,29.7761530658208],[-95.326413,29.77604722],[-95.32640916,29.77552559],[-95.32641364,29.77500397],[-95.32642643,29.77448245],[-95.32643811,29.77416951],[-95.3264269495705,29.7728214786649]]},"properties":{"AADT_CUR":9603,"RTE_NM":"257259","RTE_PRFX":"CS","RTE_NBR":"257259","SYSTEM":"Off"}},{"type":"Feature","geometry":{"type":"LineString","coordinates":[[-95.3456599149728,29.7672537062234],[-95.34469609,29.76760038],[-95.34282428,29.76828524],[-95.34257473,29.76838475],[-95.34235015,29.76850091],[-95.34205098,29.76866347],[-95.34177362,29.76886059],[-95.3415928,29.76899772],[-95.3414468792052,29.7691396529835]]},"properties":{"AADT_CUR":1319,"RTE_NM":"IH0069-UG","RTE_PRFX":"IH","RTE_NBR":"69","SYSTEM":"On"}},{"type":"Feature","geometry":{"type":"LineString","coordinates":[[-95.40665218,29.7042159899982],[-95.40624669,29.7040098399982],[-95.40566854,29.7037046999982],[-95.4055114,29.7036266099982],[-95.40523006,29.7035362599982],[-95.40493176,29.7034676599982],[-95.40450953,29.7034409999982],[-95.40413914,29.7034443599982],[-95.40381584,29.7034942399982],[-95.4028418,29.7036962699982],[-95.40187702,29.7039064599982],[-95.40038312,29.7041985199982],[-95.39946782,29.7043693099982],[-95.39927108,29.7043945499982],[-95.39897673,29.7044110699982],[-95.39850113,29.7044104899982],[-95.39744575,29.7043882099982],[-95.39663472,29.7043785999982],[-95.39629931,29.7043695699982],[-95.39608989,29.7043578399982],[-95.3957107159354,29.7041950737093]]},"properties":{"AADT_CUR":252,"RTE_NM":"1128360","RTE_PRFX":"CS","RTE_NBR":"1128360","SYSTEM":"Off"}},{"type":"Feature","geometry":{"type":"LineString","coordinates":[[-95.3783981591974,29.7106755493199],[-95.3783982292841,29.7107045795703]]},"properties":{"AADT_CUR":735,"RTE_NM":"1124054","RTE_PRFX":"CS","RTE_NBR":"1124054","SYSTEM":"Off"}},{"type":"Feature","geometry":{"type":"LineString","coordinates":[[-95.3817335699473,29.7404771819578],[-95.3817561361492,29.7404558407981]]},"properties":{"AADT_CUR":16986,"RTE_NM":"256712","RTE_PRFX":"CS","RTE_NBR":"256712","SYSTEM":"Off"}},{"type":"Feature","geometry":{"type":"LineString","coordinates":[[-95.3804765162995,29.7437045351379],[-95.38048559,29.74369265],[-95.38101781,29.74298671],[-95.38150526,29.74241348],[-95.3818458898902,29.7420255770647]]},"properties":{"AADT_CUR":7935,"RTE_NM":"257140","RTE_PRFX":"CS","RTE_NBR":"257140","SYSTEM":"Off"}},{"type":"Feature","geometry":{"type":"LineString","coordinates":[[-95.36063317,29.7270025299984],[-95.36024157,29.7268827399984],[-95.35856383,29.7263699799983],[-95.35729317,29.7259790599984],[-95.35637507,29.7257042799984],[-95.3560145299095,29.7255904966308]]},"properties":{"AADT_CUR":252,"RTE_NM":"1132156","RTE_PRFX":"CS","RTE_NBR":"1132156","SYSTEM":"Off"}},{"type":"Feature","geometry":{"type":"LineString","coordinates":[[-95.3440881958695,29.7674108659453],[-95.3439253,29.76746941],[-95.34320444,29.76770961],[-95.34252512,29.76791504],[-95.34196426,29.76805605],[-95.34146781,29.76817353],[-95.339933,29.76853524],[-95.33951443,29.76863441],[-95.33921022,29.76870009],[-95.33889318,29.76876304],[-95.3386177,29.76880604],[-95.33841235,29.76882757],[-95.33820405,29.76884674],[-95.33756335,29.76893637]]},"properties":{"AADT_CUR":26104,"RTE_NM":"1633478438","RTE_PRFX":"IH","RTE_NBR":"10","SYSTEM":"On"}},{"type":"Feature","geometry":{"type":"LineString","coordinates":[[-95.42732527,29.7672095199987],[-95.42630213,29.7672275199987],[-95.42541806,29.7672763899987],[-95.42529031,29.7672684499987],[-95.42408528,29.7673050599987],[-95.421769554213,29.7673643721378],[-95.42100795,29.7673784399987],[-95.42015922,29.7673790099987],[-95.41927585,29.7673869099987],[-95.41844637,29.7673912799987],[-95.41764774,29.7674186499986],[-95.41632567,29.7674274399986],[-95.41523907,29.7674469699987],[-95.41338117,29.7674627199987],[-95.4124477791792,29.7674836882016],[-95.41146949,29.7674960999987],[-95.41055204,29.7675102199986],[-95.4105050635726,29.7675110809576],[-95.40989065,29.7675223399987],[-95.40941794,29.7675285399987],[-95.4093938283747,29.7675288117058],[-95.4083087931442,29.7675410339152],[-95.40719317,29.7675594999986],[-95.406084,29.7675777599987],[-95.40599888,29.7675868299987],[-95.40573087,29.7675909299987],[-95.40546293,29.7675932999987],[-95.40495909,29.7675996099987],[-95.40481144,29.7675929699987],[-95.40407358,29.7676054599987],[-95.40377994,29.7676151999987],[-95.40346676,29.7676336399987],[-95.40323445,29.7676492199987],[-95.40317551,29.7676721799987],[-95.40190827,29.7676823999987],[-95.40184692,29.7676349499987],[-95.40178463,29.7675884999987],[-95.40082799,29.7675913699987],[-95.39996221,29.7676224199986]]},"properties":{"AADT_CUR":252,"RTE_NM":"1120602","RTE_PRFX":"CS","RTE_NBR":"1120602","SYSTEM":"Off"}},{"type":"Feature","geometry":{"type":"LineString","coordinates":[[-95.42625759,29.73243982],[-95.4244473,29.73243858]]},"properties":{"AADT_CUR":252,"RTE_NM":"1127442","RTE_PRFX":"CS","RTE_NBR":"1127442","SYSTEM":"Off"}},{"type":"Feature","geometry":{"type":"LineString","coordinates":[[-95.34400361,29.78440963],[-95.34401487,29.78566352],[-95.34403503,29.78799195],[-95.34405441,29.78892117],[-95.34406402,29.78987303],[-95.3440877,29.79103517]]},"properties":{"AADT_CUR":252,"RTE_NM":"1130377","RTE_PRFX":"CS","RTE_NBR":"1130377","SYSTEM":"Off"}},{"type":"Feature","geometry":{"type":"LineString","coordinates":[[-95.36676843,29.77091498],[-95.3667561,29.77098597],[-95.36676012,29.77124308],[-95.3667688,29.77143127],[-95.3667892,29.77147593]]},"properties":{"AADT_CUR":252,"RTE_NM":"1123016","RTE_PRFX":"CS","RTE_NBR":"1123016","SYSTEM":"Off"}},{"type":"Feature","geometry":{"type":"LineString","coordinates":[[-95.4229752034984,29.7043879558873],[-95.42297192,29.7043880099983],[-95.42209896,29.7043744799982],[-95.42159077,29.7043804399982],[-95.42117228,29.7043809699982],[-95.42095507,29.7043849299983],[-95.4182692,29.7043990699982],[-95.4182421805946,29.7043990933946],[-95.4147486,29.7044020699982],[-95.41389925,29.7044358699982],[-95.41317724,29.7045322999982],[-95.4124604607866,29.7046772515799]]},"properties":{"AADT_CUR":252,"RTE_NM":"1124049","RTE_PRFX":"CS","RTE_NBR":"1124049","SYSTEM":"Off"}},{"type":"Feature","geometry":{"type":"LineString","coordinates":[[-95.39464752,29.8130765],[-95.39415076,29.8130829],[-95.39353413,29.8130847],[-95.39133439,29.81310928],[-95.38927284,29.81314368],[-95.38761773,29.81317428],[-95.38721615,29.81317658],[-95.38694592,29.81318027]]},"properties":{"AADT_CUR":252,"RTE_NM":"1122714","RTE_PRFX":"CS","RTE_NBR":"1122714","SYSTEM":"Off"}},{"type":"Feature","geometry":{"type":"LineString","coordinates":[[-95.3879736014998,29.7998101499864],[-95.38618766,29.7998383499989],[-95.3848062061679,29.7998538571458]]},"properties":{"AADT_CUR":252,"RTE_NM":"1122701","RTE_PRFX":"CS","RTE_NBR":"1122701","SYSTEM":"Off"}},{"type":"Feature","geometry":{"type":"LineString","coordinates":[[-95.4118166143458,29.7903176281179],[-95.4118160299196,29.7903072356396],[-95.41177975,29.7883405399988],[-95.41174086,29.7868947899988],[-95.41171343,29.7854530099988],[-95.41171607,29.7853111699988],[-95.41171145,29.7851432299988],[-95.41169844,29.7849756199988],[-95.4116778251427,29.7848145790968],[-95.41164736,29.7846426999988],[-95.41160938,29.7844780099988],[-95.4115632,29.7843149299988],[-95.41150891,29.7841537399988],[-95.41146391,29.7840366999988],[-95.41140631,29.7838450699988],[-95.41132711,29.7836075199988],[-95.41123992,29.7833721099988],[-95.4111448,29.7831390399988],[-95.41107267,29.7829754499988],[-95.41102157,29.7828432499987],[-95.41097489,29.7827003299988],[-95.4109363,29.7825555799988],[-95.41090591,29.7824093599988],[-95.41088376,29.7822620099988],[-95.41086994,29.7821138999988],[-95.41086446,29.7819653699988],[-95.41086477,29.7818957099988],[-95.4107886868452,29.7799237295531],[-95.4107609697745,29.7792053178886],[-95.4107326181385,29.778470447703],[-95.41071428,29.7779951199987]]},"properties":{"AADT_CUR":15329,"RTE_NM":"256213","RTE_PRFX":"CS","RTE_NBR":"256213","SYSTEM":"Off"}},{"type":"Feature","geometry":{"type":"LineString","coordinates":[[-95.4221168161085,29.7254252822291],[-95.42211693,29.7254282099984],[-95.42220745757,29.7288299254014],[-95.42221329,29.7290490799984],[-95.42222621,29.7294082499984],[-95.42222263,29.7296777199984],[-95.42222404,29.7299905199984],[-95.4222381777344,29.7302139771737]]},"properties":{"AADT_CUR":2090,"RTE_NM":"1131691","RTE_PRFX":"CS","RTE_NBR":"1131691","SYSTEM":"Off"}},{"type":"Feature","geometry":{"type":"LineString","coordinates":[[-95.41680076,29.72719958],[-95.41681395,29.72787475]]},"properties":{"AADT_CUR":252,"RTE_NM":"1126716","RTE_PRFX":"CS","RTE_NBR":"1126716","SYSTEM":"Off"}},{"type":"Feature","geometry":{"type":"LineString","coordinates":[[-95.3910821407257,29.7317903374194],[-95.39107305,29.72853845],[-95.39100405,29.72607898],[-95.39101428,29.72471658],[-95.39099923,29.72457244],[-95.39094357,29.7243598],[-95.39094604,29.72403013]]},"properties":{"AADT_CUR":22059,"RTE_NM":"256824","RTE_PRFX":"CS","RTE_NBR":"256824","SYSTEM":"Off"}},{"type":"Feature","geometry":{"type":"LineString","coordinates":[[-95.38903478,29.73018415],[-95.38876433,29.73053721],[-95.3886932,29.73061564],[-95.3882421,29.73120431],[-95.38815763,29.73125612],[-95.38804295,29.73125664]]},"properties":{"AADT_CUR":252,"RTE_NM":"1126220","RTE_PRFX":"CS","RTE_NBR":"1126220","SYSTEM":"Off"}},{"type":"Feature","geometry":{"type":"LineString","coordinates":[[-95.3709569974571,29.7396973041731],[-95.3717982628685,29.740200880985],[-95.3726729935856,29.7407288933497],[-95.37353449,29.7412440399985],[-95.3743692643878,29.7417493535531],[-95.37523976,29.7422720399985],[-95.37611355,29.7428075999985],[-95.3769984899211,29.743328155868],[-95.377843754896,29.7438438402297],[-95.37785831,29.7438527199985],[-95.37872968,29.7443569899985],[-95.3795580567707,29.744856092109],[-95.37957724,29.7448676499985],[-95.3804245452654,29.7453907131614],[-95.38116455,29.7458352299985],[-95.38125386,29.7459077199985],[-95.38134572,29.7459638399985],[-95.38167768,29.7461471699985]]},"properties":{"AADT_CUR":953,"RTE_NM":"1119726","RTE_PRFX":"CS","RTE_NBR":"1119726","SYSTEM":"Off"}},{"type":"Feature","geometry":{"type":"LineString","coordinates":[[-95.33961935,29.70034535],[-95.33942734,29.70046403],[-95.33929898,29.70059175],[-95.33921493,29.70071681],[-95.33915281,29.70084634],[-95.33886058,29.70159866],[-95.33856558,29.7023046],[-95.33831903,29.70296239]]},"properties":{"AADT_CUR":252,"RTE_NM":"1120382","RTE_PRFX":"CS","RTE_NBR":"1120382","SYSTEM":"Off"}},{"type":"Feature","geometry":{"type":"LineString","coordinates":[[-95.3549468156782,29.768181112625],[-95.35424143,29.7681845899987],[-95.35346913,29.7681950399987],[-95.35270658,29.7681974799987],[-95.3520731899359,29.7682044198898]]},"properties":{"AADT_CUR":1482,"RTE_NM":"1127288","RTE_PRFX":"CS","RTE_NBR":"1127288","SYSTEM":"Off"}},{"type":"Feature","geometry":{"type":"LineString","coordinates":[[-95.3537799468322,29.7502374162784],[-95.3531955769021,29.7509862091175]]},"properties":{"AADT_CUR":252,"RTE_NM":"1120185","RTE_PRFX":"CS","RTE_NBR":"1120185","SYSTEM":"Off"}},{"type":"Feature","geometry":{"type":"LineString","coordinates":[[-95.38274318,29.76830357],[-95.382741,29.76767212],[-95.38265701,29.76739578],[-95.38253979,29.76713707],[-95.38229227,29.76689247],[-95.38209597,29.76670627],[-95.38188618,29.76657613],[-95.38160722,29.76631153],[-95.38147696,29.76609947],[-95.38137097,29.76583174],[-95.38137505,29.76552092],[-95.38136391,29.76485145],[-95.38136164,29.76461733],[-95.38133111,29.76449509],[-95.38126215,29.76433821],[-95.38116032,29.76418141],[-95.38104878,29.76401453],[-95.3810406977209,29.7640012104962]]},"properties":{"AADT_CUR":4060,"RTE_NM":"257102","RTE_PRFX":"CS","RTE_NBR":"257102","SYSTEM":"Off"}},{"type":"Feature","geometry":{"type":"LineString","coordinates":[[-95.39480243,29.77222028],[-95.39415788,29.77222729]]},"properties":{"AADT_CUR":252,"RTE_NM":"1124838","RTE_PRFX":"CS","RTE_NBR":"1124838","SYSTEM":"Off"}},{"type":"Feature","geometry":{"type":"LineString","coordinates":[[-95.4021170714856,29.7335230697211],[-95.40211638,29.7335230599984],[-95.3995126697047,29.7335449090479],[-95.39937887,29.7335063499984],[-95.39683368,29.7335343899984],[-95.39646575,29.7335405899984]]},"properties":{"AADT_CUR":252,"RTE_NM":"1120681","RTE_PRFX":"CS","RTE_NBR":"1120681","SYSTEM":"Off"}},{"type":"Feature","geometry":{"type":"LineString","coordinates":[[-95.31909867,29.79173944],[-95.31911898,29.7926744]]},"properties":{"AADT_CUR":252,"RTE_NM":"1132455","RTE_PRFX":"CS","RTE_NBR":"1132455","SYSTEM":"Off"}},{"type":"Feature","geometry":{"type":"LineString","coordinates":[[-95.3424453491924,29.8159080098906],[-95.3424287053051,29.8159081419836]]},"properties":{"AADT_CUR":586,"RTE_NM":"1121287","RTE_PRFX":"CS","RTE_NBR":"1121287","SYSTEM":"Off"}},{"type":"Feature","geometry":{"type":"LineString","coordinates":[[-95.3083969708198,29.7874366596115],[-95.30839693,29.7874497099988],[-95.308397542825,29.7874802229176]]},"properties":{"AADT_CUR":252,"RTE_NM":"1132407","RTE_PRFX":"CS","RTE_NBR":"1132407","SYSTEM":"Off"}},{"type":"Feature","geometry":{"type":"LineString","coordinates":[[-95.31062806,29.7174437699983],[-95.31033067,29.7181962699983],[-95.31027996,29.7183668699983],[-95.31019901,29.7187209099983],[-95.3101606,29.7190850499983],[-95.3102054,29.7194420299983],[-95.31018818,29.7197185999983],[-95.31014222,29.7200919599983],[-95.31008757,29.7202069399983],[-95.30995962,29.7203540199983],[-95.30957317,29.7207559199984],[-95.30951675,29.7208161199983],[-95.30921976,29.7215034399983],[-95.30891146,29.7222599099983],[-95.30860681,29.7230136199984],[-95.3082769505244,29.7238010598427]]},"properties":{"AADT_CUR":252,"RTE_NM":"1124966","RTE_PRFX":"CS","RTE_NBR":"1124966","SYSTEM":"Off"}},{"type":"Feature","geometry":{"type":"LineString","coordinates":[[-95.43115497,29.78080601],[-95.43049111,29.78043241],[-95.428948,29.78044636],[-95.42886827,29.78044297],[-95.42658145,29.780474],[-95.42430779,29.78050047],[-95.42201984,29.78052275],[-95.42010156,29.78054324],[-95.41813307,29.78056699],[-95.41593325,29.78059221],[-95.41364103,29.78063329]]},"properties":{"AADT_CUR":252,"RTE_NM":"1128086","RTE_PRFX":"CS","RTE_NBR":"1128086","SYSTEM":"Off"}},{"type":"Feature","geometry":{"type":"LineString","coordinates":[[-95.3532151,29.7244254599968],[-95.3528018477898,29.7254734007397]]},"properties":{"AADT_CUR":252,"RTE_NM":"1121253","RTE_PRFX":"CS","RTE_NBR":"1121253","SYSTEM":"Off"}},{"type":"Feature","geometry":{"type":"LineString","coordinates":[[-95.4277149509944,29.8172702962394],[-95.4277151028066,29.8172848758336]]},"properties":{"AADT_CUR":252,"RTE_NM":"1122032","RTE_PRFX":"CS","RTE_NBR":"1122032","SYSTEM":"Off"}},{"type":"Feature","geometry":{"type":"LineString","coordinates":[[-95.3923832049501,29.7615222700368],[-95.39195127,29.76158653],[-95.39147883,29.761573],[-95.39100891,29.76148225],[-95.39065961,29.76133768],[-95.39017291,29.76113162],[-95.38970638,29.76094673],[-95.38936025,29.76080998],[-95.38897985,29.7607137],[-95.38867113,29.76068028],[-95.3885851087656,29.7606812695537]]},"properties":{"AADT_CUR":14763,"RTE_NM":"255795","RTE_PRFX":"CS","RTE_NBR":"255795","SYSTEM":"Off"}},{"type":"Feature","geometry":{"type":"LineString","coordinates":[[-95.39439655,29.76410109],[-95.39417397,29.76395699],[-95.39378246,29.76383154],[-95.39306893,29.7636765]]},"properties":{"AADT_CUR":252,"RTE_NM":"1120239","RTE_PRFX":"CS","RTE_NBR":"1120239","SYSTEM":"Off"}},{"type":"Feature","geometry":{"type":"LineString","coordinates":[[-95.4184400626287,29.7159844851019],[-95.4184234431445,29.7159848118148]]},"properties":{"AADT_CUR":252,"RTE_NM":"1252471","RTE_PRFX":"CS","RTE_NBR":"1252471","SYSTEM":"Off"}},{"type":"Feature","geometry":{"type":"LineString","coordinates":[[-95.3791314340952,29.7216355188837],[-95.3791473563085,29.7216397073595]]},"properties":{"AADT_CUR":252,"RTE_NM":"1128387","RTE_PRFX":"CS","RTE_NBR":"1128387","SYSTEM":"Off"}},{"type":"Feature","geometry":{"type":"LineString","coordinates":[[-95.3854366907774,29.7345306313239],[-95.3854096,29.7345313599984],[-95.3853408478453,29.7345344631079],[-95.38520953,29.7345403899984],[-95.3851815620859,29.734541434148],[-95.3848951708702,29.7345521258743],[-95.3845945,29.7345633499984],[-95.38443465,29.7345681199984],[-95.38436914,29.7345714399985],[-95.38424224,29.7345723199985],[-95.38411554,29.7345658699984],[-95.3839896,29.7345521199984],[-95.3839077984704,29.7345383540388],[-95.38386499,29.7345311499984],[-95.38374224,29.7345030299985],[-95.38362188,29.7344678899985],[-95.38350445,29.7344258899984],[-95.38339046,29.7343772099984],[-95.3832804,29.7343220499984],[-95.38317476,29.7342606599984],[-95.383074,29.7341933199984],[-95.3829880892195,29.7341280431895]]},"properties":{"AADT_CUR":15915,"RTE_NM":"257017","RTE_PRFX":"CS","RTE_NBR":"257017","SYSTEM":"Off"}},{"type":"Feature","geometry":{"type":"LineString","coordinates":[[-95.3430812154141,29.7727857434564],[-95.34242018,29.7727911199987]]},"properties":{"AADT_CUR":252,"RTE_NM":"1129452","RTE_PRFX":"CS","RTE_NBR":"1129452","SYSTEM":"Off"}},{"type":"Feature","geometry":{"type":"LineString","coordinates":[[-95.32014122,29.74800324],[-95.31980298,29.74789652],[-95.31933394,29.7477447],[-95.31909972,29.74775396]]},"properties":{"AADT_CUR":252,"RTE_NM":"1125950","RTE_PRFX":"CS","RTE_NBR":"1125950","SYSTEM":"Off"}},{"type":"Feature","geometry":{"type":"LineString","coordinates":[[-95.3420115646135,29.7381297122906],[-95.34158586,29.7392056299985]]},"properties":{"AADT_CUR":252,"RTE_NM":"1125293","RTE_PRFX":"CS","RTE_NBR":"1125293","SYSTEM":"Off"}},{"type":"Feature","geometry":{"type":"LineString","coordinates":[[-95.42532978,29.78688472],[-95.42421688,29.78689175],[-95.42399327,29.78687933],[-95.42374911,29.78682128],[-95.42354633,29.78670634],[-95.42333208,29.78656747]]},"properties":{"AADT_CUR":252,"RTE_NM":"1126045","RTE_PRFX":"CS","RTE_NBR":"1126045","SYSTEM":"Off"}},{"type":"Feature","geometry":{"type":"LineString","coordinates":[[-95.42723566,29.76296906],[-95.42697908,29.76306316],[-95.42672752,29.76301965],[-95.42653171,29.76261995],[-95.42547601,29.76244134]]},"properties":{"AADT_CUR":252,"RTE_NM":"1132365","RTE_PRFX":"CS","RTE_NBR":"1132365","SYSTEM":"Off"}},{"type":"Feature","geometry":{"type":"LineString","coordinates":[[-95.37914376,29.76997959],[-95.37810232,29.76999894],[-95.37803558,29.76999809],[-95.37708799,29.77000711]]},"properties":{"AADT_CUR":252,"RTE_NM":"1123785","RTE_PRFX":"CS","RTE_NBR":"1123785","SYSTEM":"Off"}},{"type":"Feature","geometry":{"type":"LineString","coordinates":[[-95.33387966,29.78956345],[-95.33384707,29.78961956],[-95.33378578,29.78964051],[-95.3331339,29.78963096],[-95.33289791,29.78962451],[-95.33108238,29.78965998],[-95.32878314,29.78968175],[-95.32869466,29.78966602],[-95.32789788,29.78966342]]},"properties":{"AADT_CUR":252,"RTE_NM":"1126242","RTE_PRFX":"CS","RTE_NBR":"1126242","SYSTEM":"Off"}},{"type":"Feature","geometry":{"type":"LineString","coordinates":[[-95.3524372003744,29.8158987321552],[-95.35250993,29.816045149999]]},"properties":{"AADT_CUR":12892,"RTE_NM":"1629072046","RTE_PRFX":"IH","RTE_NBR":"610","SYSTEM":"On"}},{"type":"Feature","geometry":{"type":"LineString","coordinates":[[-95.33128668,29.77452327],[-95.33116685,29.77460135],[-95.33102931,29.77464808],[-95.33089229,29.77465954],[-95.33040663,29.77466653],[-95.32952523,29.77468549],[-95.32944498,29.77469649],[-95.32873787,29.77469886]]},"properties":{"AADT_CUR":252,"RTE_NM":"1122230","RTE_PRFX":"CS","RTE_NBR":"1122230","SYSTEM":"Off"}},{"type":"Feature","geometry":{"type":"LineString","coordinates":[[-95.3431754239962,29.7681069040994],[-95.34299284,29.7677144],[-95.3429976970386,29.7676583255305]]},"properties":{"AADT_CUR":4978,"RTE_NM":"256561","RTE_PRFX":"CS","RTE_NBR":"256561","SYSTEM":"Off"}},{"type":"Feature","geometry":{"type":"LineString","coordinates":[[-95.3332664878181,29.7445123494267],[-95.33320604,29.7446546399985],[-95.33290996,29.7454018399985],[-95.3326319,29.7460720399985],[-95.33211599,29.7473510799985],[-95.33170715,29.7483292599985],[-95.3312966674774,29.7493516871515]]},"properties":{"AADT_CUR":252,"RTE_NM":"1129928","RTE_PRFX":"CS","RTE_NBR":"1129928","SYSTEM":"Off"}},{"type":"Feature","geometry":{"type":"LineString","coordinates":[[-95.4254699120637,29.7703648585904],[-95.4254561919989,29.7703566201476]]},"properties":{"AADT_CUR":252,"RTE_NM":"1128107","RTE_PRFX":"CS","RTE_NBR":"1128107","SYSTEM":"Off"}},{"type":"Feature","geometry":{"type":"LineString","coordinates":[[-95.41667257,29.7556096699986],[-95.41572116,29.7552887499986],[-95.41548367,29.7552404199986],[-95.41517941,29.7552142999986],[-95.41492274,29.7551853199986],[-95.41484241,29.7551655499986],[-95.41475454,29.7551112699986],[-95.41456203,29.7549924299986],[-95.414249179999,29.7548429699985],[-95.41365328,29.7547978499986],[-95.41306596,29.7547775599985],[-95.41283556,29.7547896399986],[-95.41245264,29.7548036299986],[-95.41205357,29.7548496699986],[-95.41146107,29.7549343599986],[-95.41076771,29.7549879799986]]},"properties":{"AADT_CUR":252,"RTE_NM":"1128179","RTE_PRFX":"CS","RTE_NBR":"1128179","SYSTEM":"Off"}},{"type":"Feature","geometry":{"type":"LineString","coordinates":[[-95.37262989,29.7126810899983],[-95.37236191,29.7130042999983],[-95.3721454382516,29.7132896198103]]},"properties":{"AADT_CUR":252,"RTE_NM":"1126073","RTE_PRFX":"CS","RTE_NBR":"1126073","SYSTEM":"Off"}},{"type":"Feature","geometry":{"type":"LineString","coordinates":[[-95.39470594,29.7309220299984],[-95.39369079,29.7309326099984],[-95.39284326,29.7309440999984],[-95.3910797772209,29.730944897555]]},"properties":{"AADT_CUR":252,"RTE_NM":"1119967","RTE_PRFX":"CS","RTE_NBR":"1119967","SYSTEM":"Off"}},{"type":"Feature","geometry":{"type":"LineString","coordinates":[[-95.3484326792305,29.7394193628967],[-95.348255055,29.7393509449985],[-95.348120944,29.7392973799985],[-95.347926484,29.7392414849985],[-95.3460144852488,29.7386686620982]]},"properties":{"AADT_CUR":252,"RTE_NM":"1501581","RTE_PRFX":"CS","RTE_NBR":"1501581","SYSTEM":"Off"}},{"type":"Feature","geometry":{"type":"LineString","coordinates":[[-95.34809849,29.70817972],[-95.34789912,29.7082431],[-95.34777315,29.70825844],[-95.3476333,29.70826087],[-95.34744814,29.70822767],[-95.34647717,29.70792275],[-95.3457892,29.70772488]]},"properties":{"AADT_CUR":252,"RTE_NM":"1123390","RTE_PRFX":"CS","RTE_NBR":"1123390","SYSTEM":"Off"}},{"type":"Feature","geometry":{"type":"LineString","coordinates":[[-95.368301842111,29.7818688516263],[-95.368327723,29.782651971],[-95.36837326,29.78292635],[-95.36844872,29.78334238],[-95.368514,29.7836229],[-95.36860036,29.78390163],[-95.36882748,29.78444703],[-95.36911746,29.78496605],[-95.36970222,29.78585293],[-95.37081254,29.78747395],[-95.37108001,29.78789338],[-95.37135898,29.78841975],[-95.37149245,29.78875269],[-95.37155783,29.78897615],[-95.37163963,29.78941497],[-95.3716589317692,29.789795786144]]},"properties":{"AADT_CUR":145775,"RTE_NM":"IH0045-RG","RTE_PRFX":"IH","RTE_NBR":"45","SYSTEM":"On"}},{"type":"Feature","geometry":{"type":"LineString","coordinates":[[-95.369273992,29.7860357939988],[-95.3691589,29.7861237999988],[-95.36904302,29.7861974899988],[-95.36894568,29.7862687599988],[-95.36884461,29.7863509099988],[-95.36871757,29.7864787599988],[-95.3680500043228,29.7870483856892]]},"properties":{"AADT_CUR":252,"RTE_NM":"1122871","RTE_PRFX":"CS","RTE_NBR":"1122871","SYSTEM":"Off"}},{"type":"Feature","geometry":{"type":"LineString","coordinates":[[-95.34803542,29.77556576],[-95.34804128,29.77654895],[-95.34805692,29.77685483],[-95.34806641,29.7775498],[-95.3480732,29.778150082]]},"properties":{"AADT_CUR":252,"RTE_NM":"1129669","RTE_PRFX":"CS","RTE_NBR":"1129669","SYSTEM":"Off"}},{"type":"Feature","geometry":{"type":"LineString","coordinates":[[-95.3961329047505,29.7761352813104],[-95.39613302,29.7761442799987],[-95.3961333385351,29.776164176324]]},"properties":{"AADT_CUR":213,"RTE_NM":"1124436","RTE_PRFX":"CS","RTE_NBR":"1124436","SYSTEM":"Off"}},{"type":"Feature","geometry":{"type":"LineString","coordinates":[[-95.37779379,29.78298532],[-95.37781968,29.78366738],[-95.37782506,29.78459139],[-95.37782959,29.785229],[-95.37783836,29.78530449],[-95.37784175,29.78601299],[-95.37785792,29.78674001],[-95.37787158,29.78743089],[-95.37786889,29.78812134],[-95.37786146,29.78894499]]},"properties":{"AADT_CUR":896,"RTE_NM":"1127483","RTE_PRFX":"CS","RTE_NBR":"1127483","SYSTEM":"Off"}},{"type":"Feature","geometry":{"type":"LineString","coordinates":[[-95.38708672,29.80750435],[-95.38710964,29.80819524],[-95.38712285,29.80901783],[-95.38714779,29.80984565],[-95.38715766,29.81068116],[-95.38718315,29.81151282],[-95.38719972,29.81234409],[-95.38721615,29.81317658]]},"properties":{"AADT_CUR":252,"RTE_NM":"1128378","RTE_PRFX":"CS","RTE_NBR":"1128378","SYSTEM":"Off"}},{"type":"Feature","geometry":{"type":"LineString","coordinates":[[-95.3519885478768,29.7028037020018],[-95.35172253,29.70286692],[-95.35119255,29.70300972],[-95.3507908,29.70314253],[-95.35053216,29.70323958]]},"properties":{"AADT_CUR":499,"RTE_NM":"UA0090-AG","RTE_PRFX":"UA","RTE_NBR":"90","SYSTEM":"On"}},{"type":"Feature","geometry":{"type":"LineString","coordinates":[[-95.3593843782627,29.7023082378566],[-95.3593886637508,29.7022942087592]]},"properties":{"AADT_CUR":15412,"RTE_NM":"257106","RTE_PRFX":"CS","RTE_NBR":"257106","SYSTEM":"Off"}},{"type":"Feature","geometry":{"type":"LineString","coordinates":[[-95.32722751,29.80720236],[-95.32724737,29.80834828]]},"properties":{"AADT_CUR":252,"RTE_NM":"1126198","RTE_PRFX":"CS","RTE_NBR":"1126198","SYSTEM":"Off"}},{"type":"Feature","geometry":{"type":"LineString","coordinates":[[-95.43301611,29.7091344499982],[-95.43259699,29.7091410199982],[-95.43209167,29.7091545499983],[-95.43097106,29.7091617999983],[-95.42984203,29.7091751099982],[-95.42869781,29.7091890599983],[-95.42750944,29.7092078799983],[-95.42598332,29.7092236199982],[-95.42454193,29.7092399699983],[-95.42309003,29.7092594499983],[-95.4219743153116,29.7092756179792]]},"properties":{"AADT_CUR":252,"RTE_NM":"1252481","RTE_PRFX":"CS","RTE_NBR":"1252481","SYSTEM":"Off"}},{"type":"Feature","geometry":{"type":"LineString","coordinates":[[-95.4184920942838,29.7193428882632],[-95.4184754631289,29.7193429860716]]},"properties":{"AADT_CUR":252,"RTE_NM":"1252518","RTE_PRFX":"CS","RTE_NBR":"1252518","SYSTEM":"Off"}},{"type":"Feature","geometry":{"type":"LineString","coordinates":[[-95.3720052450077,29.7480092510118],[-95.37201194,29.74800127],[-95.37262369,29.74726057],[-95.37407853,29.74540786],[-95.37612122,29.74280652],[-95.37805215,29.74034876],[-95.3799587250437,29.7379383669185]]},"properties":{"AADT_CUR":1938,"RTE_NM":"256734","RTE_PRFX":"CS","RTE_NBR":"256734","SYSTEM":"Off"}},{"type":"Feature","geometry":{"type":"LineString","coordinates":[[-95.35816593,29.73124301],[-95.35791617,29.73186808],[-95.35767611,29.73249063],[-95.3574187,29.73312545]]},"properties":{"AADT_CUR":252,"RTE_NM":"1120790","RTE_PRFX":"CS","RTE_NBR":"1120790","SYSTEM":"Off"}},{"type":"Feature","geometry":{"type":"LineString","coordinates":[[-95.3697102462292,29.7477009603758],[-95.3697035404249,29.747696949717],[-95.3688379026733,29.747179216531],[-95.3679470960022,29.746646418063],[-95.36711394,29.7461480899985],[-95.366245563574,29.7456335532435],[-95.3653931496483,29.7451284636595],[-95.3645411668632,29.7446236186076],[-95.3640407553461,29.7443093263741],[-95.3637285317375,29.7441130406284],[-95.3637004951524,29.7440954147806],[-95.36349194222,29.7439643027617],[-95.363436029526,29.7439291517296],[-95.3632349509098,29.7438027377898]]},"properties":{"AADT_CUR":2106,"RTE_NM":"256376","RTE_PRFX":"CS","RTE_NBR":"256376","SYSTEM":"Off"}},{"type":"Feature","geometry":{"type":"LineString","coordinates":[[-95.3028903249003,29.739710542208],[-95.30091924,29.7390816999985],[-95.29862259,29.7383590999985]]},"properties":{"AADT_CUR":557,"RTE_NM":"1119989","RTE_PRFX":"CS","RTE_NBR":"1119989","SYSTEM":"Off"}},{"type":"Feature","geometry":{"type":"LineString","coordinates":[[-95.33459096,29.817673129999],[-95.3344002,29.817679049999],[-95.33414746,29.817672139999],[-95.33366415,29.817673059999],[-95.33358273,29.817682149999],[-95.33183302,29.817993479999],[-95.32873195,29.818001909999],[-95.3287319192535,29.8180019100533]]},"properties":{"AADT_CUR":252,"RTE_NM":"1125427","RTE_PRFX":"CS","RTE_NBR":"1125427","SYSTEM":"Off"}},{"type":"Feature","geometry":{"type":"LineString","coordinates":[[-95.3419236831969,29.710018419678],[-95.3419079621904,29.7100136270986]]},"properties":{"AADT_CUR":252,"RTE_NM":"1127242","RTE_PRFX":"CS","RTE_NBR":"1127242","SYSTEM":"Off"}},{"type":"Feature","geometry":{"type":"LineString","coordinates":[[-95.3851981800309,29.8003390100393],[-95.38437584,29.8003423399989],[-95.38430648,29.8003482199989],[-95.38284313,29.8003552999989]]},"properties":{"AADT_CUR":252,"RTE_NM":"1131719","RTE_PRFX":"CS","RTE_NBR":"1131719","SYSTEM":"Off"}},{"type":"Feature","geometry":{"type":"LineString","coordinates":[[-95.41833675,29.7587091799986],[-95.41836243,29.7598486899986],[-95.41837917,29.7613690299986],[-95.41839135,29.7628580699986],[-95.41839765,29.7634659299986],[-95.41841385,29.7643763599986],[-95.41843045,29.7658834499987],[-95.41844637,29.7673912799987],[-95.41846286,29.7689171499987],[-95.41848032,29.7706231999987],[-95.4184821287523,29.7707433552705],[-95.41848246,29.7707653599987],[-95.41851027,29.7724848899987],[-95.41852969,29.7739964399987],[-95.4185393969214,29.774915784241]]},"properties":{"AADT_CUR":252,"RTE_NM":"1119849","RTE_PRFX":"CS","RTE_NBR":"1119849","SYSTEM":"Off"}},{"type":"Feature","geometry":{"type":"LineString","coordinates":[[-95.3640548621719,29.7564651116797],[-95.3640306461222,29.7564503667108],[-95.3631595813773,29.755919975768],[-95.3623266858886,29.7554128150945],[-95.36192482,29.7551681099986],[-95.3614028271644,29.7548462435756],[-95.3606019958715,29.7543524340532],[-95.36034026,29.7541910399986],[-95.36025588,29.7541641999986],[-95.36017456,29.7541464799986],[-95.36009159,29.7541360399986],[-95.36000785,29.7541329699986],[-95.35992417,29.7541373199985],[-95.35984142,29.7541490199985],[-95.35978405,29.7541616499986],[-95.3596718,29.7541825899986],[-95.3595196,29.7542044199985],[-95.3594536623345,29.7542106805527],[-95.35936625,29.7542189799986],[-95.35921223,29.7542261899986],[-95.35905799,29.7542260599986],[-95.35893446,29.7542206399986],[-95.35888545,29.7542198099986],[-95.35879018,29.7542126699986],[-95.35869599,29.7541983299986],[-95.3586036,29.7541768699986],[-95.35851369,29.7541484699986],[-95.35842697,29.7541133399986],[-95.35838301,29.7540923199986],[-95.35830589,29.7540366799986],[-95.35803856,29.7538499199986],[-95.3578310410566,29.7537177638337]]},"properties":{"AADT_CUR":3724,"RTE_NM":"256779","RTE_PRFX":"CS","RTE_NBR":"256779","SYSTEM":"Off"}},{"type":"Feature","geometry":{"type":"LineString","coordinates":[[-95.38778146,29.7872444099988],[-95.38772829,29.7873353199988],[-95.38602692,29.7873562499988],[-95.38430616,29.7873711299988],[-95.38205986,29.7874059399988],[-95.3807704261191,29.7873971668184],[-95.37931617,29.7874151699988],[-95.37922851,29.7874291999988],[-95.37787158,29.7874308899988],[-95.37642155,29.7874464499988],[-95.37495735,29.7874620099988],[-95.3741705733158,29.7874710854817]]},"properties":{"AADT_CUR":216,"RTE_NM":"1124699","RTE_PRFX":"CS","RTE_NBR":"1124699","SYSTEM":"Off"}},{"type":"Feature","geometry":{"type":"LineString","coordinates":[[-95.3331853095395,29.726141721406],[-95.33496676,29.72728158],[-95.33541731,29.72761371],[-95.33596486,29.72805755],[-95.3361872987848,29.728250045113]]},"properties":{"AADT_CUR":5681,"RTE_NM":"IH0045-AG","RTE_PRFX":"IH","RTE_NBR":"45","SYSTEM":"On"}},{"type":"Feature","geometry":{"type":"LineString","coordinates":[[-95.3160021082607,29.726178728592],[-95.31600192,29.7261792099968],[-95.3156581,29.7270436099968],[-95.31540387,29.7277666799968],[-95.3153371899999,29.7284432799984],[-95.31527682,29.7291790599968],[-95.3152168599994,29.7294355099982],[-95.31497851,29.7299525299968],[-95.31477333,29.7302529199968],[-95.31467227,29.7303607599968],[-95.31441515,29.7305785999968],[-95.31403474,29.7307008699968],[-95.3135083,29.7307423099968],[-95.31314934,29.7307686799968],[-95.31273032,29.7307903199968],[-95.31230786,29.7307564499968],[-95.3117685,29.7306347899968]]},"properties":{"AADT_CUR":252,"RTE_NM":"1123242","RTE_PRFX":"CS","RTE_NBR":"1123242","SYSTEM":"Off"}},{"type":"Feature","geometry":{"type":"LineString","coordinates":[[-95.321088574183,29.6991561086359],[-95.32108083,29.6991610599982],[-95.3210755005955,29.6991644115282],[-95.319810332013,29.6999600317655],[-95.3190960102056,29.7004092324614],[-95.3183897728623,29.7008533412413],[-95.3176231398126,29.7013354201143],[-95.3164892006803,29.7020380487144],[-95.3152432124151,29.702810083582],[-95.314483191511,29.703280993073],[-95.3138342730709,29.7036830562089],[-95.31354483,29.7038623899982],[-95.31290843,29.7042326799982],[-95.3102990833653,29.7056881353477],[-95.30943668,29.7061691499982],[-95.3090635877283,29.7063826793121]]},"properties":{"AADT_CUR":7284,"RTE_NM":"256403","RTE_PRFX":"CS","RTE_NBR":"256403","SYSTEM":"Off"}},{"type":"Feature","geometry":{"type":"LineString","coordinates":[[-95.3697106,29.81162024],[-95.36957393,29.81162084],[-95.36926566,29.81156741],[-95.36900415,29.8115453],[-95.3670095,29.81158029],[-95.36541064,29.81160693],[-95.36118373,29.81166824],[-95.35767984,29.81172336],[-95.35758675,29.81175724],[-95.35755659,29.81182198]]},"properties":{"AADT_CUR":252,"RTE_NM":"1120011","RTE_PRFX":"CS","RTE_NBR":"1120011","SYSTEM":"Off"}},{"type":"Feature","geometry":{"type":"LineString","coordinates":[[-95.3641540145859,29.7642794727732],[-95.3641354792119,29.764260939563],[-95.36332854,29.7638148999987],[-95.3624658482588,29.7632934789368],[-95.3616065024277,29.7627694369199],[-95.36074802,29.7622459099986],[-95.3598602363004,29.7617106078709],[-95.35898156,29.7612052599986],[-95.3581350190105,29.7607050694097],[-95.3571994398245,29.7601482498888],[-95.35642773,29.7596654699986],[-95.35556055,29.7591347899986],[-95.3547121807533,29.7586422636093],[-95.35385319,29.7581435599986],[-95.3529888612812,29.7576036124113],[-95.3524965251429,29.7572960439095],[-95.3524063228167,29.7572396929787]]},"properties":{"AADT_CUR":4628,"RTE_NM":"256128","RTE_PRFX":"CS","RTE_NBR":"256128","SYSTEM":"Off"}},{"type":"Feature","geometry":{"type":"LineString","coordinates":[[-95.38237172,29.7648077599986],[-95.3813634809518,29.7648071995292]]},"properties":{"AADT_CUR":4060,"RTE_NM":"1130349","RTE_PRFX":"CS","RTE_NBR":"1130349","SYSTEM":"Off"}},{"type":"Feature","geometry":{"type":"LineString","coordinates":[[-95.38166548,29.745561629997],[-95.38167555,29.745972749997],[-95.38167768,29.746147169997],[-95.38167215,29.7464670199985],[-95.3816802799994,29.7468996199983],[-95.3815769455522,29.7471257036719],[-95.38108551,29.747738719997],[-95.38064402,29.748300029997],[-95.3800778399992,29.749014079998],[-95.3796106089615,29.7496170447604],[-95.37922228,29.750103199997],[-95.37918842,29.750136689997],[-95.3791528460593,29.7501522221421]]},"properties":{"AADT_CUR":252,"RTE_NM":"1120070","RTE_PRFX":"CS","RTE_NBR":"1120070","SYSTEM":"Off"}},{"type":"Feature","geometry":{"type":"LineString","coordinates":[[-95.42380662,29.74049195],[-95.42279584,29.7404935]]},"properties":{"AADT_CUR":252,"RTE_NM":"1128096","RTE_PRFX":"CS","RTE_NBR":"1128096","SYSTEM":"Off"}},{"type":"Feature","geometry":{"type":"LineString","coordinates":[[-95.37030226,29.7389504699984],[-95.36956316,29.7398824099985],[-95.36947153,29.7399869099985],[-95.36907265,29.7404870699985],[-95.36862573,29.7410559499985],[-95.36806722,29.7417630499985],[-95.36756758,29.7423658099985],[-95.36712822,29.7429284799985],[-95.3665858611352,29.743618408687],[-95.3659998590389,29.7443585340945],[-95.3653938507866,29.7451275739056]]},"properties":{"AADT_CUR":1719,"RTE_NM":"1125112","RTE_PRFX":"CS","RTE_NBR":"1125112","SYSTEM":"Off"}},{"type":"Feature","geometry":{"type":"LineString","coordinates":[[-95.3549885784411,29.7221467176923],[-95.3549833686335,29.722160479624]]},"properties":{"AADT_CUR":252,"RTE_NM":"1119948","RTE_PRFX":"CS","RTE_NBR":"1119948","SYSTEM":"Off"}},{"type":"Feature","geometry":{"type":"LineString","coordinates":[[-95.38375302,29.81073115],[-95.38375409,29.81121852],[-95.38374521,29.81190459]]},"properties":{"AADT_CUR":252,"RTE_NM":"1124219","RTE_PRFX":"CS","RTE_NBR":"1124219","SYSTEM":"Off"}},{"type":"Feature","geometry":{"type":"LineString","coordinates":[[-95.430363285505,29.7513407895943],[-95.4303567998911,29.7513541783193]]},"properties":{"AADT_CUR":252,"RTE_NM":"1126932","RTE_PRFX":"CS","RTE_NBR":"1126932","SYSTEM":"Off"}},{"type":"Feature","geometry":{"type":"LineString","coordinates":[[-95.32643092,29.74925073],[-95.32526179,29.75076219]]},"properties":{"AADT_CUR":252,"RTE_NM":"1120578","RTE_PRFX":"CS","RTE_NBR":"1120578","SYSTEM":"Off"}},{"type":"Feature","geometry":{"type":"LineString","coordinates":[[-95.42493568,29.74213391],[-95.42484349,29.74199518],[-95.4248327,29.7397735],[-95.42479452,29.73751706],[-95.42480952,29.73658855],[-95.42478793,29.73581919],[-95.42476534,29.73568324],[-95.42469158,29.73540186],[-95.42458718,29.73495046],[-95.42455734,29.73476357],[-95.42452828,29.73455982],[-95.4245069,29.73439857],[-95.42450237,29.73408591]]},"properties":{"AADT_CUR":2335,"RTE_NM":"256221","RTE_PRFX":"CS","RTE_NBR":"256221","SYSTEM":"Off"}},{"type":"Feature","geometry":{"type":"LineString","coordinates":[[-95.3559581193147,29.7684043341098],[-95.3559608784821,29.7684311559484],[-95.35597787,29.7685963299987],[-95.35613549,29.7689420899987],[-95.35655442,29.7699594599987]]},"properties":{"AADT_CUR":252,"RTE_NM":"1127247","RTE_PRFX":"CS","RTE_NBR":"1127247","SYSTEM":"Off"}},{"type":"Feature","geometry":{"type":"LineString","coordinates":[[-95.35439224,29.7428867099985],[-95.35442023,29.7429585599985],[-95.35441811,29.7430177599985],[-95.35439247,29.7430703799985],[-95.353913906215,29.7436843722345],[-95.35331583,29.7444284299985],[-95.3527197453978,29.7451698469671],[-95.35270672,29.7451870599985],[-95.3521391613826,29.745921420832],[-95.35152914,29.7466883099985],[-95.35094163,29.7474117399985],[-95.3503547703268,29.7481610403018],[-95.34976506,29.7488941899985],[-95.3491642,29.7496620899985],[-95.34858968,29.7504181699985],[-95.34853352,29.7504804599985],[-95.348046197,29.7510747549985]]},"properties":{"AADT_CUR":185,"RTE_NM":"1127281","RTE_PRFX":"CS","RTE_NBR":"1127281","SYSTEM":"Off"}},{"type":"Feature","geometry":{"type":"LineString","coordinates":[[-95.3204200954245,29.7875696757698],[-95.32044282,29.7884855299988],[-95.32045421,29.7891847699988]]},"properties":{"AADT_CUR":252,"RTE_NM":"1125834","RTE_PRFX":"CS","RTE_NBR":"1125834","SYSTEM":"Off"}},{"type":"Feature","geometry":{"type":"LineString","coordinates":[[-95.30845408,29.73143733],[-95.30837002,29.73156676],[-95.30805026,29.73217759],[-95.30758699,29.73322057],[-95.30755003,29.73327716],[-95.30742505,29.7334686],[-95.3072329,29.73368829],[-95.30694632,29.73392406],[-95.30667845,29.73408248],[-95.30580756,29.73445806],[-95.30546862,29.73463252],[-95.30523399,29.73480993],[-95.30504612,29.73498184],[-95.3049585195115,29.7350838357014]]},"properties":{"AADT_CUR":28629,"RTE_NM":"UA0090-RG","RTE_PRFX":"UA","RTE_NBR":"90","SYSTEM":"On"}},{"type":"Feature","geometry":{"type":"LineString","coordinates":[[-95.3625392,29.815615139999],[-95.3625565,29.816383439999],[-95.36256039,29.816439499999],[-95.3625668,29.817203859999],[-95.36258724,29.818031099999],[-95.3625962398385,29.8188557052023]]},"properties":{"AADT_CUR":252,"RTE_NM":"1126077","RTE_PRFX":"CS","RTE_NBR":"1126077","SYSTEM":"Off"}},{"type":"Feature","geometry":{"type":"LineString","coordinates":[[-95.31956502,29.7700523899961],[-95.3193254999994,29.7703454199987],[-95.31928012,29.7705275099961],[-95.31921752,29.7710535099974],[-95.31920117,29.7717601299974],[-95.3192304355468,29.7729343857681]]},"properties":{"AADT_CUR":252,"RTE_NM":"1123424","RTE_PRFX":"CS","RTE_NBR":"1123424","SYSTEM":"Off"}},{"type":"Feature","geometry":{"type":"LineString","coordinates":[[-95.34168792,29.77089133],[-95.34168603,29.77094377],[-95.34170358,29.77134905]]},"properties":{"AADT_CUR":252,"RTE_NM":"1121716","RTE_PRFX":"CS","RTE_NBR":"1121716","SYSTEM":"Off"}},{"type":"Feature","geometry":{"type":"LineString","coordinates":[[-95.3717308,29.7981332599989],[-95.3716268187338,29.7981349817368],[-95.3713231132933,29.79814001005],[-95.37085675,29.7981477299989],[-95.3703036039291,29.7981573440245],[-95.36793699,29.7981984499989],[-95.3665920942466,29.7982142495902],[-95.3656726496797,29.7982250428484],[-95.3647408595625,29.7982359742276],[-95.3638130788694,29.7982468517666],[-95.3629063055896,29.7982574764494],[-95.3619787005177,29.7982683385089],[-95.3610176359615,29.7982795852119]]},"properties":{"AADT_CUR":3947,"RTE_NM":"256921","RTE_PRFX":"CS","RTE_NBR":"256921","SYSTEM":"Off"}},{"type":"Feature","geometry":{"type":"LineString","coordinates":[[-95.38854331,29.72957741],[-95.38811593,29.73014651],[-95.38748814,29.73093875],[-95.38724621,29.73124316]]},"properties":{"AADT_CUR":252,"RTE_NM":"1126828","RTE_PRFX":"CS","RTE_NBR":"1126828","SYSTEM":"Off"}},{"type":"Feature","geometry":{"type":"LineString","coordinates":[[-95.34945389,29.73481288],[-95.349098,29.73470867],[-95.34785543,29.73433234],[-95.3471253,29.73411831],[-95.34681773,29.73401366],[-95.34620788,29.73382623],[-95.34582278,29.73370069]]},"properties":{"AADT_CUR":190,"RTE_NM":"1124309","RTE_PRFX":"CS","RTE_NBR":"1124309","SYSTEM":"Off"}},{"type":"Feature","geometry":{"type":"LineString","coordinates":[[-95.36631992,29.7139883499966],[-95.3660332799994,29.714696909998],[-95.36572847,29.7154511799966],[-95.3654294299994,29.7162287199981],[-95.3651112899994,29.7169855199982],[-95.36500514,29.7172714899966],[-95.36484075,29.7177060699966],[-95.3645421099994,29.7184720599982],[-95.3642543499995,29.7192086999981],[-95.3639982505348,29.7199723735559]]},"properties":{"AADT_CUR":252,"RTE_NM":"1129559","RTE_PRFX":"CS","RTE_NBR":"1129559","SYSTEM":"Off"}},{"type":"Feature","geometry":{"type":"LineString","coordinates":[[-95.3851777,29.7888544399988],[-95.38518934,29.7896809799988],[-95.38520042,29.7901384499988],[-95.3851908400907,29.7907471942376]]},"properties":{"AADT_CUR":252,"RTE_NM":"1128197","RTE_PRFX":"CS","RTE_NBR":"1128197","SYSTEM":"Off"}},{"type":"Feature","geometry":{"type":"LineString","coordinates":[[-95.3920153759701,29.7916992339063],[-95.3899657,29.7917229299988],[-95.38837727,29.7917389399988],[-95.38790707,29.7917436799988],[-95.3878614721734,29.7916646601254],[-95.38785127,29.7916469799988]]},"properties":{"AADT_CUR":252,"RTE_NM":"1122695","RTE_PRFX":"CS","RTE_NBR":"1122695","SYSTEM":"Off"}},{"type":"Feature","geometry":{"type":"LineString","coordinates":[[-95.410737527936,29.7426877502195],[-95.4107373683365,29.7426877604569],[-95.41024453,29.7426241199985],[-95.4096950556829,29.7426684564918],[-95.40872343,29.7427468499985],[-95.4078377333404,29.7427447514342],[-95.4070500799121,29.7427428799862],[-95.4062568453501,29.7427419104799],[-95.4054447373576,29.7427409127641],[-95.40460045,29.7427398699985],[-95.4037418933159,29.7427557955244],[-95.4028883799986,29.7427716217314],[-95.4020917197899,29.7427863885541],[-95.4020679,29.7427868299985],[-95.4012515177874,29.7427876345175],[-95.4004821081643,29.7427883879342],[-95.39936863,29.7427894699985],[-95.3993125600341,29.7427898847322],[-95.3988321244563,29.7427934373618],[-95.3982044916157,29.742798075713],[-95.39754448,29.7428029499985],[-95.39717547,29.7428037229985],[-95.397078342,29.7428117319985],[-95.396999217,29.7428326929985],[-95.396939908,29.7428602759985],[-95.39672429,29.7429561219985],[-95.396221375,29.7431983229985],[-95.39591292,29.7433368889985],[-95.3958676466466,29.7433565436667],[-95.395770763,29.7433986039985],[-95.395692979,29.7434358659985],[-95.395565573,29.7435022379985],[-95.395456944,29.7435651159985],[-95.395356361,29.7436361459985],[-95.395226273,29.7437281349985],[-95.395148489,29.7437712189985],[-95.395049248,29.7438224529985],[-95.394952688,29.7438713589985],[-95.3948095979958,29.7439409038244],[-95.39437384,29.7441526899985],[-95.393584715,29.7445242179985],[-95.393437514,29.7445937009985],[-95.393342574,29.7446277869985],[-95.3931727420182,29.7446313086611],[-95.39264165,29.7446423199985],[-95.3918301350824,29.7446539363379],[-95.3913007744347,29.7446615110054]]},"properties":{"AADT_CUR":15086,"RTE_NM":"257311","RTE_PRFX":"CS","RTE_NBR":"257311","SYSTEM":"Off"}},{"type":"Feature","geometry":{"type":"LineString","coordinates":[[-95.38711552,29.75156315],[-95.38716322,29.75196417]]},"properties":{"AADT_CUR":252,"RTE_NM":"1121068","RTE_PRFX":"CS","RTE_NBR":"1121068","SYSTEM":"Off"}},{"type":"Feature","geometry":{"type":"LineString","coordinates":[[-95.375075311558,29.7545453478138],[-95.3750586654781,29.7545452568688]]},"properties":{"AADT_CUR":252,"RTE_NM":"1121771","RTE_PRFX":"CS","RTE_NBR":"1121771","SYSTEM":"Off"}},{"type":"Feature","geometry":{"type":"LineString","coordinates":[[-95.4107024,29.75201588],[-95.41027167,29.75201627],[-95.41011932,29.75203538],[-95.40995635,29.75208968],[-95.4097097,29.75221133],[-95.40959364,29.75226553],[-95.40949725,29.75229432],[-95.40835009,29.75232224],[-95.4079836,29.75232461],[-95.40720086,29.75233637],[-95.40640793,29.75234014],[-95.40559158,29.75235637],[-95.4047422,29.75237783],[-95.40387921,29.75239499],[-95.40302383,29.7524061],[-95.40239192,29.75241633],[-95.40220594,29.75242772],[-95.40152082,29.75243437],[-95.40146955,29.75243299],[-95.40141696,29.75241499]]},"properties":{"AADT_CUR":252,"RTE_NM":"1128012","RTE_PRFX":"CS","RTE_NBR":"1128012","SYSTEM":"Off"}},{"type":"Feature","geometry":{"type":"LineString","coordinates":[[-95.3774793738105,29.7182150840755],[-95.377464,29.7182095199983],[-95.377463982959,29.7182095105236]]},"properties":{"AADT_CUR":252,"RTE_NM":"1261006","RTE_PRFX":"CS","RTE_NBR":"1261006","SYSTEM":"Off"}},{"type":"Feature","geometry":{"type":"LineString","coordinates":[[-95.4300265508422,29.8016065177575],[-95.43002663,29.8016047199989],[-95.4300326538104,29.800738631955],[-95.4300378530091,29.7999910921345],[-95.4300431303974,29.7992322985187],[-95.43004053,29.7984073099989],[-95.4300123553663,29.7973122120784],[-95.4299893718666,29.7964188661355],[-95.42996737,29.7955636599989],[-95.4299674123197,29.7955478484305],[-95.4299705675532,29.7943689689699],[-95.4299732797996,29.7933555786104],[-95.42997781,29.7916628899988],[-95.4299197300067,29.7892107002827]]},"properties":{"AADT_CUR":4884,"RTE_NM":"256242","RTE_PRFX":"CS","RTE_NBR":"256242","SYSTEM":"Off"}},{"type":"Feature","geometry":{"type":"LineString","coordinates":[[-95.37232523,29.76728607],[-95.37218204,29.76726887],[-95.37151983,29.76715167],[-95.370654393,29.766973445],[-95.370537291,29.766948432],[-95.370477722,29.766919698],[-95.370333085,29.766843094],[-95.36937051,29.76626267],[-95.3692433,29.76619819],[-95.36910868,29.7661454],[-95.36811896,29.7657622],[-95.36785569,29.76567479],[-95.367591324,29.765598125],[-95.367514658,29.765579753],[-95.367429946,29.765561671],[-95.367361324,29.765547721],[-95.3672042478537,29.7655134051606]]},"properties":{"AADT_CUR":16266,"RTE_NM":"256312","RTE_PRFX":"CS","RTE_NBR":"256312","SYSTEM":"Off"}},{"type":"Feature","geometry":{"type":"LineString","coordinates":[[-95.4183371558351,29.7521424853532],[-95.41833812,29.75213949],[-95.41836221,29.75205851],[-95.41844669,29.75175625],[-95.41852309,29.75145237],[-95.41859136,29.75114702],[-95.41865147,29.75084036],[-95.41870338,29.75053256],[-95.41874707,29.75022379],[-95.41878252,29.74991422],[-95.41880971,29.74960401],[-95.41882861,29.74929334],[-95.41883923,29.74898236],[-95.41884154,29.74867125],[-95.41883657,29.74839249],[-95.4188361184531,29.7483184027925]]},"properties":{"AADT_CUR":24376,"RTE_NM":"256595","RTE_PRFX":"CS","RTE_NBR":"256595","SYSTEM":"Off"}},{"type":"Feature","geometry":{"type":"LineString","coordinates":[[-95.404585087723,29.7419420873153],[-95.4020763172735,29.7419686599859],[-95.40204698,29.7419689699985],[-95.39935372,29.7419953699985],[-95.39753757,29.7420126399985]]},"properties":{"AADT_CUR":252,"RTE_NM":"1124487","RTE_PRFX":"CS","RTE_NBR":"1124487","SYSTEM":"Off"}},{"type":"Feature","geometry":{"type":"LineString","coordinates":[[-95.3782239942458,29.7528882652867],[-95.37765744,29.7536028399986]]},"properties":{"AADT_CUR":252,"RTE_NM":"1124565","RTE_PRFX":"CS","RTE_NBR":"1124565","SYSTEM":"Off"}},{"type":"Feature","geometry":{"type":"LineString","coordinates":[[-95.3561636721031,29.7583957275785],[-95.3561499839573,29.7583874738409]]},"properties":{"AADT_CUR":2081,"RTE_NM":"256974","RTE_PRFX":"CS","RTE_NBR":"256974","SYSTEM":"Off"}},{"type":"Feature","geometry":{"type":"LineString","coordinates":[[-95.3741092519295,29.7454087382813],[-95.374087829741,29.7453960172833],[-95.37387331,29.7452686299985],[-95.37320114,29.7448730899985],[-95.37272516,29.7445842199985],[-95.3723502100158,29.7443572006793],[-95.371484844766,29.7438332435315],[-95.3706146520423,29.7433063518552],[-95.3697560075623,29.7427864410929],[-95.36927732,29.7424965899985],[-95.3689107817288,29.742275577488],[-95.3680650783246,29.7417656337113],[-95.3672046743801,29.7412468145338],[-95.3667031188348,29.740944373874],[-95.366380875127,29.7407500571723],[-95.3661085731302,29.7405858546629],[-95.3658865585937,29.7404519754651],[-95.36582491,29.7404147999985],[-95.3658146239506,29.740408611904]]},"properties":{"AADT_CUR":6763,"RTE_NM":"256772","RTE_PRFX":"CS","RTE_NBR":"256772","SYSTEM":"Off"}},{"type":"Feature","geometry":{"type":"LineString","coordinates":[[-95.372115244481,29.7837939052839],[-95.3720820455432,29.7837935159498]]},"properties":{"AADT_CUR":252,"RTE_NM":"1127900","RTE_PRFX":"CS","RTE_NBR":"1127900","SYSTEM":"Off"}},{"type":"Feature","geometry":{"type":"LineString","coordinates":[[-95.3853973857748,29.7338201198213],[-95.38539668,29.7338291399968],[-95.38541578,29.7338401189968]]},"properties":{"AADT_CUR":252,"RTE_NM":"1123782","RTE_PRFX":"CS","RTE_NBR":"1123782","SYSTEM":"Off"}},{"type":"Feature","geometry":{"type":"LineString","coordinates":[[-95.3768202963289,29.7451648912952],[-95.37683068,29.7451711899985],[-95.37767284,29.7456818099985],[-95.37799823,29.7458733599985],[-95.37853274,29.7461935099985],[-95.3793903310138,29.7467058625542],[-95.3802353202786,29.7472181366138],[-95.38108551,29.7477387199985],[-95.3819444,29.7482487399985],[-95.38280995,29.7487671699985],[-95.38365973,29.7492755199985],[-95.38394581,29.7494360999985],[-95.38397877,29.7495247699985]]},"properties":{"AADT_CUR":205,"RTE_NM":"1122607","RTE_PRFX":"CS","RTE_NBR":"1122607","SYSTEM":"Off"}},{"type":"Feature","geometry":{"type":"LineString","coordinates":[[-95.42744828,29.7060935899982],[-95.427375906287,29.7022233685843],[-95.4273605705324,29.7014032419839],[-95.4273445606589,29.7005470501529],[-95.4273290359936,29.6997167924737],[-95.4273060593504,29.6984879778811]]},"properties":{"AADT_CUR":10603,"RTE_NM":"256006","RTE_PRFX":"CS","RTE_NBR":"256006","SYSTEM":"Off"}},{"type":"Feature","geometry":{"type":"LineString","coordinates":[[-95.3274264415623,29.7632456623529],[-95.32744267,29.76251215],[-95.32745023,29.76245416],[-95.32758575,29.76189217],[-95.3277099,29.761531],[-95.32782011,29.76127181],[-95.32793967,29.76103804],[-95.32806251,29.7608277],[-95.32846772,29.7602903],[-95.328806,29.75991323],[-95.32898021,29.75972731],[-95.32943713,29.75920212],[-95.32983537,29.75875084],[-95.33025051,29.75824005],[-95.33079381,29.75752024],[-95.33130466,29.75688694],[-95.33153115,29.75658074],[-95.33187416,29.75622559],[-95.33212984,29.75604354],[-95.33247961,29.75590085],[-95.33292522,29.7557617],[-95.3338683,29.75554512],[-95.33423002,29.75543877],[-95.33439893,29.75534926],[-95.33462548,29.75520203],[-95.33487057,29.75493145]]},"properties":{"AADT_CUR":6892,"RTE_NM":"257412","RTE_PRFX":"CS","RTE_NBR":"257412","SYSTEM":"Off"}},{"type":"Feature","geometry":{"type":"LineString","coordinates":[[-95.3585005206941,29.7047674453679],[-95.3584840481251,29.7047623941453],[-95.3572818834347,29.7043937491698],[-95.35519565,29.7037539699982],[-95.3539001084764,29.7033692312063],[-95.3525526988709,29.7029690718205],[-95.352348347671,29.7029083812029],[-95.35226484,29.7028835799982],[-95.3522607728979,29.7028823285423]]},"properties":{"AADT_CUR":4604,"RTE_NM":"256403","RTE_PRFX":"CS","RTE_NBR":"256403","SYSTEM":"Off"}},{"type":"Feature","geometry":{"type":"LineString","coordinates":[[-95.3560346452288,29.7931713704938],[-95.3560343270031,29.7931605512592],[-95.3560100436529,29.79233494383],[-95.3559852077474,29.7914905356922],[-95.3559601147526,29.7906373718312],[-95.35595948,29.7906157899988],[-95.3559568018775,29.7902973417385]]},"properties":{"AADT_CUR":1350,"RTE_NM":"256111","RTE_PRFX":"CS","RTE_NBR":"256111","SYSTEM":"Off"}},{"type":"Feature","geometry":{"type":"LineString","coordinates":[[-95.38649273,29.7467794099985],[-95.38649204,29.7474226099985],[-95.386488,29.7475082699985],[-95.386495595938,29.7482037242143],[-95.38650025,29.7488732299985],[-95.38650034,29.7495449799985],[-95.38651654,29.7495973399985],[-95.38652928,29.7502299599985],[-95.38653614,29.7502892799985],[-95.3865458,29.7508474199985],[-95.38653509,29.7508979699986],[-95.38652683,29.7509452999985],[-95.386526,29.7515741099986]]},"properties":{"AADT_CUR":252,"RTE_NM":"1127005","RTE_PRFX":"CS","RTE_NBR":"1127005","SYSTEM":"Off"}},{"type":"Feature","geometry":{"type":"LineString","coordinates":[[-95.4003778767189,29.7610544228012],[-95.4003781771159,29.7610689455779]]},"properties":{"AADT_CUR":252,"RTE_NM":"1128945","RTE_PRFX":"CS","RTE_NBR":"1128945","SYSTEM":"Off"}},{"type":"Feature","geometry":{"type":"LineString","coordinates":[[-95.4217047749448,29.7658587115252],[-95.4209834072343,29.7658590869283],[-95.42014125,29.7658595199986],[-95.4201243152949,29.765859781215],[-95.4192527568103,29.7658732218767],[-95.4184304758368,29.765885897114],[-95.41766123,29.7658977499987],[-95.4176394966529,29.7658983067865],[-95.4163173715565,29.7659321713665],[-95.41408615,29.7659892899986],[-95.4133471758272,29.7660024938906],[-95.4124194596765,29.7660190640969],[-95.41236593,29.7660200199986],[-95.4114608163333,29.7660304963285],[-95.4105040453027,29.766041563545],[-95.4104196,29.7660425399987],[-95.4100946,29.7660514899987],[-95.4093740818847,29.7660655035602]]},"properties":{"AADT_CUR":1355,"RTE_NM":"256280","RTE_PRFX":"CS","RTE_NBR":"256280","SYSTEM":"Off"}},{"type":"Feature","geometry":{"type":"LineString","coordinates":[[-95.3405231284004,29.747769719307],[-95.3405169,29.7477772999985],[-95.3405063121442,29.7477907425987],[-95.339899004497,29.7485617875542],[-95.3393054687517,29.7493153329912],[-95.338714433182,29.7500656899461],[-95.33810648,29.7508375099985],[-95.338080222376,29.7508703232464],[-95.3375115718943,29.7515809394272],[-95.337062805014,29.7521417335873]]},"properties":{"AADT_CUR":2618,"RTE_NM":"256860","RTE_PRFX":"CS","RTE_NBR":"256860","SYSTEM":"Off"}},{"type":"Feature","geometry":{"type":"LineString","coordinates":[[-95.3844906176948,29.7322212881983],[-95.38449298,29.73221833],[-95.38632029,29.72990664],[-95.38879595,29.72676102],[-95.38955035,29.72575767],[-95.3909497371331,29.7240255495812]]},"properties":{"AADT_CUR":7446,"RTE_NM":"256734","RTE_PRFX":"CS","RTE_NBR":"256734","SYSTEM":"Off"}},{"type":"Feature","geometry":{"type":"LineString","coordinates":[[-95.38183958,29.79844735],[-95.38158739,29.79842554],[-95.38138637,29.79839297],[-95.38119349,29.79834178],[-95.38102256,29.79828507],[-95.38085916,29.79822233],[-95.38070839,29.7981979],[-95.38056606,29.79814854],[-95.38038701,29.79811046],[-95.38014867,29.79810178],[-95.37801597,29.79806821],[-95.37635782,29.79809608],[-95.3717308,29.79813326]]},"properties":{"AADT_CUR":4560,"RTE_NM":"256920","RTE_PRFX":"CS","RTE_NBR":"256920","SYSTEM":"Off"}},{"type":"Feature","geometry":{"type":"LineString","coordinates":[[-95.3203494625316,29.7104785088914],[-95.32003081,29.7100352599983],[-95.31966205,29.7096424899983],[-95.31882946,29.7091204099983],[-95.31801426,29.7088527399983],[-95.3168885344598,29.7086528361096]]},"properties":{"AADT_CUR":6705,"RTE_NM":"257340","RTE_PRFX":"CS","RTE_NBR":"257340","SYSTEM":"Off"}},{"type":"Feature","geometry":{"type":"LineString","coordinates":[[-95.4090441,29.72654398],[-95.40905801,29.72664819],[-95.4090646,29.72715888],[-95.40906727,29.72784894]]},"properties":{"AADT_CUR":252,"RTE_NM":"1132153","RTE_PRFX":"CS","RTE_NBR":"1132153","SYSTEM":"Off"}},{"type":"Feature","geometry":{"type":"LineString","coordinates":[[-95.3835280580804,29.7344343336733],[-95.3835217681803,29.7344477288625]]},"properties":{"AADT_CUR":252,"RTE_NM":"1120799","RTE_PRFX":"CS","RTE_NBR":"1120799","SYSTEM":"Off"}},{"type":"Feature","geometry":{"type":"LineString","coordinates":[[-95.421529809148,29.7613451290966],[-95.421521260063,29.7613452227342],[-95.420919877491,29.7613518081793],[-95.4200781323824,29.7613610209247],[-95.4192041405017,29.76137058069],[-95.4183792564407,29.7613795977837],[-95.4175630912513,29.7613885142852],[-95.41697462,29.7613949399986],[-95.41621339,29.7614822799986],[-95.4162097927515,29.7614831836569],[-95.415747,29.7615994399986],[-95.41536323,29.7618248899986],[-95.41489371,29.7622386899986],[-95.41444972,29.7625768399986],[-95.41405862,29.7627254299986],[-95.41338319,29.7628541599986],[-95.41283371,29.7628725699986],[-95.41231249,29.7627579599986],[-95.41190171,29.7626282099986],[-95.4111518,29.7622468499986],[-95.4106365,29.7620079999986],[-95.41004316,29.7617950499986],[-95.40964061,29.7617230199986],[-95.4089883382661,29.7616744534354]]},"properties":{"AADT_CUR":28199,"RTE_NM":"256787","RTE_PRFX":"CS","RTE_NBR":"256787","SYSTEM":"Off"}},{"type":"Feature","geometry":{"type":"LineString","coordinates":[[-95.3732168442674,29.8075954767712],[-95.37321466,29.80759519],[-95.37272358,29.8075283],[-95.36933635,29.80757974]]},"properties":{"AADT_CUR":2882,"RTE_NM":"256667","RTE_PRFX":"CS","RTE_NBR":"256667","SYSTEM":"Off"}},{"type":"Feature","geometry":{"type":"LineString","coordinates":[[-95.4021088786605,29.7013949167596],[-95.40063694,29.70151182],[-95.39922932,29.70171199],[-95.39837186,29.7018723],[-95.39793858,29.70204801],[-95.39732171,29.70233672],[-95.3971159814865,29.7024908957914]]},"properties":{"AADT_CUR":11402,"RTE_NM":"255964","RTE_PRFX":"CS","RTE_NBR":"255964","SYSTEM":"Off"}},{"type":"Feature","geometry":{"type":"LineString","coordinates":[[-95.3880407364137,29.8040922781268],[-95.38803472,29.80407595],[-95.38744631,29.80319541],[-95.38617125,29.80161009],[-95.38519818,29.80033901],[-95.38437021,29.79931421],[-95.381850208639,29.7973809557701]]},"properties":{"AADT_CUR":5790,"RTE_NM":"256740","RTE_PRFX":"CS","RTE_NBR":"256740","SYSTEM":"Off"}},{"type":"Feature","geometry":{"type":"LineString","coordinates":[[-95.38970777,29.76004447],[-95.38950049,29.76002314],[-95.38807716,29.76004572]]},"properties":{"AADT_CUR":252,"RTE_NM":"1121077","RTE_PRFX":"CS","RTE_NBR":"1121077","SYSTEM":"Off"}},{"type":"Feature","geometry":{"type":"LineString","coordinates":[[-95.38104878,29.7640145299986],[-95.38057303,29.7634998999986],[-95.38038297,29.7634068899986],[-95.3802187,29.7633813699986],[-95.37920259,29.7636350999987],[-95.37905348,29.7636528599986],[-95.3776288481677,29.7636047502617]]},"properties":{"AADT_CUR":252,"RTE_NM":"1126725","RTE_PRFX":"CS","RTE_NBR":"1126725","SYSTEM":"Off"}},{"type":"Feature","geometry":{"type":"LineString","coordinates":[[-95.37230037,29.75529068],[-95.37235024,29.75536011],[-95.37236437,29.75544435],[-95.37236637,29.75575381],[-95.372370249,29.7560668],[-95.37235834,29.756230973],[-95.372262178,29.756481531],[-95.37213383,29.756732087]]},"properties":{"AADT_CUR":252,"RTE_NM":"1129835","RTE_PRFX":"CS","RTE_NBR":"1129835","SYSTEM":"Off"}},{"type":"Feature","geometry":{"type":"LineString","coordinates":[[-95.365837493564,29.7541916342986],[-95.36582591,29.7541848099972],[-95.3649669647417,29.7536606422085],[-95.3641008351693,29.7531477072358],[-95.36319498,29.7526299199972],[-95.36241607,29.7521284199971],[-95.3623710794667,29.7521017561028],[-95.36152536,29.7516005299971],[-95.3606701925019,29.7510809996852],[-95.3601228697381,29.7507584512778]]},"properties":{"AADT_CUR":3196,"RTE_NM":"256948","RTE_PRFX":"CS","RTE_NBR":"256948","SYSTEM":"Off"}},{"type":"Feature","geometry":{"type":"LineString","coordinates":[[-95.3764635543926,29.7439995814853],[-95.37595542,29.7437493199985],[-95.3755530627103,29.743530078339],[-95.37468479,29.7429908599985],[-95.37381724,29.7424747799985],[-95.3729808376058,29.74196039922],[-95.37211103,29.7414390199985],[-95.37125199,29.7409247199985],[-95.3712299679477,29.7409113501752],[-95.3703955476159,29.7404047591671],[-95.36956316,29.7398824099985],[-95.36869324,29.7393661399985],[-95.3678619299964,29.7388676309969],[-95.3675885938193,29.7387037180689],[-95.3673746257954,29.7385754059561],[-95.3672866311217,29.7385226372031],[-95.3671907179625,29.7384651197486],[-95.3669885961458,29.7383439103496],[-95.3666893921642,29.7381644811006],[-95.36666933,29.7381524499984],[-95.36611555,29.7378300599985],[-95.36595087,29.7377235799984],[-95.36527464,29.7373221899984],[-95.3635648489462,29.7362968235734],[-95.36345166,29.7362639899984],[-95.36262685,29.7357714299984],[-95.3618243346152,29.7352866860579],[-95.36180618,29.7352757199984],[-95.36096961,29.7347600699984],[-95.3601322394069,29.7342665085133],[-95.35925937,29.7337316799984],[-95.35891196,29.7335249699984],[-95.35871691,29.7334186599984],[-95.35865503,29.7334112199984],[-95.35861875,29.7334168599984],[-95.3585878498939,29.7334309501183],[-95.35854726,29.7334513799984],[-95.35847885,29.7334528399984],[-95.35768092,29.7332091599984],[-95.3574187,29.7331254499984],[-95.35678329,29.7329336199984],[-95.35628535,29.7327720699984],[-95.35613505,29.7327282099984],[-95.35603746,29.7326968399984],[-95.35501836,29.7323863399984],[-95.35473624,29.7322977399984],[-95.35411543,29.7321121499984],[-95.3534507307855,29.7319074780279],[-95.35230598,29.7315549799984],[-95.3509747,29.7311474799984],[-95.35010396,29.7308714199984],[-95.3493107600488,29.7306286809066],[-95.34924468,29.7306097499984],[-95.34827486,29.7303069099984],[-95.34724397,29.7300010999984],[-95.34620095,29.7296807399984],[-95.34411492,29.7290402699984],[-95.3433446427599,29.7288026026124]]},"properties":{"AADT_CUR":719,"RTE_NM":"1131103","RTE_PRFX":"CS","RTE_NBR":"1131103","SYSTEM":"Off"}},{"type":"Feature","geometry":{"type":"LineString","coordinates":[[-95.3833643762298,29.7336316004464],[-95.38418019,29.7341467899984]]},"properties":{"AADT_CUR":252,"RTE_NM":"1129070","RTE_PRFX":"CS","RTE_NBR":"1129070","SYSTEM":"Off"}},{"type":"Feature","geometry":{"type":"LineString","coordinates":[[-95.4105221621191,29.7179291354125],[-95.4105289242593,29.7179423816476]]},"properties":{"AADT_CUR":252,"RTE_NM":"1132021","RTE_PRFX":"CS","RTE_NBR":"1132021","SYSTEM":"Off"}},{"type":"Feature","geometry":{"type":"LineString","coordinates":[[-95.37870035,29.7584898499986],[-95.37872227,29.7598448299986],[-95.37872621,29.7603365999986],[-95.378615536622,29.7606386550312]]},"properties":{"AADT_CUR":252,"RTE_NM":"1131229","RTE_PRFX":"CS","RTE_NBR":"1131229","SYSTEM":"Off"}},{"type":"Feature","geometry":{"type":"LineString","coordinates":[[-95.3703974435263,29.7580528307435],[-95.3698322771969,29.7588021563134]]},"properties":{"AADT_CUR":252,"RTE_NM":"1120816","RTE_PRFX":"CS","RTE_NBR":"1120816","SYSTEM":"Off"}},{"type":"Feature","geometry":{"type":"LineString","coordinates":[[-95.3348292661704,29.7155743188182],[-95.33472632,29.71506856],[-95.33451536,29.71433082],[-95.33421055,29.71351017],[-95.33389759,29.7124645],[-95.33330083,29.71066158],[-95.33296861,29.70987411]]},"properties":{"AADT_CUR":14196,"RTE_NM":"SS0005-RG","RTE_PRFX":"SS","RTE_NBR":"5","SYSTEM":"On"}},{"type":"Feature","geometry":{"type":"LineString","coordinates":[[-95.38398334,29.7563850599986],[-95.38318964,29.7563899199986],[-95.38310664,29.7563948399986],[-95.38221597,29.7564049599986],[-95.38132962,29.7564056599986],[-95.3804413,29.7564173699986],[-95.37957261,29.7564236999986],[-95.37868556,29.7564308099986],[-95.37779828,29.7564377999986],[-95.37693184,29.7564455799986],[-95.37602708,29.7564576099986],[-95.37550955,29.7564591999986],[-95.3750917981036,29.7564533675947]]},"properties":{"AADT_CUR":252,"RTE_NM":"1128930","RTE_PRFX":"CS","RTE_NBR":"1128930","SYSTEM":"Off"}},{"type":"Feature","geometry":{"type":"LineString","coordinates":[[-95.3650496,29.78330037],[-95.36192244,29.78441975],[-95.36173886,29.78447797],[-95.36162075,29.78450148],[-95.36143939,29.78451339],[-95.36085552,29.78449202]]},"properties":{"AADT_CUR":4364,"RTE_NM":"255951","RTE_PRFX":"CS","RTE_NBR":"255951","SYSTEM":"Off"}},{"type":"Feature","geometry":{"type":"LineString","coordinates":[[-95.42775576,29.72528414],[-95.42772811,29.72306128],[-95.42775441,29.72291145],[-95.42770759,29.71995033],[-95.4276026889921,29.7150131816697]]},"properties":{"AADT_CUR":20821,"RTE_NM":"257720","RTE_PRFX":"CS","RTE_NBR":"257720","SYSTEM":"Off"}},{"type":"Feature","geometry":{"type":"LineString","coordinates":[[-95.30874611,29.7362993899985],[-95.3067755184309,29.7356917555812],[-95.3058580453911,29.735408838368],[-95.3049540451043,29.7350890453742],[-95.30490719,29.7350724699984],[-95.3028585601086,29.7344451902676],[-95.3004493764221,29.7337074582082],[-95.29863765,29.7331526399984],[-95.2985032520243,29.7331124200375],[-95.2977508793289,29.7328872616156],[-95.2972957313444,29.7327510493211],[-95.2965407426627,29.7325250991578],[-95.2957796464107,29.7322973155369],[-95.2945648727357,29.7319337420433],[-95.2933703358524,29.7315762112981],[-95.29264347,29.7313586499984]]},"properties":{"AADT_CUR":8262,"RTE_NM":"256044","RTE_PRFX":"CS","RTE_NBR":"256044","SYSTEM":"Off"}},{"type":"Feature","geometry":{"type":"LineString","coordinates":[[-95.3633571,29.79490165],[-95.36333936,29.79486813],[-95.36330504,29.79484589],[-95.36325703,29.79483898],[-95.36285078,29.79483934],[-95.36192596,29.79485297],[-95.36093859,29.79486697],[-95.36085858,29.79484696],[-95.3607889,29.79483394],[-95.3601064,29.79483765],[-95.36002985,29.79483836],[-95.35995658,29.79483636],[-95.35950405,29.79484372],[-95.3591642,29.79484426],[-95.35910509,29.79482637],[-95.35906894,29.79479281],[-95.35903746,29.79473333]]},"properties":{"AADT_CUR":252,"RTE_NM":"1119560","RTE_PRFX":"CS","RTE_NBR":"1119560","SYSTEM":"Off"}},{"type":"Feature","geometry":{"type":"LineString","coordinates":[[-95.3443533850152,29.7445591318103],[-95.34435739,29.7445541199985],[-95.3449450223344,29.7438000594726],[-95.34495668,29.7437850999985],[-95.3449630301036,29.7437797629086]]},"properties":{"AADT_CUR":2404,"RTE_NM":"257079","RTE_PRFX":"CS","RTE_NBR":"257079","SYSTEM":"Off"}},{"type":"Feature","geometry":{"type":"LineString","coordinates":[[-95.3705410923318,29.732254277619],[-95.37008449,29.7328367899984],[-95.36980102,29.7331979899984],[-95.36964057,29.7334040799984],[-95.36932186,29.7338075799984],[-95.36907905,29.7340858799984],[-95.3690780426191,29.7340871122659],[-95.36859596,29.7346768099984],[-95.3681694686635,29.7352377054357],[-95.36816469,29.7352439899984],[-95.3675958947942,29.7359513574687],[-95.36739052,29.7362299399984],[-95.36727179,29.7363682499985],[-95.36710359,29.7365374999985],[-95.36684292,29.7367464599985],[-95.36656405,29.7369077399984],[-95.36644867,29.7369517899984],[-95.36635443,29.7369616499984],[-95.3662298,29.7369458499984],[-95.36609486,29.7368999799985],[-95.36575152,29.7367143599985]]},"properties":{"AADT_CUR":1220,"RTE_NM":"1130264","RTE_PRFX":"CS","RTE_NBR":"1130264","SYSTEM":"Off"}},{"type":"Feature","geometry":{"type":"LineString","coordinates":[[-95.38893121,29.75617261],[-95.38570239,29.7562315]]},"properties":{"AADT_CUR":252,"RTE_NM":"1131634","RTE_PRFX":"CS","RTE_NBR":"1131634","SYSTEM":"Off"}},{"type":"Feature","geometry":{"type":"LineString","coordinates":[[-95.3635798735338,29.7506227942162],[-95.363531743,29.75059407],[-95.361999176,29.749667826],[-95.361360654,29.749281114],[-95.360844122,29.748972523],[-95.36075339,29.748906118],[-95.360687263,29.748852484],[-95.36062486,29.748797463],[-95.3605655,29.748724345],[-95.36048248,29.74861544],[-95.3604196,29.74849963],[-95.3604178805617,29.7484955442465]]},"properties":{"AADT_CUR":1067,"RTE_NM":"255858","RTE_PRFX":"CS","RTE_NBR":"255858","SYSTEM":"Off"}},{"type":"Feature","geometry":{"type":"LineString","coordinates":[[-95.43806891,29.79727087],[-95.4340281,29.7972929]]},"properties":{"AADT_CUR":252,"RTE_NM":"1125566","RTE_PRFX":"CS","RTE_NBR":"1125566","SYSTEM":"Off"}},{"type":"Feature","geometry":{"type":"LineString","coordinates":[[-95.3717075256658,29.7500210347372],[-95.37188696,29.74979345],[-95.3723161699457,29.7492588477383]]},"properties":{"AADT_CUR":6101,"RTE_NM":"257236","RTE_PRFX":"CS","RTE_NBR":"257236","SYSTEM":"Off"}},{"type":"Feature","geometry":{"type":"LineString","coordinates":[[-95.3852192320237,29.790897887176],[-95.38426103,29.7909179]]},"properties":{"AADT_CUR":252,"RTE_NM":"1128008","RTE_PRFX":"CS","RTE_NBR":"1128008","SYSTEM":"Off"}},{"type":"Feature","geometry":{"type":"LineString","coordinates":[[-95.3610176359615,29.7982795852119],[-95.36100355,29.7982797499989],[-95.360984362872,29.798279974985]]},"properties":{"AADT_CUR":3947,"RTE_NM":"256921","RTE_PRFX":"CS","RTE_NBR":"256921","SYSTEM":"Off"}},{"type":"Feature","geometry":{"type":"LineString","coordinates":[[-95.4115305511045,29.742563980291],[-95.41153064,29.7425769199985],[-95.4115356631335,29.7426365522008]]},"properties":{"AADT_CUR":252,"RTE_NM":"1128007","RTE_PRFX":"CS","RTE_NBR":"1128007","SYSTEM":"Off"}},{"type":"Feature","geometry":{"type":"LineString","coordinates":[[-95.40289452,29.74375646],[-95.40208584,29.74376446],[-95.40129898,29.74375029],[-95.4004539,29.74372315]]},"properties":{"AADT_CUR":252,"RTE_NM":"1126895","RTE_PRFX":"CS","RTE_NBR":"1126895","SYSTEM":"Off"}},{"type":"Feature","geometry":{"type":"LineString","coordinates":[[-95.3910299030612,29.7275920094403],[-95.39102473,29.7275921199984],[-95.39028329,29.7275998199984]]},"properties":{"AADT_CUR":252,"RTE_NM":"1120160","RTE_PRFX":"CS","RTE_NBR":"1120160","SYSTEM":"Off"}},{"type":"Feature","geometry":{"type":"LineString","coordinates":[[-95.38573935,29.80104592],[-95.3843864,29.80105297],[-95.38295332,29.80106168],[-95.38288663,29.80102357]]},"properties":{"AADT_CUR":252,"RTE_NM":"1132227","RTE_PRFX":"CS","RTE_NBR":"1132227","SYSTEM":"Off"}},{"type":"Feature","geometry":{"type":"LineString","coordinates":[[-95.4278973,29.7790138499987],[-95.42657066,29.7790144899988],[-95.42428697,29.7790410999988],[-95.42199777,29.7790673899987],[-95.42006923,29.7790864099988],[-95.4181026396324,29.7791091597207],[-95.41590389,29.7791352299987],[-95.41361261,29.7791669599987],[-95.41266124,29.7791809799988],[-95.41169469,29.7791930899987],[-95.4107609697745,29.7792053178899],[-95.4096748441986,29.7792118553162]]},"properties":{"AADT_CUR":2638,"RTE_NM":"1125773","RTE_PRFX":"CS","RTE_NBR":"1125773","SYSTEM":"Off"}},{"type":"Feature","geometry":{"type":"LineString","coordinates":[[-95.366750368274,29.751445859234],[-95.3603318850146,29.747548965161]]},"properties":{"AADT_CUR":2532,"RTE_NM":"256657","RTE_PRFX":"CS","RTE_NBR":"256657","SYSTEM":"Off"}},{"type":"Feature","geometry":{"type":"LineString","coordinates":[[-95.3625040138568,29.744724945239],[-95.36273801,29.74482013],[-95.36300205,29.7449278],[-95.36443772,29.74550717],[-95.36502728,29.74579336],[-95.36561684,29.74609818],[-95.36822804,29.74764978],[-95.37209495,29.74998524],[-95.37292438,29.75052381],[-95.37330142,29.75082163],[-95.37357864,29.75108802],[-95.37381461,29.75136527],[-95.37411445,29.75179248],[-95.37430822,29.75220544],[-95.374449357,29.752605656],[-95.37457063,29.75325283],[-95.37460163,29.75385105],[-95.374621225,29.755775337],[-95.37464037,29.75723562],[-95.37462708,29.75759455],[-95.37459219,29.757829592],[-95.37453155,29.75806836],[-95.3744157,29.75842314],[-95.37407987,29.75925009],[-95.3737479262496,29.7600092956838]]},"properties":{"AADT_CUR":197430,"RTE_NM":"IH0045-RG","RTE_PRFX":"IH","RTE_NBR":"45","SYSTEM":"On"}},{"type":"Feature","geometry":{"type":"LineString","coordinates":[[-95.370537291,29.766948432],[-95.36987436,29.76682847],[-95.368614262,29.766624092],[-95.36815051,29.76655088],[-95.367534264,29.766415133]]},"properties":{"AADT_CUR":252,"RTE_NM":"1131762","RTE_PRFX":"CS","RTE_NBR":"1131762","SYSTEM":"Off"}},{"type":"Feature","geometry":{"type":"LineString","coordinates":[[-95.3771304452909,29.7636609782273],[-95.37711571,29.7640015399986],[-95.37712358,29.7647323999986],[-95.37713872,29.7654870399974],[-95.3771314300002,29.7662279199987],[-95.37717546,29.7669706999974],[-95.3771925947202,29.7677736305207],[-95.37721737,29.7678848799961],[-95.3772270324985,29.7685238080625],[-95.37722741,29.7685487699961],[-95.37722525,29.7695140199961],[-95.37720959,29.7699301899961],[-95.3771661,29.7699735899961],[-95.3770879899919,29.7700071099988],[-95.37702048,29.7700296299961],[-95.37698166,29.7700540299961],[-95.37698683,29.7707264899974],[-95.3769885,29.7714748799987],[-95.37700881,29.7722190099974],[-95.37702241,29.7729571999987],[-95.3770125398714,29.7736921311896],[-95.37702544,29.7744422499987],[-95.377036560001,29.7751433999987],[-95.37705622,29.7751952199961],[-95.37705449,29.7766561899962],[-95.37707304,29.7772869699961]]},"properties":{"AADT_CUR":550,"RTE_NM":"1129958","RTE_PRFX":"CS","RTE_NBR":"1129958","SYSTEM":"Off"}},{"type":"Feature","geometry":{"type":"LineString","coordinates":[[-95.3328410412827,29.784875907875],[-95.33284412,29.7855820299988],[-95.33285126,29.7862626599988],[-95.33286251,29.7869225299988],[-95.33286215,29.7875993699988],[-95.33287017,29.7882768899988],[-95.33287572,29.7889528799988],[-95.33289791,29.7896245099988]]},"properties":{"AADT_CUR":252,"RTE_NM":"1128521","RTE_PRFX":"CS","RTE_NBR":"1128521","SYSTEM":"Off"}},{"type":"Feature","geometry":{"type":"LineString","coordinates":[[-95.33178108,29.7811150799988],[-95.33179636,29.7818727799988],[-95.33182034,29.7828712999988],[-95.33183441,29.7838594399988],[-95.331835442729,29.7848874382685]]},"properties":{"AADT_CUR":252,"RTE_NM":"1124954","RTE_PRFX":"CS","RTE_NBR":"1124954","SYSTEM":"Off"}},{"type":"Feature","geometry":{"type":"LineString","coordinates":[[-95.31227568,29.79239488],[-95.31047991,29.79243093],[-95.30792754,29.7924761],[-95.30652556,29.7925034]]},"properties":{"AADT_CUR":252,"RTE_NM":"1123140","RTE_PRFX":"CS","RTE_NBR":"1123140","SYSTEM":"Off"}},{"type":"Feature","geometry":{"type":"LineString","coordinates":[[-95.35295394,29.77453271],[-95.35296533,29.77542891],[-95.35297133,29.77551687],[-95.35297695,29.77651079],[-95.35300291,29.77834337],[-95.35301689,29.77993794],[-95.3530186,29.78045894],[-95.3530182,29.78068807],[-95.35303223,29.78142809],[-95.35303275,29.7823864],[-95.35304814,29.78335407],[-95.3530661,29.7843194],[-95.35307591,29.78470246],[-95.35307813,29.78518786],[-95.35307766,29.78531088],[-95.35307375,29.78542015],[-95.35303021,29.785542],[-95.35298997,29.78568104],[-95.35297028,29.78579329],[-95.3529758,29.78596775],[-95.3529747,29.78610785],[-95.35299661,29.78637162],[-95.35299714,29.78723292],[-95.35301371,29.78808442],[-95.35302623,29.78893921],[-95.35305016,29.78979935],[-95.35306635,29.79066108],[-95.35306031,29.79149803],[-95.35307595,29.79235549],[-95.35308548,29.79252066],[-95.35310165,29.79320893],[-95.35313894,29.79405504],[-95.35314991,29.79437455],[-95.35316788,29.79460304],[-95.35319459,29.79490017],[-95.35321271,29.7957508],[-95.35324332,29.79659171],[-95.35325587,29.79744],[-95.35328686,29.79830542],[-95.35330863,29.79916228],[-95.3533231,29.79999877],[-95.3533482,29.8008564],[-95.35336445,29.80172126],[-95.35339424,29.80256779],[-95.35341733,29.80336174],[-95.35344259,29.80436108],[-95.35345627,29.80512568],[-95.35348608,29.80597902],[-95.35350798,29.80682863],[-95.35353173,29.80768302],[-95.35355083,29.808529],[-95.35356952,29.8093867],[-95.35359255,29.81024844],[-95.35361993,29.81111421],[-95.35364324,29.81196813],[-95.35367363,29.81282269],[-95.35365846,29.81321391]]},"properties":{"AADT_CUR":252,"RTE_NM":"1130811","RTE_PRFX":"CS","RTE_NBR":"1130811","SYSTEM":"Off"}},{"type":"Feature","geometry":{"type":"LineString","coordinates":[[-95.43299456,29.7074455899966],[-95.43265593,29.7074548299965],[-95.43206055,29.7074624499964],[-95.43093023,29.7074757599965],[-95.4309215195733,29.7074593158882],[-95.43087806,29.7073772699965],[-95.42980792,29.7073849399964],[-95.42867644,29.7074008799964],[-95.42749204,29.7074195899964],[-95.4274712134186,29.7074198691168],[-95.4259737,29.7074399299964],[-95.42451327,29.7074595599965],[-95.42305138,29.7074840399964],[-95.42205865,29.7074826099964],[-95.4219724554867,29.7075086747093]]},"properties":{"AADT_CUR":252,"RTE_NM":"1252484","RTE_PRFX":"CS","RTE_NBR":"1252484","SYSTEM":"Off"}},{"type":"Feature","geometry":{"type":"LineString","coordinates":[[-95.3797340615042,29.7198901306647],[-95.379736520001,29.7198830099954],[-95.3800230725449,29.7190761406853],[-95.3801015432417,29.7188551819287],[-95.3802855002237,29.7183371894897],[-95.380550007634,29.7175923702958],[-95.3809291318737,29.7165247839852],[-95.38094174,29.7164892799983],[-95.3818738326199,29.7137204781428]]},"properties":{"AADT_CUR":8334,"RTE_NM":"255799","RTE_PRFX":"CS","RTE_NBR":"255799","SYSTEM":"Off"}},{"type":"Feature","geometry":{"type":"LineString","coordinates":[[-95.36589169,29.71968988],[-95.36596147,29.71946688],[-95.3659318,29.71932199],[-95.3657897,29.71921359],[-95.3653853,29.71895421],[-95.36500601,29.71873306],[-95.36463954,29.71852381],[-95.36454211,29.71847206],[-95.36198183,29.71770352],[-95.35940477,29.71692873],[-95.35826364,29.71658069],[-95.35811849,29.71655491],[-95.35799537,29.71654849],[-95.35787511,29.7165606],[-95.35769334,29.71661719],[-95.35747384,29.71674351],[-95.35728422,29.71690426]]},"properties":{"AADT_CUR":252,"RTE_NM":"1119785","RTE_PRFX":"CS","RTE_NBR":"1119785","SYSTEM":"Off"}},{"type":"Feature","geometry":{"type":"LineString","coordinates":[[-95.3565059498729,29.7204828583132],[-95.35605058,29.7216161799967],[-95.3557394491461,29.7223895620886],[-95.35517924,29.7237619199967],[-95.35472895,29.7248871999966],[-95.3543141450983,29.7259412940646]]},"properties":{"AADT_CUR":846,"RTE_NM":"1129450","RTE_PRFX":"CS","RTE_NBR":"1129450","SYSTEM":"Off"}},{"type":"Feature","geometry":{"type":"LineString","coordinates":[[-95.41157289,29.77189838],[-95.41061242,29.77192244],[-95.40973549,29.77192909],[-95.40949322,29.77193896],[-95.4083692,29.77195107],[-95.40829187,29.77194682],[-95.40728136,29.77196969],[-95.40616785,29.77197803]]},"properties":{"AADT_CUR":252,"RTE_NM":"1127347","RTE_PRFX":"CS","RTE_NBR":"1127347","SYSTEM":"Off"}},{"type":"Feature","geometry":{"type":"LineString","coordinates":[[-95.36873073,29.79227315],[-95.36871792,29.79230502],[-95.36871903,29.79234689],[-95.36873373,29.79272271],[-95.36870585,29.7928077]]},"properties":{"AADT_CUR":252,"RTE_NM":"1131064","RTE_PRFX":"CS","RTE_NBR":"1131064","SYSTEM":"Off"}},{"type":"Feature","geometry":{"type":"LineString","coordinates":[[-95.37338037,29.79159774],[-95.3728126,29.79159667],[-95.37211464,29.7916061]]},"properties":{"AADT_CUR":252,"RTE_NM":"1122418","RTE_PRFX":"CS","RTE_NBR":"1122418","SYSTEM":"Off"}},{"type":"Feature","geometry":{"type":"LineString","coordinates":[[-95.387038799,29.776896778],[-95.386801777,29.776866053],[-95.386636451,29.776852623],[-95.386482524,29.776847341],[-95.386237269,29.77685367],[-95.385714908,29.776875787],[-95.385441658,29.776894993],[-95.385074194,29.776928459],[-95.384785856,29.776964835],[-95.384459967,29.777010814],[-95.38413894,29.777061014],[-95.383841214,29.777111213],[-95.383544327,29.777165631],[-95.383312315,29.777210883],[-95.383137971,29.777245513],[-95.382762796,29.777327796],[-95.382447468,29.777401056],[-95.382175894,29.777468934],[-95.381909517,29.777541322],[-95.381693683,29.777604107],[-95.381480866,29.77766951],[-95.381265451,29.777735568],[-95.381055735,29.777803372],[-95.380430402,29.778019844],[-95.379809763,29.778249993],[-95.379507071,29.778370015],[-95.379201697,29.778488872],[-95.378883247,29.778607729],[-95.378574855,29.7787164],[-95.378373019,29.778781003],[-95.37821678,29.77882669],[-95.377973034,29.778889838],[-95.377843784,29.77891792],[-95.37772057,29.77894542],[-95.377533821,29.778975393],[-95.377346401,29.779003911],[-95.377145905,29.779028355],[-95.376910541,29.779048435],[-95.376726809,29.779058038],[-95.376527319,29.779065022],[-95.376265804,29.779064731],[-95.376015018,29.779053091],[-95.375874537,29.779042906],[-95.37573305,29.779030974],[-95.375560214,29.779008713],[-95.3754743,29.778996855],[-95.375392408,29.778983832],[-95.375150003,29.778940909],[-95.374908605,29.778896531],[-95.374718838,29.778859428],[-95.374531753,29.778817669],[-95.374329581,29.778769217],[-95.374126068,29.778716982],[-95.373933703,29.778664092],[-95.373746367,29.778608583],[-95.373561546,29.778548709],[-95.373379407,29.778487671],[-95.37266225,29.778249921],[-95.371980297,29.778025847],[-95.371669831,29.777928069],[-95.371309073,29.77781283],[-95.371024759,29.777718544],[-95.370810852,29.777631242],[-95.370607004,29.777538702],[-95.370350182,29.777410659],[-95.370085313,29.777257007],[-95.369497238,29.776890337],[-95.369328259,29.776768113],[-95.369203536,29.77666917],[-95.369116364,29.776596418],[-95.369021816,29.776510279],[-95.368863565,29.776351096],[-95.368745883,29.776227708],[-95.36864597,29.776108975],[-95.368570869,29.776011778],[-95.368456204,29.775847065],[-95.368334163,29.775655579],[-95.368060577,29.77521615],[-95.367605439,29.774475663],[-95.367382229,29.774104544],[-95.367269115,29.773919858],[-95.367157007,29.773735171],[-95.366955338,29.773401227],[-95.366853497,29.773233672],[-95.366751657,29.773066991],[-95.366648057,29.77289136],[-95.36655485,29.772717767],[-95.366498691,29.772601795],[-95.366449908,29.772485823],[-95.36640649,29.772381055],[-95.366368435,29.772282981],[-95.366329208,29.772147946],[-95.366298866,29.772047834],[-95.366266848,29.771946267],[-95.366246396,29.771864198],[-95.366228626,29.771781548],[-95.366197444,29.771613046],[-95.366183698,29.771506822],[-95.366170958,29.771416895],[-95.366160732,29.771261488],[-95.366151512,29.771088618],[-95.36615059,29.770979629],[-95.366154697,29.770851724],[-95.366165929,29.770698353],[-95.366182358,29.770580487],[-95.366201468,29.770463784],[-95.366229632,29.770320599],[-95.366261148,29.770177995],[-95.366329209,29.769920435],[-95.366400623,29.769663456],[-95.366644872,29.768813355],[-95.366770098,29.768383863],[-95.366899682,29.767955534],[-95.366926756,29.767868442],[-95.366951147,29.767780186],[-95.366988364,29.76761022],[-95.367004289,29.767525966],[-95.367017532,29.767440838],[-95.367029769,29.767339702],[-95.36703966,29.76723944],[-95.367048713,29.767094213],[-95.367055753,29.766907949],[-95.367072852,29.766721394],[-95.367094981,29.766583005],[-95.367121803,29.766447526],[-95.367156001,29.766307245],[-95.367188858,29.766179478],[-95.367217022,29.766063935],[-95.367361324,29.765547721]]},"properties":{"AADT_CUR":205252,"RTE_NM":"IH0010-NG","RTE_PRFX":"IH","RTE_NBR":"10","SYSTEM":"On"}},{"type":"Feature","geometry":{"type":"LineString","coordinates":[[-95.3851823886475,29.7576314653502],[-95.38519967,29.7578986799985],[-95.38522042,29.7591948199986]]},"properties":{"AADT_CUR":252,"RTE_NM":"1128729","RTE_PRFX":"CS","RTE_NBR":"1128729","SYSTEM":"Off"}},{"type":"Feature","geometry":{"type":"LineString","coordinates":[[-95.4230250823748,29.7043871338891],[-95.4229752034984,29.7043879558873]]},"properties":{"AADT_CUR":252,"RTE_NM":"1124049","RTE_PRFX":"CS","RTE_NBR":"1124049","SYSTEM":"Off"}},{"type":"Feature","geometry":{"type":"LineString","coordinates":[[-95.3383642946879,29.7756688452328],[-95.33836423,29.77566888],[-95.33775758,29.77598595],[-95.3357715054226,29.7758993939626]]},"properties":{"AADT_CUR":8366,"RTE_NM":"256721","RTE_PRFX":"CS","RTE_NBR":"256721","SYSTEM":"Off"}},{"type":"Feature","geometry":{"type":"LineString","coordinates":[[-95.33186203,29.77428545],[-95.33187851,29.77510802],[-95.33188193,29.77554352],[-95.33188569,29.77597304]]},"properties":{"AADT_CUR":252,"RTE_NM":"1127813","RTE_PRFX":"CS","RTE_NBR":"1127813","SYSTEM":"Off"}},{"type":"Feature","geometry":{"type":"LineString","coordinates":[[-95.3312520911988,29.7102163453287],[-95.33112499,29.7097827599983],[-95.3310745,29.7096720099983],[-95.33101524,29.7095776499982],[-95.33095786,29.7095071299983],[-95.33079695,29.7093918999983],[-95.33064642,29.7093520599982],[-95.33021212,29.7092270599982],[-95.32962075,29.7090632699983],[-95.32937409,29.7089857799982],[-95.32900122,29.7088706999982],[-95.32770071,29.7084916899982],[-95.32662871,29.7081715499982],[-95.32642123,29.7081122699983],[-95.32629799,29.7080676499982],[-95.32616284,29.7080727699982],[-95.32609755,29.7081330499982]]},"properties":{"AADT_CUR":1682,"RTE_NM":"1128382","RTE_PRFX":"CS","RTE_NBR":"1128382","SYSTEM":"Off"}},{"type":"Feature","geometry":{"type":"LineString","coordinates":[[-95.3702975262979,29.7985881407299],[-95.36872369,29.7986047499989],[-95.36800889,29.7986091699989],[-95.36796238,29.7986608099989],[-95.3679248716757,29.7987291321776],[-95.367905948,29.7987636019989],[-95.367830063,29.7988583329988],[-95.36746141,29.7988997399989],[-95.36659693,29.7989013499989]]},"properties":{"AADT_CUR":252,"RTE_NM":"1121837","RTE_PRFX":"CS","RTE_NBR":"1121837","SYSTEM":"Off"}},{"type":"Feature","geometry":{"type":"LineString","coordinates":[[-95.361895190037,29.7924182644069],[-95.36188239,29.7927597599988],[-95.3618961301043,29.7931468256738],[-95.36192596,29.7948529699989],[-95.36195684,29.7965659399989],[-95.36197864,29.7982640599989],[-95.36200279,29.7999713999989],[-95.36202295,29.8016712099989],[-95.3620434007174,29.8032930294222]]},"properties":{"AADT_CUR":252,"RTE_NM":"1120508","RTE_PRFX":"CS","RTE_NBR":"1120508","SYSTEM":"Off"}},{"type":"Feature","geometry":{"type":"LineString","coordinates":[[-95.39108684,29.8054824199989],[-95.39028213,29.8054842699989],[-95.38990448,29.8054858699989],[-95.38980499,29.8055627299989],[-95.38969481,29.8055860699989],[-95.38937389,29.8055971599989],[-95.3886287528875,29.8056566529125]]},"properties":{"AADT_CUR":252,"RTE_NM":"1122705","RTE_PRFX":"CS","RTE_NBR":"1122705","SYSTEM":"Off"}},{"type":"Feature","geometry":{"type":"LineString","coordinates":[[-95.334653,29.72875448],[-95.33467484,29.7285794],[-95.33472821,29.72843559],[-95.33498104,29.72792538],[-95.33500374,29.72786432],[-95.3350139,29.72780912],[-95.33501942,29.72775537],[-95.335011,29.72769408],[-95.334942,29.72748371],[-95.33491455,29.72743087],[-95.33488347,29.72738178],[-95.33483698,29.72732832],[-95.334769,29.72727022],[-95.33457233,29.72712961],[-95.3345273,29.72710231],[-95.33447355,29.72707936],[-95.33436113,29.72704188],[-95.33359621,29.72681906],[-95.333495537,29.726785078],[-95.333416538,29.726740848],[-95.333347419,29.726687213],[-95.333297131,29.726633877],[-95.333256307,29.726575065],[-95.33322575,29.726510724],[-95.333213086,29.726452668],[-95.333206406,29.726390261],[-95.333211857,29.726329709],[-95.333226918,29.726284099],[-95.333247798,29.726229804],[-95.333281495,29.726167775],[-95.333336936,29.726103082],[-95.333384963,29.726064354],[-95.333432073,29.726032483],[-95.333476142,29.726024386],[-95.333512434,29.726021416],[-95.33356493,29.72602661],[-95.33362246,29.72604024],[-95.33401531,29.72628171],[-95.33467024,29.72670635],[-95.33481234,29.72675486]]},"properties":{"AADT_CUR":63,"RTE_NM":"1638835274","RTE_PRFX":"IH","RTE_NBR":"45","SYSTEM":"On"}},{"type":"Feature","geometry":{"type":"LineString","coordinates":[[-95.33832997,29.78991945],[-95.33739546,29.78993845],[-95.33635064,29.78993587],[-95.33596113,29.78994447]]},"properties":{"AADT_CUR":252,"RTE_NM":"1125178","RTE_PRFX":"CS","RTE_NBR":"1125178","SYSTEM":"Off"}},{"type":"Feature","geometry":{"type":"LineString","coordinates":[[-95.3391873217709,29.791721134693],[-95.3391866,29.7917211399988],[-95.33840669,29.7917585499988],[-95.3383506,29.7917669399988],[-95.33827029,29.7917836199988],[-95.33718129,29.7918107099988],[-95.33618366,29.7917734099988]]},"properties":{"AADT_CUR":252,"RTE_NM":"1123205","RTE_PRFX":"CS","RTE_NBR":"1123205","SYSTEM":"Off"}},{"type":"Feature","geometry":{"type":"LineString","coordinates":[[-95.4372211094768,29.7081658971649],[-95.43369812,29.7082169199983]]},"properties":{"AADT_CUR":252,"RTE_NM":"1233720","RTE_PRFX":"CS","RTE_NBR":"1233720","SYSTEM":"Off"}},{"type":"Feature","geometry":{"type":"LineString","coordinates":[[-95.3232088968265,29.7654665802682],[-95.32317798,29.7654646799987],[-95.32303108,29.7654483899986],[-95.32288544,29.7654249299987],[-95.32274155,29.7653943899987],[-95.32259985,29.7653568599986],[-95.32246077,29.7653124499987],[-95.32235971,29.7652752099986],[-95.32033726,29.7645543199986],[-95.32023802,29.7645245599986],[-95.32011545,29.7644948099986],[-95.31999091,29.7644721099986],[-95.31986494,29.7644565699986],[-95.31973807,29.7644482499987],[-95.31961085,29.7644471799987],[-95.31950556,29.7644517999986],[-95.31890139,29.7644653899986],[-95.31883999,29.7644684099986],[-95.3187138,29.7644692199986],[-95.31858782,29.7644627399987],[-95.31846261,29.7644490199987],[-95.31833871,29.7644280999986],[-95.31821667,29.7644000799986],[-95.31809701,29.7643650899986],[-95.31801608,29.7643369499986],[-95.3155101334909,29.7636353031064]]},"properties":{"AADT_CUR":3905,"RTE_NM":"256102","RTE_PRFX":"CS","RTE_NBR":"256102","SYSTEM":"Off"}},{"type":"Feature","geometry":{"type":"LineString","coordinates":[[-95.3654494,29.814231149999],[-95.36545669,29.814735319999],[-95.3654532,29.815588509999],[-95.36545803,29.816355129999],[-95.36546011,29.816518159999],[-95.3654669813067,29.8170312899979],[-95.36546773,29.817087199999],[-95.3654693603204,29.817185569994],[-95.36548273,29.817992259999],[-95.3654887123577,29.8188206799851],[-95.36548927,29.818897899999],[-95.3654912704535,29.8189412900104],[-95.36549511,29.819024569999],[-95.36550569,29.819361579999],[-95.36551893,29.819450709999],[-95.36555699,29.819580609999],[-95.36559126,29.819724739999],[-95.36560554,29.819876899999],[-95.36561798,29.820080569999],[-95.36562091,29.820367019999],[-95.36562857,29.8207967999991],[-95.36563956,29.821501589999],[-95.3656298984416,29.8218654210597],[-95.3656530537806,29.8229657461372],[-95.36565441,29.8231114399991],[-95.36565825,29.8233721399991],[-95.365659606472,29.8240713316974],[-95.36566596,29.8244558599991],[-95.36567493,29.8251551499991],[-95.36569369,29.8263895899991],[-95.36570512,29.8276183299991],[-95.36570646,29.8283554299991],[-95.3657259955432,29.8288182265346],[-95.36572749,29.8288536299991],[-95.36573691,29.8294435199991],[-95.36575451,29.8299751999991],[-95.36580152,29.8312194899991],[-95.36585519,29.8324480099991],[-95.36589811,29.8336930499991],[-95.36592141,29.8348778599991],[-95.3659907837077,29.8375714912141],[-95.36599163,29.8376043499991],[-95.36600308,29.8387586599992],[-95.36600317,29.8398080499992],[-95.36600123,29.8399971699992],[-95.3659744,29.8401933199992],[-95.36595396,29.8402643299992],[-95.36593813,29.8403309199992],[-95.36592171,29.8404142599992],[-95.3659129,29.8404994799991],[-95.36589848,29.8407420399992],[-95.36591548,29.8415723099992],[-95.36592074,29.8421378399992],[-95.36592348,29.8426724099992],[-95.36593599,29.8435984999992]]},"properties":{"AADT_CUR":918,"RTE_NM":"1124566","RTE_PRFX":"CS","RTE_NBR":"1124566","SYSTEM":"Off"}},{"type":"Feature","geometry":{"type":"LineString","coordinates":[[-95.41841866,29.7150396499983],[-95.41665979,29.7150596299983],[-95.4149102067743,29.7150731243611]]},"properties":{"AADT_CUR":7680,"RTE_NM":"257239","RTE_PRFX":"CS","RTE_NBR":"257239","SYSTEM":"Off"}},{"type":"Feature","geometry":{"type":"LineString","coordinates":[[-95.3633070326698,29.7493553682378],[-95.3639,29.7486191499985],[-95.363918684538,29.7485953168041],[-95.3644919694948,29.7478640521481],[-95.3650736972253,29.7471220043299],[-95.3656413521808,29.7463978942251],[-95.365793849425,29.7462033639446],[-95.3658349416068,29.7461509453015]]},"properties":{"AADT_CUR":2989,"RTE_NM":"256145","RTE_PRFX":"CS","RTE_NBR":"256145","SYSTEM":"Off"}},{"type":"Feature","geometry":{"type":"LineString","coordinates":[[-95.42407407,29.81729907],[-95.42408142,29.81809485],[-95.42408682,29.81864919],[-95.42408304,29.81900607],[-95.42409465,29.81905253],[-95.42412036,29.81909098],[-95.42418035,29.81912982],[-95.4242466,29.81914417],[-95.42448303,29.81914261],[-95.4245506,29.81915386],[-95.42459776,29.81918188],[-95.42463981,29.81921707],[-95.42466618,29.81926746],[-95.42467302,29.81935355],[-95.42468963,29.82075564],[-95.4246921,29.82146685],[-95.42470177,29.82228194],[-95.42470295,29.82281909],[-95.4247054,29.82297179],[-95.42470548,29.82308877],[-95.42472206,29.82399674],[-95.42470769,29.82425035],[-95.42467382,29.82463819],[-95.42461564,29.82497996],[-95.42459575,29.82506882],[-95.42454816,29.8252912],[-95.424447,29.82566356],[-95.42431674,29.8260773],[-95.42403317,29.82702837],[-95.42376146,29.82796707],[-95.42364461,29.82880944],[-95.42364323,29.82950736],[-95.42365039,29.82974687],[-95.42364812,29.8299137],[-95.42364744,29.83075505]]},"properties":{"AADT_CUR":1495,"RTE_NM":"1124011","RTE_PRFX":"CS","RTE_NBR":"1124011","SYSTEM":"Off"}},{"type":"Feature","geometry":{"type":"LineString","coordinates":[[-95.3047010698652,29.8004358008842],[-95.3047012039146,29.800450343584]]},"properties":{"AADT_CUR":252,"RTE_NM":"1120572","RTE_PRFX":"CS","RTE_NBR":"1120572","SYSTEM":"Off"}},{"type":"Feature","geometry":{"type":"LineString","coordinates":[[-95.381922024492,29.7974241434757],[-95.381905408909,29.7974233048066]]},"properties":{"AADT_CUR":252,"RTE_NM":"1125235","RTE_PRFX":"CS","RTE_NBR":"1125235","SYSTEM":"Off"}},{"type":"Feature","geometry":{"type":"LineString","coordinates":[[-95.40607377,29.76537575],[-95.40606778,29.76606447],[-95.40604312,29.76612491],[-95.40606432,29.76685968],[-95.406084,29.76757776],[-95.40609379,29.76831228],[-95.40610835,29.76903728],[-95.40611247,29.76947106],[-95.4061112,29.76976783],[-95.40611783,29.77029216],[-95.40612297,29.77050095],[-95.40614564,29.77129055],[-95.40616785,29.77197803],[-95.40616797,29.77228581],[-95.40617275,29.77246135],[-95.40619602,29.77296254],[-95.40619759,29.77344105],[-95.406217767,29.774084752],[-95.406232463,29.774819783],[-95.40622776,29.7751578],[-95.406241314,29.775627867],[-95.406243877,29.775803704],[-95.40625726,29.77636165],[-95.40627206,29.77773709],[-95.4062866,29.77799249],[-95.40627852,29.77854968],[-95.40630069,29.77956553],[-95.40630359,29.78036801]]},"properties":{"AADT_CUR":984,"RTE_NM":"1127936","RTE_PRFX":"CS","RTE_NBR":"1127936","SYSTEM":"Off"}},{"type":"Feature","geometry":{"type":"LineString","coordinates":[[-95.35758622,29.78561253],[-95.35635677,29.78573402],[-95.35612779,29.78574772],[-95.35500962,29.78577113],[-95.35495156,29.78579745],[-95.35493127,29.78585007]]},"properties":{"AADT_CUR":252,"RTE_NM":"1129220","RTE_PRFX":"CS","RTE_NBR":"1129220","SYSTEM":"Off"}},{"type":"Feature","geometry":{"type":"LineString","coordinates":[[-95.3733737946662,29.7598902640665],[-95.37312507,29.7603449],[-95.372746287,29.761040698],[-95.372400763,29.761648943],[-95.372206787,29.76192834],[-95.372085167,29.762052413],[-95.37181203,29.76229801],[-95.37166883,29.76240861],[-95.37114456,29.76270727]]},"properties":{"AADT_CUR":34453,"RTE_NM":"IH0045-AG","RTE_PRFX":"IH","RTE_NBR":"45","SYSTEM":"On"}},{"type":"Feature","geometry":{"type":"LineString","coordinates":[[-95.3802700642033,29.7578942973037],[-95.38026698,29.7582865899986]]},"properties":{"AADT_CUR":252,"RTE_NM":"1125703","RTE_PRFX":"CS","RTE_NBR":"1125703","SYSTEM":"Off"}},{"type":"Feature","geometry":{"type":"LineString","coordinates":[[-95.39921161,29.7671796699986],[-95.39921531,29.7678034099987],[-95.39922289,29.7684543399987],[-95.39923957,29.7690894099987],[-95.3992436522229,29.769777042225]]},"properties":{"AADT_CUR":252,"RTE_NM":"1124426","RTE_PRFX":"CS","RTE_NBR":"1124426","SYSTEM":"Off"}},{"type":"Feature","geometry":{"type":"LineString","coordinates":[[-95.4352039927809,29.7382921865158],[-95.435204,29.7382926499984],[-95.43520183,29.7386281899985],[-95.43521025,29.7389933399984],[-95.43522603,29.7396854799985],[-95.4352744528457,29.7415063183889]]},"properties":{"AADT_CUR":252,"RTE_NM":"1129431","RTE_PRFX":"CS","RTE_NBR":"1129431","SYSTEM":"Off"}},{"type":"Feature","geometry":{"type":"LineString","coordinates":[[-95.33858232,29.7993893299989],[-95.33619513,29.7994007699989],[-95.33612888,29.7994218099989],[-95.33591038,29.7994272499989],[-95.33567375,29.7994512499989],[-95.33550172,29.7994998599989],[-95.33531511,29.7995899599989],[-95.33517647,29.7996813699989],[-95.33503279,29.7997916699989],[-95.33489265,29.7999249299989],[-95.33477813,29.8000741199989],[-95.3347102507495,29.8002575549491]]},"properties":{"AADT_CUR":252,"RTE_NM":"1121645","RTE_PRFX":"CS","RTE_NBR":"1121645","SYSTEM":"Off"}},{"type":"Feature","geometry":{"type":"LineString","coordinates":[[-95.31923924,29.78000341],[-95.31923299,29.78041298],[-95.31925278,29.78112757],[-95.31927175,29.78185257]]},"properties":{"AADT_CUR":252,"RTE_NM":"1121766","RTE_PRFX":"CS","RTE_NBR":"1121766","SYSTEM":"Off"}},{"type":"Feature","geometry":{"type":"LineString","coordinates":[[-95.3418903149336,29.7828219753024],[-95.34188636,29.7828220099988],[-95.34137096,29.7828067799988],[-95.34102119,29.7828136799988],[-95.3403575144375,29.7828190218226]]},"properties":{"AADT_CUR":251,"RTE_NM":"1121209","RTE_PRFX":"CS","RTE_NBR":"1121209","SYSTEM":"Off"}},{"type":"Feature","geometry":{"type":"LineString","coordinates":[[-95.3229680605119,29.7467907412937],[-95.32296711,29.7467930399985],[-95.32260056,29.7475795599985],[-95.3222025,29.7484737199985],[-95.32179182,29.7493600199985],[-95.32136762,29.7502821499985],[-95.3209868,29.7511555999986]]},"properties":{"AADT_CUR":252,"RTE_NM":"1127124","RTE_PRFX":"CS","RTE_NBR":"1127124","SYSTEM":"Off"}},{"type":"Feature","geometry":{"type":"LineString","coordinates":[[-95.3366505720852,29.7286509514576],[-95.33657969,29.7287978199984],[-95.33642045,29.7293023999984],[-95.33604977,29.7304531299984],[-95.3360118094278,29.7305365889065]]},"properties":{"AADT_CUR":252,"RTE_NM":"1123171","RTE_PRFX":"CS","RTE_NBR":"1123171","SYSTEM":"Off"}},{"type":"Feature","geometry":{"type":"LineString","coordinates":[[-95.3916454368343,29.8139221926099],[-95.39164476,29.8139202],[-95.39102428,29.81228806],[-95.39014224,29.80981172],[-95.38895673,29.80677838],[-95.38858447,29.80556791],[-95.3880407364137,29.8040922781268]]},"properties":{"AADT_CUR":10995,"RTE_NM":"256740","RTE_PRFX":"CS","RTE_NBR":"256740","SYSTEM":"Off"}},{"type":"Feature","geometry":{"type":"LineString","coordinates":[[-95.38652008,29.81651794],[-95.38653845,29.81708804],[-95.38655671,29.81813995],[-95.38656931,29.81906247]]},"properties":{"AADT_CUR":252,"RTE_NM":"1123199","RTE_PRFX":"CS","RTE_NBR":"1123199","SYSTEM":"Off"}},{"type":"Feature","geometry":{"type":"LineString","coordinates":[[-95.4124402055672,29.8587278090908],[-95.4123542,29.85522043],[-95.41228891,29.85292964],[-95.41212317,29.85160822],[-95.41195816,29.85078518],[-95.41172112,29.84989601],[-95.41154295,29.84921803],[-95.41130925,29.84828661],[-95.41108817,29.847159],[-95.41106825,29.84696074],[-95.41105484,29.846656],[-95.41102815,29.84543561],[-95.41099975,29.84411233],[-95.41089047,29.84095515],[-95.41088609,29.83881484],[-95.41085277,29.83726122],[-95.41081784,29.83563319],[-95.41079698,29.83466127],[-95.41075101,29.83251861],[-95.41072691,29.83139511],[-95.41063988,29.82733824],[-95.41060527,29.82572501],[-95.41058151,29.8246173],[-95.41055672,29.8234616],[-95.41055268,29.82327357],[-95.41052815,29.82213001],[-95.41050307,29.82096087],[-95.41047855,29.81981792],[-95.4104484,29.81841306],[-95.41043239,29.81766664],[-95.41042717,29.81742324],[-95.41040089,29.8164608],[-95.41041639,29.81553976],[-95.41045861,29.81504492],[-95.41055012,29.81459257],[-95.41099699,29.81283951]]},"properties":{"AADT_CUR":33802,"RTE_NM":"SS0261-KG","RTE_PRFX":"SS","RTE_NBR":"261","SYSTEM":"On"}},{"type":"Feature","geometry":{"type":"LineString","coordinates":[[-95.3410950828192,29.7696624943858],[-95.34087097,29.76959046],[-95.34054899,29.76947735],[-95.34023409,29.76935524],[-95.33982021,29.76923378],[-95.33936971,29.76914573],[-95.33905673,29.76911617],[-95.33880288,29.7691091],[-95.33799505,29.76911617],[-95.33742501,29.76912453],[-95.33695201,29.76913545],[-95.33669944,29.76914831],[-95.33626757,29.76919458],[-95.33586334,29.76928905],[-95.33560884,29.76936874],[-95.33502916,29.76958275],[-95.3345468,29.76976853],[-95.33399853,29.76998199],[-95.33331906,29.77024605],[-95.33260311,29.77052168],[-95.33209155,29.77072154],[-95.33140069,29.77098247],[-95.33082229,29.7712074],[-95.33024068,29.77143297],[-95.32989493,29.77156472],[-95.32943671,29.77174145],[-95.32897849,29.77191947],[-95.32828762,29.77218553],[-95.3277118,29.77240789],[-95.32668804,29.77280506],[-95.32584165,29.7731296],[-95.32492714,29.77349592],[-95.32463344,29.77360967],[-95.32437188,29.77370286],[-95.32408461,29.7738044],[-95.32377035,29.77390787],[-95.32340017,29.77401841],[-95.32304799,29.77410902],[-95.3226579,29.77419707],[-95.3223470505989,29.7742503092916]]},"properties":{"AADT_CUR":161859,"RTE_NM":"IH0010-LG","RTE_PRFX":"IH","RTE_NBR":"10","SYSTEM":"On"}},{"type":"Feature","geometry":{"type":"LineString","coordinates":[[-95.3370091828673,29.7274464863651],[-95.337399618,29.727677997],[-95.338046491,29.728053943],[-95.338608543,29.728370165],[-95.33928785,29.72878836],[-95.33997275,29.72921918],[-95.34029528,29.72943135],[-95.3407001,29.72972166],[-95.34093143,29.72988192],[-95.34106652,29.7299755],[-95.34114293,29.73003984],[-95.34469027,29.73302653],[-95.34530068,29.73351382],[-95.3458085233356,29.7338814805689]]},"properties":{"AADT_CUR":4311,"RTE_NM":"IH0045-XG","RTE_PRFX":"IH","RTE_NBR":"45","SYSTEM":"On"}},{"type":"Feature","geometry":{"type":"LineString","coordinates":[[-95.3585946,29.74261488],[-95.35913458,29.74283317],[-95.3595355,29.74299898],[-95.3598334,29.74310602],[-95.36007638,29.74318459],[-95.36039938,29.74327359],[-95.36069308,29.74334476],[-95.36095466,29.74339937],[-95.36118076,29.7434347],[-95.36141007,29.74345753],[-95.3616314,29.74346999],[-95.36182696,29.74347193],[-95.36200721,29.74346438],[-95.3621967,29.74344096],[-95.36237109,29.74340717],[-95.36253295,29.74336642],[-95.36268467,29.74331843],[-95.36285914,29.74325166],[-95.36305845,29.74315897],[-95.36322355,29.74307091],[-95.36337214,29.74297185],[-95.36349487,29.74287775],[-95.36363795,29.74275612],[-95.36382727,29.74257726],[-95.36400859,29.7423788],[-95.3641664,29.74219472],[-95.36433626,29.7419922],[-95.36734841,29.73827026],[-95.36782781,29.73766745],[-95.36878874,29.73650844],[-95.36908788,29.73610729],[-95.3697524,29.73527212],[-95.37044285,29.73438743],[-95.37065154,29.73409423],[-95.37074964,29.73394244],[-95.37088364,29.7337254]]},"properties":{"AADT_CUR":125202,"RTE_NM":"SH0288-LG","RTE_PRFX":"SH","RTE_NBR":"288","SYSTEM":"On"}},{"type":"Feature","geometry":{"type":"LineString","coordinates":[[-95.3615210563721,29.7460916366715],[-95.3614987485945,29.7460781708461],[-95.3614360499368,29.746039766294],[-95.3614032610855,29.7460196822488],[-95.3610693149955,29.7458151304171],[-95.3602036008085,29.7452848468614],[-95.3593697869573,29.744774092479],[-95.35932995,29.7447496899985],[-95.3585229758429,29.7442537001948],[-95.35845679,29.7442130199985],[-95.35764793,29.7437540299985]]},"properties":{"AADT_CUR":1913,"RTE_NM":"256555","RTE_PRFX":"CS","RTE_NBR":"256555","SYSTEM":"Off"}},{"type":"Feature","geometry":{"type":"LineString","coordinates":[[-95.40134423,29.74975727],[-95.3996305,29.75059723],[-95.39866008,29.75104775],[-95.397453926,29.751617856]]},"properties":{"AADT_CUR":252,"RTE_NM":"1127352","RTE_PRFX":"CS","RTE_NBR":"1127352","SYSTEM":"Off"}},{"type":"Feature","geometry":{"type":"LineString","coordinates":[[-95.3922912150506,29.7708023401025],[-95.3922746941396,29.7708005547085]]},"properties":{"AADT_CUR":150,"RTE_NM":"1119609","RTE_PRFX":"CS","RTE_NBR":"1119609","SYSTEM":"Off"}},{"type":"Feature","geometry":{"type":"LineString","coordinates":[[-95.397669987666,29.7906426339131],[-95.39766946,29.79063399],[-95.39758723,29.78517224],[-95.3975421,29.78146316],[-95.39744304,29.77654396]]},"properties":{"AADT_CUR":12827,"RTE_NM":"256463","RTE_PRFX":"CS","RTE_NBR":"256463","SYSTEM":"Off"}},{"type":"Feature","geometry":{"type":"LineString","coordinates":[[-95.4238153978173,29.7421336337826],[-95.4238156086835,29.7421481397147]]},"properties":{"AADT_CUR":252,"RTE_NM":"1120082","RTE_PRFX":"CS","RTE_NBR":"1120082","SYSTEM":"Off"}},{"type":"Feature","geometry":{"type":"LineString","coordinates":[[-95.39740778,29.7101103299983],[-95.39569949,29.7091530799983],[-95.39549356,29.7090410099982],[-95.39514109,29.7088662399982],[-95.39421212,29.7083025199982],[-95.39394572,29.7079253499982],[-95.39362272,29.7074390999982],[-95.3934872387396,29.7072595982648]]},"properties":{"AADT_CUR":19030,"RTE_NM":"1127073","RTE_PRFX":"CS","RTE_NBR":"1127073","SYSTEM":"Off"}},{"type":"Feature","geometry":{"type":"LineString","coordinates":[[-95.3911762847045,29.7387714491414],[-95.39117623,29.73876816],[-95.3911263610071,29.7344954267752]]},"properties":{"AADT_CUR":22565,"RTE_NM":"256824","RTE_PRFX":"CS","RTE_NBR":"256824","SYSTEM":"Off"}},{"type":"Feature","geometry":{"type":"LineString","coordinates":[[-95.34389181,29.73739105],[-95.34313044,29.73715714],[-95.34227495,29.73686859]]},"properties":{"AADT_CUR":648,"RTE_NM":"1125159","RTE_PRFX":"CS","RTE_NBR":"1125159","SYSTEM":"Off"}},{"type":"Feature","geometry":{"type":"LineString","coordinates":[[-95.33031718,29.69889045],[-95.33002082,29.69961098],[-95.32973813,29.70034805],[-95.32967911,29.700505],[-95.32964283,29.70066641],[-95.3296905,29.70106594],[-95.33050945,29.70348843],[-95.33069601,29.70404497],[-95.33076399,29.70431462],[-95.33081353,29.70443173],[-95.33088444,29.70455255],[-95.33097728,29.70466146],[-95.33107056,29.70475787],[-95.33124148,29.70488769],[-95.33119209,29.70526487],[-95.33118793,29.70538051],[-95.33120066,29.70552476],[-95.33123442,29.7056821],[-95.33223303,29.70870645]]},"properties":{"AADT_CUR":252,"RTE_NM":"1120317","RTE_PRFX":"CS","RTE_NBR":"1120317","SYSTEM":"Off"}},{"type":"Feature","geometry":{"type":"LineString","coordinates":[[-95.35948094,29.79875514],[-95.35944082,29.7987542],[-95.35940838,29.79875133],[-95.35937677,29.79874432],[-95.3593467,29.79873332],[-95.35931882,29.79871858],[-95.35929373,29.79870042],[-95.35927198,29.79867924],[-95.3589397,29.79827799]]},"properties":{"AADT_CUR":252,"RTE_NM":"1121476","RTE_PRFX":"CS","RTE_NBR":"1121476","SYSTEM":"Off"}},{"type":"Feature","geometry":{"type":"LineString","coordinates":[[-95.4215791731468,29.7628352751583],[-95.42094712,29.7628360599986],[-95.42010216,29.7628492599986],[-95.41922901,29.7628525299986],[-95.41839135,29.7628580699986],[-95.41772454,29.7628658299986],[-95.41762975,29.7628377099986]]},"properties":{"AADT_CUR":252,"RTE_NM":"1131337","RTE_PRFX":"CS","RTE_NBR":"1131337","SYSTEM":"Off"}},{"type":"Feature","geometry":{"type":"LineString","coordinates":[[-95.42272522,29.7351927799984],[-95.42272611,29.7352446699984],[-95.42274081,29.7369077899984],[-95.4227588,29.7377342099985],[-95.42275942,29.7381066999985],[-95.4227672247001,29.7384209078321],[-95.42277876,29.7400609099985],[-95.42279584,29.7404934999985],[-95.42280662,29.7413119899984],[-95.4228190156279,29.7421462728981]]},"properties":{"AADT_CUR":252,"RTE_NM":"1129367","RTE_PRFX":"CS","RTE_NBR":"1129367","SYSTEM":"Off"}},{"type":"Feature","geometry":{"type":"LineString","coordinates":[[-95.35071564,29.75732842],[-95.35009388,29.75694678],[-95.34985336,29.75679878],[-95.34982336,29.75677846]]},"properties":{"AADT_CUR":1165,"RTE_NM":"1123622","RTE_PRFX":"CS","RTE_NBR":"1123622","SYSTEM":"Off"}},{"type":"Feature","geometry":{"type":"LineString","coordinates":[[-95.4414810858964,29.7290194609136],[-95.44043803,29.72902078],[-95.435329244,29.729277834],[-95.433108442,29.729386884],[-95.432380287,29.729428347],[-95.431670366,29.729499505],[-95.43056409,29.72964247],[-95.42904464,29.72990622],[-95.428662415,29.72997256],[-95.427841338,29.730092223],[-95.42727405,29.73018539],[-95.42687869,29.73024415],[-95.42524788,29.73050698],[-95.42462298,29.73058205],[-95.42385505,29.73064709],[-95.42275188,29.73069283],[-95.42161377,29.73069574],[-95.41904425,29.73072849],[-95.41882996,29.73073121],[-95.4184859,29.73073559],[-95.41661527,29.73075939],[-95.41559023,29.73075447],[-95.41515914,29.73076684],[-95.41309895,29.7309273],[-95.41244757,29.73095734],[-95.4122109,29.73096123],[-95.41090261,29.73098275],[-95.40851494,29.7309911],[-95.40682522,29.73104782],[-95.405796754,29.73108428],[-95.40300896,29.73122827],[-95.401994127,29.731272508],[-95.40083995,29.731341453],[-95.398978365,29.731415148],[-95.39711678,29.73152145],[-95.395315152,29.731682144],[-95.393518888,29.731826533],[-95.390030968,29.732073387],[-95.389679973,29.732112152],[-95.389132987,29.732146834],[-95.3883281286637,29.7321964838255]]},"properties":{"AADT_CUR":231090,"RTE_NM":"IH0069-LG","RTE_PRFX":"IH","RTE_NBR":"69","SYSTEM":"On"}},{"type":"Feature","geometry":{"type":"LineString","coordinates":[[-95.30977154,29.73375798],[-95.30940983,29.73460756],[-95.30900611,29.73565549],[-95.30875617,29.73627878]]},"properties":{"AADT_CUR":744,"RTE_NM":"1129228","RTE_PRFX":"CS","RTE_NBR":"1129228","SYSTEM":"Off"}},{"type":"Feature","geometry":{"type":"LineString","coordinates":[[-95.3716564,29.81226246],[-95.37167087,29.81305753]]},"properties":{"AADT_CUR":252,"RTE_NM":"1127339","RTE_PRFX":"CS","RTE_NBR":"1127339","SYSTEM":"Off"}},{"type":"Feature","geometry":{"type":"LineString","coordinates":[[-95.41476864,29.80882679],[-95.41479681,29.8098421]]},"properties":{"AADT_CUR":997,"RTE_NM":"1120935","RTE_PRFX":"CS","RTE_NBR":"1120935","SYSTEM":"Off"}},{"type":"Feature","geometry":{"type":"LineString","coordinates":[[-95.4333291516617,29.7251339721005],[-95.43311631,29.72518223],[-95.43234655,29.72522323],[-95.42781557,29.72528316],[-95.4277831651546,29.7252836973494]]},"properties":{"AADT_CUR":13740,"RTE_NM":"255915","RTE_PRFX":"CS","RTE_NBR":"255915","SYSTEM":"Off"}},{"type":"Feature","geometry":{"type":"LineString","coordinates":[[-95.32963517,29.7488635199986],[-95.32958252,29.7488677999985],[-95.32953605,29.7488822799985],[-95.32949195,29.7489225899985],[-95.32878563,29.7498335499986],[-95.3286917,29.7499323799986],[-95.32862355,29.7500319099985],[-95.32803235,29.7507930999985],[-95.32786206,29.7510048999985],[-95.327071591582,29.7520371108755],[-95.32586556,29.7535953999985],[-95.32525605,29.7543614699986],[-95.32472406,29.7550550399986]]},"properties":{"AADT_CUR":664,"RTE_NM":"1127161","RTE_PRFX":"CS","RTE_NBR":"1127161","SYSTEM":"Off"}},{"type":"Feature","geometry":{"type":"LineString","coordinates":[[-95.4018545813009,29.7595769788362],[-95.40186655,29.7595854199986],[-95.4018808289809,29.7595941138224]]},"properties":{"AADT_CUR":252,"RTE_NM":"1122662","RTE_PRFX":"CS","RTE_NBR":"1122662","SYSTEM":"Off"}},{"type":"Feature","geometry":{"type":"LineString","coordinates":[[-95.4185088256708,29.7222869099088],[-95.41672827,29.7222829699983],[-95.4149902875712,29.7223112588449]]},"properties":{"AADT_CUR":252,"RTE_NM":"1127491","RTE_PRFX":"CS","RTE_NBR":"1127491","SYSTEM":"Off"}},{"type":"Feature","geometry":{"type":"LineString","coordinates":[[-95.37782254,29.72550875],[-95.3791347,29.72628211],[-95.37993201,29.72676961],[-95.38079859,29.72729169],[-95.38167037,29.72781644],[-95.38249841,29.72831779],[-95.38336065,29.72884053],[-95.38422739,29.729356],[-95.38507788,29.72986748],[-95.38583945,29.7303331],[-95.38594485,29.73032397],[-95.38602191,29.73028005],[-95.38614668,29.73021628],[-95.38625061,29.73020414],[-95.38683888,29.73055177],[-95.38748814,29.73093875],[-95.38804295,29.73125664]]},"properties":{"AADT_CUR":1409,"RTE_NM":"1129054","RTE_PRFX":"CS","RTE_NBR":"1129054","SYSTEM":"Off"}},{"type":"Feature","geometry":{"type":"LineString","coordinates":[[-95.37922561,29.7484983099986],[-95.37837899,29.7479859199985],[-95.37759961,29.7475075799985],[-95.3775224232808,29.7474606554811],[-95.3766771004196,29.7469467480064],[-95.37636221,29.7467553099985],[-95.3758055512341,29.7464208479878],[-95.37512009,29.7460089899985],[-95.3749541886764,29.7459104762136],[-95.3741092519295,29.7454087382813]]},"properties":{"AADT_CUR":5459,"RTE_NM":"256772","RTE_PRFX":"CS","RTE_NBR":"256772","SYSTEM":"Off"}},{"type":"Feature","geometry":{"type":"LineString","coordinates":[[-95.359461945022,29.7310927083639],[-95.35945894,29.7310964299952],[-95.359331019998,29.7315993199978],[-95.35929562,29.7316441999952],[-95.35927592,29.7316810799952],[-95.35911903,29.7320937099952],[-95.35908713,29.7321795099952],[-95.35911355,29.7322473299952]]},"properties":{"AADT_CUR":252,"RTE_NM":"1129559","RTE_PRFX":"CS","RTE_NBR":"1129559","SYSTEM":"Off"}},{"type":"Feature","geometry":{"type":"LineString","coordinates":[[-95.3625481721148,29.7444717948033],[-95.3624967466724,29.7445464557463]]},"properties":{"AADT_CUR":173273,"RTE_NM":"IH0069-RG","RTE_PRFX":"IH","RTE_NBR":"69","SYSTEM":"On"}},{"type":"Feature","geometry":{"type":"LineString","coordinates":[[-95.42424021,29.76806251],[-95.42331627,29.76806609],[-95.42207893,29.76813081],[-95.42181793,29.76813114]]},"properties":{"AADT_CUR":252,"RTE_NM":"1123488","RTE_PRFX":"CS","RTE_NBR":"1123488","SYSTEM":"Off"}},{"type":"Feature","geometry":{"type":"LineString","coordinates":[[-95.3787799681493,29.7931013299872],[-95.37794323,29.7930960599988],[-95.3771036904714,29.7931033656217],[-95.3762696528894,29.7931173602331],[-95.37608401,29.7931204899988],[-95.37541939,29.7931265899988],[-95.37458428,29.7931411399988],[-95.3737573653634,29.7931414700617],[-95.37291357,29.7931528999989],[-95.3720750072259,29.7931684306181]]},"properties":{"AADT_CUR":252,"RTE_NM":"1130790","RTE_PRFX":"CS","RTE_NBR":"1130790","SYSTEM":"Off"}},{"type":"Feature","geometry":{"type":"LineString","coordinates":[[-95.35532421,29.76368405],[-95.35505329,29.76450977]]},"properties":{"AADT_CUR":252,"RTE_NM":"1130966","RTE_PRFX":"CS","RTE_NBR":"1130966","SYSTEM":"Off"}},{"type":"Feature","geometry":{"type":"LineString","coordinates":[[-95.3495825532051,29.7555461442525],[-95.3495729921447,29.7555580943586]]},"properties":{"AADT_CUR":252,"RTE_NM":"1120185","RTE_PRFX":"CS","RTE_NBR":"1120185","SYSTEM":"Off"}},{"type":"Feature","geometry":{"type":"LineString","coordinates":[[-95.3684215387786,29.7557368049375],[-95.3684307494612,29.7557253096961],[-95.3690102317518,29.7550020893501],[-95.3696274759743,29.7542317257188],[-95.3701876868751,29.7535325305306],[-95.3707993867814,29.7527690580478],[-95.3713899132287,29.7520319983987],[-95.37185212,29.7514550899986],[-95.372008385365,29.7512473625122],[-95.3725571699776,29.750517840789],[-95.37267465654,29.7503616593974],[-95.3727123122085,29.750311601504]]},"properties":{"AADT_CUR":13363,"RTE_NM":"1501595","RTE_PRFX":"CS","RTE_NBR":"1501595","SYSTEM":"Off"}},{"type":"Feature","geometry":{"type":"LineString","coordinates":[[-95.38892557,29.7728313],[-95.38885551,29.77287717],[-95.38877311,29.77288506],[-95.38627195,29.7729126],[-95.38621759,29.7728957],[-95.38617123,29.77286689]]},"properties":{"AADT_CUR":2713,"RTE_NM":"1130514","RTE_PRFX":"CS","RTE_NBR":"1130514","SYSTEM":"Off"}},{"type":"Feature","geometry":{"type":"LineString","coordinates":[[-95.3375253360947,29.7515892112593],[-95.3375115718935,29.7515809394282]]},"properties":{"AADT_CUR":252,"RTE_NM":"1126595","RTE_PRFX":"CS","RTE_NBR":"1126595","SYSTEM":"Off"}},{"type":"Feature","geometry":{"type":"LineString","coordinates":[[-95.32785471,29.7304087399984],[-95.32817709,29.7310592999984],[-95.32852516,29.7317042099984],[-95.32855529,29.7317444999984],[-95.32892638,29.7324903699984],[-95.32902859,29.7327067699984],[-95.32913429,29.7329088799984],[-95.32918061,29.7329752499984],[-95.32924021,29.7330269499984],[-95.32958022,29.7332561799984],[-95.3301061913537,29.7336039307456]]},"properties":{"AADT_CUR":252,"RTE_NM":"1123049","RTE_PRFX":"CS","RTE_NBR":"1123049","SYSTEM":"Off"}},{"type":"Feature","geometry":{"type":"LineString","coordinates":[[-95.332210697375,29.7282455390914],[-95.3322241454648,29.7282540794886]]},"properties":{"AADT_CUR":252,"RTE_NM":"1127092","RTE_PRFX":"CS","RTE_NBR":"1127092","SYSTEM":"Off"}},{"type":"Feature","geometry":{"type":"LineString","coordinates":[[-95.3613744291224,29.7358521985983],[-95.36051691,29.7353452599984],[-95.3596762259514,29.7348357018937],[-95.35843517,29.7340913499984],[-95.35838004,29.7340931699985],[-95.35834175,29.7341020699984],[-95.35830867,29.7341243699984],[-95.35826617,29.7341447599984],[-95.35822022,29.7341551099984],[-95.3574087,29.7339083299984],[-95.35651554,29.7336264899984],[-95.35591195,29.7334433799984],[-95.35584178,29.7334210999984],[-95.35562769,29.7333581499984],[-95.35473551,29.7330892699984],[-95.35383855,29.7328020899984],[-95.35202849,29.7322521999984],[-95.35080905,29.7318767399984],[-95.35073715,29.7318428799984],[-95.35072013,29.7317612099984],[-95.3498526,29.7314881399984],[-95.34922217,29.7312923999984],[-95.3490655081091,29.7312479026248],[-95.34804178,29.7309362499984],[-95.34699749,29.7306123799984],[-95.34594924,29.7302977699984],[-95.34512313,29.7300420799984],[-95.34506397,29.7300404599984],[-95.34492913,29.7300574499984],[-95.34485482,29.7300381999984],[-95.34384393,29.7297142799984],[-95.3430621221922,29.7294696409487]]},"properties":{"AADT_CUR":205,"RTE_NM":"1122607","RTE_PRFX":"CS","RTE_NBR":"1122607","SYSTEM":"Off"}},{"type":"Feature","geometry":{"type":"LineString","coordinates":[[-95.35720422,29.79909021],[-95.35621273,29.79910068],[-95.35525476,29.79911546],[-95.35428646,29.79913901],[-95.35330863,29.79916228],[-95.35232635,29.79917711],[-95.3513442,29.79918779],[-95.35037174,29.79919456]]},"properties":{"AADT_CUR":252,"RTE_NM":"1126376","RTE_PRFX":"CS","RTE_NBR":"1126376","SYSTEM":"Off"}},{"type":"Feature","geometry":{"type":"LineString","coordinates":[[-95.43606077,29.74210266],[-95.43531059,29.74213475],[-95.43463236,29.74219383],[-95.43384055,29.74227882],[-95.43310512,29.74239421],[-95.4326565,29.7424594],[-95.43196409,29.74254508],[-95.43141919,29.74257588],[-95.43053695,29.7426085],[-95.43003762,29.74259919]]},"properties":{"AADT_CUR":252,"RTE_NM":"1126093","RTE_PRFX":"CS","RTE_NBR":"1126093","SYSTEM":"Off"}},{"type":"Feature","geometry":{"type":"LineString","coordinates":[[-95.3752292092068,29.8131964530526],[-95.37518586,29.81319603],[-95.37516412,29.81319582],[-95.37508028,29.81319501],[-95.37474896,29.81318511],[-95.37433927,29.81320039],[-95.37431062,29.81320336],[-95.37399858,29.81323577],[-95.37342967,29.81333082],[-95.37212461,29.81356527],[-95.37172026,29.81361059],[-95.37138411,29.81363091],[-95.37135577,29.81363263],[-95.37054427,29.8136516],[-95.3676425,29.81371941],[-95.36604983,29.81374711],[-95.36429314,29.81377764],[-95.36376142,29.81379885],[-95.36159805,29.81382116],[-95.36146168,29.81382405],[-95.36097454,29.81383434],[-95.35762475,29.81390512],[-95.35707202,29.81391678],[-95.35626654,29.81391871],[-95.35564667,29.8138847],[-95.35528574,29.81384675],[-95.3552544203903,29.8138421659063]]},"properties":{"AADT_CUR":178636,"RTE_NM":"IH0610-RG","RTE_PRFX":"IH","RTE_NBR":"610","SYSTEM":"On"}},{"type":"Feature","geometry":{"type":"LineString","coordinates":[[-95.37431264,29.81543519],[-95.37422639,29.81545017],[-95.37415384,29.81548597],[-95.37411286,29.81552185],[-95.3740916,29.8155614],[-95.3740666,29.81560478],[-95.37403764,29.81568347]]},"properties":{"AADT_CUR":252,"RTE_NM":"1127445","RTE_PRFX":"CS","RTE_NBR":"1127445","SYSTEM":"Off"}},{"type":"Feature","geometry":{"type":"LineString","coordinates":[[-95.43259145,29.79997567],[-95.43259896,29.80072048]]},"properties":{"AADT_CUR":252,"RTE_NM":"1124251","RTE_PRFX":"CS","RTE_NBR":"1124251","SYSTEM":"Off"}},{"type":"Feature","geometry":{"type":"LineString","coordinates":[[-95.4301034130956,29.7420658913939],[-95.4300368799399,29.7420672477402]]},"properties":{"AADT_CUR":20827,"RTE_NM":"257311","RTE_PRFX":"CS","RTE_NBR":"257311","SYSTEM":"Off"}},{"type":"Feature","geometry":{"type":"LineString","coordinates":[[-95.41309842,29.74064672],[-95.41229321,29.74065646],[-95.41151746,29.74065839],[-95.41083618,29.74065713],[-95.41077962,29.74065992],[-95.4107113,29.74068786],[-95.40940726,29.74071531],[-95.40816179,29.74073287]]},"properties":{"AADT_CUR":252,"RTE_NM":"1124410","RTE_PRFX":"CS","RTE_NBR":"1124410","SYSTEM":"Off"}},{"type":"Feature","geometry":{"type":"LineString","coordinates":[[-95.41845138,29.71740436],[-95.41493571,29.71744529],[-95.41270376,29.71748589],[-95.4127032715159,29.7174859229808]]},"properties":{"AADT_CUR":7364,"RTE_NM":"257010","RTE_PRFX":"CS","RTE_NBR":"257010","SYSTEM":"Off"}},{"type":"Feature","geometry":{"type":"LineString","coordinates":[[-95.3805500076335,29.7175923702974],[-95.38023677,29.7175173099983],[-95.37998936,29.7174440999983],[-95.37968562,29.7173258099983],[-95.37943932,29.7172026299983],[-95.3791994382889,29.7170727806321]]},"properties":{"AADT_CUR":252,"RTE_NM":"1124611","RTE_PRFX":"CS","RTE_NBR":"1124611","SYSTEM":"Off"}},{"type":"Feature","geometry":{"type":"LineString","coordinates":[[-95.3732745054323,29.7283142064911],[-95.3732691091737,29.7283109920472],[-95.37322247,29.7282832099984],[-95.3732195441391,29.7282814633434]]},"properties":{"AADT_CUR":3016,"RTE_NM":"257340","RTE_PRFX":"CS","RTE_NBR":"257340","SYSTEM":"Off"}},{"type":"Feature","geometry":{"type":"LineString","coordinates":[[-95.3665336966128,29.7325503038964],[-95.366547398458,29.7325585533333]]},"properties":{"AADT_CUR":252,"RTE_NM":"1124831","RTE_PRFX":"CS","RTE_NBR":"1124831","SYSTEM":"Off"}},{"type":"Feature","geometry":{"type":"LineString","coordinates":[[-95.3588375740118,29.7183899576086],[-95.358828153,29.718387143],[-95.356264712,29.717621261],[-95.353913286,29.716906374],[-95.3536955187864,29.7168422224798]]},"properties":{"AADT_CUR":5961,"RTE_NM":"255935","RTE_PRFX":"CS","RTE_NBR":"255935","SYSTEM":"Off"}},{"type":"Feature","geometry":{"type":"LineString","coordinates":[[-95.3505288787767,29.7765426781683],[-95.35052948,29.7765299799987],[-95.3505132340189,29.7755376715752],[-95.35051266,29.7755026099987],[-95.35046669,29.7751508999987],[-95.35045379,29.7746774999987],[-95.3504474616515,29.7745422333069],[-95.35042431,29.7740473699987],[-95.3504438195207,29.7735514294726],[-95.3505046261864,29.7725648423603],[-95.35051016,29.7724751899987],[-95.35052565,29.7722641099987],[-95.35052284,29.7720705899987],[-95.3504453366958,29.7715576623044],[-95.3503667735004,29.7705755077527],[-95.35036535,29.7705575799987],[-95.350359466189,29.7701705266443],[-95.3503584671523,29.7701048069478],[-95.35035706,29.7700122399987],[-95.3503581227773,29.7699968599269],[-95.3503863092779,29.7695889548275],[-95.35045312,29.7686220799987],[-95.3504556335198,29.7686025373875],[-95.35052251,29.7680825699987],[-95.35060318,29.7674003399986],[-95.35067338,29.7666799299987],[-95.35073913,29.7661580099987],[-95.35088127,29.7649020199986],[-95.35095378,29.7643373799986],[-95.35104006,29.7639735999986],[-95.35120029,29.7636453399987],[-95.3513672,29.7633515099986],[-95.3514406850032,29.7632525826447]]},"properties":{"AADT_CUR":8291,"RTE_NM":"256249","RTE_PRFX":"CS","RTE_NBR":"256249","SYSTEM":"Off"}},{"type":"Feature","geometry":{"type":"LineString","coordinates":[[-95.3531178471056,29.7700342144598],[-95.353338,29.7707489299987],[-95.35348775,29.7712178999987],[-95.35357482,29.7714923399987]]},"properties":{"AADT_CUR":403,"RTE_NM":"1121515","RTE_PRFX":"CS","RTE_NBR":"1121515","SYSTEM":"Off"}},{"type":"Feature","geometry":{"type":"LineString","coordinates":[[-95.3600001584363,29.7551159469996],[-95.36001441,29.7550969299985],[-95.3603925,29.7546185799986],[-95.3606019958715,29.7543524340532],[-95.3611972559822,29.7535961990274],[-95.3617829564741,29.752852094672],[-95.36192283,29.7526743899985],[-95.3623710794667,29.7521017561042],[-95.36294715,29.7513658199986],[-95.3632946,29.7509423599985],[-95.3635625751424,29.7506124706343],[-95.36403776,29.7500274899985],[-95.3641609128786,29.7498737883035],[-95.3647707983605,29.7491126081605],[-95.3653497,29.7483811799985],[-95.36566151,29.7479885799985],[-95.3659353134901,29.7476386858193],[-95.36619514,29.7473066499985],[-95.366498316924,29.7469081760831],[-95.3666482748327,29.7467110807397],[-95.3666717145886,29.7466802728953]]},"properties":{"AADT_CUR":6653,"RTE_NM":"256623","RTE_PRFX":"CS","RTE_NBR":"256623","SYSTEM":"Off"}},{"type":"Feature","geometry":{"type":"LineString","coordinates":[[-95.3675757636983,29.7552573633566],[-95.36758131,29.7552505],[-95.36816141,29.75449918],[-95.36882368,29.75365186],[-95.36936091,29.75299769],[-95.37054204,29.75151858],[-95.37113495,29.75074725],[-95.3717075256658,29.7500210347372]]},"properties":{"AADT_CUR":6101,"RTE_NM":"257236","RTE_PRFX":"CS","RTE_NBR":"257236","SYSTEM":"Off"}},{"type":"Feature","geometry":{"type":"LineString","coordinates":[[-95.38392936,29.7475368299986],[-95.38382347,29.7475519699985],[-95.38375301,29.7475836699985],[-95.383683,29.7476463199985],[-95.3832775749878,29.7481636015462],[-95.38321815,29.7482546899985],[-95.38280995,29.7487671699985],[-95.38235222,29.7493326399985],[-95.38179116,29.7500451599985]]},"properties":{"AADT_CUR":252,"RTE_NM":"1119558","RTE_PRFX":"CS","RTE_NBR":"1119558","SYSTEM":"Off"}},{"type":"Feature","geometry":{"type":"LineString","coordinates":[[-95.3928370670891,29.7770891769939],[-95.39283735,29.7770975599987],[-95.39286186,29.7778516699987],[-95.3928941,29.7796942099988],[-95.3929258571525,29.7815256021683],[-95.39292618,29.7815442199988],[-95.39292262,29.7817682299988],[-95.39293116,29.7819736599988],[-95.39296216,29.7833849299988],[-95.39299066,29.7852421299988],[-95.39303198,29.7870832799988],[-95.39305957,29.7889223499988],[-95.3930943619156,29.7907165288059],[-95.39309517,29.7907581999988],[-95.39313354,29.7926071699988],[-95.39316773,29.7936054499989],[-95.39317813,29.7944454599989]]},"properties":{"AADT_CUR":373,"RTE_NM":"1121888","RTE_PRFX":"CS","RTE_NBR":"1121888","SYSTEM":"Off"}},{"type":"Feature","geometry":{"type":"LineString","coordinates":[[-95.4334780492877,29.7318247057494],[-95.4334771,29.7318247399984],[-95.4334281603405,29.7318247071029]]},"properties":{"AADT_CUR":252,"RTE_NM":"1128317","RTE_PRFX":"CS","RTE_NBR":"1128317","SYSTEM":"Off"}},{"type":"Feature","geometry":{"type":"LineString","coordinates":[[-95.3430621221922,29.7294696409487],[-95.3430464633565,29.7294647410119]]},"properties":{"AADT_CUR":205,"RTE_NM":"1122607","RTE_PRFX":"CS","RTE_NBR":"1122607","SYSTEM":"Off"}},{"type":"Feature","geometry":{"type":"LineString","coordinates":[[-95.3349380800033,29.7063271146353],[-95.33492969,29.7063303199983],[-95.3349076257247,29.7063387958785]]},"properties":{"AADT_CUR":252,"RTE_NM":"1126463","RTE_PRFX":"CS","RTE_NBR":"1126463","SYSTEM":"Off"}},{"type":"Feature","geometry":{"type":"LineString","coordinates":[[-95.41447797,29.7645044],[-95.41448064,29.76484943]]},"properties":{"AADT_CUR":252,"RTE_NM":"1121182","RTE_PRFX":"CS","RTE_NBR":"1121182","SYSTEM":"Off"}},{"type":"Feature","geometry":{"type":"LineString","coordinates":[[-95.4174252350099,29.7310133562296],[-95.41745039,29.7317853],[-95.41747896,29.73189625],[-95.41753276,29.73198148]]},"properties":{"AADT_CUR":252,"RTE_NM":"1126133","RTE_PRFX":"CS","RTE_NBR":"1126133","SYSTEM":"Off"}},{"type":"Feature","geometry":{"type":"LineString","coordinates":[[-95.3689495699049,29.7700895416595],[-95.36896442,29.7708090199987],[-95.36897362,29.7716893299987],[-95.36897387,29.7723090199987],[-95.36898591,29.7730245799987],[-95.3689969493799,29.7737630431216],[-95.36899718,29.7737784699987],[-95.36900857,29.7745173599987],[-95.36901332,29.7751374999987],[-95.36901979,29.7751751299987],[-95.36903936,29.7752011999987]]},"properties":{"AADT_CUR":47,"RTE_NM":"1261102","RTE_PRFX":"CS","RTE_NBR":"1261102","SYSTEM":"Off"}},{"type":"Feature","geometry":{"type":"LineString","coordinates":[[-95.33013168,29.71786421],[-95.32998946,29.71821667],[-95.32993759,29.71834889],[-95.32957101,29.71926401],[-95.32949526,29.71947655],[-95.32940642,29.71971392],[-95.32915085,29.72035623],[-95.32906795,29.7205458],[-95.32901911,29.72061087],[-95.32895263,29.72070162],[-95.32881413,29.72087225],[-95.327721321,29.722165573]]},"properties":{"AADT_CUR":252,"RTE_NM":"1129602","RTE_PRFX":"CS","RTE_NBR":"1129602","SYSTEM":"Off"}},{"type":"Feature","geometry":{"type":"LineString","coordinates":[[-95.3420919717558,29.7947940868627],[-95.34121518,29.7948080999989]]},"properties":{"AADT_CUR":252,"RTE_NM":"1127973","RTE_PRFX":"CS","RTE_NBR":"1127973","SYSTEM":"Off"}},{"type":"Feature","geometry":{"type":"LineString","coordinates":[[-95.4495605763564,29.8023145759425],[-95.44932491,29.80263598],[-95.44916498,29.80284815],[-95.44899366,29.80306272],[-95.44879351,29.80327344],[-95.44849725,29.8035735],[-95.44817439,29.80389088],[-95.4478472,29.80417993],[-95.44763974,29.80437301],[-95.44729247,29.80468686],[-95.44699446,29.80496005],[-95.44652632,29.80546147],[-95.44590987,29.80611217],[-95.44550581,29.80651468],[-95.44501565,29.80694733],[-95.44453011,29.8073085],[-95.44364187,29.80784873],[-95.44328593,29.80803346],[-95.44284247,29.80823531],[-95.43723741,29.81062104],[-95.43674074,29.8108499],[-95.43423887,29.81191351],[-95.43349102,29.81220967],[-95.43309101,29.81234828],[-95.43258676,29.81249424],[-95.43188602,29.81264416],[-95.43140224,29.81272158],[-95.43080215,29.81278726],[-95.43016241,29.8128056],[-95.4293864362278,29.8128101071473]]},"properties":{"AADT_CUR":159911,"RTE_NM":"IH0610-LG","RTE_PRFX":"IH","RTE_NBR":"610","SYSTEM":"On"}},{"type":"Feature","geometry":{"type":"LineString","coordinates":[[-95.3352099702446,29.8133193484868],[-95.3351994485082,29.813319409242],[-95.33517285,29.813319709999],[-95.3350501816564,29.8133214889866],[-95.3345258976666,29.8133290910347],[-95.33265784,29.813356159999],[-95.3288015085625,29.813405691156]]},"properties":{"AADT_CUR":6080,"RTE_NM":"256577","RTE_PRFX":"CS","RTE_NBR":"256577","SYSTEM":"Off"}},{"type":"Feature","geometry":{"type":"LineString","coordinates":[[-95.3969399191893,29.7428602707947],[-95.39734201,29.7435120699985],[-95.39772294,29.7441164699985],[-95.39776683,29.7441738399985],[-95.3981652,29.7448436699985],[-95.39858313,29.7455022499985],[-95.39898895,29.7461670399985],[-95.39915818,29.7464438699985],[-95.39936473,29.7467612099985],[-95.39973676,29.7473624399986],[-95.40011689,29.7479718199985],[-95.40049961,29.7485691799985],[-95.40089257,29.7492133099985]]},"properties":{"AADT_CUR":252,"RTE_NM":"1132183","RTE_PRFX":"CS","RTE_NBR":"1132183","SYSTEM":"Off"}},{"type":"Feature","geometry":{"type":"LineString","coordinates":[[-95.3892184030906,29.7230481023061],[-95.38921633,29.7230468199983],[-95.3883735491174,29.7225446208397],[-95.38467292,29.7203393499983],[-95.3845078,29.7201227199983],[-95.38439925,29.7198698599983],[-95.38366905,29.7183976899983],[-95.38343323,29.7180540299983],[-95.38318236,29.7177959799983],[-95.38295202,29.7175673999983],[-95.382936517499,29.7175526888448],[-95.3826268,29.7172587799983],[-95.38225322,29.7170441199983],[-95.38188876,29.7168680899983],[-95.3814472,29.7166988099983],[-95.38092912,29.7165247799983],[-95.38027991,29.7163403299983],[-95.3795944809675,29.7159755139786]]},"properties":{"AADT_CUR":6523,"RTE_NM":"256472","RTE_PRFX":"CS","RTE_NBR":"256472","SYSTEM":"Off"}},{"type":"Feature","geometry":{"type":"LineString","coordinates":[[-95.3988321244587,29.7427934373617],[-95.398722846,29.7428663639985],[-95.3983483463003,29.7430399011267],[-95.39832925,29.7430487499985],[-95.39734201,29.7435120699985],[-95.3963150849748,29.7439989870103]]},"properties":{"AADT_CUR":252,"RTE_NM":"1121174","RTE_PRFX":"CS","RTE_NBR":"1121174","SYSTEM":"Off"}},{"type":"Feature","geometry":{"type":"LineString","coordinates":[[-95.3562745294989,29.7407051480387],[-95.35690558,29.74107981],[-95.357678413,29.741559438],[-95.35798531,29.74173663]]},"properties":{"AADT_CUR":3944,"RTE_NM":"IH0045-XG","RTE_PRFX":"IH","RTE_NBR":"45","SYSTEM":"On"}},{"type":"Feature","geometry":{"type":"LineString","coordinates":[[-95.3225295816835,29.7134320751439],[-95.3225135925658,29.713436007549]]},"properties":{"AADT_CUR":252,"RTE_NM":"1121357","RTE_PRFX":"CS","RTE_NBR":"1121357","SYSTEM":"Off"}},{"type":"Feature","geometry":{"type":"LineString","coordinates":[[-95.42180005,29.7365465399969],[-95.42127781,29.7365334099968],[-95.42105159,29.736513439997],[-95.42085656,29.7364639499969],[-95.42033201,29.7362880199968],[-95.41991518,29.7362543399968],[-95.4187154335841,29.7362733581203],[-95.41752819,29.7362779099968],[-95.41633672,29.7362918399968],[-95.4157812,29.7362982299969],[-95.41531499,29.7363011499969],[-95.4152223228285,29.7362726090767]]},"properties":{"AADT_CUR":252,"RTE_NM":"1131610","RTE_PRFX":"CS","RTE_NBR":"1131610","SYSTEM":"Off"}},{"type":"Feature","geometry":{"type":"LineString","coordinates":[[-95.4187142968079,29.7355965635861],[-95.4186977213564,29.7355965847904]]},"properties":{"AADT_CUR":252,"RTE_NM":"1128755","RTE_PRFX":"CS","RTE_NBR":"1128755","SYSTEM":"Off"}},{"type":"Feature","geometry":{"type":"LineString","coordinates":[[-95.35274694,29.79491102],[-95.35278221,29.79575719]]},"properties":{"AADT_CUR":252,"RTE_NM":"1123086","RTE_PRFX":"CS","RTE_NBR":"1123086","SYSTEM":"Off"}},{"type":"Feature","geometry":{"type":"LineString","coordinates":[[-95.3646973304925,29.7825232036973],[-95.3646819797916,29.782528818468]]},"properties":{"AADT_CUR":252,"RTE_NM":"1121323","RTE_PRFX":"CS","RTE_NBR":"1121323","SYSTEM":"Off"}},{"type":"Feature","geometry":{"type":"LineString","coordinates":[[-95.3986992732703,29.7644607586319],[-95.3986987974348,29.7644462197449]]},"properties":{"AADT_CUR":252,"RTE_NM":"1131615","RTE_PRFX":"CS","RTE_NBR":"1131615","SYSTEM":"Off"}},{"type":"Feature","geometry":{"type":"LineString","coordinates":[[-95.3356095009467,29.8133170408395],[-95.3353739820638,29.8133184013308],[-95.3352874166064,29.8133189012664],[-95.3352099702446,29.8133193484868]]},"properties":{"AADT_CUR":6101,"RTE_NM":"256577","RTE_PRFX":"CS","RTE_NBR":"256577","SYSTEM":"Off"}},{"type":"Feature","geometry":{"type":"LineString","coordinates":[[-95.30689019,29.7073982799982],[-95.30646033,29.7068336299982],[-95.3060453008137,29.70625348205]]},"properties":{"AADT_CUR":252,"RTE_NM":"1130388","RTE_PRFX":"CS","RTE_NBR":"1130388","SYSTEM":"Off"}},{"type":"Feature","geometry":{"type":"LineString","coordinates":[[-95.3939453868812,29.777065420309],[-95.39394548,29.7770706299974],[-95.39395152,29.7778347599987],[-95.39397947,29.7796811499988],[-95.3940250926941,29.7815056480278],[-95.39402518,29.7817978999976],[-95.39405901,29.7828386099976],[-95.39405675,29.7833710699976],[-95.3941121,29.7851284499976],[-95.39410737,29.7852171499988],[-95.39413307,29.7870544499988],[-95.39416414,29.7889073699988],[-95.3942028425112,29.7907035253131],[-95.3942037,29.7907433199976],[-95.39424252,29.7925998899989],[-95.394262,29.7936348999976],[-95.39427917,29.7944345099989],[-95.394320224971,29.7962459443883],[-95.39432092,29.7962766099978],[-95.3943542799999,29.7981138799989],[-95.39434601,29.7981764499978],[-95.39438243,29.7999622899978],[-95.39437703,29.8000460699978],[-95.39442008,29.8019895599978],[-95.39446563,29.8040280399978],[-95.3944657601209,29.8040355839306],[-95.39449053,29.8054716299978],[-95.39449243,29.8060657099989],[-95.39451096,29.8067354299978],[-95.39450662,29.8072582099989],[-95.39452169,29.8080932599989],[-95.39454917,29.8089215599989],[-95.39456115,29.8097530599979],[-95.39459017,29.8105849399979],[-95.39460571,29.811416479999],[-95.39462977,29.812238629998],[-95.3946475200001,29.813076499999],[-95.3946775108642,29.81334403223]]},"properties":{"AADT_CUR":493,"RTE_NM":"1119812","RTE_PRFX":"CS","RTE_NBR":"1119812","SYSTEM":"Off"}},{"type":"Feature","geometry":{"type":"LineString","coordinates":[[-95.433432875862,29.7199093409815],[-95.4332997346826,29.7199108065552]]},"properties":{"AADT_CUR":252,"RTE_NM":"1252534","RTE_PRFX":"CS","RTE_NBR":"1252534","SYSTEM":"Off"}},{"type":"Feature","geometry":{"type":"LineString","coordinates":[[-95.33822086,29.77774515],[-95.33819286,29.7778215],[-95.33812859,29.7778528],[-95.33744423,29.77785567],[-95.3366033,29.77786343],[-95.33576333,29.77786801],[-95.33488597,29.77788176],[-95.33398536,29.77790427],[-95.33311694,29.77792683],[-95.33222219,29.77794048],[-95.33135134,29.77794823],[-95.33047975,29.77797381],[-95.32960831,29.77798886],[-95.32873925,29.77800897]]},"properties":{"AADT_CUR":252,"RTE_NM":"1127582","RTE_PRFX":"CS","RTE_NBR":"1127582","SYSTEM":"Off"}},{"type":"Feature","geometry":{"type":"LineString","coordinates":[[-95.3265238643331,29.7295680427768],[-95.32632104,29.7300394599984],[-95.32604813,29.7307281399984],[-95.32604038,29.7307501899984],[-95.32602532,29.7307821399984],[-95.32578969,29.7313361699984],[-95.32574843,29.7314367199984],[-95.32571467,29.7315280899984],[-95.32547225,29.7321121599984],[-95.32538414,29.7326092399984],[-95.32535082,29.7328570699984],[-95.32534921,29.7329015799984],[-95.32510168,29.7335264699985],[-95.32483946,29.7341882899984],[-95.32456716,29.7348702299984],[-95.32442861,29.7352131699985],[-95.3242944737452,29.7355282012025]]},"properties":{"AADT_CUR":252,"RTE_NM":"1120060","RTE_PRFX":"CS","RTE_NBR":"1120060","SYSTEM":"Off"}},{"type":"Feature","geometry":{"type":"LineString","coordinates":[[-95.441693695685,29.7467398895026],[-95.4416839751026,29.7467407259884],[-95.4384078083091,29.7470226068503],[-95.4361165298944,29.7472196967993],[-95.4331177514767,29.7474775803367],[-95.43047322,29.7477049399985],[-95.4301465795625,29.7477182676632],[-95.43003721,29.7477227299985],[-95.4265254583255,29.7477337257032]]},"properties":{"AADT_CUR":17156,"RTE_NM":"257081","RTE_PRFX":"CS","RTE_NBR":"257081","SYSTEM":"Off"}},{"type":"Feature","geometry":{"type":"LineString","coordinates":[[-95.32425766,29.80959253],[-95.32428792,29.81345093],[-95.32431649,29.81539622],[-95.32432462,29.81549711],[-95.3243495,29.81797017],[-95.32433708,29.81826232]]},"properties":{"AADT_CUR":252,"RTE_NM":"1125282","RTE_PRFX":"CS","RTE_NBR":"1125282","SYSTEM":"Off"}},{"type":"Feature","geometry":{"type":"LineString","coordinates":[[-95.3755673795817,29.8140520536339],[-95.3755728491673,29.8140657660475]]},"properties":{"AADT_CUR":216108,"RTE_NM":"IH0045-KG","RTE_PRFX":"IH","RTE_NBR":"45","SYSTEM":"On"}},{"type":"Feature","geometry":{"type":"LineString","coordinates":[[-95.3357855437706,29.778868900085],[-95.3348927,29.7788761899988],[-95.33400634,29.7788876799988],[-95.33314703,29.7789212699988],[-95.33223404,29.7789280399987],[-95.33137336,29.7789483899987],[-95.33050862,29.7789649699988],[-95.32961455,29.7789807299987],[-95.32877522,29.7789906799987]]},"properties":{"AADT_CUR":252,"RTE_NM":"1128579","RTE_PRFX":"CS","RTE_NBR":"1128579","SYSTEM":"Off"}},{"type":"Feature","geometry":{"type":"LineString","coordinates":[[-95.371328259,29.755246575],[-95.3635798735338,29.7506227942162]]},"properties":{"AADT_CUR":1067,"RTE_NM":"255858","RTE_PRFX":"CS","RTE_NBR":"255858","SYSTEM":"Off"}},{"type":"Feature","geometry":{"type":"LineString","coordinates":[[-95.375140789,29.752072065],[-95.37522097,29.75218583],[-95.37527293,29.7523923],[-95.37525866,29.75250634],[-95.37501382,29.75346698],[-95.37498687,29.75361032],[-95.37495221,29.75404639],[-95.3750193,29.75927979],[-95.37499512,29.75963396],[-95.37495064,29.75993276],[-95.37494415,29.75997634],[-95.37481379,29.76046551],[-95.37468902,29.76077209],[-95.37464559,29.76085818],[-95.37454216,29.76106325],[-95.37427369,29.7614672],[-95.3739573,29.76183959],[-95.37372395,29.76206203],[-95.37347712,29.76226441],[-95.37322819,29.76244559],[-95.37297503,29.76260254],[-95.37245455,29.76286153],[-95.3720189,29.76302089],[-95.3713712062619,29.7632136204719]]},"properties":{"AADT_CUR":41825,"RTE_NM":"IH0045-XG","RTE_PRFX":"IH","RTE_NBR":"45","SYSTEM":"On"}},{"type":"Feature","geometry":{"type":"LineString","coordinates":[[-95.397023227,29.7509789649986],[-95.396876726,29.7510092179986],[-95.39366547,29.7510731799985],[-95.3920928999315,29.7510998627434],[-95.3911393,29.7511236399986]]},"properties":{"AADT_CUR":252,"RTE_NM":"1132088","RTE_PRFX":"CS","RTE_NBR":"1132088","SYSTEM":"Off"}},{"type":"Feature","geometry":{"type":"LineString","coordinates":[[-95.414777152314,29.7070760093986],[-95.4125921892093,29.7070757509059]]},"properties":{"AADT_CUR":252,"RTE_NM":"1129868","RTE_PRFX":"CS","RTE_NBR":"1129868","SYSTEM":"Off"}},{"type":"Feature","geometry":{"type":"LineString","coordinates":[[-95.34718594,29.7090602999983],[-95.34709124,29.7091379799982],[-95.34698462,29.7092039899983],[-95.34690159,29.7092401399982],[-95.34678223,29.7092657699983],[-95.34665909,29.7092758099983],[-95.34651856,29.7092845799983],[-95.34632203,29.7093153899983],[-95.3461988,29.7093361399982],[-95.34607991,29.7093642499982],[-95.34593206,29.7094036399982],[-95.34580156,29.7094475099982],[-95.34566838,29.7095022199983],[-95.3453331,29.7096498199983],[-95.34514463,29.7097416699982],[-95.34500466,29.7098177299982],[-95.34486865,29.7099017199982],[-95.34459717,29.7100802599983],[-95.34446565,29.7101840999983],[-95.3440724,29.7104584899982],[-95.34393275,29.7105249299983],[-95.3437758,29.7105454399982],[-95.34361058,29.7105326599983],[-95.3419236831969,29.710018419678]]},"properties":{"AADT_CUR":252,"RTE_NM":"1127242","RTE_PRFX":"CS","RTE_NBR":"1127242","SYSTEM":"Off"}},{"type":"Feature","geometry":{"type":"LineString","coordinates":[[-95.425319030596,29.8018116658885],[-95.42530958,29.8018015099978],[-95.4253085852737,29.8018003625796]]},"properties":{"AADT_CUR":8946,"RTE_NM":"257189","RTE_PRFX":"CS","RTE_NBR":"257189","SYSTEM":"Off"}},{"type":"Feature","geometry":{"type":"LineString","coordinates":[[-95.4009031406114,29.7707599204967],[-95.4009033745459,29.7707744184433]]},"properties":{"AADT_CUR":252,"RTE_NM":"1125970","RTE_PRFX":"CS","RTE_NBR":"1125970","SYSTEM":"Off"}},{"type":"Feature","geometry":{"type":"LineString","coordinates":[[-95.356150616109,29.786722830264],[-95.3561339639953,29.7867228031017]]},"properties":{"AADT_CUR":252,"RTE_NM":"1126270","RTE_PRFX":"CS","RTE_NBR":"1126270","SYSTEM":"Off"}},{"type":"Feature","geometry":{"type":"LineString","coordinates":[[-95.4416669063777,29.7417289707711],[-95.441663,29.7417289999985],[-95.4416390476235,29.7417283582166],[-95.4398584077293,29.7416806349125],[-95.4390901804469,29.7416600377541],[-95.4381832765642,29.7416357164952],[-95.4370687868001,29.7416058193166],[-95.43662494,29.7415939099985],[-95.4352733648962,29.7415644905261],[-95.4343920798031,29.7415453000387],[-95.43380169,29.7416657799985],[-95.43309222,29.7418153799985],[-95.43262216,29.7419243499985],[-95.43191586,29.7420289299985],[-95.4301034130956,29.7420658913939]]},"properties":{"AADT_CUR":20827,"RTE_NM":"257311","RTE_PRFX":"CS","RTE_NBR":"257311","SYSTEM":"Off"}},{"type":"Feature","geometry":{"type":"LineString","coordinates":[[-95.3263553368361,29.7867353945616],[-95.3263557443313,29.7867499164011]]},"properties":{"AADT_CUR":252,"RTE_NM":"1125475","RTE_PRFX":"CS","RTE_NBR":"1125475","SYSTEM":"Off"}},{"type":"Feature","geometry":{"type":"LineString","coordinates":[[-95.34442467,29.73142289],[-95.34325411,29.73107207]]},"properties":{"AADT_CUR":252,"RTE_NM":"1126623","RTE_PRFX":"CS","RTE_NBR":"1126623","SYSTEM":"Off"}},{"type":"Feature","geometry":{"type":"LineString","coordinates":[[-95.36462822,29.7396941899985],[-95.36461798,29.7397064599985],[-95.36387533,29.7406462599985],[-95.3631595,29.7415684199985],[-95.36257526,29.7422959699985],[-95.3619799671506,29.7430433696159],[-95.3616400964703,29.7434700762759],[-95.3614207897625,29.7437454127573],[-95.3613985161492,29.7437733768571],[-95.3613730695104,29.7438053246058],[-95.3612469198887,29.7439637025633],[-95.3611411694632,29.7440964693062],[-95.3611216349672,29.7441209942782],[-95.3610963434494,29.744152746995],[-95.3608888119113,29.7444132954414],[-95.3607961515937,29.7445296266086],[-95.36020835,29.7452792399985],[-95.36011571,29.7453886099985],[-95.359636026386,29.7460149951304],[-95.3596239,29.7460308299985],[-95.35903221,29.7467607499985],[-95.3584307,29.7475272499985],[-95.35783899,29.7482705199985],[-95.3572417016355,29.7490141509886],[-95.35665968,29.7497788599986],[-95.3560785,29.7505193999986],[-95.35548681,29.7512626699986],[-95.35488681,29.7520108999985],[-95.3543019818526,29.7527436060156],[-95.35429173,29.7527564499986],[-95.35371656,29.7534842199986],[-95.35370309394,29.7535008103183],[-95.35307095,29.7542796099986],[-95.3518773496106,29.7558040601697],[-95.3512740469973,29.7565670195309],[-95.35097293,29.7569707299986],[-95.35071564,29.7573284199986],[-95.3506921971974,29.7573569892944],[-95.35011167,29.7580644599986]]},"properties":{"AADT_CUR":1220,"RTE_NM":"296164","RTE_PRFX":"CS","RTE_NBR":"296164","SYSTEM":"Off"}},{"type":"Feature","geometry":{"type":"LineString","coordinates":[[-95.3631951343653,29.7447098423227],[-95.362896773,29.745087896],[-95.36274841,29.74526881],[-95.361808019,29.746446406],[-95.36087165,29.747632138],[-95.36011859,29.74858042],[-95.3590014742798,29.749984162259]]},"properties":{"AADT_CUR":6147,"RTE_NM":"IH0069-XG","RTE_PRFX":"IH","RTE_NBR":"69","SYSTEM":"On"}},{"type":"Feature","geometry":{"type":"LineString","coordinates":[[-95.33085832,29.77528376],[-95.32954002,29.77531541],[-95.32945193,29.77533021],[-95.32899645,29.77533331]]},"properties":{"AADT_CUR":252,"RTE_NM":"1123317","RTE_PRFX":"CS","RTE_NBR":"1123317","SYSTEM":"Off"}},{"type":"Feature","geometry":{"type":"LineString","coordinates":[[-95.3392407208819,29.7817989037911],[-95.33830104,29.7817996199988],[-95.33748932,29.7818162399988],[-95.33665432,29.7818253699988],[-95.33582169,29.7818413999988],[-95.33501055,29.7818420399988],[-95.33421738,29.7818522999988],[-95.3334285,29.7818523999988],[-95.3326301,29.7818625099988],[-95.33179636,29.7818727799988],[-95.33098062,29.7818888199988]]},"properties":{"AADT_CUR":300,"RTE_NM":"1125921","RTE_PRFX":"CS","RTE_NBR":"1125921","SYSTEM":"Off"}},{"type":"Feature","geometry":{"type":"LineString","coordinates":[[-95.3290639090147,29.7726866017718],[-95.32881598,29.7726897199987]]},"properties":{"AADT_CUR":252,"RTE_NM":"1126480","RTE_PRFX":"CS","RTE_NBR":"1126480","SYSTEM":"Off"}},{"type":"Feature","geometry":{"type":"LineString","coordinates":[[-95.3316128299121,29.7494636030581],[-95.33161217,29.7494652499985],[-95.3315574,29.7495617799986],[-95.33080097,29.7505266099986],[-95.33033564,29.7511353899985]]},"properties":{"AADT_CUR":252,"RTE_NM":"1127252","RTE_PRFX":"CS","RTE_NBR":"1127252","SYSTEM":"Off"}},{"type":"Feature","geometry":{"type":"LineString","coordinates":[[-95.3361872987848,29.728250045113],[-95.337837747,29.729678283],[-95.33835065,29.73005082],[-95.33838903,29.73007719],[-95.33868063,29.73027749],[-95.33893246,29.73041996],[-95.34079748,29.73135505],[-95.34083299,29.73137635],[-95.34091273,29.73142416],[-95.343544375,29.733386041],[-95.344035746,29.73370872],[-95.3441121738144,29.7337681565672]]},"properties":{"AADT_CUR":5866,"RTE_NM":"IH0045-AG","RTE_PRFX":"IH","RTE_NBR":"45","SYSTEM":"On"}},{"type":"Feature","geometry":{"type":"LineString","coordinates":[[-95.3473026819102,29.7354810332773],[-95.34715099,29.73538504],[-95.34662603,29.73505214],[-95.3461093,29.73471263],[-95.34570111,29.73441503],[-95.34524779,29.73407097],[-95.34481006,29.73373091],[-95.34439106,29.73341223],[-95.34398487,29.73307334],[-95.34358131,29.73276211],[-95.34293887,29.73224566],[-95.3424708,29.73188036],[-95.34213192,29.73161976],[-95.34176285,29.73133047],[-95.34151921,29.7311423],[-95.34104375,29.73076638],[-95.34029969,29.73022895],[-95.33978661,29.72989645],[-95.33946103,29.72968802],[-95.33876647,29.72925019],[-95.33856597,29.7290021],[-95.33840026,29.7286771],[-95.33796204,29.72785795],[-95.337591779791,29.7266649635419]]},"properties":{"AADT_CUR":37909,"RTE_NM":"SS0005-KG","RTE_PRFX":"SS","RTE_NBR":"5","SYSTEM":"On"}},{"type":"Feature","geometry":{"type":"LineString","coordinates":[[-95.32684146,29.79200226],[-95.32676737,29.79206207],[-95.32671676,29.79208599],[-95.32657662,29.79208954],[-95.32638192,29.7920968],[-95.32576554,29.79209655],[-95.32493035,29.79210002]]},"properties":{"AADT_CUR":252,"RTE_NM":"1124200","RTE_PRFX":"CS","RTE_NBR":"1124200","SYSTEM":"Off"}},{"type":"Feature","geometry":{"type":"LineString","coordinates":[[-95.43293128,29.7353100199984],[-95.43292828,29.7355167799985],[-95.4329479,29.7364404299984],[-95.4329730547106,29.7383040621523]]},"properties":{"AADT_CUR":252,"RTE_NM":"1126503","RTE_PRFX":"CS","RTE_NBR":"1126503","SYSTEM":"Off"}},{"type":"Feature","geometry":{"type":"LineString","coordinates":[[-95.4292846506928,29.8042061724953],[-95.429265467262,29.8042063897172],[-95.42836005,29.8041135899978],[-95.42788459,29.8040126799978],[-95.42711686,29.8037097599978],[-95.42673323,29.8034087099978],[-95.42622338,29.8028757599978],[-95.42557477,29.8020864899978],[-95.425319030596,29.8018116658885]]},"properties":{"AADT_CUR":8993,"RTE_NM":"257189","RTE_PRFX":"CS","RTE_NBR":"257189","SYSTEM":"Off"}},{"type":"Feature","geometry":{"type":"LineString","coordinates":[[-95.31691021,29.797011],[-95.31299311,29.79705061],[-95.31172336,29.79706031],[-95.31046944,29.79705705],[-95.30920002,29.79705781],[-95.3079405,29.79706776],[-95.30662043,29.79705371],[-95.30602657,29.79705489]]},"properties":{"AADT_CUR":252,"RTE_NM":"1122089","RTE_PRFX":"CS","RTE_NBR":"1122089","SYSTEM":"Off"}},{"type":"Feature","geometry":{"type":"LineString","coordinates":[[-95.307365141036,29.7837630758008],[-95.3073484908718,29.7837629994205]]},"properties":{"AADT_CUR":252,"RTE_NM":"1121859","RTE_PRFX":"CS","RTE_NBR":"1121859","SYSTEM":"Off"}},{"type":"Feature","geometry":{"type":"LineString","coordinates":[[-95.31129011,29.7394756499985],[-95.30986021,29.7390312899985],[-95.30790128,29.7384399599985],[-95.3059095337,29.7378266272966]]},"properties":{"AADT_CUR":252,"RTE_NM":"1119985","RTE_PRFX":"CS","RTE_NBR":"1119985","SYSTEM":"Off"}},{"type":"Feature","geometry":{"type":"LineString","coordinates":[[-95.36171502,29.77351319],[-95.36117856,29.773082],[-95.36111698,29.77303342],[-95.36104072,29.7729705],[-95.36085429,29.77255436],[-95.36075757,29.77231627],[-95.36070998,29.77211143]]},"properties":{"AADT_CUR":297,"RTE_NM":"1125303","RTE_PRFX":"CS","RTE_NBR":"1125303","SYSTEM":"Off"}},{"type":"Feature","geometry":{"type":"LineString","coordinates":[[-95.39603205,29.77156836],[-95.39528381,29.77155888],[-95.39414293,29.77153501],[-95.39388131,29.77153197],[-95.39315093,29.77151365],[-95.39274766,29.77152587],[-95.39251379,29.77155451],[-95.3921595,29.77160699],[-95.3919675,29.77160968],[-95.39072586,29.7715602],[-95.38993352,29.77150611],[-95.38958341,29.77144565],[-95.38909763,29.77140081],[-95.38903635,29.77140752],[-95.38899806,29.77142466],[-95.38896305,29.77146093]]},"properties":{"AADT_CUR":594,"RTE_NM":"1124657","RTE_PRFX":"CS","RTE_NBR":"1124657","SYSTEM":"Off"}},{"type":"Feature","geometry":{"type":"LineString","coordinates":[[-95.3867515371501,29.729379932073],[-95.3867349094303,29.7293798342382]]},"properties":{"AADT_CUR":252,"RTE_NM":"1128314","RTE_PRFX":"CS","RTE_NBR":"1128314","SYSTEM":"Off"}},{"type":"Feature","geometry":{"type":"LineString","coordinates":[[-95.41397103,29.81794163],[-95.41320913,29.81793731]]},"properties":{"AADT_CUR":252,"RTE_NM":"1123754","RTE_PRFX":"CS","RTE_NBR":"1123754","SYSTEM":"Off"}},{"type":"Feature","geometry":{"type":"LineString","coordinates":[[-95.32397109,29.7022797399982],[-95.32369039,29.7022363099982],[-95.32347304,29.7021374899982],[-95.32320884,29.7019766599982],[-95.32297338,29.7018130499982],[-95.32263101,29.7016643699982],[-95.3213142137075,29.7011848293231],[-95.3212945,29.7011776499982],[-95.32067482,29.7007784699982],[-95.32018256,29.7003748499982],[-95.31982033,29.6999721499982],[-95.3198200465197,29.699971806401]]},"properties":{"AADT_CUR":252,"RTE_NM":"1128054","RTE_PRFX":"CS","RTE_NBR":"1128054","SYSTEM":"Off"}},{"type":"Feature","geometry":{"type":"LineString","coordinates":[[-95.32812607,29.7741501499987],[-95.32812067,29.7744376799987],[-95.3281259399347,29.7760716497383]]},"properties":{"AADT_CUR":252,"RTE_NM":"1123359","RTE_PRFX":"CS","RTE_NBR":"1123359","SYSTEM":"Off"}},{"type":"Feature","geometry":{"type":"LineString","coordinates":[[-95.32143734,29.741550219],[-95.32107925,29.74240491],[-95.32053382,29.74374222],[-95.3203065,29.74430088],[-95.32011221,29.74478318],[-95.31970213,29.74580152]]},"properties":{"AADT_CUR":252,"RTE_NM":"1122423","RTE_PRFX":"CS","RTE_NBR":"1122423","SYSTEM":"Off"}},{"type":"Feature","geometry":{"type":"LineString","coordinates":[[-95.343188895178,29.7460163404075],[-95.3423322381884,29.7455402401188],[-95.34194647,29.7453077099985]]},"properties":{"AADT_CUR":503,"RTE_NM":"1129196","RTE_PRFX":"CS","RTE_NBR":"1129196","SYSTEM":"Off"}},{"type":"Feature","geometry":{"type":"LineString","coordinates":[[-95.4018095086805,29.7769670751102],[-95.4018055598585,29.7770105420882]]},"properties":{"AADT_CUR":169,"RTE_NM":"1120678","RTE_PRFX":"CS","RTE_NBR":"1120678","SYSTEM":"Off"}},{"type":"Feature","geometry":{"type":"LineString","coordinates":[[-95.4158855568207,29.7779600119971],[-95.41589302,29.7784033199987],[-95.41590389,29.7791352299987],[-95.41591705,29.7798617199988],[-95.41593325,29.7805922099987],[-95.41593832,29.7813204499988],[-95.41594745,29.7820515099988],[-95.4159535,29.7823862299988],[-95.41596049,29.7827835299988],[-95.41597027,29.7831736399988]]},"properties":{"AADT_CUR":252,"RTE_NM":"1122461","RTE_PRFX":"CS","RTE_NBR":"1122461","SYSTEM":"Off"}},{"type":"Feature","geometry":{"type":"LineString","coordinates":[[-95.41522113,29.76669867],[-95.41523907,29.76744697],[-95.41523616,29.76769601],[-95.41525585,29.76839855],[-95.41526427,29.76904048],[-95.41525257,29.76910871]]},"properties":{"AADT_CUR":252,"RTE_NM":"1125962","RTE_PRFX":"CS","RTE_NBR":"1125962","SYSTEM":"Off"}},{"type":"Feature","geometry":{"type":"LineString","coordinates":[[-95.32896531,29.71304219],[-95.32751676,29.71672329]]},"properties":{"AADT_CUR":252,"RTE_NM":"1121867","RTE_PRFX":"CS","RTE_NBR":"1121867","SYSTEM":"Off"}},{"type":"Feature","geometry":{"type":"LineString","coordinates":[[-95.32173058,29.7179873299983],[-95.320850850794,29.7177295640638],[-95.32081978,29.7177204599983],[-95.32050614,29.7177390999983],[-95.3204521730692,29.7178336589716]]},"properties":{"AADT_CUR":252,"RTE_NM":"1121126","RTE_PRFX":"CS","RTE_NBR":"1121126","SYSTEM":"Off"}},{"type":"Feature","geometry":{"type":"LineString","coordinates":[[-95.34403503,29.78799195],[-95.3432861,29.78800523]]},"properties":{"AADT_CUR":252,"RTE_NM":"1261008","RTE_PRFX":"CS","RTE_NBR":"1261008","SYSTEM":"Off"}},{"type":"Feature","geometry":{"type":"LineString","coordinates":[[-95.3404286926541,29.8016837487238],[-95.3399104716228,29.8015761544913]]},"properties":{"AADT_CUR":5648,"RTE_NM":"256054","RTE_PRFX":"CS","RTE_NBR":"256054","SYSTEM":"Off"}},{"type":"Feature","geometry":{"type":"LineString","coordinates":[[-95.40367993,29.7557721199986],[-95.40285304,29.7557841499986],[-95.4023391581435,29.7557946118647]]},"properties":{"AADT_CUR":252,"RTE_NM":"1124191","RTE_PRFX":"CS","RTE_NBR":"1124191","SYSTEM":"Off"}},{"type":"Feature","geometry":{"type":"LineString","coordinates":[[-95.38791725,29.72787754],[-95.38840519,29.7281999],[-95.38864584,29.7281322],[-95.38963636,29.72815835],[-95.38971205,29.728172],[-95.38975816,29.72820174],[-95.38978829,29.72823843],[-95.38979968,29.72829255],[-95.38981678,29.72856107]]},"properties":{"AADT_CUR":252,"RTE_NM":"1127551","RTE_PRFX":"CS","RTE_NBR":"1127551","SYSTEM":"Off"}},{"type":"Feature","geometry":{"type":"LineString","coordinates":[[-95.3860010799844,29.7445800555128],[-95.3859678167672,29.7445808749247]]},"properties":{"AADT_CUR":16373,"RTE_NM":"257311","RTE_PRFX":"CS","RTE_NBR":"257311","SYSTEM":"Off"}},{"type":"Feature","geometry":{"type":"LineString","coordinates":[[-95.34794829,29.75469265],[-95.34804463,29.75498115],[-95.34832628,29.75583979],[-95.34846377,29.75625572],[-95.34856725,29.75655771]]},"properties":{"AADT_CUR":252,"RTE_NM":"1130178","RTE_PRFX":"CS","RTE_NBR":"1130178","SYSTEM":"Off"}},{"type":"Feature","geometry":{"type":"LineString","coordinates":[[-95.3619578382725,29.7607759340334],[-95.3619179,29.76075156],[-95.36104409,29.76022938],[-95.360196231484,29.7597328832537]]},"properties":{"AADT_CUR":2163,"RTE_NM":"256971","RTE_PRFX":"CS","RTE_NBR":"256971","SYSTEM":"Off"}},{"type":"Feature","geometry":{"type":"LineString","coordinates":[[-95.3674560830999,29.7617759425836],[-95.3674469322638,29.7617879589375]]},"properties":{"AADT_CUR":252,"RTE_NM":"1120816","RTE_PRFX":"CS","RTE_NBR":"1120816","SYSTEM":"Off"}},{"type":"Feature","geometry":{"type":"LineString","coordinates":[[-95.37708799,29.77000711],[-95.37662561,29.77001135],[-95.3758336,29.77000764],[-95.37467922,29.77001688],[-95.37388486,29.77002051],[-95.37337778,29.7700295],[-95.37330977,29.77004131],[-95.37327014,29.77006786]]},"properties":{"AADT_CUR":252,"RTE_NM":"1122313","RTE_PRFX":"CS","RTE_NBR":"1122313","SYSTEM":"Off"}},{"type":"Feature","geometry":{"type":"LineString","coordinates":[[-95.39497207,29.77306107],[-95.3941742,29.77305878]]},"properties":{"AADT_CUR":252,"RTE_NM":"1124857","RTE_PRFX":"CS","RTE_NBR":"1124857","SYSTEM":"Off"}},{"type":"Feature","geometry":{"type":"LineString","coordinates":[[-95.37575806,29.782383],[-95.37498029,29.78258565],[-95.37426516,29.78276168]]},"properties":{"AADT_CUR":252,"RTE_NM":"1129384","RTE_PRFX":"CS","RTE_NBR":"1129384","SYSTEM":"Off"}},{"type":"Feature","geometry":{"type":"LineString","coordinates":[[-95.3422244156288,29.8020636564472],[-95.3422082548174,29.8020601730844]]},"properties":{"AADT_CUR":3474,"RTE_NM":"256054","RTE_PRFX":"CS","RTE_NBR":"256054","SYSTEM":"Off"}},{"type":"Feature","geometry":{"type":"LineString","coordinates":[[-95.33207259,29.77344174],[-95.33125246,29.77345479],[-95.33039794,29.77345421]]},"properties":{"AADT_CUR":252,"RTE_NM":"1130423","RTE_PRFX":"CS","RTE_NBR":"1130423","SYSTEM":"Off"}},{"type":"Feature","geometry":{"type":"LineString","coordinates":[[-95.3580826,29.79477692],[-95.35708148,29.79481372],[-95.35609446,29.79484551],[-95.35513763,29.79486835],[-95.35417008,29.79487786],[-95.35319459,29.79490017],[-95.35274694,29.79491102],[-95.35221526,29.79492564],[-95.35123255,29.79494123],[-95.35077308,29.794945],[-95.35037564,29.79495906],[-95.35026093,29.79496841]]},"properties":{"AADT_CUR":252,"RTE_NM":"1119560","RTE_PRFX":"CS","RTE_NBR":"1119560","SYSTEM":"Off"}},{"type":"Feature","geometry":{"type":"LineString","coordinates":[[-95.3684027891844,29.7793093816617],[-95.3682886248184,29.7793155700501],[-95.3681868409058,29.7793210872567],[-95.36813661,29.7793238099975],[-95.36775084,29.7793931299975],[-95.36734973,29.7794976099975],[-95.3665486124959,29.7797885891725],[-95.3659041520547,29.7800226629723],[-95.3651616257712,29.7802923497139],[-95.3646836216499,29.7804659584932],[-95.36384386,29.7807709499976],[-95.3630626476565,29.7810607668792],[-95.3622706485065,29.7813545788222],[-95.3615083269876,29.7816373747648],[-95.3607449586533,29.7819205528104],[-95.3600133313505,29.7821919503933]]},"properties":{"AADT_CUR":5641,"RTE_NM":"256977","RTE_PRFX":"CS","RTE_NBR":"256977","SYSTEM":"Off"}},{"type":"Feature","geometry":{"type":"LineString","coordinates":[[-95.36283094,29.7742417899961],[-95.36287142,29.7742562999961],[-95.3628973,29.7742972499961],[-95.363191200001,29.7749193199983],[-95.36340624,29.7753666499961],[-95.36342669,29.7753967199961],[-95.3634767275721,29.7754220681916],[-95.3637607400005,29.7760044799974],[-95.364050300001,29.7765886599984],[-95.3643284800005,29.7771725499973],[-95.364609590001,29.7777540299984],[-95.3648820100006,29.7783402299972],[-95.365163390001,29.7789142699984],[-95.36541718,29.7794367899963],[-95.36546769,29.7794733099963],[-95.3655394700018,29.7794777599967],[-95.36559786,29.7794934199963],[-95.36564407,29.7795308099963],[-95.3659041520547,29.780022662971],[-95.36590133,29.7801018599962],[-95.3662951200005,29.7809286399973],[-95.36635509,29.7810503999964],[-95.36671712,29.7817969999964],[-95.36691634,29.7822400299964],[-95.36695569,29.7823003299963],[-95.36699973,29.7823344299964],[-95.36732356,29.7825422999964]]},"properties":{"AADT_CUR":252,"RTE_NM":"1123467","RTE_PRFX":"CS","RTE_NBR":"1123467","SYSTEM":"Off"}},{"type":"Feature","geometry":{"type":"LineString","coordinates":[[-95.3466729348067,29.7785362545595],[-95.347053936,29.7785730499988],[-95.347528501,29.7785719469987],[-95.3480777294664,29.778546019233],[-95.348440593,29.7785288879987]]},"properties":{"AADT_CUR":252,"RTE_NM":"1501615","RTE_PRFX":"CS","RTE_NBR":"1501615","SYSTEM":"Off"}},{"type":"Feature","geometry":{"type":"LineString","coordinates":[[-95.30919099,29.79557908],[-95.30920002,29.79705781],[-95.30921366,29.80042603],[-95.30919973,29.80315],[-95.30920038,29.8039985],[-95.3091998,29.80488507]]},"properties":{"AADT_CUR":624,"RTE_NM":"1125554","RTE_PRFX":"CS","RTE_NBR":"1125554","SYSTEM":"Off"}},{"type":"Feature","geometry":{"type":"LineString","coordinates":[[-95.3154012247018,29.7150853754069],[-95.3153844883575,29.7151264078673]]},"properties":{"AADT_CUR":28629,"RTE_NM":"UA0090-KG","RTE_PRFX":"UA","RTE_NBR":"90","SYSTEM":"On"}},{"type":"Feature","geometry":{"type":"LineString","coordinates":[[-95.430316178,29.770045315],[-95.430191593,29.770087717],[-95.430125878,29.770099359],[-95.430064188,29.770088881],[-95.429985062,29.770052794],[-95.429856316,29.769982947],[-95.429671243,29.769863043],[-95.429555908,29.769801345],[-95.429403021,29.769739646],[-95.429208561,29.769670963],[-95.429035558,29.769625563],[-95.428834392,29.769584819],[-95.428578242,29.76955688],[-95.42841865,29.769547567],[-95.428208095,29.769547567],[-95.428117086,29.769557549],[-95.427935851,29.769597624],[-95.427701157,29.769659322],[-95.426639299,29.769996518],[-95.42609683,29.7701563],[-95.42431995,29.7707119],[-95.4237922,29.77087849],[-95.42363148,29.77089637]]},"properties":{"AADT_CUR":3206,"RTE_NM":"255824","RTE_PRFX":"CS","RTE_NBR":"255824","SYSTEM":"Off"}},{"type":"Feature","geometry":{"type":"LineString","coordinates":[[-95.3286057,29.76791734],[-95.32725266,29.76792714],[-95.32707775,29.76794044],[-95.32654091,29.76796795],[-95.32579038,29.76797753],[-95.32483209,29.76799649]]},"properties":{"AADT_CUR":252,"RTE_NM":"1121848","RTE_PRFX":"CS","RTE_NBR":"1121848","SYSTEM":"Off"}},{"type":"Feature","geometry":{"type":"LineString","coordinates":[[-95.3366562572884,29.7279382497913],[-95.33704935,29.72818833],[-95.33755459,29.72851138],[-95.33947995,29.72974463],[-95.34030978,29.73028246],[-95.34050588,29.73041875],[-95.34122539,29.73095128],[-95.34225166,29.73176574],[-95.34485354,29.73382617],[-95.34537265,29.73423406],[-95.3457051,29.73447614],[-95.34602311,29.73470352],[-95.34626139,29.7348638],[-95.34691395,29.73528376],[-95.3472769839724,29.7355140238025]]},"properties":{"AADT_CUR":199536,"RTE_NM":"IH0045-UG","RTE_PRFX":"IH","RTE_NBR":"45","SYSTEM":"On"}},{"type":"Feature","geometry":{"type":"LineString","coordinates":[[-95.37799586,29.7970876799989],[-95.377174204306,29.7970931135242],[-95.37654034,29.7971016299989],[-95.376324,29.7971098299989],[-95.37549053,29.7971119399988],[-95.37466132,29.7971184099989],[-95.37460624,29.7971286999989],[-95.37381911,29.7971357399989],[-95.37374076,29.7971417899989],[-95.37297321,29.7971499399988],[-95.3721151875775,29.7971537376311]]},"properties":{"AADT_CUR":252,"RTE_NM":"1124628","RTE_PRFX":"CS","RTE_NBR":"1124628","SYSTEM":"Off"}},{"type":"Feature","geometry":{"type":"LineString","coordinates":[[-95.3549936561894,29.7261209517482],[-95.35498423,29.7261445699968],[-95.3549772259392,29.7261618336673]]},"properties":{"AADT_CUR":252,"RTE_NM":"1121824","RTE_PRFX":"CS","RTE_NBR":"1121824","SYSTEM":"Off"}},{"type":"Feature","geometry":{"type":"LineString","coordinates":[[-95.36126412,29.70658005],[-95.35813451,29.70564488],[-95.35803298,29.70559579],[-95.35747549,29.7054611],[-95.35685861,29.70534614],[-95.3563686,29.7052389],[-95.35444303,29.70466571],[-95.35421039,29.70460815],[-95.35388448,29.70456086],[-95.35362543,29.70455807],[-95.35331678,29.70457528],[-95.35301698,29.70461834],[-95.35267627,29.7047115],[-95.35237891,29.70482292],[-95.35067339,29.70561736],[-95.35046892,29.70572039],[-95.35025151,29.70582498],[-95.35012777,29.7059098],[-95.34995451,29.70603885],[-95.34915292,29.7067167],[-95.3490834,29.7067763],[-95.34898173,29.70683045],[-95.34887332,29.70685565],[-95.34875126,29.70686171],[-95.34863357,29.70684598],[-95.34850928,29.70681444],[-95.34749233,29.70649263],[-95.34596356,29.70603117]]},"properties":{"AADT_CUR":252,"RTE_NM":"1121525","RTE_PRFX":"CS","RTE_NBR":"1121525","SYSTEM":"Off"}},{"type":"Feature","geometry":{"type":"LineString","coordinates":[[-95.41135673,29.70739258],[-95.41100821,29.7076374],[-95.41081434,29.70772611],[-95.41063217,29.70776755],[-95.41043104,29.70777718],[-95.40954608,29.7077785],[-95.40680592,29.70780139],[-95.40664852,29.70779091],[-95.40648193,29.70775639],[-95.40632522,29.70768583],[-95.40621527,29.7076276]]},"properties":{"AADT_CUR":144,"RTE_NM":"1126296","RTE_PRFX":"CS","RTE_NBR":"1126296","SYSTEM":"Off"}},{"type":"Feature","geometry":{"type":"LineString","coordinates":[[-95.3779189437778,29.7252192909569],[-95.3767814315559,29.724532310938]]},"properties":{"AADT_CUR":1409,"RTE_NM":"1129054","RTE_PRFX":"CS","RTE_NBR":"1129054","SYSTEM":"Off"}},{"type":"Feature","geometry":{"type":"LineString","coordinates":[[-95.3820227453277,29.7388819094115],[-95.38206044,29.73875493],[-95.38223001,29.73837771],[-95.38242521,29.73806869],[-95.38261782,29.73778667],[-95.38283483,29.73753282],[-95.38371265,29.73644712],[-95.383987,29.7361101],[-95.38462397,29.73529715],[-95.38530141,29.734379],[-95.38595613,29.73351897],[-95.38613501,29.73328281],[-95.38629887,29.73306403],[-95.38646992,29.73287048],[-95.38668027,29.73268147],[-95.38689896,29.73250894],[-95.38718713,29.73233643],[-95.38749467,29.73219984],[-95.38778886,29.73209236],[-95.38798553,29.73202703],[-95.3882742240622,29.7319370203057]]},"properties":{"AADT_CUR":61540,"RTE_NM":"SS0527-LG","RTE_PRFX":"SS","RTE_NBR":"527","SYSTEM":"On"}},{"type":"Feature","geometry":{"type":"LineString","coordinates":[[-95.38595792,29.7467949],[-95.38596433,29.74660548],[-95.38596503,29.74636138],[-95.38593393,29.74242189]]},"properties":{"AADT_CUR":1755,"RTE_NM":"257201","RTE_PRFX":"CS","RTE_NBR":"257201","SYSTEM":"Off"}},{"type":"Feature","geometry":{"type":"LineString","coordinates":[[-95.37409042,29.7334949199968],[-95.37490145,29.7339587199968],[-95.37492369,29.7339740099968],[-95.37497181,29.7339606299968],[-95.3749962575609,29.7339531353675],[-95.37506282,29.7339327299968],[-95.37513378,29.7339650099968],[-95.3762444987801,29.734625181532],[-95.37710143,29.7351345599968],[-95.37796589,29.7356453999969],[-95.378814426416,29.7361432848661],[-95.37883141,29.7361532499968],[-95.3797060885923,29.73664027635],[-95.3805713550063,29.737161939049],[-95.38058593,29.7371707299968],[-95.3813964200026,29.7376600499968],[-95.38155237,29.7376573599969],[-95.3816661991764,29.7377687000167]]},"properties":{"AADT_CUR":252,"RTE_NM":"1131101","RTE_PRFX":"CS","RTE_NBR":"1131101","SYSTEM":"Off"}},{"type":"Feature","geometry":{"type":"LineString","coordinates":[[-95.37412173,29.7325135],[-95.37326562,29.73198843],[-95.37253271,29.73154406],[-95.37249298,29.73150718],[-95.37248173,29.73147106]]},"properties":{"AADT_CUR":252,"RTE_NM":"1125068","RTE_PRFX":"CS","RTE_NBR":"1125068","SYSTEM":"Off"}},{"type":"Feature","geometry":{"type":"LineString","coordinates":[[-95.4098243848201,29.7886621382302],[-95.40914606,29.7886671799988],[-95.40887304,29.7886769999988],[-95.40792484,29.7886922599988],[-95.40697403,29.7887080399988],[-95.40613352,29.7887267699988],[-95.40551445,29.7887273599988],[-95.40444172,29.7887437299988],[-95.4033445638187,29.7887497234184],[-95.40223042,29.7887830399988],[-95.40114636,29.7887947999988],[-95.4000346,29.7888141299988],[-95.3989513997979,29.7888153956922],[-95.39893052,29.7888154199988],[-95.39879015,29.7888271599988],[-95.39765398,29.7888536699988]]},"properties":{"AADT_CUR":741,"RTE_NM":"1131503","RTE_PRFX":"CS","RTE_NBR":"1131503","SYSTEM":"Off"}},{"type":"Feature","geometry":{"type":"LineString","coordinates":[[-95.4191201433839,29.7935409484421],[-95.41911253,29.7935451499989],[-95.4187902,29.7937016099988],[-95.41858685,29.7937350299989],[-95.4179836,29.7937398199989],[-95.41743654,29.7937391099988],[-95.41684651,29.7937243699988],[-95.41652908,29.7936889799988],[-95.41619896,29.7936380099989]]},"properties":{"AADT_CUR":252,"RTE_NM":"1124245","RTE_PRFX":"CS","RTE_NBR":"1124245","SYSTEM":"Off"}},{"type":"Feature","geometry":{"type":"LineString","coordinates":[[-95.42201278,29.79189792],[-95.42144238,29.79188654],[-95.42131876,29.79182941]]},"properties":{"AADT_CUR":252,"RTE_NM":"1132248","RTE_PRFX":"CS","RTE_NBR":"1132248","SYSTEM":"Off"}},{"type":"Feature","geometry":{"type":"LineString","coordinates":[[-95.42205271,29.78218862],[-95.4220098,29.78305369]]},"properties":{"AADT_CUR":252,"RTE_NM":"1121844","RTE_PRFX":"CS","RTE_NBR":"1121844","SYSTEM":"Off"}},{"type":"Feature","geometry":{"type":"LineString","coordinates":[[-95.42654977,29.7783904],[-95.42641895,29.77832297],[-95.42624659,29.77825548],[-95.42600735,29.77821393],[-95.42490294,29.77822468],[-95.42441702,29.77823023],[-95.42436749,29.77824157],[-95.42431846,29.77827046]]},"properties":{"AADT_CUR":252,"RTE_NM":"1121990","RTE_PRFX":"CS","RTE_NBR":"1121990","SYSTEM":"Off"}},{"type":"Feature","geometry":{"type":"LineString","coordinates":[[-95.3663217,29.76534347],[-95.36655562,29.76463288],[-95.36726068,29.76350302],[-95.36875849,29.76175162],[-95.37126476,29.75855921]]},"properties":{"AADT_CUR":1096,"RTE_NM":"255832","RTE_PRFX":"CS","RTE_NBR":"255832","SYSTEM":"Off"}},{"type":"Feature","geometry":{"type":"LineString","coordinates":[[-95.3165963,29.7774489799987],[-95.31660532,29.7783400499987],[-95.31662584,29.7792983599987],[-95.31663359,29.7796927999987],[-95.31664635,29.7802673999987],[-95.31665759,29.7812491899987],[-95.31667308,29.7821945799988],[-95.31667099,29.7831578399988],[-95.31669529,29.7841330299988],[-95.31671514,29.7851040899988],[-95.3167257574115,29.7860656294169]]},"properties":{"AADT_CUR":252,"RTE_NM":"1124402","RTE_PRFX":"CS","RTE_NBR":"1124402","SYSTEM":"Off"}},{"type":"Feature","geometry":{"type":"LineString","coordinates":[[-95.3287095302088,29.8155362223133],[-95.3287093279721,29.8154491109206]]},"properties":{"AADT_CUR":6906,"RTE_NM":"256493","RTE_PRFX":"CS","RTE_NBR":"256493","SYSTEM":"Off"}},{"type":"Feature","geometry":{"type":"LineString","coordinates":[[-95.3082246763246,29.7068790451819],[-95.3082113092135,29.7068704503572]]},"properties":{"AADT_CUR":252,"RTE_NM":"1121080","RTE_PRFX":"CS","RTE_NBR":"1121080","SYSTEM":"Off"}},{"type":"Feature","geometry":{"type":"LineString","coordinates":[[-95.3508558717574,29.8131756411026],[-95.35085269,29.81317581],[-95.35055809,29.8132056]]},"properties":{"AADT_CUR":2296,"RTE_NM":"IH0610-XG","RTE_PRFX":"IH","RTE_NBR":"610","SYSTEM":"On"}},{"type":"Feature","geometry":{"type":"LineString","coordinates":[[-95.38442918,29.7362450999985],[-95.38442838,29.7371181899985],[-95.38443552,29.7380048399984],[-95.3844410832485,29.7388622783426]]},"properties":{"AADT_CUR":252,"RTE_NM":"1121131","RTE_PRFX":"CS","RTE_NBR":"1121131","SYSTEM":"Off"}},{"type":"Feature","geometry":{"type":"LineString","coordinates":[[-95.36508299,29.7336167899984],[-95.36461946,29.7333392899984],[-95.3637577891846,29.7328408836433]]},"properties":{"AADT_CUR":252,"RTE_NM":"1130462","RTE_PRFX":"CS","RTE_NBR":"1130462","SYSTEM":"Off"}},{"type":"Feature","geometry":{"type":"LineString","coordinates":[[-95.36262685,29.73577143],[-95.36231494,29.73615938],[-95.36200347,29.73655103],[-95.36158548,29.73708327],[-95.36149959,29.73720415],[-95.36142474,29.73733583],[-95.36138478,29.73741843],[-95.36133495,29.73749488],[-95.36126622,29.73758257],[-95.36121716,29.73765188],[-95.36046717,29.73858842],[-95.35975207,29.73951228],[-95.3591615,29.74024418],[-95.35857512,29.74098956],[-95.3580321,29.74169645],[-95.35798531,29.74173663],[-95.35781387,29.74194794]]},"properties":{"AADT_CUR":176,"RTE_NM":"1130260","RTE_PRFX":"CS","RTE_NBR":"1130260","SYSTEM":"Off"}},{"type":"Feature","geometry":{"type":"LineString","coordinates":[[-95.35364886,29.74242921],[-95.35439224,29.74288671]]},"properties":{"AADT_CUR":115,"RTE_NM":"1127980","RTE_PRFX":"CS","RTE_NBR":"1127980","SYSTEM":"Off"}},{"type":"Feature","geometry":{"type":"LineString","coordinates":[[-95.3034502086307,29.7214242642419],[-95.30310668,29.721747839995],[-95.30282424,29.7220847799949],[-95.3025781299989,29.7224317999979],[-95.30239921,29.7229149299949],[-95.30230169,29.7233113999952],[-95.30225628,29.723876239995],[-95.302322000001,29.7243570599981],[-95.30250996,29.7249065699951],[-95.3027591,29.7253742999951],[-95.30307744,29.7257677399951]]},"properties":{"AADT_CUR":252,"RTE_NM":"1123174","RTE_PRFX":"CS","RTE_NBR":"1123174","SYSTEM":"Off"}},{"type":"Feature","geometry":{"type":"LineString","coordinates":[[-95.3558466018164,29.7604118528725],[-95.35582697,29.76039994],[-95.35497432,29.75987805],[-95.35326192,29.75883997],[-95.3517869374797,29.7579793346732]]},"properties":{"AADT_CUR":5996,"RTE_NM":"256312","RTE_PRFX":"CS","RTE_NBR":"256312","SYSTEM":"Off"}},{"type":"Feature","geometry":{"type":"LineString","coordinates":[[-95.3723740920804,29.7737220708921],[-95.37236835,29.77335937],[-95.37232523,29.76728607]]},"properties":{"AADT_CUR":13154,"RTE_NM":"256528","RTE_PRFX":"CS","RTE_NBR":"256528","SYSTEM":"Off"}},{"type":"Feature","geometry":{"type":"LineString","coordinates":[[-95.4015867792352,29.7600723982182],[-95.4015713459907,29.7600676191947]]},"properties":{"AADT_CUR":252,"RTE_NM":"1131379","RTE_PRFX":"CS","RTE_NBR":"1131379","SYSTEM":"Off"}},{"type":"Feature","geometry":{"type":"LineString","coordinates":[[-95.4020843634582,29.7343079576611],[-95.40208486,29.73430592],[-95.4020965,29.73418681],[-95.40211836,29.73390246],[-95.40213193,29.73361771],[-95.40213719,29.73333276],[-95.40213415,29.7330478],[-95.40212608,29.73282706],[-95.4021028009483,29.7312116612633]]},"properties":{"AADT_CUR":2774,"RTE_NM":"256207","RTE_PRFX":"CS","RTE_NBR":"256207","SYSTEM":"Off"}},{"type":"Feature","geometry":{"type":"LineString","coordinates":[[-95.4006749887437,29.7217288189784],[-95.4006817615051,29.7217420423501]]},"properties":{"AADT_CUR":1318,"RTE_NM":"1121589","RTE_PRFX":"CS","RTE_NBR":"1121589","SYSTEM":"Off"}},{"type":"Feature","geometry":{"type":"LineString","coordinates":[[-95.3782446951193,29.7242411867164],[-95.3771791776943,29.7236065811324]]},"properties":{"AADT_CUR":252,"RTE_NM":"1132029","RTE_PRFX":"CS","RTE_NBR":"1132029","SYSTEM":"Off"}},{"type":"Feature","geometry":{"type":"LineString","coordinates":[[-95.3893027338693,29.8145267884755],[-95.38932472,29.815259329999],[-95.38932025,29.815920019999],[-95.3893461900033,29.8164859901537]]},"properties":{"AADT_CUR":940,"RTE_NM":"1121987","RTE_PRFX":"CS","RTE_NBR":"1121987","SYSTEM":"Off"}},{"type":"Feature","geometry":{"type":"LineString","coordinates":[[-95.4331713542809,29.7518980887455],[-95.43316686,29.75189788],[-95.43239157,29.75187989],[-95.43172307,29.75177612],[-95.43109157,29.75161392],[-95.42986796,29.75118137],[-95.42935042,29.75102326],[-95.42867288,29.75086934],[-95.42810553,29.75079907],[-95.42753723,29.75074869],[-95.4269775,29.75075836],[-95.42653102,29.75077243],[-95.42590935,29.75089909],[-95.42516975,29.7510915],[-95.4242531,29.75140699],[-95.42365972,29.75164451],[-95.4232111,29.75171794],[-95.42281136,29.75172342],[-95.42217281,29.75171031],[-95.42156655,29.7517382],[-95.42091518,29.75175451],[-95.41999656,29.75187071],[-95.41929489,29.75198477],[-95.4183528396449,29.7521371097309]]},"properties":{"AADT_CUR":1951,"RTE_NM":"256546","RTE_PRFX":"CS","RTE_NBR":"256546","SYSTEM":"Off"}},{"type":"Feature","geometry":{"type":"LineString","coordinates":[[-95.3357376544323,29.7700176511408],[-95.3347905,29.7700002799987]]},"properties":{"AADT_CUR":252,"RTE_NM":"1121056","RTE_PRFX":"CS","RTE_NBR":"1121056","SYSTEM":"Off"}},{"type":"Feature","geometry":{"type":"LineString","coordinates":[[-95.33885089,29.7523777799985],[-95.33837306,29.7520986599986],[-95.3375253360947,29.7515892112593]]},"properties":{"AADT_CUR":252,"RTE_NM":"1126595","RTE_PRFX":"CS","RTE_NBR":"1126595","SYSTEM":"Off"}},{"type":"Feature","geometry":{"type":"LineString","coordinates":[[-95.3673241846133,29.7737496057192],[-95.36758226,29.77410167],[-95.36779415,29.77439425],[-95.36799977,29.77468979],[-95.36821468,29.77501827],[-95.36839609,29.7753048],[-95.36857421,29.77558881],[-95.36875482,29.77589552],[-95.36884547,29.77605655],[-95.3689107,29.77618295],[-95.36899103,29.77636093],[-95.36906473,29.77653597],[-95.36914506,29.77680682],[-95.36918597,29.77697448],[-95.36923129,29.77720479],[-95.36925856,29.77742294],[-95.3692674,29.77764073],[-95.36926077,29.77789425],[-95.36923608,29.77814778],[-95.36919371,29.77837515],[-95.36914101,29.77859219],[-95.36905183,29.77888257],[-95.36893723,29.77920869],[-95.36881931,29.77953444],[-95.36862403,29.78008081],[-95.368589,29.78020327],[-95.36856136,29.7803094],[-95.36853557,29.78042989],[-95.36851235,29.7805574],[-95.36849024,29.78068268],[-95.36846924,29.78082566],[-95.36845671,29.780948],[-95.36841502,29.7812387],[-95.36840696,29.78135847],[-95.36840754,29.78151796],[-95.36842078,29.78194346],[-95.36844093,29.78239487],[-95.36845245,29.7826056],[-95.3684703,29.78282785],[-95.3684893,29.78298562],[-95.36852212,29.7831906],[-95.36855724,29.7833593],[-95.36859409,29.783509],[-95.36864073,29.78368116],[-95.36874264,29.78397653],[-95.36887277,29.78429149],[-95.36894416,29.78443831],[-95.36902304,29.78458744],[-95.36912381,29.78476708],[-95.36919002,29.7848759],[-95.36947733,29.78530428],[-95.36993508,29.78598255],[-95.37023391,29.7864282],[-95.37041873,29.78669306],[-95.37056728,29.78691761],[-95.37082063,29.7872936],[-95.37112406,29.78774386],[-95.37126455,29.78798338],[-95.37134747,29.78813136],[-95.37143959,29.78831906],[-95.37151387,29.78849583],[-95.37158123,29.78867086],[-95.37163593,29.78884532],[-95.37168142,29.78903418],[-95.3717223,29.78924319],[-95.37175166,29.78946601],[-95.37176778,29.78965948],[-95.3717793,29.78987885],[-95.3717797961465,29.7898981177411]]},"properties":{"AADT_CUR":145775,"RTE_NM":"IH0045-UG","RTE_PRFX":"IH","RTE_NBR":"45","SYSTEM":"On"}},{"type":"Feature","geometry":{"type":"LineString","coordinates":[[-95.3509723522976,29.7585606172783],[-95.35265394,29.75961818],[-95.35437354,29.76064017],[-95.35523704,29.76117322],[-95.35587983,29.76156157],[-95.35953155,29.76375188],[-95.36051846,29.76435646],[-95.36126902,29.76480359]]},"properties":{"AADT_CUR":2053,"RTE_NM":"296168","RTE_PRFX":"CS","RTE_NBR":"296168","SYSTEM":"Off"}},{"type":"Feature","geometry":{"type":"LineString","coordinates":[[-95.3242237020709,29.7205498690199],[-95.32413453,29.7207438799983],[-95.32371382,29.7217171899984],[-95.32359129,29.7217973599983],[-95.3226812576757,29.7221536465444]]},"properties":{"AADT_CUR":252,"RTE_NM":"1122458","RTE_PRFX":"CS","RTE_NBR":"1122458","SYSTEM":"Off"}},{"type":"Feature","geometry":{"type":"LineString","coordinates":[[-95.39768641,29.82839872],[-95.39700363,29.82697993],[-95.39641419,29.82579156],[-95.39551571,29.82417492],[-95.39513981,29.82350661],[-95.39484652,29.82284496],[-95.39432454,29.82138792],[-95.39373956,29.81973104],[-95.39302391,29.81776197],[-95.39254417,29.81642808],[-95.39193809,29.81478376],[-95.3916548936217,29.8139500335202]]},"properties":{"AADT_CUR":8878,"RTE_NM":"256740","RTE_PRFX":"CS","RTE_NBR":"256740","SYSTEM":"Off"}},{"type":"Feature","geometry":{"type":"LineString","coordinates":[[-95.3910681605864,29.8040740884885],[-95.39108879,29.8050764299989],[-95.39109098,29.8053801399967],[-95.39108684,29.8054824199978],[-95.39110548,29.8060984199989],[-95.39111342,29.8072708199967],[-95.39121385,29.8073097399989],[-95.39123316,29.808142399999],[-95.39124867,29.8089739299989],[-95.39126432,29.809801539997]]},"properties":{"AADT_CUR":252,"RTE_NM":"1124031","RTE_PRFX":"CS","RTE_NBR":"1124031","SYSTEM":"Off"}},{"type":"Feature","geometry":{"type":"LineString","coordinates":[[-95.3244214306276,29.7505023142015],[-95.3244057023123,29.7504974502565]]},"properties":{"AADT_CUR":252,"RTE_NM":"1130472","RTE_PRFX":"CS","RTE_NBR":"1130472","SYSTEM":"Off"}},{"type":"Feature","geometry":{"type":"LineString","coordinates":[[-95.3436846387592,29.7441542330897],[-95.343505909543,29.7440479940475]]},"properties":{"AADT_CUR":1702,"RTE_NM":"256779","RTE_PRFX":"CS","RTE_NBR":"256779","SYSTEM":"Off"}},{"type":"Feature","geometry":{"type":"LineString","coordinates":[[-95.40764219,29.78502008],[-95.40769011,29.78684937],[-95.40769157,29.78729922],[-95.40770079,29.78737062],[-95.40775558,29.78741676],[-95.40784178,29.78745845],[-95.4079057,29.78754117],[-95.40791135,29.78760265],[-95.40792484,29.78869226],[-95.40796694,29.7905455],[-95.40800329,29.79238433]]},"properties":{"AADT_CUR":252,"RTE_NM":"1119590","RTE_PRFX":"CS","RTE_NBR":"1119590","SYSTEM":"Off"}},{"type":"Feature","geometry":{"type":"LineString","coordinates":[[-95.4184994255803,29.7214574601288],[-95.41672604,29.7214672799983],[-95.4149862966578,29.7214931143006]]},"properties":{"AADT_CUR":252,"RTE_NM":"1128461","RTE_PRFX":"CS","RTE_NBR":"1128461","SYSTEM":"Off"}},{"type":"Feature","geometry":{"type":"LineString","coordinates":[[-95.3797504527588,29.7198880128307],[-95.37973652,29.7198830099967],[-95.3785069520461,29.7195246475894],[-95.3781930732227,29.7194250442363],[-95.3781183519928,29.7194013049479],[-95.3779151683923,29.7193367522754],[-95.3778541286022,29.7193173594805],[-95.3778018807356,29.7193007599156],[-95.3777576032783,29.7192866925922],[-95.3775668007917,29.7192260728021],[-95.377439947219,29.7191857699981],[-95.377145534,29.7190922309966]]},"properties":{"AADT_CUR":7278,"RTE_NM":"255911","RTE_PRFX":"CS","RTE_NBR":"255911","SYSTEM":"Off"}},{"type":"Feature","geometry":{"type":"LineString","coordinates":[[-95.39431866,29.72534125],[-95.39406197,29.72535097],[-95.39369472,29.72534792]]},"properties":{"AADT_CUR":252,"RTE_NM":"1120726","RTE_PRFX":"CS","RTE_NBR":"1120726","SYSTEM":"Off"}},{"type":"Feature","geometry":{"type":"LineString","coordinates":[[-95.43818847,29.7832096099988],[-95.43777207,29.7829680499988],[-95.4368342358275,29.7823800362934]]},"properties":{"AADT_CUR":3647,"RTE_NM":"1127625","RTE_PRFX":"CS","RTE_NBR":"1127625","SYSTEM":"Off"}},{"type":"Feature","geometry":{"type":"LineString","coordinates":[[-95.4041371967842,29.8183216740652],[-95.4041364345943,29.8183361772017]]},"properties":{"AADT_CUR":252,"RTE_NM":"1119893","RTE_PRFX":"CS","RTE_NBR":"1119893","SYSTEM":"Off"}},{"type":"Feature","geometry":{"type":"LineString","coordinates":[[-95.3037480685147,29.7376236699451],[-95.30179749,29.7370000099984],[-95.29953395,29.7362824899984],[-95.29948407,29.7362014799984],[-95.299442,29.7361584299985],[-95.29807693,29.7357240199984],[-95.29784365,29.7357382999984],[-95.29740243,29.7358546199984]]},"properties":{"AADT_CUR":252,"RTE_NM":"1119986","RTE_PRFX":"CS","RTE_NBR":"1119986","SYSTEM":"Off"}},{"type":"Feature","geometry":{"type":"LineString","coordinates":[[-95.40863232,29.78436265],[-95.40685599,29.78439319]]},"properties":{"AADT_CUR":252,"RTE_NM":"1131537","RTE_PRFX":"CS","RTE_NBR":"1131537","SYSTEM":"Off"}},{"type":"Feature","geometry":{"type":"LineString","coordinates":[[-95.3590642,29.77272125],[-95.35950733,29.77363526],[-95.35995077,29.77456404],[-95.35997962,29.77462988],[-95.36038784,29.77548313],[-95.36081682,29.77638909],[-95.36137306,29.77755935],[-95.36194173,29.77874836],[-95.36249541,29.77988427]]},"properties":{"AADT_CUR":252,"RTE_NM":"1123640","RTE_PRFX":"CS","RTE_NBR":"1123640","SYSTEM":"Off"}},{"type":"Feature","geometry":{"type":"LineString","coordinates":[[-95.34846379,29.76318031],[-95.34828464,29.76311978],[-95.34748901,29.76264429]]},"properties":{"AADT_CUR":252,"RTE_NM":"1123365","RTE_PRFX":"CS","RTE_NBR":"1123365","SYSTEM":"Off"}},{"type":"Feature","geometry":{"type":"LineString","coordinates":[[-95.3731775949789,29.7680517655859],[-95.37317735,29.7680646399974],[-95.3731750676697,29.7680804061365]]},"properties":{"AADT_CUR":252,"RTE_NM":"1122474","RTE_PRFX":"CS","RTE_NBR":"1122474","SYSTEM":"Off"}},{"type":"Feature","geometry":{"type":"LineString","coordinates":[[-95.3775035686896,29.7788205640596],[-95.3774303,29.77883292],[-95.37723848,29.77886036],[-95.37703384,29.7788796],[-95.37687804,29.77889266],[-95.37668818,29.77890134],[-95.37643925,29.77890561],[-95.37623564,29.77890259],[-95.37604847,29.7788937],[-95.37579153,29.77887199],[-95.37554599,29.77884423],[-95.37533668,29.7788125],[-95.37512487,29.77877656],[-95.37486328,29.7787253],[-95.37462776,29.77867411],[-95.37445181,29.77863213],[-95.37426218,29.77857385],[-95.374077,29.77851209],[-95.37385691,29.77842507],[-95.3736951,29.77835713],[-95.37337454,29.77822232],[-95.3724450685555,29.7778077852944]]},"properties":{"AADT_CUR":230774,"RTE_NM":"IH0010-RG","RTE_PRFX":"IH","RTE_NBR":"10","SYSTEM":"On"}},{"type":"Feature","geometry":{"type":"LineString","coordinates":[[-95.4187510746211,29.750188819419],[-95.4187345224107,29.7501873761317]]},"properties":{"AADT_CUR":375,"RTE_NM":"1128023","RTE_PRFX":"CS","RTE_NBR":"1128023","SYSTEM":"Off"}},{"type":"Feature","geometry":{"type":"LineString","coordinates":[[-95.3124916696995,29.7874087725819],[-95.31213852,29.7874163999988],[-95.31108802,29.7874390799988],[-95.30834211,29.7874810699988],[-95.3073610199901,29.7874894970467],[-95.3011581406374,29.7875425938971]]},"properties":{"AADT_CUR":1480,"RTE_NM":"114297","RTE_PRFX":"CS","RTE_NBR":"114297","SYSTEM":"Off"}},{"type":"Feature","geometry":{"type":"LineString","coordinates":[[-95.34539689,29.81323324],[-95.34533381,29.81337927],[-95.34534747,29.8141508],[-95.34535351,29.8147888],[-95.34537511,29.81589208],[-95.34537299,29.81597198],[-95.34538127,29.8169013],[-95.34539553,29.81786049],[-95.34540988,29.8190707]]},"properties":{"AADT_CUR":252,"RTE_NM":"1130975","RTE_PRFX":"CS","RTE_NBR":"1130975","SYSTEM":"Off"}},{"type":"Feature","geometry":{"type":"LineString","coordinates":[[-95.4300432600075,29.8016046305275],[-95.4300266299919,29.8016047201818],[-95.4287006220502,29.8016118606242],[-95.42590862,29.8016268499989],[-95.42559738,29.8016646899989],[-95.42530958,29.8018015099989]]},"properties":{"AADT_CUR":9460,"RTE_NM":"255707","RTE_PRFX":"CS","RTE_NBR":"255707","SYSTEM":"Off"}},{"type":"Feature","geometry":{"type":"LineString","coordinates":[[-95.3342162310661,29.8002212323749],[-95.33345381,29.80019317],[-95.33281122,29.80014558],[-95.33191863,29.80016059],[-95.33081943,29.8001919],[-95.32991198,29.80023028],[-95.3282628035868,29.8002872171717]]},"properties":{"AADT_CUR":7093,"RTE_NM":"256054","RTE_PRFX":"CS","RTE_NBR":"256054","SYSTEM":"Off"}},{"type":"Feature","geometry":{"type":"LineString","coordinates":[[-95.3390332573954,29.8031079830701],[-95.33865911,29.8031344699989],[-95.33630788,29.8031794599989],[-95.3334991,29.8032303499989]]},"properties":{"AADT_CUR":252,"RTE_NM":"1131469","RTE_PRFX":"CS","RTE_NBR":"1131469","SYSTEM":"Off"}},{"type":"Feature","geometry":{"type":"LineString","coordinates":[[-95.371436868514,29.7327974395657],[-95.37142298,29.7327890999984],[-95.3714002620635,29.7327753228148],[-95.3713145681284,29.7327233540675],[-95.3712324801528,29.7326735720341],[-95.3710741287753,29.7325775399711],[-95.370541092331,29.7322542776185],[-95.3696873058456,29.7317364858408],[-95.3688400531137,29.7312226454584],[-95.3679952471377,29.7307102779708]]},"properties":{"AADT_CUR":5769,"RTE_NM":"255779","RTE_PRFX":"CS","RTE_NBR":"255779","SYSTEM":"Off"}},{"type":"Feature","geometry":{"type":"LineString","coordinates":[[-95.35933102,29.73159932],[-95.35816593,29.73124301],[-95.35771917,29.73110504],[-95.35757103,29.73106469],[-95.35679194,29.73082017],[-95.35547634,29.73042407],[-95.35420493,29.73002603],[-95.35306103,29.72967585],[-95.35172303,29.72927106]]},"properties":{"AADT_CUR":382,"RTE_NM":"1120480","RTE_PRFX":"CS","RTE_NBR":"1120480","SYSTEM":"Off"}},{"type":"Feature","geometry":{"type":"LineString","coordinates":[[-95.3554558535352,29.712309644418],[-95.3531274,29.7115929199983]]},"properties":{"AADT_CUR":252,"RTE_NM":"1123830","RTE_PRFX":"CS","RTE_NBR":"1123830","SYSTEM":"Off"}},{"type":"Feature","geometry":{"type":"LineString","coordinates":[[-95.41397034,29.81854002],[-95.41321485,29.81853086],[-95.412834,29.81855051]]},"properties":{"AADT_CUR":252,"RTE_NM":"1123759","RTE_PRFX":"CS","RTE_NBR":"1123759","SYSTEM":"Off"}},{"type":"Feature","geometry":{"type":"LineString","coordinates":[[-95.39660965,29.81803977],[-95.39610378,29.81804319],[-95.39571669,29.81805496],[-95.39468241,29.81805668],[-95.39357721,29.81805631],[-95.39313513,29.81807422],[-95.39248024,29.81807775],[-95.39062619,29.81809738],[-95.38973799,29.81810232],[-95.3889187,29.81811074],[-95.38807217,29.81811081],[-95.38744257,29.81811635],[-95.38732001,29.8181308],[-95.38655671,29.81813995],[-95.38580888,29.81815059],[-95.38503945,29.81815415],[-95.38430148,29.81815747],[-95.38426783,29.81828295]]},"properties":{"AADT_CUR":850,"RTE_NM":"1122724","RTE_PRFX":"CS","RTE_NBR":"1122724","SYSTEM":"Off"}},{"type":"Feature","geometry":{"type":"LineString","coordinates":[[-95.3730493420712,29.8186054271605],[-95.37304679,29.819289579999]]},"properties":{"AADT_CUR":252,"RTE_NM":"1119673","RTE_PRFX":"CS","RTE_NBR":"1119673","SYSTEM":"Off"}},{"type":"Feature","geometry":{"type":"LineString","coordinates":[[-95.3940042057775,29.7691975949657],[-95.3939996,29.7699665499987],[-95.39400614,29.7700553399987],[-95.39400597,29.7709876399987]]},"properties":{"AADT_CUR":252,"RTE_NM":"1125700","RTE_PRFX":"CS","RTE_NBR":"1125700","SYSTEM":"Off"}},{"type":"Feature","geometry":{"type":"LineString","coordinates":[[-95.4021360313817,29.7343056054576],[-95.4021027607834,29.7343058099679]]},"properties":{"AADT_CUR":18160,"RTE_NM":"257017","RTE_PRFX":"CS","RTE_NBR":"257017","SYSTEM":"Off"}},{"type":"Feature","geometry":{"type":"LineString","coordinates":[[-95.39465103,29.73266021],[-95.39458547,29.7326794],[-95.3936653,29.73268836]]},"properties":{"AADT_CUR":252,"RTE_NM":"1126888","RTE_PRFX":"CS","RTE_NBR":"1126888","SYSTEM":"Off"}},{"type":"Feature","geometry":{"type":"LineString","coordinates":[[-95.38207297,29.73983673],[-95.38204604,29.73988126],[-95.3820335,29.73994227],[-95.38202911,29.74003367],[-95.38202344,29.74069151],[-95.38203006,29.74158415],[-95.38206406,29.74218902]]},"properties":{"AADT_CUR":252,"RTE_NM":"1121110","RTE_PRFX":"CS","RTE_NBR":"1121110","SYSTEM":"Off"}},{"type":"Feature","geometry":{"type":"LineString","coordinates":[[-95.3746479751758,29.7446826959439],[-95.3737687523533,29.7441464536431],[-95.37299896,29.7436923399985],[-95.3729755,29.7436207099985],[-95.3729886808688,29.7435280406949],[-95.37299119,29.7435103999985],[-95.37301772,29.7434266399985],[-95.37300364,29.7433544899985],[-95.3722328635181,29.7428932417924],[-95.37143803,29.7424155399985],[-95.37135899,29.7424444999985],[-95.37127615,29.7425051999985],[-95.3712278576245,29.742538512554],[-95.37120471,29.7425544799985],[-95.37114525,29.7425681899985],[-95.3703426,29.7420769299985],[-95.3703204924396,29.7420639053268],[-95.36950267,29.7415820799985],[-95.36947741,29.7415634299985],[-95.36862573,29.7410559499985],[-95.36777242,29.7405384799985],[-95.36694058,29.7400376399985]]},"properties":{"AADT_CUR":252,"RTE_NM":"1122448","RTE_PRFX":"CS","RTE_NBR":"1122448","SYSTEM":"Off"}},{"type":"Feature","geometry":{"type":"LineString","coordinates":[[-95.3688077581865,29.7371671519029],[-95.3691267666761,29.7368432889693],[-95.369318827,29.7366480229984],[-95.36999616,29.7359951099984],[-95.37054211,29.7354712599984],[-95.37070981,29.7352960599984],[-95.370812269225,29.7351935620178],[-95.37084185,29.7351639699985],[-95.3709988889432,29.7349732356808],[-95.3710018,29.7349696999985],[-95.37116352,29.7347598199984],[-95.37128372,29.7345654199984],[-95.37137082,29.7344010499984],[-95.37144065,29.7342455499984],[-95.37150758,29.7340759199984],[-95.3715249059073,29.7340160233766],[-95.37156289,29.7338847099984],[-95.37161976,29.7336617499984],[-95.3716261220046,29.7336309919518],[-95.3716858396429,29.7333422772905],[-95.3716875,29.7333342499984],[-95.3717010458325,29.7332622409941],[-95.37174162,29.7330465499984],[-95.3717540201929,29.7329878772672],[-95.3717969224231,29.7327848805979],[-95.37179844,29.7327776999984],[-95.3718341,29.7326186899984],[-95.37190124,29.7323688899984],[-95.37196534,29.7321451399984],[-95.37204285,29.7319133299984],[-95.37215015,29.7315714199984],[-95.372258782,29.7312437889984],[-95.372341683,29.7309552249984],[-95.37239508,29.7306130899984]]},"properties":{"AADT_CUR":38473,"RTE_NM":"1638403206","RTE_PRFX":"IH","RTE_NBR":"69","SYSTEM":"On"}},{"type":"Feature","geometry":{"type":"LineString","coordinates":[[-95.33132256,29.79907428],[-95.33055895,29.79908111]]},"properties":{"AADT_CUR":252,"RTE_NM":"1123490","RTE_PRFX":"CS","RTE_NBR":"1123490","SYSTEM":"Off"}},{"type":"Feature","geometry":{"type":"LineString","coordinates":[[-95.3254423,29.7716318499987],[-95.32545606,29.7721395599987],[-95.3254531722905,29.7727011708021]]},"properties":{"AADT_CUR":252,"RTE_NM":"1131213","RTE_PRFX":"CS","RTE_NBR":"1131213","SYSTEM":"Off"}},{"type":"Feature","geometry":{"type":"LineString","coordinates":[[-95.3216166581943,29.7106284177276],[-95.32133932,29.7112919599983]]},"properties":{"AADT_CUR":252,"RTE_NM":"1128702","RTE_PRFX":"CS","RTE_NBR":"1128702","SYSTEM":"Off"}},{"type":"Feature","geometry":{"type":"LineString","coordinates":[[-95.37132499,29.80148124],[-95.37132472,29.8018982],[-95.37133578,29.80300748],[-95.37134581,29.8038386]]},"properties":{"AADT_CUR":252,"RTE_NM":"1120941","RTE_PRFX":"CS","RTE_NBR":"1120941","SYSTEM":"Off"}},{"type":"Feature","geometry":{"type":"LineString","coordinates":[[-95.4185930828349,29.7278692382396],[-95.41681395,29.7278747499968],[-95.41536086,29.7278803199968],[-95.4153025,29.7278821499968],[-95.41499131,29.7278907799968],[-95.41488672,29.7278811899968],[-95.41475013,29.7278984299968],[-95.4144128,29.7279409399968],[-95.41396911,29.7279644899968],[-95.41359479,29.7279045399968],[-95.41324712,29.7278211399968],[-95.4128156777873,29.727792565469],[-95.41279793,29.7277913899968],[-95.41128755,29.7278265899968],[-95.41055247,29.7278398999968],[-95.4105464346843,29.7278399367673],[-95.40906727,29.7278489399968],[-95.40878982,29.7278040099968],[-95.40860236,29.7277841199968],[-95.40841753,29.7277812899968],[-95.4069463329815,29.727803689644],[-95.4067961,29.7277744199968],[-95.40440714,29.7278144699968],[-95.4043891133494,29.7278146176998],[-95.4020896183443,29.7278334377959],[-95.3994547472333,29.7278746833328],[-95.39815091,29.7279014999968],[-95.39803948,29.7279830999968],[-95.39555215,29.7280027999968],[-95.39511933,29.7280073899968]]},"properties":{"AADT_CUR":762,"RTE_NM":"1127452","RTE_PRFX":"CS","RTE_NBR":"1127452","SYSTEM":"Off"}},{"type":"Feature","geometry":{"type":"LineString","coordinates":[[-95.34661279,29.7695081],[-95.34575726,29.76926995],[-95.34570178,29.76924382],[-95.34567219,29.76920364],[-95.34566303,29.76914205]]},"properties":{"AADT_CUR":252,"RTE_NM":"1129088","RTE_PRFX":"CS","RTE_NBR":"1129088","SYSTEM":"Off"}},{"type":"Feature","geometry":{"type":"LineString","coordinates":[[-95.33662221,29.77891881],[-95.33686253,29.77883365],[-95.33714698,29.77875949],[-95.33737434,29.77873678],[-95.33745506,29.77879683],[-95.33748205,29.77892291],[-95.33746792,29.7798343],[-95.33747391,29.78026408],[-95.33747512,29.78082755],[-95.33748932,29.78181624],[-95.33750725,29.78281055],[-95.33752314,29.78380815],[-95.33751613,29.78458281],[-95.33748363,29.78462566],[-95.33745167,29.78465309],[-95.33738758,29.78467192],[-95.33734251,29.78469513],[-95.33731888,29.78473694],[-95.33733272,29.78524504],[-95.3373291,29.785884],[-95.33733803,29.78651563],[-95.33734027,29.78713789],[-95.33735545,29.78779115],[-95.33736438,29.78842279],[-95.33737606,29.78882164],[-95.33738726,29.78937776],[-95.33739546,29.78993845],[-95.3373975,29.79001836],[-95.33739702,29.79048418],[-95.33740137,29.79107879]]},"properties":{"AADT_CUR":252,"RTE_NM":"1120845","RTE_PRFX":"CS","RTE_NBR":"1120845","SYSTEM":"Off"}},{"type":"Feature","geometry":{"type":"LineString","coordinates":[[-95.3751254224922,29.7009437637689],[-95.37454074,29.70096877],[-95.37425406,29.70098853],[-95.37394723,29.70105479],[-95.37325059,29.7013348],[-95.37295743,29.70140156],[-95.37248679,29.70149786],[-95.37172877,29.70158403],[-95.36737182,29.7018316],[-95.36601149,29.70190149],[-95.36440313,29.70199819],[-95.36172291,29.70215136],[-95.3593972453055,29.7022935381801]]},"properties":{"AADT_CUR":22908,"RTE_NM":"UA0090-KG","RTE_PRFX":"UA","RTE_NBR":"90","SYSTEM":"On"}},{"type":"Feature","geometry":{"type":"LineString","coordinates":[[-95.35538956,29.6933347199981],[-95.35492838,29.6944640799982],[-95.35445449,29.6956357599982],[-95.35397833,29.6968052599982],[-95.35353364,29.6978856099982],[-95.35349556,29.6979909899982],[-95.35302487,29.6991662599982],[-95.35256693,29.7003143899982],[-95.35209064,29.7014872199982],[-95.3516093740383,29.7026818896501]]},"properties":{"AADT_CUR":252,"RTE_NM":"1129928","RTE_PRFX":"CS","RTE_NBR":"1129928","SYSTEM":"Off"}},{"type":"Feature","geometry":{"type":"LineString","coordinates":[[-95.3421897162918,29.8021264291625],[-95.3421894138052,29.8020683530545]]},"properties":{"AADT_CUR":5758,"RTE_NM":"256558","RTE_PRFX":"CS","RTE_NBR":"256558","SYSTEM":"Off"}},{"type":"Feature","geometry":{"type":"LineString","coordinates":[[-95.33039682,29.75221655],[-95.3300637,29.75265702],[-95.32955608,29.75330526],[-95.32908117,29.75384136]]},"properties":{"AADT_CUR":252,"RTE_NM":"1127167","RTE_PRFX":"CS","RTE_NBR":"1127167","SYSTEM":"Off"}},{"type":"Feature","geometry":{"type":"LineString","coordinates":[[-95.42109475,29.7979905599989],[-95.4211230861727,29.7983079118049],[-95.42112539,29.7986489799989]]},"properties":{"AADT_CUR":252,"RTE_NM":"1129619","RTE_PRFX":"CS","RTE_NBR":"1129619","SYSTEM":"Off"}},{"type":"Feature","geometry":{"type":"LineString","coordinates":[[-95.3140747,29.7027505],[-95.31380264,29.70246801],[-95.31338001,29.70216352],[-95.31289935,29.70199314]]},"properties":{"AADT_CUR":252,"RTE_NM":"1121169","RTE_PRFX":"CS","RTE_NBR":"1121169","SYSTEM":"Off"}},{"type":"Feature","geometry":{"type":"LineString","coordinates":[[-95.4224342181661,29.7180941263773],[-95.4224175768837,29.7180942510466]]},"properties":{"AADT_CUR":252,"RTE_NM":"1252500","RTE_PRFX":"CS","RTE_NBR":"1252500","SYSTEM":"Off"}},{"type":"Feature","geometry":{"type":"LineString","coordinates":[[-95.40747781,29.70852909],[-95.40749076,29.70935353],[-95.4074942,29.71024249],[-95.40749592,29.71052987],[-95.40747888,29.71082874],[-95.40745852,29.71101461],[-95.40743731,29.71112808],[-95.40742426,29.71117347],[-95.40738383,29.71132135],[-95.40732288,29.71152016],[-95.407183,29.71185813],[-95.40687666,29.71259095],[-95.40654651,29.71337177],[-95.40625842,29.71408737]]},"properties":{"AADT_CUR":252,"RTE_NM":"1130394","RTE_PRFX":"CS","RTE_NBR":"1130394","SYSTEM":"Off"}},{"type":"Feature","geometry":{"type":"LineString","coordinates":[[-95.3835217681803,29.7344477288625],[-95.38351934,29.7344528999984],[-95.38343386,29.7345843899985],[-95.38342319,29.7348481599984],[-95.38342801,29.7353968999984]]},"properties":{"AADT_CUR":252,"RTE_NM":"1120799","RTE_PRFX":"CS","RTE_NBR":"1120799","SYSTEM":"Off"}},{"type":"Feature","geometry":{"type":"LineString","coordinates":[[-95.350399125,29.727964448],[-95.350226452,29.728398298],[-95.350148698,29.728631999],[-95.350105783,29.728708862],[-95.349917979,29.728907685]]},"properties":{"AADT_CUR":252,"RTE_NM":"1501582","RTE_PRFX":"CS","RTE_NBR":"1501582","SYSTEM":"Off"}},{"type":"Feature","geometry":{"type":"LineString","coordinates":[[-95.36886028,29.71362115],[-95.36727508,29.71265943],[-95.36624839,29.71204902],[-95.36609997,29.71196431],[-95.36598183,29.71191303],[-95.36584792,29.71186305],[-95.36572947,29.71182034],[-95.36562411,29.71179688],[-95.36542763,29.71173661],[-95.36518212,29.71167893],[-95.36499372,29.71166132],[-95.36485017,29.71166085],[-95.36461036,29.71167425],[-95.36422687,29.7117374],[-95.36369836,29.7118518],[-95.36344493,29.71191168],[-95.3632587,29.7119257],[-95.36237171,29.71187159],[-95.36221454,29.71186315],[-95.36210311,29.71191011],[-95.36203832,29.71198749],[-95.36192543,29.71220936]]},"properties":{"AADT_CUR":240,"RTE_NM":"1120518","RTE_PRFX":"CS","RTE_NBR":"1120518","SYSTEM":"Off"}},{"type":"Feature","geometry":{"type":"LineString","coordinates":[[-95.3641253911904,29.7039385256747],[-95.3622208,29.7033334399982]]},"properties":{"AADT_CUR":252,"RTE_NM":"1126752","RTE_PRFX":"CS","RTE_NBR":"1126752","SYSTEM":"Off"}},{"type":"Feature","geometry":{"type":"LineString","coordinates":[[-95.38909373,29.75825156],[-95.38580907,29.75830931]]},"properties":{"AADT_CUR":252,"RTE_NM":"1131603","RTE_PRFX":"CS","RTE_NBR":"1131603","SYSTEM":"Off"}},{"type":"Feature","geometry":{"type":"LineString","coordinates":[[-95.39814631,29.76965961],[-95.39814305,29.76944319],[-95.39813962,29.76864624],[-95.3981369,29.76801258],[-95.39813604,29.76781348],[-95.39812298,29.76765324],[-95.39810246,29.76729906],[-95.39809025,29.76694457],[-95.39808636,29.76658996],[-95.39809079,29.76623534],[-95.39809612,29.76605812],[-95.39810302,29.76597988],[-95.39812278,29.76582724],[-95.39815078,29.7656756],[-95.39818695,29.76552527],[-95.39823122,29.7653766],[-95.3982321439156,29.7653740073132]]},"properties":{"AADT_CUR":9717,"RTE_NM":"257282","RTE_PRFX":"CS","RTE_NBR":"257282","SYSTEM":"Off"}},{"type":"Feature","geometry":{"type":"LineString","coordinates":[[-95.3918424729632,29.7689531562319],[-95.3918313921789,29.7689519236449],[-95.39162846,29.7689293499987],[-95.3908488194296,29.7688668584772],[-95.38923926,29.7687378299987],[-95.3880125930107,29.7686848154557],[-95.3875961582551,29.7686668151104]]},"properties":{"AADT_CUR":20032,"RTE_NM":"257274","RTE_PRFX":"CS","RTE_NBR":"257274","SYSTEM":"Off"}},{"type":"Feature","geometry":{"type":"LineString","coordinates":[[-95.38199896,29.78219926],[-95.38070238,29.78219996],[-95.37935276,29.78221249],[-95.3792636,29.78222567],[-95.37838027,29.78222687]]},"properties":{"AADT_CUR":252,"RTE_NM":"1131846","RTE_PRFX":"CS","RTE_NBR":"1131846","SYSTEM":"Off"}},{"type":"Feature","geometry":{"type":"LineString","coordinates":[[-95.3795168082924,29.7804613632089],[-95.37952011,29.7804655899988],[-95.37980481,29.7808325399987],[-95.38022283,29.7813554599988]]},"properties":{"AADT_CUR":252,"RTE_NM":"1124159","RTE_PRFX":"CS","RTE_NBR":"1124159","SYSTEM":"Off"}},{"type":"Feature","geometry":{"type":"LineString","coordinates":[[-95.40872343,29.74274685],[-95.40873352,29.74328467],[-95.40874499,29.74340131],[-95.40876667,29.74357262],[-95.40878137,29.74374526],[-95.4087968,29.74468392],[-95.40882368,29.74670335],[-95.40882302,29.74691464],[-95.4088392,29.74814405],[-95.40885965,29.74912618],[-95.40884918,29.74920314],[-95.40888475,29.75071459]]},"properties":{"AADT_CUR":252,"RTE_NM":"1121040","RTE_PRFX":"CS","RTE_NBR":"1121040","SYSTEM":"Off"}},{"type":"Feature","geometry":{"type":"LineString","coordinates":[[-95.3628197386846,29.793062946196],[-95.36215492,29.7926038599988],[-95.36174676,29.7923121999988],[-95.36150551,29.7919858899988],[-95.36104637,29.7912208899988],[-95.3609056699927,29.7909716414129]]},"properties":{"AADT_CUR":4326,"RTE_NM":"256325","RTE_PRFX":"CS","RTE_NBR":"256325","SYSTEM":"Off"}},{"type":"Feature","geometry":{"type":"LineString","coordinates":[[-95.3440891437876,29.7725279597493],[-95.3440904498394,29.772542474795]]},"properties":{"AADT_CUR":252,"RTE_NM":"1127604","RTE_PRFX":"CS","RTE_NBR":"1127604","SYSTEM":"Off"}},{"type":"Feature","geometry":{"type":"LineString","coordinates":[[-95.3735531,29.77077881],[-95.37356434,29.77150384],[-95.37357514,29.77221917],[-95.37357049,29.77228833],[-95.37357801,29.77298573],[-95.3736019,29.77372643],[-95.37362021,29.77446698],[-95.3736284,29.77517804],[-95.37362674,29.77592749],[-95.37364456,29.77641979]]},"properties":{"AADT_CUR":59,"RTE_NM":"1125201","RTE_PRFX":"CS","RTE_NBR":"1125201","SYSTEM":"Off"}},{"type":"Feature","geometry":{"type":"LineString","coordinates":[[-95.3737594160435,29.7674111577674],[-95.3737577772061,29.7674254796867]]},"properties":{"AADT_CUR":252,"RTE_NM":"1119857","RTE_PRFX":"CS","RTE_NBR":"1119857","SYSTEM":"Off"}},{"type":"Feature","geometry":{"type":"LineString","coordinates":[[-95.38479005,29.7543777099986],[-95.38397956,29.7544427299986],[-95.38392269,29.7544806499986],[-95.38386633,29.7544971799986],[-95.38307212,29.7545121799985],[-95.38300167,29.7545037199985],[-95.38219562,29.7545078299986],[-95.3812948,29.7545186299986],[-95.38041536,29.7545133299986],[-95.3795364,29.7545305299986],[-95.37947915,29.7545381099986],[-95.3786682,29.7545420899986],[-95.37778511,29.7545465299986],[-95.37690659,29.7545487099986],[-95.3760098,29.7545504499986],[-95.375075311558,29.7545453478138]]},"properties":{"AADT_CUR":252,"RTE_NM":"1121771","RTE_PRFX":"CS","RTE_NBR":"1121771","SYSTEM":"Off"}},{"type":"Feature","geometry":{"type":"LineString","coordinates":[[-95.3803983,29.7520503799986],[-95.38040545,29.7526784399986],[-95.380412672374,29.7530550123395],[-95.3804167699829,29.7532686699985],[-95.38041568,29.7539048199986]]},"properties":{"AADT_CUR":252,"RTE_NM":"1126549","RTE_PRFX":"CS","RTE_NBR":"1126549","SYSTEM":"Off"}},{"type":"Feature","geometry":{"type":"LineString","coordinates":[[-95.4299655373853,29.738339651635],[-95.42995468,29.73833978],[-95.424899723772,29.7383956533817]]},"properties":{"AADT_CUR":12181,"RTE_NM":"255774","RTE_PRFX":"CS","RTE_NBR":"255774","SYSTEM":"Off"}},{"type":"Feature","geometry":{"type":"LineString","coordinates":[[-95.31740414,29.77219811],[-95.31522662,29.77217739],[-95.31356758,29.77218696]]},"properties":{"AADT_CUR":252,"RTE_NM":"1129468","RTE_PRFX":"CS","RTE_NBR":"1129468","SYSTEM":"Off"}},{"type":"Feature","geometry":{"type":"LineString","coordinates":[[-95.31129011,29.7394756499984],[-95.31110395,29.7399260999985],[-95.31097255,29.7402370599985],[-95.31079545,29.7406660699984],[-95.31051066,29.7413476599985],[-95.3103461,29.7417734099985],[-95.31024841,29.7420335599985],[-95.3099702726428,29.7427453223277]]},"properties":{"AADT_CUR":252,"RTE_NM":"1119452","RTE_PRFX":"CS","RTE_NBR":"1119452","SYSTEM":"Off"}},{"type":"Feature","geometry":{"type":"LineString","coordinates":[[-95.353660162,29.828703692],[-95.353660897,29.828550372],[-95.353662238,29.828452643],[-95.35364161,29.828307811],[-95.35348253,29.827680119],[-95.353411451,29.827393911],[-95.35336183,29.827183327],[-95.353309527,29.826795898],[-95.35331355,29.826588802],[-95.353336349,29.82640963],[-95.353381947,29.826172284],[-95.353449002,29.825958207],[-95.353533492,29.825760418],[-95.353728334,29.825424687],[-95.353817235,29.825312033],[-95.353912171,29.825205777],[-95.354199517,29.824907187],[-95.354513014,29.824585326],[-95.355142718,29.823941224],[-95.355254098,29.82380094],[-95.355354079,29.823658329],[-95.355421633,29.823547762],[-95.355479799,29.823436032],[-95.355531876,29.823319469],[-95.355549868,29.82327166],[-95.355671367,29.823010058],[-95.355720391,29.822908113],[-95.355780172,29.822748445],[-95.355829225,29.822407853],[-95.355845477,29.822259311],[-95.355855694,29.822113097],[-95.35585795,29.822018291],[-95.355862217,29.821925813],[-95.35585734,29.82174202],[-95.35583631,29.82141219],[-95.35579383,29.82110393],[-95.35571922,29.82075473],[-95.35561118,29.82038692],[-95.35551821,29.82013761],[-95.35537705,29.81982601],[-95.35514734,29.81941192],[-95.35483676,29.81896155],[-95.35406368,29.81799262],[-95.35240628,29.81591523],[-95.35217298,29.81562281]]},"properties":{"AADT_CUR":74081,"RTE_NM":"SS0548-LG","RTE_PRFX":"SS","RTE_NBR":"548","SYSTEM":"On"}},{"type":"Feature","geometry":{"type":"LineString","coordinates":[[-95.3335526727946,29.7306851711883],[-95.3314963200368,29.7300660384322]]},"properties":{"AADT_CUR":252,"RTE_NM":"1122501","RTE_PRFX":"CS","RTE_NBR":"1122501","SYSTEM":"Off"}},{"type":"Feature","geometry":{"type":"LineString","coordinates":[[-95.372465336268,29.7781295187173],[-95.3722386,29.77804841],[-95.37131651,29.77769387],[-95.37063483,29.77738955],[-95.37018748,29.77714458],[-95.3697547624287,29.7768743186136]]},"properties":{"AADT_CUR":205252,"RTE_NM":"IH0010-KG","RTE_PRFX":"IH","RTE_NBR":"10","SYSTEM":"On"}},{"type":"Feature","geometry":{"type":"LineString","coordinates":[[-95.3596965145399,29.7427638712594],[-95.35968735553,29.7427759858799]]},"properties":{"AADT_CUR":252,"RTE_NM":"1120185","RTE_PRFX":"CS","RTE_NBR":"1120185","SYSTEM":"Off"}},{"type":"Feature","geometry":{"type":"LineString","coordinates":[[-95.3505045696945,29.7416494769815],[-95.35049799,29.7416577999985],[-95.3499025,29.7423905799984],[-95.34955451,29.7428148399985],[-95.34927834,29.7431771499985],[-95.34878194,29.7437790699985],[-95.34871519,29.7438591099985],[-95.3481222,29.7446234299985],[-95.34777131,29.7450526599985],[-95.34753799,29.7453588899985],[-95.3469522341044,29.7460982102352]]},"properties":{"AADT_CUR":171,"RTE_NM":"1127780","RTE_PRFX":"CS","RTE_NBR":"1127780","SYSTEM":"Off"}},{"type":"Feature","geometry":{"type":"LineString","coordinates":[[-95.30470038,29.7509233],[-95.302942,29.7503832],[-95.29896836,29.74912296],[-95.29761849,29.74869601]]},"properties":{"AADT_CUR":252,"RTE_NM":"1120002","RTE_PRFX":"CS","RTE_NBR":"1120002","SYSTEM":"Off"}},{"type":"Feature","geometry":{"type":"LineString","coordinates":[[-95.36243479,29.7728805199987],[-95.36171502,29.7735131899987],[-95.36101788,29.7741232899987],[-95.3609519,29.7741773699987],[-95.36084437,29.7742422899987],[-95.3607477162883,29.7742708616134],[-95.3607303,29.7742760099987],[-95.35995077,29.7745640399987],[-95.35915756,29.7748469999987],[-95.35838834,29.7751214299987],[-95.358087,29.7752329699987],[-95.35764197,29.7753964799987],[-95.35688188,29.7756711499987],[-95.35582529,29.7760494999987],[-95.35512076,29.7763057099987],[-95.35469943,29.7764459099987],[-95.35460597,29.7764865199987],[-95.35380477,29.7765173499987],[-95.35338401,29.7765138799987],[-95.35297695,29.7765107899988],[-95.35257419,29.7765162999987],[-95.35215314,29.7765202899987],[-95.35175171,29.7765235899988],[-95.35133358,29.7765251899987],[-95.35093588,29.7765278199987],[-95.3505294799918,29.7765299801718],[-95.35011381,29.7765371699987],[-95.34969716,29.7765435299987],[-95.34891363,29.7765408099987],[-95.3488523,29.7765436899987],[-95.34804128,29.7765489499987],[-95.3477636,29.7765546899987],[-95.34759983,29.7765523699987],[-95.34749849,29.7765501199987],[-95.34672943,29.7765628399987],[-95.3465957003624,29.7765654907207],[-95.34579565,29.7765641899987],[-95.34494992,29.7765746499987],[-95.34488083,29.7765727599987],[-95.3440273,29.7765863499987]]},"properties":{"AADT_CUR":137,"RTE_NM":"1124416","RTE_PRFX":"CS","RTE_NBR":"1124416","SYSTEM":"Off"}},{"type":"Feature","geometry":{"type":"LineString","coordinates":[[-95.349651669,29.7785110729988],[-95.349699729,29.7785597329987],[-95.349719678,29.7787298429987],[-95.34973951,29.7795211799988],[-95.34974307,29.7799536399987],[-95.34974194,29.7804952299987],[-95.34973935,29.7805987799987],[-95.34973831,29.7814506299988],[-95.34976844,29.7824266199988],[-95.3497858619348,29.7833781872627]]},"properties":{"AADT_CUR":3300,"RTE_NM":"1126553","RTE_PRFX":"CS","RTE_NBR":"1126553","SYSTEM":"Off"}},{"type":"Feature","geometry":{"type":"LineString","coordinates":[[-95.3742421968688,29.7674749588006],[-95.37422338,29.7680040299987],[-95.3742340972569,29.7681681350662]]},"properties":{"AADT_CUR":252,"RTE_NM":"1128699","RTE_PRFX":"CS","RTE_NBR":"1128699","SYSTEM":"Off"}},{"type":"Feature","geometry":{"type":"LineString","coordinates":[[-95.4185423475689,29.7254700881113],[-95.41854157,29.72545827],[-95.41853154,29.72429113],[-95.41847209,29.71904533],[-95.4184085293145,29.7150465001599]]},"properties":{"AADT_CUR":31704,"RTE_NM":"256595","RTE_PRFX":"CS","RTE_NBR":"256595","SYSTEM":"Off"}},{"type":"Feature","geometry":{"type":"LineString","coordinates":[[-95.4277288053736,29.7223439600583],[-95.42772632,29.7223439899983],[-95.42476134,29.7223818099983],[-95.42207009,29.7224105399983],[-95.4220482776275,29.7224144619564],[-95.42197215,29.7224281499984],[-95.41863206,29.7223552099983],[-95.4185402301325,29.7222916462263]]},"properties":{"AADT_CUR":252,"RTE_NM":"1252514","RTE_PRFX":"CS","RTE_NBR":"1252514","SYSTEM":"Off"}},{"type":"Feature","geometry":{"type":"LineString","coordinates":[[-95.42448949,29.7062842999982],[-95.4245047372909,29.7074597029312],[-95.4245333971303,29.7092400845315],[-95.42456358,29.7110371099983],[-95.42457935,29.7116326599983],[-95.4245983645007,29.7128257053297],[-95.4246239503061,29.7150162001155],[-95.42465083,29.7159046399983],[-95.42466049,29.7166201999983],[-95.4246725645154,29.7173201734733],[-95.42467296,29.7173430999983],[-95.42468704,29.7180772299983],[-95.42470319,29.7187655599983],[-95.42472011,29.7194644099983],[-95.42471554,29.7201981499983],[-95.42473256,29.7209312899983],[-95.42473758,29.7216554299984],[-95.42476134,29.7223818099983],[-95.4247707471797,29.7231162077281],[-95.42478204,29.7234688399984],[-95.42478782,29.7238742799983],[-95.42480362,29.7245855499983],[-95.4248303294938,29.7253321815669]]},"properties":{"AADT_CUR":252,"RTE_NM":"1252476","RTE_PRFX":"CS","RTE_NBR":"1252476","SYSTEM":"Off"}},{"type":"Feature","geometry":{"type":"LineString","coordinates":[[-95.33843954,29.79535792],[-95.33731837,29.79536433],[-95.33688208,29.79538754],[-95.3367074,29.79539325],[-95.33649403,29.79538742],[-95.33634686,29.79538078]]},"properties":{"AADT_CUR":252,"RTE_NM":"1125931","RTE_PRFX":"CS","RTE_NBR":"1125931","SYSTEM":"Off"}},{"type":"Feature","geometry":{"type":"LineString","coordinates":[[-95.32002613,29.78848606],[-95.31932526,29.78849477],[-95.31840411,29.78851739],[-95.31751112,29.78852081]]},"properties":{"AADT_CUR":252,"RTE_NM":"1132431","RTE_PRFX":"CS","RTE_NBR":"1132431","SYSTEM":"Off"}},{"type":"Feature","geometry":{"type":"LineString","coordinates":[[-95.31410039,29.74405347],[-95.31406036,29.74412914],[-95.31361247,29.74525024],[-95.31358038,29.74543286],[-95.3136048,29.74649304],[-95.31365259,29.74783309]]},"properties":{"AADT_CUR":1882,"RTE_NM":"1127181","RTE_PRFX":"CS","RTE_NBR":"1127181","SYSTEM":"Off"}},{"type":"Feature","geometry":{"type":"LineString","coordinates":[[-95.35924266,29.7002668199946],[-95.35912122,29.7002782199946],[-95.3589740599988,29.7003240499959],[-95.3588979,29.7004030799946],[-95.35884068,29.7004996999946],[-95.3586891499988,29.7009096399978],[-95.35858645,29.7011842999946],[-95.35842701,29.7016025199946],[-95.35830945,29.7019255199946],[-95.3581717588695,29.7023014610718],[-95.3581466650773,29.7023699748695],[-95.35814025,29.7023874899946],[-95.3581189249298,29.7024373341219],[-95.3572818834353,29.7043937491664]]},"properties":{"AADT_CUR":252,"RTE_NM":"1129623","RTE_PRFX":"CS","RTE_NBR":"1129623","SYSTEM":"Off"}},{"type":"Feature","geometry":{"type":"LineString","coordinates":[[-95.37775307,29.80959967],[-95.37777149,29.81053148],[-95.37778803,29.81154406]]},"properties":{"AADT_CUR":252,"RTE_NM":"1119721","RTE_PRFX":"CS","RTE_NBR":"1119721","SYSTEM":"Off"}},{"type":"Feature","geometry":{"type":"LineString","coordinates":[[-95.33481381,29.7983986],[-95.33219748,29.79844908]]},"properties":{"AADT_CUR":252,"RTE_NM":"1122088","RTE_PRFX":"CS","RTE_NBR":"1122088","SYSTEM":"Off"}},{"type":"Feature","geometry":{"type":"LineString","coordinates":[[-95.3357439971987,29.7079620212267],[-95.3357287945942,29.7079679080506]]},"properties":{"AADT_CUR":252,"RTE_NM":"1132219","RTE_PRFX":"CS","RTE_NBR":"1132219","SYSTEM":"Off"}},{"type":"Feature","geometry":{"type":"LineString","coordinates":[[-95.37844796,29.75784431],[-95.37845344,29.75830151]]},"properties":{"AADT_CUR":252,"RTE_NM":"1131228","RTE_PRFX":"CS","RTE_NBR":"1131228","SYSTEM":"Off"}},{"type":"Feature","geometry":{"type":"LineString","coordinates":[[-95.3946038,29.72692472],[-95.39371676,29.72692923],[-95.39279679,29.7269344],[-95.39188536,29.72694411],[-95.39171327,29.72694334],[-95.3910226,29.72695638],[-95.39067059,29.72695897],[-95.39027005,29.72696723]]},"properties":{"AADT_CUR":252,"RTE_NM":"1120456","RTE_PRFX":"CS","RTE_NBR":"1120456","SYSTEM":"Off"}},{"type":"Feature","geometry":{"type":"LineString","coordinates":[[-95.3883876042767,29.7318911530384],[-95.388267162,29.73189944],[-95.387722672,29.731941364],[-95.387066844,29.731995843],[-95.386360108,29.732038022],[-95.385741858,29.732049668],[-95.384888914,29.732077617],[-95.384451713,29.732100908],[-95.38403597,29.732133516],[-95.383433813,29.732192907],[-95.382912123,29.732256958],[-95.381608567,29.73240835],[-95.380637605,29.732474729],[-95.379963029,29.732525969],[-95.378208861,29.732642424],[-95.376909328,29.73273093],[-95.375553469,29.732815942],[-95.374174811,29.732924245],[-95.3734828,29.733003434],[-95.372991955,29.733058167],[-95.372522567,29.733124546],[-95.371953938,29.733258468],[-95.3717715885562,29.733315471691]]},"properties":{"AADT_CUR":171436,"RTE_NM":"IH0069-RG","RTE_PRFX":"IH","RTE_NBR":"69","SYSTEM":"On"}},{"type":"Feature","geometry":{"type":"LineString","coordinates":[[-95.4290561,29.8186249],[-95.42833393,29.81862731],[-95.42773256,29.81862674],[-95.42408682,29.81864919]]},"properties":{"AADT_CUR":252,"RTE_NM":"1131528","RTE_PRFX":"CS","RTE_NBR":"1131528","SYSTEM":"Off"}},{"type":"Feature","geometry":{"type":"LineString","coordinates":[[-95.32779021,29.7839071199988],[-95.3277877644924,29.7846207794043],[-95.3277871828032,29.7847905291022]]},"properties":{"AADT_CUR":252,"RTE_NM":"1119791","RTE_PRFX":"CS","RTE_NBR":"1119791","SYSTEM":"Off"}},{"type":"Feature","geometry":{"type":"LineString","coordinates":[[-95.3443815778633,29.7715148505673],[-95.34433029,29.7715543099987],[-95.34426062,29.7715864799987],[-95.34415718,29.7716060699987],[-95.3440834261231,29.7716098891869],[-95.34405425,29.7716113999987],[-95.34325854,29.7715978399987],[-95.34170553,29.7716078599987],[-95.341028525,29.7716154209987]]},"properties":{"AADT_CUR":252,"RTE_NM":"1121937","RTE_PRFX":"CS","RTE_NBR":"1121937","SYSTEM":"Off"}},{"type":"Feature","geometry":{"type":"LineString","coordinates":[[-95.3370797620422,29.7481965573759],[-95.33554241,29.7476898799985]]},"properties":{"AADT_CUR":252,"RTE_NM":"1126739","RTE_PRFX":"CS","RTE_NBR":"1126739","SYSTEM":"Off"}},{"type":"Feature","geometry":{"type":"LineString","coordinates":[[-95.331902026388,29.737070778881],[-95.33036262,29.7365945199985],[-95.3289160484899,29.7361616883363]]},"properties":{"AADT_CUR":84,"RTE_NM":"1121724","RTE_PRFX":"CS","RTE_NBR":"1121724","SYSTEM":"Off"}},{"type":"Feature","geometry":{"type":"LineString","coordinates":[[-95.3588326865525,29.732846398938],[-95.35767611,29.7324906299984],[-95.35629479,29.7320684999984],[-95.35497785,29.7316702999984],[-95.35370182,29.7312775599984],[-95.35256116,29.7309238699984],[-95.35121339,29.7305130099984],[-95.35034265,29.7302369599984],[-95.3495710078733,29.7300042662097],[-95.34927281,29.7299157599984],[-95.34851402,29.7296825899984],[-95.34748805,29.7293693399984],[-95.34645712,29.7290600499984],[-95.34575862,29.7288327699984],[-95.34560284,29.7287733899984],[-95.34546283,29.7287144399984],[-95.3453031,29.7286549499984],[-95.34440129,29.7283719199984],[-95.343629530821,29.7281211707761]]},"properties":{"AADT_CUR":953,"RTE_NM":"1119726","RTE_PRFX":"CS","RTE_NBR":"1119726","SYSTEM":"Off"}},{"type":"Feature","geometry":{"type":"LineString","coordinates":[[-95.32252611,29.7045757599982],[-95.32213398,29.7042185599982],[-95.32173558,29.7039218999982],[-95.32131392,29.7037031799982],[-95.32027302,29.7032995699982],[-95.32006788,29.7032435899982],[-95.31974753,29.7030825999982],[-95.31918567,29.7027578699982],[-95.31875882,29.7024319499982],[-95.31827371,29.7020062299982],[-95.3176231398115,29.701335420115]]},"properties":{"AADT_CUR":252,"RTE_NM":"1123938","RTE_PRFX":"CS","RTE_NBR":"1123938","SYSTEM":"Off"}},{"type":"Feature","geometry":{"type":"LineString","coordinates":[[-95.4125866581779,29.7062251984592],[-95.4125865199247,29.7062039379396],[-95.41255406,29.7053178099946],[-95.4125534130163,29.7053105819918],[-95.41252276,29.7049681299946],[-95.4124442592597,29.7046805279011],[-95.41243436,29.7046442599946],[-95.4122278003335,29.7040480573394],[-95.41221668,29.7040159599946],[-95.41193626,29.7035317699946],[-95.4117082461643,29.7032079799221],[-95.41168943,29.7031812599946],[-95.4112795,29.7027342099946],[-95.4109102437543,29.7024431756411],[-95.41087159,29.7024127099946],[-95.41054074,29.7021497599946],[-95.4099590788677,29.7018222915051],[-95.40978641,29.7017250799946],[-95.4090127649122,29.7012443583991]]},"properties":{"AADT_CUR":8317,"RTE_NM":"256384","RTE_PRFX":"CS","RTE_NBR":"256384","SYSTEM":"Off"}},{"type":"Feature","geometry":{"type":"LineString","coordinates":[[-95.3135116,29.78014211],[-95.31305292,29.78015833],[-95.31261599,29.7801567]]},"properties":{"AADT_CUR":252,"RTE_NM":"1124733","RTE_PRFX":"CS","RTE_NBR":"1124733","SYSTEM":"Off"}},{"type":"Feature","geometry":{"type":"LineString","coordinates":[[-95.4380629700005,29.79549883004],[-95.43559958,29.7955089399989],[-95.43547212,29.7955433499989],[-95.43537974,29.7955984299989],[-95.43532398,29.7956840599989],[-95.43529748,29.7957951199989],[-95.43530488,29.7963919699989]]},"properties":{"AADT_CUR":252,"RTE_NM":"1121681","RTE_PRFX":"CS","RTE_NBR":"1121681","SYSTEM":"Off"}},{"type":"Feature","geometry":{"type":"LineString","coordinates":[[-95.33826534,29.78086833],[-95.33822281,29.78084188],[-95.33816715,29.78083505],[-95.33790422,29.78082787],[-95.33747512,29.78082755],[-95.33664275,29.78083675],[-95.33580801,29.78083903],[-95.33500193,29.78084438],[-95.33421457,29.78083881],[-95.33342324,29.78083428]]},"properties":{"AADT_CUR":243,"RTE_NM":"1127423","RTE_PRFX":"CS","RTE_NBR":"1127423","SYSTEM":"Off"}},{"type":"Feature","geometry":{"type":"LineString","coordinates":[[-95.3206225169448,29.746090366472],[-95.32062182,29.7460920999985],[-95.32026905,29.7468608199985],[-95.31980298,29.7478965199985]]},"properties":{"AADT_CUR":252,"RTE_NM":"1127208","RTE_PRFX":"CS","RTE_NBR":"1127208","SYSTEM":"Off"}},{"type":"Feature","geometry":{"type":"LineString","coordinates":[[-95.3325507027957,29.7098021902331],[-95.33227643,29.70986245],[-95.33194083,29.70999251],[-95.33177972,29.71010012]]},"properties":{"AADT_CUR":13653,"RTE_NM":"UA0090-RG","RTE_PRFX":"UA","RTE_NBR":"90","SYSTEM":"On"}},{"type":"Feature","geometry":{"type":"LineString","coordinates":[[-95.3956615465279,29.7041815398016],[-95.39518777,29.70483194],[-95.39497512,29.70526697],[-95.39477329,29.70576222],[-95.39463676,29.70621674]]},"properties":{"AADT_CUR":13177,"RTE_NM":"255964","RTE_PRFX":"CS","RTE_NBR":"255964","SYSTEM":"Off"}},{"type":"Feature","geometry":{"type":"LineString","coordinates":[[-95.3777932018267,29.7374267648674],[-95.3778071009046,29.7374346792832]]},"properties":{"AADT_CUR":252,"RTE_NM":"1132156","RTE_PRFX":"CS","RTE_NBR":"1132156","SYSTEM":"Off"}},{"type":"Feature","geometry":{"type":"LineString","coordinates":[[-95.3716355474696,29.7420280061439],[-95.37078236,29.7415112499985],[-95.3707635469359,29.7414999601632],[-95.36992902,29.7409991499985],[-95.36953182,29.7407631899985],[-95.36907265,29.7404870699985],[-95.36820947,29.7399614999985],[-95.3673913,29.7394656499985]]},"properties":{"AADT_CUR":205,"RTE_NM":"1122607","RTE_PRFX":"CS","RTE_NBR":"1122607","SYSTEM":"Off"}},{"type":"Feature","geometry":{"type":"LineString","coordinates":[[-95.36767088,29.7804279599988],[-95.36696982,29.7806752099988],[-95.36629512,29.7809286399988],[-95.36599511,29.7810406399988],[-95.36558479,29.7811936699987],[-95.36511151,29.7813557099988],[-95.3642831621173,29.7816538828712]]},"properties":{"AADT_CUR":252,"RTE_NM":"1127022","RTE_PRFX":"CS","RTE_NBR":"1127022","SYSTEM":"Off"}},{"type":"Feature","geometry":{"type":"LineString","coordinates":[[-95.3694836253249,29.7608267612641],[-95.3678198172834,29.7598388014043]]},"properties":{"AADT_CUR":7945,"RTE_NM":"257260","RTE_PRFX":"CS","RTE_NBR":"257260","SYSTEM":"Off"}},{"type":"Feature","geometry":{"type":"LineString","coordinates":[[-95.3811542025163,29.7777518118861],[-95.38115489,29.77774346],[-95.38139581,29.77591573],[-95.38145656,29.7750981],[-95.38167991,29.77471988],[-95.38192211,29.77439889]]},"properties":{"AADT_CUR":18862,"RTE_NM":"257100","RTE_PRFX":"CS","RTE_NBR":"257100","SYSTEM":"Off"}},{"type":"Feature","geometry":{"type":"LineString","coordinates":[[-95.4107310855187,29.7530083749944],[-95.41071907,29.75197922],[-95.41068377,29.74926154],[-95.41068202,29.74901017],[-95.41066708,29.74687361],[-95.41065617,29.7446481],[-95.41067116,29.74419326],[-95.4107122,29.74405114],[-95.41075296,29.743915],[-95.41076577,29.74378982],[-95.41076574,29.74364622],[-95.4107374232864,29.7426896167826]]},"properties":{"AADT_CUR":26020,"RTE_NM":"257133","RTE_PRFX":"CS","RTE_NBR":"257133","SYSTEM":"Off"}},{"type":"Feature","geometry":{"type":"LineString","coordinates":[[-95.41472667,29.74545413],[-95.41349117,29.74543849]]},"properties":{"AADT_CUR":252,"RTE_NM":"1129438","RTE_PRFX":"CS","RTE_NBR":"1129438","SYSTEM":"Off"}},{"type":"Feature","geometry":{"type":"LineString","coordinates":[[-95.4276649666132,29.7187274176247],[-95.42766482,29.7187274199983],[-95.42470319,29.7187655599983],[-95.4224296412856,29.7188009103985]]},"properties":{"AADT_CUR":252,"RTE_NM":"1252504","RTE_PRFX":"CS","RTE_NBR":"1252504","SYSTEM":"Off"}},{"type":"Feature","geometry":{"type":"LineString","coordinates":[[-95.33463319,29.7222944399984],[-95.33417327,29.7234617399984],[-95.3336494,29.7247148199984],[-95.33357794,29.7248865499984],[-95.33346578,29.7251521599984],[-95.3333517766952,29.7254316372196]]},"properties":{"AADT_CUR":656,"RTE_NM":"1122647","RTE_PRFX":"CS","RTE_NBR":"1122647","SYSTEM":"Off"}},{"type":"Feature","geometry":{"type":"LineString","coordinates":[[-95.4373000637248,29.7130304853262],[-95.43379127,29.7130824699983]]},"properties":{"AADT_CUR":252,"RTE_NM":"1233727","RTE_PRFX":"CS","RTE_NBR":"1233727","SYSTEM":"Off"}},{"type":"Feature","geometry":{"type":"LineString","coordinates":[[-95.3171989676457,29.8134914951136],[-95.3171845484493,29.813491509271],[-95.3171656737529,29.8134915277942]]},"properties":{"AADT_CUR":6633,"RTE_NM":"256577","RTE_PRFX":"CS","RTE_NBR":"256577","SYSTEM":"Off"}},{"type":"Feature","geometry":{"type":"LineString","coordinates":[[-95.3170708258014,29.8074865036546],[-95.31297892,29.807528869999],[-95.31047722,29.807534879999]]},"properties":{"AADT_CUR":1323,"RTE_NM":"1126877","RTE_PRFX":"CS","RTE_NBR":"1126877","SYSTEM":"Off"}},{"type":"Feature","geometry":{"type":"LineString","coordinates":[[-95.3708245,29.80998874],[-95.36975874,29.80999294],[-95.36968588,29.81000659]]},"properties":{"AADT_CUR":252,"RTE_NM":"1122291","RTE_PRFX":"CS","RTE_NBR":"1122291","SYSTEM":"Off"}},{"type":"Feature","geometry":{"type":"LineString","coordinates":[[-95.3705466799585,29.7482067090738],[-95.37054955,29.7482029299985],[-95.371130876938,29.747482498326]]},"properties":{"AADT_CUR":9482,"RTE_NM":"256264","RTE_PRFX":"CS","RTE_NBR":"256264","SYSTEM":"Off"}},{"type":"Feature","geometry":{"type":"LineString","coordinates":[[-95.3032096854336,29.7443664516004],[-95.3031940523586,29.7443615430021]]},"properties":{"AADT_CUR":252,"RTE_NM":"1119994","RTE_PRFX":"CS","RTE_NBR":"1119994","SYSTEM":"Off"}},{"type":"Feature","geometry":{"type":"LineString","coordinates":[[-95.3594914064108,29.7713275461552],[-95.359449265,29.771314637],[-95.359407154,29.771261028],[-95.359317702,29.771077069],[-95.359099974,29.770627709],[-95.359054141,29.770547378],[-95.359001721,29.770474618],[-95.358954053,29.770435909],[-95.358878993,29.770390869]]},"properties":{"AADT_CUR":252,"RTE_NM":"1122272","RTE_PRFX":"CS","RTE_NBR":"1122272","SYSTEM":"Off"}},{"type":"Feature","geometry":{"type":"LineString","coordinates":[[-95.38144671,29.77291203],[-95.38145505,29.77364467],[-95.38145561,29.774394],[-95.38147976,29.77510133]]},"properties":{"AADT_CUR":252,"RTE_NM":"1130762","RTE_PRFX":"CS","RTE_NBR":"1130762","SYSTEM":"Off"}},{"type":"Feature","geometry":{"type":"LineString","coordinates":[[-95.3945876015987,29.7062144827304],[-95.3945694988955,29.7062136514814],[-95.39383517,29.7061799299982],[-95.39199127,29.7058366899982],[-95.39162197,29.7057694399982],[-95.39093437,29.7057729299982],[-95.39040861,29.7058704199982],[-95.3901540099998,29.7059682107686],[-95.38988754,29.7060705599982],[-95.38924671,29.7063909599982],[-95.38851609,29.7066094199982],[-95.38810748,29.7066471399982],[-95.38768398,29.7066414499982],[-95.38720017,29.7065767699982],[-95.38681605,29.7064703099983],[-95.38643591,29.7063623299982],[-95.38498519,29.7058336199982],[-95.38461614,29.7056978999982],[-95.3845967378393,29.7056846571885]]},"properties":{"AADT_CUR":24465,"RTE_NM":"256498","RTE_PRFX":"CS","RTE_NBR":"256498","SYSTEM":"Off"}},{"type":"Feature","geometry":{"type":"LineString","coordinates":[[-95.3769968453611,29.7222181653268],[-95.3769338041401,29.7221800510045],[-95.3767167778384,29.7220487903326],[-95.3763784004782,29.7218441333278],[-95.3760388263683,29.7216387507381],[-95.3754658627495,29.721292204541]]},"properties":{"AADT_CUR":9705,"RTE_NM":"257148","RTE_PRFX":"CS","RTE_NBR":"257148","SYSTEM":"Off"}},{"type":"Feature","geometry":{"type":"LineString","coordinates":[[-95.3731507278665,29.7465637332961],[-95.3731644411592,29.746571944219]]},"properties":{"AADT_CUR":168,"RTE_NM":"1126627","RTE_PRFX":"CS","RTE_NBR":"1126627","SYSTEM":"Off"}},{"type":"Feature","geometry":{"type":"LineString","coordinates":[[-95.36859596,29.7346768099984],[-95.36847583,29.7346136999984],[-95.36812536,29.7344160299984],[-95.36772707,29.7341892599984],[-95.3668881779308,29.7336893987391],[-95.36604091,29.7331737499984]]},"properties":{"AADT_CUR":252,"RTE_NM":"1123618","RTE_PRFX":"CS","RTE_NBR":"1123618","SYSTEM":"Off"}},{"type":"Feature","geometry":{"type":"LineString","coordinates":[[-95.3246962005393,29.7739573038314],[-95.324764,29.7741898499987],[-95.32476268,29.7743535999987],[-95.32475986,29.7748129099987],[-95.32477971,29.7755325099987],[-95.32478461,29.7760683599987],[-95.32480072,29.7762201799987],[-95.32482986,29.7769360399987],[-95.32483142,29.7776551299987],[-95.32484756,29.7783506599987],[-95.32485046,29.7790436799987],[-95.32485576,29.7797254899987],[-95.32485735,29.7799186299988],[-95.32486009,29.7805033999988],[-95.32487002,29.7812086899988],[-95.32488113,29.7819234999988]]},"properties":{"AADT_CUR":252,"RTE_NM":"1122276","RTE_PRFX":"CS","RTE_NBR":"1122276","SYSTEM":"Off"}},{"type":"Feature","geometry":{"type":"LineString","coordinates":[[-95.3342738959759,29.7554155189638],[-95.33474814,29.7553333999986],[-95.33518831,29.7551993499986],[-95.3353817857918,29.7551172331565]]},"properties":{"AADT_CUR":6892,"RTE_NM":"257079","RTE_PRFX":"CS","RTE_NBR":"257079","SYSTEM":"Off"}},{"type":"Feature","geometry":{"type":"LineString","coordinates":[[-95.32896531,29.7130421899966],[-95.32883637,29.7129551699966],[-95.32870132,29.7129117199966],[-95.32823688,29.7127836999966],[-95.32808946,29.7127041299966],[-95.32790082,29.7126313799966],[-95.3276654,29.7125931199966],[-95.3273984,29.7126123799966],[-95.3271506,29.7125988699966],[-95.3268522,29.7125390099966],[-95.3266260299993,29.7125114999966],[-95.32637652,29.7125263899966],[-95.32602216,29.7126869199966],[-95.32544692,29.7129998499965],[-95.32512232,29.7131148399966],[-95.32488262,29.7131602099966],[-95.32409996,29.7131547099966],[-95.32386628,29.7131602799966],[-95.3236273,29.7131856899965],[-95.32326326,29.7132516299966],[-95.3225295816835,29.7134320751439]]},"properties":{"AADT_CUR":252,"RTE_NM":"1121357","RTE_PRFX":"CS","RTE_NBR":"1121357","SYSTEM":"Off"}},{"type":"Feature","geometry":{"type":"LineString","coordinates":[[-95.3716589317692,29.789795786144],[-95.3716793,29.79019764],[-95.37168277,29.79152426],[-95.37159925,29.79289654],[-95.37158167,29.79394983],[-95.37162047,29.79783287],[-95.37165138,29.79930374],[-95.37169521,29.79998874],[-95.37178112,29.8007208],[-95.37193475,29.80160666],[-95.3723754615334,29.803857234406]]},"properties":{"AADT_CUR":206900,"RTE_NM":"IH0045-RG","RTE_PRFX":"IH","RTE_NBR":"45","SYSTEM":"On"}},{"type":"Feature","geometry":{"type":"LineString","coordinates":[[-95.42063409,29.7863472499964],[-95.4205140499994,29.7867221099986],[-95.42042558,29.7870267499964],[-95.4203425,29.7873595599964],[-95.4203093800006,29.7875294599987],[-95.42035984,29.7877486799964],[-95.42040033,29.7879160699964],[-95.4204349300011,29.7880068899985],[-95.42054759,29.7882210899964],[-95.42065699,29.7883603999964],[-95.4212315500014,29.7889382499979],[-95.42166858,29.7893941699964],[-95.4217781080709,29.7894716965535],[-95.42179525,29.7894838299964],[-95.42190421,29.7896360399964],[-95.42198379,29.7898447299964],[-95.42201267,29.7900122699964],[-95.42200386,29.7901426199988],[-95.42202298,29.7909793299988],[-95.4220127800002,29.7918979199988],[-95.42202439,29.7920693199964],[-95.42197653,29.7923025599965],[-95.42190963,29.7924507099964],[-95.4218486000804,29.7926204152651]]},"properties":{"AADT_CUR":252,"RTE_NM":"1129855","RTE_PRFX":"CS","RTE_NBR":"1129855","SYSTEM":"Off"}},{"type":"Feature","geometry":{"type":"LineString","coordinates":[[-95.4248313616843,29.7253757663079],[-95.42483144,29.7253837099984],[-95.42482438,29.7267996099984]]},"properties":{"AADT_CUR":252,"RTE_NM":"1120375","RTE_PRFX":"CS","RTE_NBR":"1120375","SYSTEM":"Off"}},{"type":"Feature","geometry":{"type":"LineString","coordinates":[[-95.31506103,29.78285796],[-95.31426858,29.78286812],[-95.31349471,29.78287079]]},"properties":{"AADT_CUR":252,"RTE_NM":"1130480","RTE_PRFX":"CS","RTE_NBR":"1130480","SYSTEM":"Off"}},{"type":"Feature","geometry":{"type":"LineString","coordinates":[[-95.42922581,29.70653204],[-95.42864891,29.70652527],[-95.428052,29.70652658]]},"properties":{"AADT_CUR":252,"RTE_NM":"1252524","RTE_PRFX":"CS","RTE_NBR":"1252524","SYSTEM":"Off"}},{"type":"Feature","geometry":{"type":"LineString","coordinates":[[-95.34648951,29.8066470499989],[-95.34529331,29.8066712499989],[-95.3422967713986,29.8067072925532]]},"properties":{"AADT_CUR":252,"RTE_NM":"1125096","RTE_PRFX":"CS","RTE_NBR":"1125096","SYSTEM":"Off"}},{"type":"Feature","geometry":{"type":"LineString","coordinates":[[-95.3419334429766,29.7846725017067],[-95.3419167489106,29.7846727039527]]},"properties":{"AADT_CUR":252,"RTE_NM":"1125986","RTE_PRFX":"CS","RTE_NBR":"1125986","SYSTEM":"Off"}},{"type":"Feature","geometry":{"type":"LineString","coordinates":[[-95.3280432662177,29.7654248448183],[-95.32804797,29.7658875899987]]},"properties":{"AADT_CUR":252,"RTE_NM":"1125226","RTE_PRFX":"CS","RTE_NBR":"1125226","SYSTEM":"Off"}},{"type":"Feature","geometry":{"type":"LineString","coordinates":[[-95.34408329,29.74809597],[-95.34369016,29.74858769],[-95.34307792,29.74934851],[-95.34264865,29.74986355],[-95.3424539,29.75010832],[-95.34228654,29.75035385],[-95.34207521,29.75063541],[-95.34188606,29.75089364],[-95.34130766,29.75163344],[-95.34071297,29.75240205],[-95.34068746,29.75243328]]},"properties":{"AADT_CUR":2558,"RTE_NM":"1131331","RTE_PRFX":"CS","RTE_NBR":"1131331","SYSTEM":"Off"}},{"type":"Feature","geometry":{"type":"LineString","coordinates":[[-95.35239071,29.7039206299982],[-95.35039438,29.7046706799982],[-95.34999265,29.7048227699982],[-95.3490492189528,29.7051916076379]]},"properties":{"AADT_CUR":252,"RTE_NM":"1123878","RTE_PRFX":"CS","RTE_NBR":"1123878","SYSTEM":"Off"}},{"type":"Feature","geometry":{"type":"LineString","coordinates":[[-95.4426562438094,29.8142510575573],[-95.44202333,29.814332879999],[-95.44173437,29.814351929999],[-95.44147279,29.814359029999],[-95.439906,29.814357999999],[-95.43679533,29.814385109999]]},"properties":{"AADT_CUR":252,"RTE_NM":"1120973","RTE_PRFX":"CS","RTE_NBR":"1120973","SYSTEM":"Off"}},{"type":"Feature","geometry":{"type":"LineString","coordinates":[[-95.4105929138651,29.7711784210573],[-95.4105763080276,29.7711774125658]]},"properties":{"AADT_CUR":252,"RTE_NM":"1121463","RTE_PRFX":"CS","RTE_NBR":"1121463","SYSTEM":"Off"}},{"type":"Feature","geometry":{"type":"LineString","coordinates":[[-95.350168771,29.792781691],[-95.349782844,29.792793353],[-95.349670191,29.792823613],[-95.349621911,29.792881806],[-95.349589725,29.792972586],[-95.349581678,29.793219321],[-95.349560221,29.793314757],[-95.349460979,29.793431141],[-95.34937783,29.793459073],[-95.349029142,29.79355218],[-95.348857481,29.793570802],[-95.348532933,29.79358244],[-95.347065762,29.793617355],[-95.3468973475064,29.7936238991336]]},"properties":{"AADT_CUR":252,"RTE_NM":"1501645","RTE_PRFX":"CS","RTE_NBR":"1501645","SYSTEM":"Off"}},{"type":"Feature","geometry":{"type":"LineString","coordinates":[[-95.3513679263023,29.7532946504024],[-95.3513615155233,29.7532906736145],[-95.351127752,29.7531456629986],[-95.351019122,29.7530792969986],[-95.350889034,29.7530094379985],[-95.350772357,29.7529570439986],[-95.350643612,29.7529197859986],[-95.350448606,29.7528771809985]]},"properties":{"AADT_CUR":4321,"RTE_NM":"257214","RTE_PRFX":"CS","RTE_NBR":"257214","SYSTEM":"Off"}},{"type":"Feature","geometry":{"type":"LineString","coordinates":[[-95.38785127,29.79164698],[-95.38779769,29.79154818],[-95.38604694,29.79156607],[-95.38433958,29.7915954],[-95.38427288,29.79152835],[-95.3842126,29.79147891],[-95.3826764,29.79151407],[-95.38174184,29.79151626],[-95.38095605,29.79152537],[-95.38016664,29.79153431],[-95.37936918,29.79154161],[-95.3788507,29.79155448],[-95.37876633,29.7915827]]},"properties":{"AADT_CUR":252,"RTE_NM":"1125391","RTE_PRFX":"CS","RTE_NBR":"1125391","SYSTEM":"Off"}},{"type":"Feature","geometry":{"type":"LineString","coordinates":[[-95.388698791138,29.7252893343976],[-95.3887127600017,29.7252716999962],[-95.3893579033619,29.7244320859341],[-95.3900680100011,29.7235736199974],[-95.39040908,29.7232546999984],[-95.39064984,29.7230613799984],[-95.3908872,29.7229386699984],[-95.3909623901275,29.7229013604078],[-95.3909690970824,29.7228980323907]]},"properties":{"AADT_CUR":7815,"RTE_NM":"256264","RTE_PRFX":"CS","RTE_NBR":"256264","SYSTEM":"Off"}},{"type":"Feature","geometry":{"type":"LineString","coordinates":[[-95.38544826,29.73975585],[-95.38382832,29.73976842],[-95.3822133,29.73977917],[-95.38212386,29.73979888],[-95.38207297,29.73983673]]},"properties":{"AADT_CUR":252,"RTE_NM":"1126506","RTE_PRFX":"CS","RTE_NBR":"1126506","SYSTEM":"Off"}},{"type":"Feature","geometry":{"type":"LineString","coordinates":[[-95.33899118,29.7522022999986],[-95.3388459309957,29.7523748832577],[-95.3383681580248,29.752942562835],[-95.33801287,29.7534527599986],[-95.33789233,29.7536023799986],[-95.33738706,29.7542250999986],[-95.33694867,29.7548116499986]]},"properties":{"AADT_CUR":252,"RTE_NM":"1127432","RTE_PRFX":"CS","RTE_NBR":"1127432","SYSTEM":"Off"}},{"type":"Feature","geometry":{"type":"LineString","coordinates":[[-95.3275974448171,29.7391806414992],[-95.32728161,29.7399233299985],[-95.32697933,29.7406438399985]]},"properties":{"AADT_CUR":252,"RTE_NM":"1130960","RTE_PRFX":"CS","RTE_NBR":"1130960","SYSTEM":"Off"}},{"type":"Feature","geometry":{"type":"LineString","coordinates":[[-95.3367024396998,29.7278532413885],[-95.3378457,29.72860295],[-95.34010178,29.73003469],[-95.34054019,29.73032238],[-95.34103004,29.73067861],[-95.34526718,29.73401762],[-95.34572835,29.73436364],[-95.34637673,29.734821],[-95.3473076656323,29.7354118346752]]},"properties":{"AADT_CUR":199536,"RTE_NM":"IH0045-LG","RTE_PRFX":"IH","RTE_NBR":"45","SYSTEM":"On"}},{"type":"Feature","geometry":{"type":"LineString","coordinates":[[-95.3570433729687,29.708343962059],[-95.3570329,29.70834071],[-95.35626001,29.70810667],[-95.35551537,29.70788228],[-95.3552568,29.70784248],[-95.35497943,29.7078323],[-95.35455568,29.70793986],[-95.35361176,29.70835106],[-95.35053107,29.70970289],[-95.34978745,29.70999404],[-95.34924316,29.71018635],[-95.34840651,29.71038916],[-95.34746955,29.71051294],[-95.34674548,29.71054044],[-95.34643295,29.71058098],[-95.34616853,29.71066222],[-95.34593696,29.71078257],[-95.34551852,29.71117653],[-95.34499315,29.7116272],[-95.34470701,29.71179861],[-95.34442415,29.71190191],[-95.34414811,29.71195232],[-95.34378663,29.71197702],[-95.34346628,29.71195767],[-95.34319975,29.71190238],[-95.3415462581345,29.711387451988]]},"properties":{"AADT_CUR":1127,"RTE_NM":"256730","RTE_PRFX":"CS","RTE_NBR":"256730","SYSTEM":"Off"}},{"type":"Feature","geometry":{"type":"LineString","coordinates":[[-95.37197863,29.8051349],[-95.37203885,29.80567222],[-95.37217054,29.80634408]]},"properties":{"AADT_CUR":252,"RTE_NM":"1123675","RTE_PRFX":"CS","RTE_NBR":"1123675","SYSTEM":"Off"}},{"type":"Feature","geometry":{"type":"LineString","coordinates":[[-95.3991981312812,29.804006946479],[-95.39919672,29.80395446],[-95.39910846,29.79803967],[-95.39907296,29.79619551],[-95.39903746,29.79435134],[-95.3989941290902,29.7906520563298]]},"properties":{"AADT_CUR":11775,"RTE_NM":"257402","RTE_PRFX":"CS","RTE_NBR":"257402","SYSTEM":"Off"}},{"type":"Feature","geometry":{"type":"LineString","coordinates":[[-95.34775545,29.80843382],[-95.34678554,29.80844653],[-95.34645673,29.80845359],[-95.34534075,29.80846058],[-95.34460892,29.80847305]]},"properties":{"AADT_CUR":252,"RTE_NM":"1123868","RTE_PRFX":"CS","RTE_NBR":"1123868","SYSTEM":"Off"}},{"type":"Feature","geometry":{"type":"LineString","coordinates":[[-95.44844732,29.79922925],[-95.44806823,29.79912837],[-95.44777075,29.79905412],[-95.44750822,29.79903422],[-95.44719211,29.79903626],[-95.4453879,29.79904749],[-95.44175789,29.79906363],[-95.4380614,29.79908787],[-95.43728761,29.79907306],[-95.43696085,29.79903689],[-95.43661339,29.79895653],[-95.43645209,29.79890537],[-95.4361866,29.79886598],[-95.43590237,29.79883256],[-95.43577977,29.79882143],[-95.43519289,29.79882339],[-95.43507695,29.79890597]]},"properties":{"AADT_CUR":252,"RTE_NM":"1130726","RTE_PRFX":"CS","RTE_NBR":"1130726","SYSTEM":"Off"}},{"type":"Feature","geometry":{"type":"LineString","coordinates":[[-95.3197511587542,29.77466318845],[-95.31976654,29.7753269899987]]},"properties":{"AADT_CUR":252,"RTE_NM":"1127116","RTE_PRFX":"CS","RTE_NBR":"1127116","SYSTEM":"Off"}},{"type":"Feature","geometry":{"type":"LineString","coordinates":[[-95.3261626320604,29.7400224616929],[-95.32616258,29.7400224299985],[-95.32525814,29.7397292899985],[-95.32437343,29.7394422599985],[-95.32348215,29.7391692799985],[-95.32258908,29.7388860299985]]},"properties":{"AADT_CUR":503,"RTE_NM":"1129196","RTE_PRFX":"CS","RTE_NBR":"1129196","SYSTEM":"Off"}},{"type":"Feature","geometry":{"type":"LineString","coordinates":[[-95.34648056,29.74117689],[-95.3452437,29.74080868],[-95.34512968,29.74081954],[-95.34504974,29.74081386],[-95.34454207,29.74066712],[-95.34376918,29.74042921],[-95.34371039,29.74039263],[-95.34367674,29.74032527]]},"properties":{"AADT_CUR":252,"RTE_NM":"1122453","RTE_PRFX":"CS","RTE_NBR":"1122453","SYSTEM":"Off"}},{"type":"Feature","geometry":{"type":"LineString","coordinates":[[-95.37693992,29.8056202499989],[-95.37694346,29.8067077799989],[-95.3769071995202,29.8080720202645]]},"properties":{"AADT_CUR":252,"RTE_NM":"1131740","RTE_PRFX":"CS","RTE_NBR":"1131740","SYSTEM":"Off"}},{"type":"Feature","geometry":{"type":"LineString","coordinates":[[-95.38351254,29.817388],[-95.38351583,29.8183913],[-95.38347215,29.81877152],[-95.383441796,29.818864299],[-95.38338462,29.81893846],[-95.3833010826191,29.8189838333254]]},"properties":{"AADT_CUR":252,"RTE_NM":"1121340","RTE_PRFX":"CS","RTE_NBR":"1121340","SYSTEM":"Off"}},{"type":"Feature","geometry":{"type":"LineString","coordinates":[[-95.38462614,29.817373099999],[-95.38424524,29.817380439999],[-95.38351254,29.817387999999],[-95.383002531874,29.8174117144776]]},"properties":{"AADT_CUR":252,"RTE_NM":"1122723","RTE_PRFX":"CS","RTE_NBR":"1122723","SYSTEM":"Off"}},{"type":"Feature","geometry":{"type":"LineString","coordinates":[[-95.3907364990032,29.7043994846319],[-95.39073107,29.7043996699982],[-95.3907046087548,29.7043920155526]]},"properties":{"AADT_CUR":252,"RTE_NM":"1132294","RTE_PRFX":"CS","RTE_NBR":"1132294","SYSTEM":"Off"}},{"type":"Feature","geometry":{"type":"LineString","coordinates":[[-95.3675251061672,29.7471747942841],[-95.3675306451285,29.7471678335774],[-95.367568779947,29.7471200873309],[-95.3679470960022,29.746646418063],[-95.3685422715463,29.7459012190803],[-95.3691296049096,29.7451658251615],[-95.3698742195628,29.7442334811994],[-95.370130575455,29.7439124887488],[-95.3706146520423,29.7433063518552],[-95.3712278576245,29.742538512554],[-95.3716355474696,29.7420280061439],[-95.3721075624102,29.7414369440043],[-95.3726729935856,29.7407288933497],[-95.373129379377,29.7401573834361],[-95.3736138976424,29.7395506354465]]},"properties":{"AADT_CUR":2858,"RTE_NM":"255829","RTE_PRFX":"CS","RTE_NBR":"255829","SYSTEM":"Off"}},{"type":"Feature","geometry":{"type":"LineString","coordinates":[[-95.3797892320675,29.7350047397484],[-95.37888718,29.73447541],[-95.37609579,29.73282127],[-95.3756326625712,29.7325417787812]]},"properties":{"AADT_CUR":1119,"RTE_NM":"256098","RTE_PRFX":"CS","RTE_NBR":"256098","SYSTEM":"Off"}},{"type":"Feature","geometry":{"type":"LineString","coordinates":[[-95.3718122766096,29.7274413499747],[-95.37133612,29.7280540199984],[-95.3708876,29.7286101299984],[-95.3703270374966,29.7293180524264]]},"properties":{"AADT_CUR":252,"RTE_NM":"1120185","RTE_PRFX":"CS","RTE_NBR":"1120185","SYSTEM":"Off"}},{"type":"Feature","geometry":{"type":"LineString","coordinates":[[-95.3650191160106,29.7344664260604],[-95.36502299,29.73446155],[-95.37046498,29.72757627],[-95.3709704219597,29.7269381697356]]},"properties":{"AADT_CUR":6448,"RTE_NM":"256200","RTE_PRFX":"CS","RTE_NBR":"256200","SYSTEM":"Off"}},{"type":"Feature","geometry":{"type":"LineString","coordinates":[[-95.4123936059064,29.7645797200011],[-95.4114339,29.7645979699987],[-95.41046477,29.7645992099986]]},"properties":{"AADT_CUR":252,"RTE_NM":"1119961","RTE_PRFX":"CS","RTE_NBR":"1119961","SYSTEM":"Off"}},{"type":"Feature","geometry":{"type":"LineString","coordinates":[[-95.3505371742142,29.7795142208102],[-95.35014133,29.7795152599988],[-95.34973951,29.7795211799988],[-95.3489472725817,29.7795247602828]]},"properties":{"AADT_CUR":425,"RTE_NM":"1130535","RTE_PRFX":"CS","RTE_NBR":"1130535","SYSTEM":"Off"}},{"type":"Feature","geometry":{"type":"LineString","coordinates":[[-95.38095018,29.75066001],[-95.38029277,29.75061917]]},"properties":{"AADT_CUR":252,"RTE_NM":"1127517","RTE_PRFX":"CS","RTE_NBR":"1127517","SYSTEM":"Off"}},{"type":"Feature","geometry":{"type":"LineString","coordinates":[[-95.39894505,29.7639414199986],[-95.3989296249419,29.7639470712887],[-95.39805452,29.7642676799986],[-95.39777858,29.7643461899987],[-95.39763569,29.7643934199986],[-95.39752865,29.7644513299986],[-95.39744335,29.7645252399987],[-95.39737344,29.7646368499986],[-95.39733975,29.7647486299986],[-95.39733351,29.7648465399986],[-95.39735741,29.7649590599987],[-95.39740122,29.7650339999986],[-95.39746382,29.7651029699986],[-95.39753605,29.7651624699986],[-95.39766333,29.7652153399986],[-95.39782306,29.7652439499987],[-95.39796388,29.7652290999986],[-95.39809769,29.7651759499987],[-95.39819901,29.7650996399986],[-95.3984648763697,29.7648796472893]]},"properties":{"AADT_CUR":252,"RTE_NM":"1127268","RTE_PRFX":"CS","RTE_NBR":"1127268","SYSTEM":"Off"}},{"type":"Feature","geometry":{"type":"LineString","coordinates":[[-95.3939451270832,29.7770508854657],[-95.3939453868812,29.777065420309]]},"properties":{"AADT_CUR":493,"RTE_NM":"1119812","RTE_PRFX":"CS","RTE_NBR":"1119812","SYSTEM":"Off"}},{"type":"Feature","geometry":{"type":"LineString","coordinates":[[-95.4107130269598,29.7392876498171],[-95.4106964730429,29.7392877769919]]},"properties":{"AADT_CUR":252,"RTE_NM":"1126506","RTE_PRFX":"CS","RTE_NBR":"1126506","SYSTEM":"Off"}},{"type":"Feature","geometry":{"type":"LineString","coordinates":[[-95.31811038,29.72119997],[-95.3177033,29.72222911]]},"properties":{"AADT_CUR":252,"RTE_NM":"1124458","RTE_PRFX":"CS","RTE_NBR":"1124458","SYSTEM":"Off"}},{"type":"Feature","geometry":{"type":"LineString","coordinates":[[-95.3122499937161,29.7077013174979],[-95.31152565,29.7085659999966],[-95.31128239,29.7088509899965],[-95.31084683,29.7093619199965],[-95.31072708,29.7095081899964],[-95.31061346,29.7096381799965],[-95.31018525,29.7101550199966],[-95.3097535,29.7106489499965],[-95.3096326880084,29.7107950322357]]},"properties":{"AADT_CUR":252,"RTE_NM":"1120283","RTE_PRFX":"CS","RTE_NBR":"1120283","SYSTEM":"Off"}},{"type":"Feature","geometry":{"type":"LineString","coordinates":[[-95.37189303,29.81415103],[-95.37189419,29.81461767],[-95.37192224,29.81622708]]},"properties":{"AADT_CUR":252,"RTE_NM":"1123802","RTE_PRFX":"CS","RTE_NBR":"1123802","SYSTEM":"Off"}},{"type":"Feature","geometry":{"type":"LineString","coordinates":[[-95.3692296427229,29.8070481612463],[-95.3691804584923,29.8070556701022]]},"properties":{"AADT_CUR":252,"RTE_NM":"1130479","RTE_PRFX":"CS","RTE_NBR":"1130479","SYSTEM":"Off"}},{"type":"Feature","geometry":{"type":"LineString","coordinates":[[-95.39081067,29.79849369],[-95.38984298,29.79850224],[-95.38973159,29.79850914],[-95.38813666,29.79853026],[-95.38801498,29.79853216],[-95.38797066,29.79847654],[-95.38792018,29.79842837],[-95.38712676,29.79844702],[-95.3861635,29.7984557],[-95.38519407,29.79847346],[-95.38441277,29.79848023]]},"properties":{"AADT_CUR":252,"RTE_NM":"1125877","RTE_PRFX":"CS","RTE_NBR":"1125877","SYSTEM":"Off"}},{"type":"Feature","geometry":{"type":"LineString","coordinates":[[-95.40611247,29.76947106],[-95.40485223,29.76948905],[-95.4045113,29.76949576],[-95.40396264,29.76949907],[-95.40322452,29.76951166],[-95.40186834,29.76952764]]},"properties":{"AADT_CUR":252,"RTE_NM":"1125997","RTE_PRFX":"CS","RTE_NBR":"1125997","SYSTEM":"Off"}},{"type":"Feature","geometry":{"type":"LineString","coordinates":[[-95.4127040086124,29.7175058357251],[-95.41270376,29.7174858899949],[-95.4126751069854,29.7151248826913]]},"properties":{"AADT_CUR":14283,"RTE_NM":"256384","RTE_PRFX":"CS","RTE_NBR":"256384","SYSTEM":"Off"}},{"type":"Feature","geometry":{"type":"LineString","coordinates":[[-95.4126419048875,29.7110193762359],[-95.4126252868289,29.7110194327494]]},"properties":{"AADT_CUR":252,"RTE_NM":"1131780","RTE_PRFX":"CS","RTE_NBR":"1131780","SYSTEM":"Off"}},{"type":"Feature","geometry":{"type":"LineString","coordinates":[[-95.37341493,29.71018356],[-95.37250153,29.70980185],[-95.37239316,29.70972442],[-95.37231957,29.70963334],[-95.37228454,29.70952228],[-95.37227931,29.70934698],[-95.37232306,29.70919519],[-95.3723478,29.70910082],[-95.37174898,29.7084465],[-95.3716538,29.70833163],[-95.37139763,29.70812138],[-95.37118577,29.70797818],[-95.37094206,29.70784511],[-95.37070634,29.70774861],[-95.3705925,29.7077083],[-95.37035022,29.70764624],[-95.37005865,29.70759565],[-95.36972189,29.70757799],[-95.36934957,29.70759777],[-95.36910823,29.70764672],[-95.36880264,29.70771527],[-95.36821657,29.70793007],[-95.36762453,29.7081187],[-95.36705257,29.70825258],[-95.36686129,29.70822705]]},"properties":{"AADT_CUR":252,"RTE_NM":"1127907","RTE_PRFX":"CS","RTE_NBR":"1127907","SYSTEM":"Off"}},{"type":"Feature","geometry":{"type":"LineString","coordinates":[[-95.38725907,29.74632608],[-95.38597671,29.74635537],[-95.38481181,29.74639104],[-95.383032,29.74642777],[-95.38167215,29.74646702]]},"properties":{"AADT_CUR":252,"RTE_NM":"1130446","RTE_PRFX":"CS","RTE_NBR":"1130446","SYSTEM":"Off"}},{"type":"Feature","geometry":{"type":"LineString","coordinates":[[-95.36992009,29.818549719999],[-95.3699127501531,29.8192195860281]]},"properties":{"AADT_CUR":252,"RTE_NM":"1129154","RTE_PRFX":"CS","RTE_NBR":"1129154","SYSTEM":"Off"}},{"type":"Feature","geometry":{"type":"LineString","coordinates":[[-95.32823688,29.7127836999983],[-95.32738387,29.7149745199983],[-95.32677323,29.7165041299983],[-95.32597758,29.7184308099983],[-95.3252025252347,29.7203066100195]]},"properties":{"AADT_CUR":252,"RTE_NM":"1125156","RTE_PRFX":"CS","RTE_NBR":"1125156","SYSTEM":"Off"}},{"type":"Feature","geometry":{"type":"LineString","coordinates":[[-95.32490695,29.7902806399988],[-95.32396501,29.7902859999988],[-95.32298428,29.7902928799988],[-95.32201331,29.7903064099988],[-95.32137763,29.7903014699988],[-95.3212661499661,29.7903331298523],[-95.3212571,29.7903356999988],[-95.32115251,29.7903800399988],[-95.32046368,29.7903907299988],[-95.31862981,29.7904249399989],[-95.31753851,29.7904372399988],[-95.3164291779197,29.7904488056166]]},"properties":{"AADT_CUR":252,"RTE_NM":"1125178","RTE_PRFX":"CS","RTE_NBR":"1125178","SYSTEM":"Off"}},{"type":"Feature","geometry":{"type":"LineString","coordinates":[[-95.32798096,29.79785994],[-95.32795765,29.79780678],[-95.32792938,29.79774637],[-95.32788477,29.79761363],[-95.32783309,29.79745094],[-95.3277796,29.79729068],[-95.32775044,29.79712253],[-95.32772954,29.79695344],[-95.32771695,29.79678373],[-95.32771269,29.7966137],[-95.32771675,29.79644366],[-95.32772238,29.79635239],[-95.3277073705356,29.7935374465958]]},"properties":{"AADT_CUR":4958,"RTE_NM":"257258","RTE_PRFX":"CS","RTE_NBR":"257258","SYSTEM":"Off"}},{"type":"Feature","geometry":{"type":"LineString","coordinates":[[-95.433463743517,29.7364293784805],[-95.4329479,29.7364404299984],[-95.43212778,29.7364513599984]]},"properties":{"AADT_CUR":252,"RTE_NM":"1120794","RTE_PRFX":"CS","RTE_NBR":"1120794","SYSTEM":"Off"}},{"type":"Feature","geometry":{"type":"LineString","coordinates":[[-95.3107611416621,29.7045821628241],[-95.3089182,29.7040132399982],[-95.30819513,29.7037922299982],[-95.3081778275185,29.7037860299495],[-95.3080122,29.7037266799982],[-95.3056220035632,29.7029825240591]]},"properties":{"AADT_CUR":252,"RTE_NM":"1124901","RTE_PRFX":"CS","RTE_NBR":"1124901","SYSTEM":"Off"}},{"type":"Feature","geometry":{"type":"LineString","coordinates":[[-95.35427833,29.817929439999],[-95.35416164,29.817698829999],[-95.35331411,29.816546709999],[-95.3528979576002,29.8158019521138],[-95.35286961,29.815751219999],[-95.35280235,29.815506069999],[-95.35279566,29.815382369999],[-95.35281026,29.815245409999],[-95.35283686,29.815095459999],[-95.35289322,29.814949969999],[-95.35298753,29.814774129999],[-95.35305525,29.814682129999],[-95.3531131742719,29.8146196412798],[-95.35316134,29.814567679999],[-95.35325782,29.814483429999],[-95.35341609,29.814368709999],[-95.35359323,29.814279559999],[-95.35375814,29.814212139999],[-95.3538714237468,29.8141847941294],[-95.35395827,29.814163829999],[-95.3542577905964,29.8141524347275],[-95.35430286,29.814150719999],[-95.35464836,29.814174179999],[-95.35564555,29.814232839999],[-95.35605961,29.814246639999],[-95.35657718,29.814229389999],[-95.3569733,29.814200679999],[-95.3574635499816,29.8141194869587]]},"properties":{"AADT_CUR":11748,"RTE_NM":"1629072036","RTE_PRFX":"IH","RTE_NBR":"610","SYSTEM":"On"}},{"type":"Feature","geometry":{"type":"LineString","coordinates":[[-95.3879193347636,29.7388084192265],[-95.3879194389409,29.7388229423025]]},"properties":{"AADT_CUR":252,"RTE_NM":"1124105","RTE_PRFX":"CS","RTE_NBR":"1124105","SYSTEM":"Off"}},{"type":"Feature","geometry":{"type":"LineString","coordinates":[[-95.3553863965407,29.7688192027322],[-95.35541332,29.7688663899987],[-95.35543027,29.7689229099987],[-95.35556925,29.7694836199987],[-95.35585025,29.7702055599987]]},"properties":{"AADT_CUR":425,"RTE_NM":"1131724","RTE_PRFX":"CS","RTE_NBR":"1131724","SYSTEM":"Off"}},{"type":"Feature","geometry":{"type":"LineString","coordinates":[[-95.35098453,29.76272997],[-95.35109181,29.76263499],[-95.35120797,29.76245859],[-95.35135571,29.76226876],[-95.35151939,29.76208614],[-95.35169931,29.76190186],[-95.3518776,29.76175019],[-95.35213151,29.76154758],[-95.35239716,29.7613434],[-95.35264701,29.76121983]]},"properties":{"AADT_CUR":1709,"RTE_NM":"1639008044","RTE_PRFX":"IH","RTE_NBR":"69","SYSTEM":"On"}},{"type":"Feature","geometry":{"type":"LineString","coordinates":[[-95.3827062979343,29.7736359319231],[-95.38269126,29.7736359699987],[-95.3826586361726,29.7736256576869]]},"properties":{"AADT_CUR":252,"RTE_NM":"1122168","RTE_PRFX":"CS","RTE_NBR":"1122168","SYSTEM":"Off"}},{"type":"Feature","geometry":{"type":"LineString","coordinates":[[-95.4054447373576,29.7427409127641],[-95.4054583667293,29.7437232999232],[-95.4054734598413,29.7447099913033],[-95.40550035,29.7466142199985],[-95.4055088,29.7469507199985],[-95.40551982,29.7481893799985],[-95.4055325640413,29.7491533201644],[-95.40554278,29.7492373299985],[-95.4055642,29.7507487099985],[-95.4055699,29.7508315599985],[-95.40559158,29.7523563699986]]},"properties":{"AADT_CUR":252,"RTE_NM":"1127027","RTE_PRFX":"CS","RTE_NBR":"1127027","SYSTEM":"Off"}},{"type":"Feature","geometry":{"type":"LineString","coordinates":[[-95.4078377333404,29.7427447514342],[-95.4078376881474,29.7427592557401]]},"properties":{"AADT_CUR":252,"RTE_NM":"1126617","RTE_PRFX":"CS","RTE_NBR":"1126617","SYSTEM":"Off"}},{"type":"Feature","geometry":{"type":"LineString","coordinates":[[-95.400397010801,29.7446466449646],[-95.39956994,29.7450374199985],[-95.39858313,29.7455022499985],[-95.39755241,29.7459854399985]]},"properties":{"AADT_CUR":252,"RTE_NM":"1124474","RTE_PRFX":"CS","RTE_NBR":"1124474","SYSTEM":"Off"}},{"type":"Feature","geometry":{"type":"LineString","coordinates":[[-95.3319547105297,29.736319719977],[-95.33064859,29.7359311399985],[-95.3291873566837,29.7354715705657]]},"properties":{"AADT_CUR":31,"RTE_NM":"1120340","RTE_PRFX":"CS","RTE_NBR":"1120340","SYSTEM":"Off"}},{"type":"Feature","geometry":{"type":"LineString","coordinates":[[-95.32216414,29.7075002299982],[-95.3216348,29.7088441099982],[-95.32147011,29.7092731099983],[-95.32115112,29.7100928299983],[-95.3210201,29.7104279699983],[-95.32100727,29.7104801499983]]},"properties":{"AADT_CUR":252,"RTE_NM":"1120560","RTE_PRFX":"CS","RTE_NBR":"1120560","SYSTEM":"Off"}},{"type":"Feature","geometry":{"type":"LineString","coordinates":[[-95.4094373090467,29.7704718540692],[-95.4094346648894,29.7704718843398],[-95.4083528368235,29.7704846830617],[-95.4072431250143,29.7704978033135],[-95.40614136,29.7705108199987],[-95.4061231974869,29.7705088734696],[-95.4039850597277,29.7702797043337],[-95.4018768898514,29.7700537108558],[-95.4009010747558,29.7699490923376],[-95.3992436522229,29.769777042225],[-95.39856697,29.7697067999987],[-95.39814631,29.7696596099987],[-95.3972384306668,29.7695672319985]]},"properties":{"AADT_CUR":17446,"RTE_NM":"257274","RTE_PRFX":"CS","RTE_NBR":"257274","SYSTEM":"Off"}},{"type":"Feature","geometry":{"type":"LineString","coordinates":[[-95.42625759,29.7324398199984],[-95.42627174,29.7332638899984],[-95.42627204,29.7340023099984],[-95.4262735669764,29.7340543130737],[-95.42629562,29.7348053499984],[-95.42629346,29.7353398999984],[-95.42629342,29.7356048899985],[-95.42629821,29.7365132999984],[-95.42630554,29.7374528899985],[-95.426323617178,29.738379935279]]},"properties":{"AADT_CUR":252,"RTE_NM":"1260987","RTE_PRFX":"CS","RTE_NBR":"1260987","SYSTEM":"Off"}},{"type":"Feature","geometry":{"type":"LineString","coordinates":[[-95.35002004,29.78487021],[-95.35004225,29.78557879],[-95.35005567,29.78637373]]},"properties":{"AADT_CUR":3300,"RTE_NM":"1126553","RTE_PRFX":"CS","RTE_NBR":"1126553","SYSTEM":"Off"}},{"type":"Feature","geometry":{"type":"LineString","coordinates":[[-95.3651616257712,29.7802923497152],[-95.3655001,29.7810272099988],[-95.36558479,29.7811936699987],[-95.36599853,29.7820485599988],[-95.36637369,29.7828603799988]]},"properties":{"AADT_CUR":252,"RTE_NM":"1121675","RTE_PRFX":"CS","RTE_NBR":"1121675","SYSTEM":"Off"}},{"type":"Feature","geometry":{"type":"LineString","coordinates":[[-95.3842570248131,29.8286118174117],[-95.384256833082,29.8286096040013],[-95.3842554,29.8285930599991],[-95.3840826723326,29.8270771661305],[-95.3840041842535,29.8263883228284],[-95.3839264793432,29.8257063433166],[-95.3837376062653,29.8240486530944],[-95.3836456480862,29.8232415394426],[-95.38364357,29.8232232999991],[-95.3835245556971,29.8221976676832],[-95.3831541795434,29.8190057300141],[-95.3828724346994,29.8165774851792],[-95.3828609065068,29.8164781257544]]},"properties":{"AADT_CUR":14234,"RTE_NM":"255742","RTE_PRFX":"CS","RTE_NBR":"255742","SYSTEM":"Off"}},{"type":"Feature","geometry":{"type":"LineString","coordinates":[[-95.38204369,29.81137076],[-95.38199803,29.81148234],[-95.38089988,29.81150181],[-95.37942631,29.81152097],[-95.37853066,29.81153457],[-95.37778803,29.81154406],[-95.37703242,29.81156111],[-95.37621134,29.81157763],[-95.3759374,29.81157528],[-95.37517156,29.81158365]]},"properties":{"AADT_CUR":264,"RTE_NM":"1130670","RTE_PRFX":"CS","RTE_NBR":"1130670","SYSTEM":"Off"}},{"type":"Feature","geometry":{"type":"LineString","coordinates":[[-95.43301813,29.7116092299983],[-95.4330322058978,29.712711422446]]},"properties":{"AADT_CUR":252,"RTE_NM":"1264852","RTE_PRFX":"CS","RTE_NBR":"1264852","SYSTEM":"Off"}},{"type":"Feature","geometry":{"type":"LineString","coordinates":[[-95.3302368045646,29.7490437406274],[-95.33023634,29.7490448999985],[-95.32942845,29.7501165299986]]},"properties":{"AADT_CUR":252,"RTE_NM":"1121667","RTE_PRFX":"CS","RTE_NBR":"1121667","SYSTEM":"Off"}},{"type":"Feature","geometry":{"type":"LineString","coordinates":[[-95.3330512692422,29.7533408162516],[-95.3330374572137,29.7533327037472]]},"properties":{"AADT_CUR":252,"RTE_NM":"1126757","RTE_PRFX":"CS","RTE_NBR":"1126757","SYSTEM":"Off"}},{"type":"Feature","geometry":{"type":"LineString","coordinates":[[-95.32569827,29.7391586],[-95.32525814,29.73972929],[-95.32466926,29.74048706],[-95.32456911,29.7406217],[-95.32398183,29.74139744],[-95.323375706,29.742199354]]},"properties":{"AADT_CUR":37,"RTE_NM":"1122962","RTE_PRFX":"CS","RTE_NBR":"1122962","SYSTEM":"Off"}},{"type":"Feature","geometry":{"type":"LineString","coordinates":[[-95.3215483654556,29.7199839778183],[-95.32130715,29.7199918899983],[-95.3205774660817,29.7197816127844],[-95.31886872,29.7192542799983],[-95.31813674,29.7190325599983],[-95.31694763,29.7186789599983]]},"properties":{"AADT_CUR":252,"RTE_NM":"1122565","RTE_PRFX":"CS","RTE_NBR":"1122565","SYSTEM":"Off"}},{"type":"Feature","geometry":{"type":"LineString","coordinates":[[-95.3811366525089,29.8143658138679],[-95.38114864,29.815135599998],[-95.38116892,29.815811349998],[-95.38115694,29.815872699999],[-95.38118189,29.816542759998],[-95.38108659,29.816595359998]]},"properties":{"AADT_CUR":252,"RTE_NM":"1122911","RTE_PRFX":"CS","RTE_NBR":"1122911","SYSTEM":"Off"}},{"type":"Feature","geometry":{"type":"LineString","coordinates":[[-95.37851448,29.80958654],[-95.37852894,29.81052727]]},"properties":{"AADT_CUR":252,"RTE_NM":"1126254","RTE_PRFX":"CS","RTE_NBR":"1126254","SYSTEM":"Off"}},{"type":"Feature","geometry":{"type":"LineString","coordinates":[[-95.3421588186654,29.7972952422112],[-95.34214485,29.7972953899989],[-95.3421255141071,29.7972955872397]]},"properties":{"AADT_CUR":252,"RTE_NM":"1128452","RTE_PRFX":"CS","RTE_NBR":"1128452","SYSTEM":"Off"}},{"type":"Feature","geometry":{"type":"LineString","coordinates":[[-95.33382127,29.7736345],[-95.33344226,29.7736351],[-95.33311519,29.77363286]]},"properties":{"AADT_CUR":252,"RTE_NM":"1127396","RTE_PRFX":"CS","RTE_NBR":"1127396","SYSTEM":"Off"}},{"type":"Feature","geometry":{"type":"LineString","coordinates":[[-95.3583919179903,29.7195159929025],[-95.35575996,29.7186923299983]]},"properties":{"AADT_CUR":252,"RTE_NM":"1129213","RTE_PRFX":"CS","RTE_NBR":"1129213","SYSTEM":"Off"}},{"type":"Feature","geometry":{"type":"LineString","coordinates":[[-95.3673018293933,29.7219556257347],[-95.36401533,29.71997948],[-95.363759287,29.719872945],[-95.36339554,29.71975159],[-95.361389148,29.719152232],[-95.3588847865309,29.7184040627438]]},"properties":{"AADT_CUR":7301,"RTE_NM":"255935","RTE_PRFX":"CS","RTE_NBR":"255935","SYSTEM":"Off"}},{"type":"Feature","geometry":{"type":"LineString","coordinates":[[-95.30257813,29.7224317999983],[-95.30263147,29.7224713699984],[-95.30325421,29.7230691699983],[-95.30369762,29.7235676699984],[-95.30378348,29.7237224499984],[-95.30377613,29.7239254599983],[-95.3034784,29.7247990299983],[-95.30327351,29.7252905199984],[-95.30307744,29.7257677399983],[-95.30303149,29.7258632799984],[-95.30219854,29.7265018899984],[-95.3019753205287,29.7265987052643]]},"properties":{"AADT_CUR":252,"RTE_NM":"1129534","RTE_PRFX":"CS","RTE_NBR":"1129534","SYSTEM":"Off"}},{"type":"Feature","geometry":{"type":"LineString","coordinates":[[-95.38111059,29.77828153],[-95.37988498,29.77865731],[-95.37932055,29.77882312],[-95.37877119,29.77895209],[-95.37766332,29.77905365]]},"properties":{"AADT_CUR":8674,"RTE_NM":"1633651384","RTE_PRFX":"IH","RTE_NBR":"10","SYSTEM":"On"}},{"type":"Feature","geometry":{"type":"LineString","coordinates":[[-95.4021027607834,29.7343058099679],[-95.40208486,29.7343059199984],[-95.3995749592289,29.7343621485396]]},"properties":{"AADT_CUR":15126,"RTE_NM":"257017","RTE_PRFX":"CS","RTE_NBR":"257017","SYSTEM":"Off"}},{"type":"Feature","geometry":{"type":"LineString","coordinates":[[-95.3849111993835,29.7204813511754],[-95.38423667,29.7213308199983],[-95.38357368,29.7221714499983],[-95.38342747,29.7223583599983],[-95.38290832,29.7230094899984],[-95.38243255,29.7236184699983],[-95.38237898,29.7236629199983],[-95.38197515,29.7241837799983],[-95.38141568,29.7248926599984],[-95.38049809,29.7260573299984],[-95.37993201,29.7267696099984],[-95.37900579,29.7279321099984],[-95.3784463066143,29.728643965002],[-95.37792923,29.7292974199984],[-95.37744295,29.7299048099984]]},"properties":{"AADT_CUR":252,"RTE_NM":"1125112","RTE_PRFX":"CS","RTE_NBR":"1125112","SYSTEM":"Off"}},{"type":"Feature","geometry":{"type":"LineString","coordinates":[[-95.3818073220909,29.7388727359763],[-95.3818031,29.73887267],[-95.38147625,29.7387738],[-95.38138624,29.73874344],[-95.38112482,29.73863852],[-95.3808379058322,29.7384653436312]]},"properties":{"AADT_CUR":9629,"RTE_NM":"255774","RTE_PRFX":"CS","RTE_NBR":"255774","SYSTEM":"Off"}},{"type":"Feature","geometry":{"type":"LineString","coordinates":[[-95.35895156,29.7292888],[-95.35792558,29.72897271],[-95.35756259,29.72885934],[-95.35628761,29.72847056],[-95.35562292,29.72827023],[-95.35498374,29.72807745],[-95.35383362,29.72772777],[-95.35205523,29.72719074],[-95.35159735,29.72704931],[-95.3508544,29.72682776]]},"properties":{"AADT_CUR":252,"RTE_NM":"1129972","RTE_PRFX":"CS","RTE_NBR":"1129972","SYSTEM":"Off"}},{"type":"Feature","geometry":{"type":"LineString","coordinates":[[-95.3465657766799,29.7355512827818],[-95.34588372,29.7372206299984],[-95.34516874,29.7390580799985],[-95.3451598355141,29.7390807594875],[-95.34489976,29.7397431599985],[-95.34454207,29.7406671199985],[-95.344185751063,29.7415526473567]]},"properties":{"AADT_CUR":252,"RTE_NM":"1122973","RTE_PRFX":"CS","RTE_NBR":"1122973","SYSTEM":"Off"}},{"type":"Feature","geometry":{"type":"LineString","coordinates":[[-95.33174298,29.75615529],[-95.33115512,29.75579549],[-95.33112097,29.75577631]]},"properties":{"AADT_CUR":252,"RTE_NM":"1123655","RTE_PRFX":"CS","RTE_NBR":"1123655","SYSTEM":"Off"}},{"type":"Feature","geometry":{"type":"LineString","coordinates":[[-95.31807756,29.73288955],[-95.31741673,29.7326705],[-95.31651887,29.73236571],[-95.31585807,29.73215216]]},"properties":{"AADT_CUR":84,"RTE_NM":"1121724","RTE_PRFX":"CS","RTE_NBR":"1121724","SYSTEM":"Off"}},{"type":"Feature","geometry":{"type":"LineString","coordinates":[[-95.41635238,29.7375796],[-95.41300798,29.73760775],[-95.41291742,29.73762885],[-95.41279606,29.7376412],[-95.41094164,29.73765972],[-95.41068398,29.73766308],[-95.4080623,29.73769188],[-95.40708887,29.73769934],[-95.40626121,29.73770443],[-95.40451458,29.7377417],[-95.4035196,29.73774303]]},"properties":{"AADT_CUR":252,"RTE_NM":"1130490","RTE_PRFX":"CS","RTE_NBR":"1130490","SYSTEM":"Off"}},{"type":"Feature","geometry":{"type":"LineString","coordinates":[[-95.365678924952,29.7713618173493],[-95.36567974,29.77136465],[-95.36631036,29.77247338],[-95.3671445377884,29.7738053895196]]},"properties":{"AADT_CUR":232308,"RTE_NM":"IH0045-KG","RTE_PRFX":"IH","RTE_NBR":"45","SYSTEM":"On"}},{"type":"Feature","geometry":{"type":"LineString","coordinates":[[-95.3645385139258,29.7750369029004],[-95.3645321468206,29.7750235447665]]},"properties":{"AADT_CUR":252,"RTE_NM":"1130100","RTE_PRFX":"CS","RTE_NBR":"1130100","SYSTEM":"Off"}},{"type":"Feature","geometry":{"type":"LineString","coordinates":[[-95.39066882,29.78018413],[-95.38987007,29.7801908],[-95.38942356,29.78018859],[-95.38897742,29.78020513],[-95.38878538,29.78021756],[-95.38860297,29.7802309]]},"properties":{"AADT_CUR":252,"RTE_NM":"1122742","RTE_PRFX":"CS","RTE_NBR":"1122742","SYSTEM":"Off"}},{"type":"Feature","geometry":{"type":"LineString","coordinates":[[-95.3392319512886,29.792897117514],[-95.33836712,29.7929054599988]]},"properties":{"AADT_CUR":252,"RTE_NM":"1121153","RTE_PRFX":"CS","RTE_NBR":"1121153","SYSTEM":"Off"}},{"type":"Feature","geometry":{"type":"LineString","coordinates":[[-95.39935504,29.8098756699989],[-95.39932753,29.809741069999],[-95.3992896,29.809678149999],[-95.39749773,29.809715239999],[-95.396108,29.809725519999],[-95.39599978,29.809720299999],[-95.39456115,29.8097530599989],[-95.39346386,29.809767789999],[-95.39237094,29.8097803699989],[-95.39126432,29.809801539999],[-95.3901422361655,29.8098117101879],[-95.38919233,29.8098246799989],[-95.38773571,29.809845299999],[-95.38714779,29.8098456499989],[-95.38493866,29.809883759999],[-95.38271392,29.8099224099989]]},"properties":{"AADT_CUR":252,"RTE_NM":"1119964","RTE_PRFX":"CS","RTE_NBR":"1119964","SYSTEM":"Off"}},{"type":"Feature","geometry":{"type":"LineString","coordinates":[[-95.3167178810682,29.7401306937874],[-95.31638445,29.7409656399985],[-95.31584615,29.7422936199985],[-95.31541887,29.7433338099985],[-95.31510031,29.7441577499985],[-95.3150225837584,29.7443229308968]]},"properties":{"AADT_CUR":252,"RTE_NM":"1126047","RTE_PRFX":"CS","RTE_NBR":"1126047","SYSTEM":"Off"}},{"type":"Feature","geometry":{"type":"LineString","coordinates":[[-95.32253207,29.81969639],[-95.32243928,29.81954537],[-95.32231867,29.81943926],[-95.32206845,29.81929533],[-95.32052267,29.81875607],[-95.3184787,29.81804891],[-95.31845807,29.8175109],[-95.31727882,29.81717343],[-95.31718583,29.81753293],[-95.3170553,29.81753436],[-95.31651981,29.81734406],[-95.31498717,29.81680509],[-95.3134799,29.81628964]]},"properties":{"AADT_CUR":252,"RTE_NM":"1120192","RTE_PRFX":"CS","RTE_NBR":"1120192","SYSTEM":"Off"}},{"type":"Feature","geometry":{"type":"LineString","coordinates":[[-95.3189308825362,29.8089194506532],[-95.3189310882554,29.8089339954624]]},"properties":{"AADT_CUR":252,"RTE_NM":"1128110","RTE_PRFX":"CS","RTE_NBR":"1128110","SYSTEM":"Off"}},{"type":"Feature","geometry":{"type":"LineString","coordinates":[[-95.38576569,29.81322173],[-95.38572741,29.81324417],[-95.38568284,29.8132508],[-95.38375308,29.81327101],[-95.38254269,29.81329708],[-95.38241086,29.81326309],[-95.38227075,29.81323457],[-95.38092218,29.81324806]]},"properties":{"AADT_CUR":252,"RTE_NM":"1122714","RTE_PRFX":"CS","RTE_NBR":"1122714","SYSTEM":"Off"}},{"type":"Feature","geometry":{"type":"LineString","coordinates":[[-95.3464021283142,29.7435850278608],[-95.3455699380707,29.7430767773144],[-95.345248,29.7428811799985],[-95.3447067991405,29.7425581169287]]},"properties":{"AADT_CUR":69,"RTE_NM":"1122267","RTE_PRFX":"CS","RTE_NBR":"1122267","SYSTEM":"Off"}},{"type":"Feature","geometry":{"type":"LineString","coordinates":[[-95.44285272,29.81833806],[-95.44159352,29.81833606],[-95.44124116,29.81833503],[-95.4363544,29.81835451],[-95.43460019,29.81837505],[-95.43402801,29.81838036]]},"properties":{"AADT_CUR":252,"RTE_NM":"1126216","RTE_PRFX":"CS","RTE_NBR":"1126216","SYSTEM":"Off"}},{"type":"Feature","geometry":{"type":"LineString","coordinates":[[-95.382652092282,29.7736414137387],[-95.3814550521717,29.7736475760136],[-95.38034897,29.7736532599987],[-95.3803255707285,29.7736535848356],[-95.3792570070146,29.7736684144116],[-95.3781462400002,29.7736838200721],[-95.3770125398714,29.7736921311909],[-95.37588187,29.7737004099987],[-95.374751613623,29.7737065129201],[-95.373601457577,29.7737127129492],[-95.37238668,29.7737192499987]]},"properties":{"AADT_CUR":3828,"RTE_NM":"256156","RTE_PRFX":"CS","RTE_NBR":"256156","SYSTEM":"Off"}},{"type":"Feature","geometry":{"type":"LineString","coordinates":[[-95.4149517775997,29.7183050378924],[-95.4149351489062,29.7183051937007]]},"properties":{"AADT_CUR":252,"RTE_NM":"1120662","RTE_PRFX":"CS","RTE_NBR":"1120662","SYSTEM":"Off"}},{"type":"Feature","geometry":{"type":"LineString","coordinates":[[-95.418283996847,29.7052749575748],[-95.41475343,29.7052954599982],[-95.41256697,29.7053102599982],[-95.41207896,29.7053218499982],[-95.41005319,29.7053759199982],[-95.40909344,29.7054323499982]]},"properties":{"AADT_CUR":252,"RTE_NM":"1122571","RTE_PRFX":"CS","RTE_NBR":"1122571","SYSTEM":"Off"}},{"type":"Feature","geometry":{"type":"LineString","coordinates":[[-95.41111021,29.71180332],[-95.41006566,29.71180467],[-95.4098527,29.71179502],[-95.40957139,29.71176666],[-95.40929226,29.71171208],[-95.40905371,29.71164545],[-95.40763643,29.71117916],[-95.40743731,29.71112808],[-95.40578227,29.7105829],[-95.40556471,29.71050422],[-95.40531516,29.71039388],[-95.4051329,29.71029005],[-95.40498351,29.71020068],[-95.40481291,29.71008457],[-95.40464689,29.70994923],[-95.40452684,29.7098413],[-95.40439982,29.70970929],[-95.40427823,29.70955991],[-95.4040984,29.70933842]]},"properties":{"AADT_CUR":252,"RTE_NM":"1119510","RTE_PRFX":"CS","RTE_NBR":"1119510","SYSTEM":"Off"}},{"type":"Feature","geometry":{"type":"LineString","coordinates":[[-95.37325197,29.70440964],[-95.37095254,29.70369419]]},"properties":{"AADT_CUR":252,"RTE_NM":"1125328","RTE_PRFX":"CS","RTE_NBR":"1125328","SYSTEM":"Off"}},{"type":"Feature","geometry":{"type":"LineString","coordinates":[[-95.39094604,29.7240301299984],[-95.39098008,29.7235952699984],[-95.3909623901275,29.7229013604078],[-95.390967262443,29.7225349691892],[-95.3909742,29.7220132699983]]},"properties":{"AADT_CUR":4798,"RTE_NM":"1264393","RTE_PRFX":"CS","RTE_NBR":"1264393","SYSTEM":"Off"}},{"type":"Feature","geometry":{"type":"LineString","coordinates":[[-95.3604015710113,29.7880641600687],[-95.35945149,29.7880715399988],[-95.3586313,29.7880820299988],[-95.35781888,29.7880856799988],[-95.35699582,29.7880945099988],[-95.3562123,29.7880976499988],[-95.35614358,29.7880477699988],[-95.35607086,29.7880252799988],[-95.35498336,29.7880459599988],[-95.35399215,29.7880717299988],[-95.35301371,29.7880844199988],[-95.3520540967065,29.7880957047847],[-95.35107328,29.7881215399988],[-95.35020299,29.7881312899988],[-95.35014332,29.7881538199988],[-95.35008507,29.7882405099988]]},"properties":{"AADT_CUR":252,"RTE_NM":"1124341","RTE_PRFX":"CS","RTE_NBR":"1124341","SYSTEM":"Off"}},{"type":"Feature","geometry":{"type":"LineString","coordinates":[[-95.3465378001765,29.752621436371],[-95.3464668470569,29.7527361931002]]},"properties":{"AADT_CUR":185,"RTE_NM":"1127281","RTE_PRFX":"CS","RTE_NBR":"1127281","SYSTEM":"Off"}},{"type":"Feature","geometry":{"type":"LineString","coordinates":[[-95.3813581434781,29.76554049107],[-95.38135003,29.7655404099986],[-95.38128222,29.7654651599987],[-95.38050773,29.7654684099986],[-95.38015659,29.7654668899986],[-95.37978784,29.7654633099986],[-95.37939117,29.7654697499986],[-95.37892488,29.7654594099986],[-95.37825357,29.7654773899987],[-95.37713872,29.7654870399987],[-95.37558628,29.7654850299986],[-95.37542475,29.7654664799987],[-95.37528107,29.7654524099987],[-95.37463748,29.7654478199986],[-95.37392846,29.7654483799986],[-95.3738898,29.7654319199987],[-95.37386784,29.7654219099986],[-95.37231287,29.7654416399987],[-95.37204455,29.7653964099987],[-95.37175156,29.7653161799987],[-95.37140818,29.7651597899986],[-95.37124576,29.7650630699987],[-95.37116468,29.7649513699986]]},"properties":{"AADT_CUR":252,"RTE_NM":"1126237","RTE_PRFX":"CS","RTE_NBR":"1126237","SYSTEM":"Off"}},{"type":"Feature","geometry":{"type":"LineString","coordinates":[[-95.3810406977209,29.7640012104962],[-95.3809033,29.76377478],[-95.38081538,29.76363624],[-95.38069078,29.76347483],[-95.38057438,29.76336859],[-95.38043313,29.76326412],[-95.38028258,29.76319816],[-95.3801629,29.76315536],[-95.38002796,29.76312926],[-95.37990524,29.76311926],[-95.37977475,29.76311815],[-95.37963648,29.7631287],[-95.37951653,29.76314925],[-95.37915892,29.76322255],[-95.37871746,29.76329831]]},"properties":{"AADT_CUR":4060,"RTE_NM":"257102","RTE_PRFX":"CS","RTE_NBR":"257102","SYSTEM":"Off"}},{"type":"Feature","geometry":{"type":"LineString","coordinates":[[-95.39128339,29.74977433],[-95.39130861,29.75012746],[-95.39131079,29.75034255],[-95.39131381,29.75038216],[-95.39132567,29.75042153]]},"properties":{"AADT_CUR":252,"RTE_NM":"1124080","RTE_PRFX":"CS","RTE_NBR":"1124080","SYSTEM":"Off"}},{"type":"Feature","geometry":{"type":"LineString","coordinates":[[-95.41069876,29.75300964],[-95.40225598,29.75313438],[-95.3980455342875,29.7532280920425]]},"properties":{"AADT_CUR":13800,"RTE_NM":"256379","RTE_PRFX":"CS","RTE_NBR":"256379","SYSTEM":"Off"}},{"type":"Feature","geometry":{"type":"LineString","coordinates":[[-95.32504687,29.7665456],[-95.32506518,29.76718853],[-95.32507782,29.76765249]]},"properties":{"AADT_CUR":252,"RTE_NM":"1122981","RTE_PRFX":"CS","RTE_NBR":"1122981","SYSTEM":"Off"}},{"type":"Feature","geometry":{"type":"LineString","coordinates":[[-95.34073985,29.7672845],[-95.3394607,29.76731001],[-95.33895048,29.76731231],[-95.33849551,29.76732179],[-95.33793006,29.76733044],[-95.33752269,29.76734341],[-95.33653794,29.76736071],[-95.33567333,29.76736296],[-95.33555739,29.76735423],[-95.3346939,29.76736107],[-95.33378194,29.76737427],[-95.33108876,29.76745006],[-95.32875099,29.76747832],[-95.32861137,29.76748189],[-95.32726764,29.76751133],[-95.32720713,29.76751571],[-95.32654683,29.7675157]]},"properties":{"AADT_CUR":421,"RTE_NM":"1123841","RTE_PRFX":"CS","RTE_NBR":"1123841","SYSTEM":"Off"}},{"type":"Feature","geometry":{"type":"LineString","coordinates":[[-95.33376713,29.75637764],[-95.33341748,29.75613507],[-95.33294045,29.75585323],[-95.33288819,29.75582129],[-95.33281489,29.75577992],[-95.33230368,29.7554843],[-95.33166391,29.75510262]]},"properties":{"AADT_CUR":252,"RTE_NM":"1123599","RTE_PRFX":"CS","RTE_NBR":"1123599","SYSTEM":"Off"}},{"type":"Feature","geometry":{"type":"LineString","coordinates":[[-95.3418385378826,29.7322944624885],[-95.3418932850047,29.7321551754745],[-95.3419151129206,29.7320996409955],[-95.3419740233026,29.7319497611505],[-95.34203497,29.7317946999984],[-95.3420480202531,29.7317616908484],[-95.342057885727,29.7317367372244],[-95.34209077,29.7316535599984],[-95.3421105485916,29.7316090654312],[-95.3421107868626,29.7316085294087]]},"properties":{"AADT_CUR":8657,"RTE_NM":"256163","RTE_PRFX":"CS","RTE_NBR":"256163","SYSTEM":"Off"}},{"type":"Feature","geometry":{"type":"LineString","coordinates":[[-95.32174534,29.70524003],[-95.32150021,29.70489044],[-95.32119977,29.70460004],[-95.3208509,29.70440474],[-95.31974026,29.70400636],[-95.31958282,29.70390773],[-95.31899198,29.70360676],[-95.31885242,29.70357837],[-95.31874366,29.70362191],[-95.31805457,29.70402772]]},"properties":{"AADT_CUR":252,"RTE_NM":"1121102","RTE_PRFX":"CS","RTE_NBR":"1121102","SYSTEM":"Off"}},{"type":"Feature","geometry":{"type":"LineString","coordinates":[[-95.34395994,29.68712777],[-95.34397753,29.68722364],[-95.34399796,29.68730583],[-95.34397644,29.68741749],[-95.34390565,29.68759923],[-95.34359732,29.68837656],[-95.34352051,29.68856324],[-95.34345451,29.68877908],[-95.34341184,29.68901657],[-95.34335182,29.68912782],[-95.34328661,29.6892697],[-95.34314089,29.68952227],[-95.34301288,29.68985289],[-95.34271355,29.69057857],[-95.34242019,29.69132828],[-95.34212767,29.69205415],[-95.34185585,29.69277461],[-95.34176006,29.69296888],[-95.3416585,29.69313317],[-95.34145219,29.69336022],[-95.34136664,29.6934593],[-95.34123948,29.69357516],[-95.34097086,29.69401529],[-95.34070501,29.69456886],[-95.34039114,29.695318],[-95.33941217,29.69750023],[-95.33921621,29.69798783],[-95.33893987,29.69861149],[-95.33899001,29.69873589],[-95.33800189,29.70125165],[-95.33720394,29.70326424],[-95.3371179,29.70349904],[-95.33707722,29.70364743],[-95.3370558,29.70383498],[-95.33708881,29.70400692],[-95.33713726,29.7041579],[-95.33721889,29.70433972],[-95.33732072,29.70450498],[-95.3376983,29.70525674]]},"properties":{"AADT_CUR":501,"RTE_NM":"1126830","RTE_PRFX":"CS","RTE_NBR":"1126830","SYSTEM":"Off"}},{"type":"Feature","geometry":{"type":"LineString","coordinates":[[-95.3392581925616,29.7885665171998],[-95.33842374,29.7885712699988]]},"properties":{"AADT_CUR":252,"RTE_NM":"1125941","RTE_PRFX":"CS","RTE_NBR":"1125941","SYSTEM":"Off"}},{"type":"Feature","geometry":{"type":"LineString","coordinates":[[-95.4481626520852,29.8035470673068],[-95.44790419,29.80385519],[-95.44769525,29.80409634],[-95.44718505,29.8046321],[-95.44666576,29.80515382],[-95.44576999,29.80610212],[-95.44546323,29.80641005],[-95.44514711,29.80669339],[-95.44482743,29.80695272],[-95.44444227,29.80724368],[-95.44408165,29.80748253],[-95.44367771,29.80771904],[-95.44326909,29.80793447],[-95.4428874,29.80811946],[-95.44185122,29.8085515],[-95.44122365,29.80881727],[-95.44030104,29.80920365],[-95.43571065,29.81116735],[-95.43452999,29.81166089],[-95.43332939,29.81215594],[-95.43243959,29.8124099],[-95.43176824,29.81255139],[-95.43114513,29.81264116],[-95.43044141,29.81270062],[-95.4298559259396,29.8127061438961]]},"properties":{"AADT_CUR":159911,"RTE_NM":"IH0610-KG","RTE_PRFX":"IH","RTE_NBR":"610","SYSTEM":"On"}},{"type":"Feature","geometry":{"type":"LineString","coordinates":[[-95.3362311483189,29.808261377555],[-95.33615781,29.80825093],[-95.33607076,29.80823852],[-95.33578438,29.80819968],[-95.33573195,29.80819258],[-95.33521315,29.80813777],[-95.33474902,29.80808874],[-95.33419939,29.80805434],[-95.33403069,29.80805228],[-95.33316711,29.80804173],[-95.33224861,29.80806522],[-95.33157817,29.80811228],[-95.33150005,29.80811896],[-95.33065224,29.80819146],[-95.33032657,29.8082326],[-95.33001144,29.80827665],[-95.32827711,29.80851904],[-95.32437297,29.8090646],[-95.3242534,29.8090813],[-95.32354096,29.80915546],[-95.32265925,29.80921672],[-95.32153049,29.80924023],[-95.3204456,29.8092628],[-95.31964565,29.80926016],[-95.31732196,29.80928889],[-95.31687959,29.80929436],[-95.31253986,29.80934789],[-95.30969112,29.80938295],[-95.30752204,29.8094096],[-95.3071256,29.80939917],[-95.30675204,29.80938934],[-95.30620027,29.80932187],[-95.305649,29.80920769],[-95.30513082,29.80905255],[-95.30459142,29.8088393],[-95.30424944,29.80867195],[-95.3040387630749,29.8085575076463]]},"properties":{"AADT_CUR":172604,"RTE_NM":"IH0610-RG","RTE_PRFX":"IH","RTE_NBR":"610","SYSTEM":"On"}},{"type":"Feature","geometry":{"type":"LineString","coordinates":[[-95.328709312,29.815442408],[-95.32724846,29.81545851],[-95.32671546,29.81546198],[-95.32580984,29.81547441],[-95.32553907,29.8154809],[-95.32432462,29.81549711],[-95.32255925,29.81551707],[-95.32080577,29.81553393],[-95.31904812,29.81555749],[-95.318470311,29.815572477],[-95.31822498,29.815482279],[-95.31807281,29.815422054],[-95.317891136,29.815319939],[-95.317821292,29.81532546],[-95.31777827,29.81534029],[-95.317736248,29.815367156],[-95.31771032,29.81540333],[-95.31759202,29.81564824],[-95.317546666,29.815690862],[-95.317481074,29.815701701],[-95.317212693,29.815621472],[-95.31715152,29.815593585],[-95.31711557,29.815558698],[-95.31709303,29.81552381],[-95.317067282,29.81537065],[-95.317051662,29.815194733],[-95.31703479,29.81507552],[-95.316993499,29.815024778],[-95.316926727,29.814983346],[-95.313865332,29.813911678],[-95.313597219,29.81381169],[-95.313581677,29.813542688]]},"properties":{"AADT_CUR":279,"RTE_NM":"1121287","RTE_PRFX":"CS","RTE_NBR":"1121287","SYSTEM":"Off"}},{"type":"Feature","geometry":{"type":"LineString","coordinates":[[-95.3549483576337,29.7025076243148],[-95.3549367982943,29.7023917905747]]},"properties":{"AADT_CUR":252,"RTE_NM":"1122674","RTE_PRFX":"CS","RTE_NBR":"1122674","SYSTEM":"Off"}},{"type":"Feature","geometry":{"type":"LineString","coordinates":[[-95.385858480705,29.8145720794082],[-95.38587588,29.815297909999],[-95.38588829,29.815956649999],[-95.38589783,29.816479589999],[-95.3858433,29.816531209999],[-95.38578666,29.816576519999],[-95.38578843,29.817067819999],[-95.38580888,29.818150589999],[-95.38582003,29.819192349999]]},"properties":{"AADT_CUR":252,"RTE_NM":"1128999","RTE_PRFX":"CS","RTE_NBR":"1128999","SYSTEM":"Off"}},{"type":"Feature","geometry":{"type":"LineString","coordinates":[[-95.3777647170264,29.819140539608],[-95.3777561076006,29.8191410517347],[-95.3776432521796,29.8191398162023],[-95.377456388,29.819137634999],[-95.377199802,29.819098169999],[-95.376952635,29.819041632999],[-95.37664215,29.818995999999],[-95.37634367,29.818972449999],[-95.3761030457825,29.8189477059986],[-95.37574504,29.818946999999],[-95.3756433,29.818945549999],[-95.37556535,29.818935379999],[-95.37547224,29.818930129999],[-95.37537896,29.818932279999],[-95.3752863,29.818941829999],[-95.3752207581137,29.8189539275064],[-95.37519501,29.818958679999],[-95.37510587,29.818982699999],[-95.3750196,29.819013689999],[-95.37493691,29.819051389999],[-95.37485849,29.819095489999],[-95.37478501,29.819145629999],[-95.37471705,29.819201379999],[-95.37465519,29.819262299999],[-95.37459656,29.819332309999]]},"properties":{"AADT_CUR":3311,"RTE_NM":"257171","RTE_PRFX":"CS","RTE_NBR":"257171","SYSTEM":"Off"}},{"type":"Feature","geometry":{"type":"LineString","coordinates":[[-95.35911355,29.73224733],[-95.35791617,29.73186808],[-95.35726283,29.73166803],[-95.35712791,29.73162422],[-95.35653739,29.73144152],[-95.35523528,29.73103782],[-95.35395565,29.73065865],[-95.3528126,29.73030425],[-95.35146463,29.72989919],[-95.35059411,29.72961734],[-95.34981177,29.7293785],[-95.34929489,29.7292224],[-95.34875899,29.72905881],[-95.34773741,29.72875467],[-95.34670058,29.72843145],[-95.34579629,29.72815722]]},"properties":{"AADT_CUR":162,"RTE_NM":"1129033","RTE_PRFX":"CS","RTE_NBR":"1129033","SYSTEM":"Off"}},{"type":"Feature","geometry":{"type":"LineString","coordinates":[[-95.3603318850146,29.747548965161],[-95.360094534,29.747404849],[-95.3598943342597,29.7472843457248]]},"properties":{"AADT_CUR":3449,"RTE_NM":"256657","RTE_PRFX":"CS","RTE_NBR":"256657","SYSTEM":"Off"}},{"type":"Feature","geometry":{"type":"LineString","coordinates":[[-95.3468686402648,29.7279964856718],[-95.3468668890708,29.7280254508754]]},"properties":{"AADT_CUR":252,"RTE_NM":"1121186","RTE_PRFX":"CS","RTE_NBR":"1121186","SYSTEM":"Off"}},{"type":"Feature","geometry":{"type":"LineString","coordinates":[[-95.3562630296614,29.7248939266557],[-95.35605988,29.7248746899984],[-95.35594828,29.7248822099984],[-95.35567897,29.7249068799983],[-95.3554688,29.7249343099984],[-95.35527456,29.7249461799984],[-95.3551062,29.7249415999984],[-95.35493274,29.7249221699984],[-95.35472895,29.7248871999983],[-95.35398502,29.7246523599984],[-95.3532151,29.7244254599984],[-95.35245684,29.7241866199984],[-95.35170304,29.7239543499984],[-95.3509240729926,29.7237157678338]]},"properties":{"AADT_CUR":6140,"RTE_NM":"1119546","RTE_PRFX":"CS","RTE_NBR":"1119546","SYSTEM":"Off"}},{"type":"Feature","geometry":{"type":"LineString","coordinates":[[-95.3522744,29.70342127],[-95.35162353,29.70361646],[-95.35128533,29.70372401]]},"properties":{"AADT_CUR":252,"RTE_NM":"1122785","RTE_PRFX":"CS","RTE_NBR":"1122785","SYSTEM":"Off"}},{"type":"Feature","geometry":{"type":"LineString","coordinates":[[-95.4132154286594,29.8174325125578],[-95.41321544,29.817433599999],[-95.4132136,29.817702059999],[-95.41320913,29.817937309999],[-95.41321485,29.818530859999]]},"properties":{"AADT_CUR":252,"RTE_NM":"1123740","RTE_PRFX":"CS","RTE_NBR":"1123740","SYSTEM":"Off"}},{"type":"Feature","geometry":{"type":"LineString","coordinates":[[-95.3575475708991,29.7614405388716],[-95.3581350190105,29.7607050694083],[-95.35814795,29.7606888799972],[-95.358745997379,29.7599482698965],[-95.35875878,29.7599324399972],[-95.3593037382124,29.7592013661237],[-95.35933508,29.7591593199972],[-95.35994589,29.7584028699972],[-95.3599616904072,29.7583837052951],[-95.3605827008963,29.7576304588141],[-95.361160893228,29.7568672559444],[-95.3617301815661,29.7561525047757],[-95.3617522,29.7561248599972],[-95.36232669,29.7554128099972],[-95.3629292813655,29.7546592681662],[-95.3634978869546,29.7538968313566],[-95.3641008351694,29.7531477072359],[-95.3647026299838,29.7524000018449],[-95.3653045869996,29.7516520806379],[-95.36531666,29.7516370799972],[-95.36588158,29.750934509997],[-95.3664852852522,29.7501533850128],[-95.36705866,29.749411489997],[-95.3676470792618,29.7486734063499],[-95.3682215334341,29.7479342361384],[-95.3683884601762,29.7477466719707],[-95.3684232324868,29.7477076001444]]},"properties":{"AADT_CUR":1325,"RTE_NM":"256051","RTE_PRFX":"CS","RTE_NBR":"256051","SYSTEM":"Off"}},{"type":"Feature","geometry":{"type":"LineString","coordinates":[[-95.3659706936455,29.7620430955443],[-95.36597829,29.76203339],[-95.36659316,29.76130292],[-95.36719521,29.76052974],[-95.3677935950885,29.7598433163083]]},"properties":{"AADT_CUR":8647,"RTE_NM":"257140","RTE_PRFX":"CS","RTE_NBR":"257140","SYSTEM":"Off"}},{"type":"Feature","geometry":{"type":"LineString","coordinates":[[-95.4185568044634,29.7239113738205],[-95.418527089,29.72389836]]},"properties":{"AADT_CUR":252,"RTE_NM":"1252470","RTE_PRFX":"CS","RTE_NBR":"1252470","SYSTEM":"Off"}},{"type":"Feature","geometry":{"type":"LineString","coordinates":[[-95.3892881764136,29.7230912604752],[-95.38942939,29.7229972099984],[-95.38960953,29.7229058499984],[-95.38979081,29.7228419999983],[-95.39002914,29.7227734699983],[-95.39029943,29.7227099999983],[-95.390967262443,29.7225349691909],[-95.391195901,29.7224593979983],[-95.391442665,29.7223406019984],[-95.391667971,29.7222031709983],[-95.39183695,29.7220634099984],[-95.3921909937391,29.7218102624278]]},"properties":{"AADT_CUR":6375,"RTE_NM":"1129467","RTE_PRFX":"CS","RTE_NBR":"1129467","SYSTEM":"Off"}},{"type":"Feature","geometry":{"type":"LineString","coordinates":[[-95.39550852,29.73529167],[-95.39544651,29.73526667],[-95.39537418,29.73526678],[-95.39469056,29.73527203],[-95.39369609,29.73528511],[-95.39251688,29.73529856],[-95.39113114,29.73531164],[-95.39037468,29.73532317],[-95.38982468,29.73533011],[-95.38884071,29.73534122],[-95.38786461,29.73535066],[-95.38690222,29.73535896],[-95.38538982,29.73538059],[-95.3848738,29.73539385],[-95.38432201,29.73538226],[-95.38342801,29.7353969],[-95.38252446,29.7354076],[-95.38235309,29.73540977],[-95.38223686,29.73539417],[-95.38215793,29.73535127],[-95.38205881,29.73529196]]},"properties":{"AADT_CUR":252,"RTE_NM":"1121885","RTE_PRFX":"CS","RTE_NBR":"1121885","SYSTEM":"Off"}},{"type":"Feature","geometry":{"type":"LineString","coordinates":[[-95.39754079,29.74230235],[-95.39576478,29.74231171],[-95.39478591,29.74231967],[-95.39379501,29.74232804],[-95.39260855,29.74233939]]},"properties":{"AADT_CUR":252,"RTE_NM":"1124487","RTE_PRFX":"CS","RTE_NBR":"1124487","SYSTEM":"Off"}},{"type":"Feature","geometry":{"type":"LineString","coordinates":[[-95.3330319,29.70741754],[-95.33282246,29.70775253]]},"properties":{"AADT_CUR":252,"RTE_NM":"1127303","RTE_PRFX":"CS","RTE_NBR":"1127303","SYSTEM":"Off"}},{"type":"Feature","geometry":{"type":"LineString","coordinates":[[-95.423329531546,29.7766395617151],[-95.421902579013,29.7760874236457],[-95.42110765,29.7758026499987],[-95.42022988,29.7754877699987],[-95.41938007,29.7752034599987],[-95.41854797,29.7749182799987],[-95.4179971781396,29.7747579344088],[-95.41544595,29.7740563099987],[-95.41434321,29.7737524999987],[-95.41346692,29.7735066999987],[-95.41255644,29.7732563799987]]},"properties":{"AADT_CUR":150,"RTE_NM":"1119609","RTE_PRFX":"CS","RTE_NBR":"1119609","SYSTEM":"Off"}},{"type":"Feature","geometry":{"type":"LineString","coordinates":[[-95.41808254,29.77743411],[-95.4180816139574,29.7774050784412]]},"properties":{"AADT_CUR":11515,"RTE_NM":"257195","RTE_PRFX":"CS","RTE_NBR":"257195","SYSTEM":"Off"}},{"type":"Feature","geometry":{"type":"LineString","coordinates":[[-95.4206172133893,29.7254261820852],[-95.42061751,29.7254338099983],[-95.42062569,29.7258680099984],[-95.42062295,29.7261985499984],[-95.42063336,29.7276461999984],[-95.42064273,29.7286371399984]]},"properties":{"AADT_CUR":252,"RTE_NM":"1122504","RTE_PRFX":"CS","RTE_NBR":"1122504","SYSTEM":"Off"}},{"type":"Feature","geometry":{"type":"LineString","coordinates":[[-95.35424777,29.7673513699987],[-95.35424143,29.7681845899987],[-95.354241972623,29.7684237953679]]},"properties":{"AADT_CUR":252,"RTE_NM":"1128750","RTE_PRFX":"CS","RTE_NBR":"1128750","SYSTEM":"Off"}},{"type":"Feature","geometry":{"type":"LineString","coordinates":[[-95.34846377,29.75625572],[-95.34833294,29.75629204],[-95.34825468,29.75634974],[-95.34791192,29.75677253]]},"properties":{"AADT_CUR":252,"RTE_NM":"1119502","RTE_PRFX":"CS","RTE_NBR":"1119502","SYSTEM":"Off"}},{"type":"Feature","geometry":{"type":"LineString","coordinates":[[-95.38200876,29.80957042],[-95.38198202,29.80970106],[-95.38194248,29.80976464],[-95.3808252,29.80966773],[-95.38008075,29.80961531],[-95.3793956,29.80956926],[-95.3790125,29.80957409],[-95.37851448,29.80958654],[-95.37775307,29.80959967],[-95.37729344,29.80960124],[-95.37709892,29.8096127],[-95.37703361,29.80962974],[-95.37699596,29.8096552]]},"properties":{"AADT_CUR":252,"RTE_NM":"1129680","RTE_PRFX":"CS","RTE_NBR":"1129680","SYSTEM":"Off"}},{"type":"Feature","geometry":{"type":"LineString","coordinates":[[-95.41685695,29.8162914],[-95.41684271,29.81737392]]},"properties":{"AADT_CUR":252,"RTE_NM":"1123751","RTE_PRFX":"CS","RTE_NBR":"1123751","SYSTEM":"Off"}},{"type":"Feature","geometry":{"type":"LineString","coordinates":[[-95.4380659600331,29.7963848499481],[-95.43530488,29.7963919699989],[-95.4340106,29.7963980099989],[-95.43324119,29.7963962399989],[-95.4299893718666,29.7964188661355],[-95.42992402,29.7964193199989],[-95.42953432,29.7964224799989],[-95.42619416,29.7964319799988],[-95.42479552,29.7964408599989],[-95.42463726,29.7964573399989],[-95.42452775,29.7964854799989],[-95.42444335,29.7965231599989],[-95.4243243416549,29.7965882336707]]},"properties":{"AADT_CUR":252,"RTE_NM":"1126022","RTE_PRFX":"CS","RTE_NBR":"1126022","SYSTEM":"Off"}},{"type":"Feature","geometry":{"type":"LineString","coordinates":[[-95.33157551,29.80664744],[-95.33160216,29.8072695],[-95.33161768,29.80767514]]},"properties":{"AADT_CUR":970,"RTE_NM":"1129574","RTE_PRFX":"CS","RTE_NBR":"1129574","SYSTEM":"Off"}},{"type":"Feature","geometry":{"type":"LineString","coordinates":[[-95.33104585,29.75587914],[-95.33100489,29.75590386],[-95.33098014,29.75591382],[-95.33093777,29.75591056],[-95.32926315,29.75491621],[-95.32925032,29.75488144],[-95.32927504,29.75482066]]},"properties":{"AADT_CUR":252,"RTE_NM":"1121095","RTE_PRFX":"CS","RTE_NBR":"1121095","SYSTEM":"Off"}},{"type":"Feature","geometry":{"type":"LineString","coordinates":[[-95.3375398336826,29.7476057181116],[-95.33600998,29.7471217899985],[-95.33494208,29.7467968699985],[-95.33417433,29.7465577799985],[-95.33340416,29.7463178499985],[-95.3326319,29.7460720399985],[-95.33186304,29.7458529799985],[-95.33173452,29.7458239199985],[-95.33159929,29.7458051699985],[-95.33128327,29.7457152399985],[-95.33103289,29.7456398399985],[-95.33045952,29.7454451599985],[-95.33005807,29.7453237299985],[-95.32966984,29.7451988599985],[-95.32907938,29.7450194799985]]},"properties":{"AADT_CUR":252,"RTE_NM":"1123783","RTE_PRFX":"CS","RTE_NBR":"1123783","SYSTEM":"Off"}},{"type":"Feature","geometry":{"type":"LineString","coordinates":[[-95.31633688,29.7901268599989],[-95.3160068058997,29.7905168643939]]},"properties":{"AADT_CUR":252,"RTE_NM":"1122231","RTE_PRFX":"CS","RTE_NBR":"1122231","SYSTEM":"Off"}},{"type":"Feature","geometry":{"type":"LineString","coordinates":[[-95.34806372,29.8094755599989],[-95.34641951,29.8094919399989],[-95.34534072,29.809498399999],[-95.34350552,29.8095132199989],[-95.3423466779187,29.8095349399708]]},"properties":{"AADT_CUR":252,"RTE_NM":"1126872","RTE_PRFX":"CS","RTE_NBR":"1126872","SYSTEM":"Off"}},{"type":"Feature","geometry":{"type":"LineString","coordinates":[[-95.3286138490075,29.7434668143228],[-95.328397772,29.743428322],[-95.327743312,29.743332839],[-95.327335615,29.743295578],[-95.326930601,29.743244342],[-95.326565821,29.743174477],[-95.326171535,29.743074336],[-95.32570483,29.742918303],[-95.325244161,29.74275876],[-95.324352994,29.742501436],[-95.323011888,29.742086896],[-95.322279221,29.741822862],[-95.321196028,29.741472071],[-95.319374806,29.740906148],[-95.317067232,29.740216587],[-95.316622855,29.74010733],[-95.316062272,29.73997691],[-95.315751135,29.739886082],[-95.315423905,29.739783609],[-95.314713119,29.739550715],[-95.314506588,29.73947619],[-95.314058658,29.739266584],[-95.313790437,29.739164111],[-95.313481982,29.739075611],[-95.313114519,29.738982453],[-95.312443966,29.738821755],[-95.311765365,29.738649412],[-95.311161867,29.738463096],[-95.309208001,29.737833475],[-95.30832976,29.73756181],[-95.30661557,29.73702386],[-95.30629064,29.73692102],[-95.30554153,29.73669432],[-95.30449379,29.73638382],[-95.3043134803901,29.7363311694246]]},"properties":{"AADT_CUR":8836,"RTE_NM":"256443","RTE_PRFX":"CS","RTE_NBR":"256443","SYSTEM":"Off"}},{"type":"Feature","geometry":{"type":"LineString","coordinates":[[-95.3922628435041,29.8040605596795],[-95.39228444,29.805062499999],[-95.39229147,29.8054124599989],[-95.39230609,29.8060876199989],[-95.39231525,29.8072894499989],[-95.39233498,29.8081289399989],[-95.39234629,29.808952519999],[-95.39237094,29.8097803699989],[-95.3923866,29.810607979999],[-95.39240992,29.811437859999],[-95.39242667,29.812265589999]]},"properties":{"AADT_CUR":366,"RTE_NM":"1127741","RTE_PRFX":"CS","RTE_NBR":"1127741","SYSTEM":"Off"}},{"type":"Feature","geometry":{"type":"LineString","coordinates":[[-95.34068474,29.75789601],[-95.34146398,29.75833749],[-95.34169931,29.75848937]]},"properties":{"AADT_CUR":252,"RTE_NM":"1120427","RTE_PRFX":"CS","RTE_NBR":"1120427","SYSTEM":"Off"}},{"type":"Feature","geometry":{"type":"LineString","coordinates":[[-95.32260056,29.74757956],[-95.32185184,29.74733743],[-95.32111971,29.74712216],[-95.32026905,29.74686082],[-95.31989241,29.74673588]]},"properties":{"AADT_CUR":252,"RTE_NM":"1119990","RTE_PRFX":"CS","RTE_NBR":"1119990","SYSTEM":"Off"}},{"type":"Feature","geometry":{"type":"LineString","coordinates":[[-95.35183523,29.74155657],[-95.35352274,29.74257928]]},"properties":{"AADT_CUR":115,"RTE_NM":"1127980","RTE_PRFX":"CS","RTE_NBR":"1127980","SYSTEM":"Off"}},{"type":"Feature","geometry":{"type":"LineString","coordinates":[[-95.3461156661776,29.7423169366225],[-95.3461251051265,29.7423049795191]]},"properties":{"AADT_CUR":252,"RTE_NM":"257079","RTE_PRFX":"CS","RTE_NBR":"257079","SYSTEM":"Off"}},{"type":"Feature","geometry":{"type":"LineString","coordinates":[[-95.35637507,29.72570428],[-95.35603473,29.72657324],[-95.35563113,29.72753555]]},"properties":{"AADT_CUR":252,"RTE_NM":"1127283","RTE_PRFX":"CS","RTE_NBR":"1127283","SYSTEM":"Off"}},{"type":"Feature","geometry":{"type":"LineString","coordinates":[[-95.32072587,29.74800879],[-95.3214621,29.74823932],[-95.3222025,29.74847372],[-95.32294331,29.74869686],[-95.32367498,29.74893476]]},"properties":{"AADT_CUR":252,"RTE_NM":"1119991","RTE_PRFX":"CS","RTE_NBR":"1119991","SYSTEM":"Off"}},{"type":"Feature","geometry":{"type":"LineString","coordinates":[[-95.3346295098745,29.7414087662614],[-95.33462897,29.7414085999985],[-95.3325641723395,29.7407561959203],[-95.33067536,29.7401593599985],[-95.3291043901543,29.7396598332433],[-95.32699964,29.7389905399985]]},"properties":{"AADT_CUR":696,"RTE_NM":"256779","RTE_PRFX":"CS","RTE_NBR":"256779","SYSTEM":"Off"}},{"type":"Feature","geometry":{"type":"LineString","coordinates":[[-95.3338975324126,29.7299166881331],[-95.33412355,29.7296265899984],[-95.33429019,29.7294412599984],[-95.33450444,29.7292636599984],[-95.33475918,29.7290995299984],[-95.3350924723668,29.7288951362934],[-95.33606617,29.7282979999984],[-95.3361776534028,29.7282416982997],[-95.3362985059097,29.7281805830081],[-95.3365710103038,29.7279929744219],[-95.33664585,29.7279414499984]]},"properties":{"AADT_CUR":6081,"RTE_NM":"256225","RTE_PRFX":"CS","RTE_NBR":"256225","SYSTEM":"Off"}},{"type":"Feature","geometry":{"type":"LineString","coordinates":[[-95.35503825,29.7673358799987],[-95.35424777,29.7673513699987],[-95.35345637,29.7673612999987],[-95.35268543,29.7673627299987],[-95.3520679100625,29.7673722598434]]},"properties":{"AADT_CUR":252,"RTE_NM":"1130375","RTE_PRFX":"CS","RTE_NBR":"1130375","SYSTEM":"Off"}},{"type":"Feature","geometry":{"type":"LineString","coordinates":[[-95.42358691,29.76004397],[-95.42311369,29.76005398],[-95.42272397,29.76014923],[-95.42229476,29.76038432],[-95.42213968,29.76053112],[-95.42213897,29.76079778],[-95.42216775,29.76137466]]},"properties":{"AADT_CUR":252,"RTE_NM":"1261081","RTE_PRFX":"CS","RTE_NBR":"1261081","SYSTEM":"Off"}},{"type":"Feature","geometry":{"type":"LineString","coordinates":[[-95.3720232130704,29.7480105402321],[-95.37201807,29.7480074599985],[-95.37114097,29.7474699899985],[-95.3703163579705,29.7469738831247]]},"properties":{"AADT_CUR":4618,"RTE_NM":"257294","RTE_PRFX":"CS","RTE_NBR":"257294","SYSTEM":"Off"}},{"type":"Feature","geometry":{"type":"LineString","coordinates":[[-95.3209822663337,29.7183828416081],[-95.3209258563133,29.7182022154913],[-95.32088291,29.7180646999949],[-95.32084588,29.7178320299949],[-95.320850850794,29.7177295640604],[-95.32085279,29.7176895899949],[-95.32092135,29.7174654799949],[-95.3210799862773,29.7170736036254],[-95.32133649,29.7164399599949],[-95.3213457149509,29.7164162427488],[-95.3215972288009,29.7157695987564],[-95.32184181,29.7151407699949],[-95.321849846561,29.7151203468338],[-95.3222560154268,29.7140881457903],[-95.3225135925658,29.7134360075473],[-95.32278466,29.7127497299949],[-95.3234082003175,29.7111355791195]]},"properties":{"AADT_CUR":1577,"RTE_NM":"256666","RTE_PRFX":"CS","RTE_NBR":"256666","SYSTEM":"Off"}},{"type":"Feature","geometry":{"type":"LineString","coordinates":[[-95.3222375,29.7166883199983],[-95.3213457149509,29.7164162427522]]},"properties":{"AADT_CUR":252,"RTE_NM":"1123335","RTE_PRFX":"CS","RTE_NBR":"1123335","SYSTEM":"Off"}},{"type":"Feature","geometry":{"type":"LineString","coordinates":[[-95.3359432559203,29.7911242013653],[-95.3359341999995,29.7911261299974],[-95.33590137,29.7911854999964],[-95.33588189,29.7916398999964],[-95.33588924,29.7920515699964],[-95.33589718,29.7922162599966],[-95.33590157,29.7924025099988],[-95.33592747,29.7931811599964],[-95.3359335100006,29.7932395099989],[-95.33594625,29.7932923599964],[-95.33595725,29.7933684099965],[-95.33597229,29.7934278799965],[-95.33599215,29.7935093099965],[-95.33600382,29.7935919399965],[-95.33601514,29.7936844899965],[-95.33601876,29.7938580699965],[-95.3360162,29.7939294699964],[-95.3360167110487,29.7939415361505],[-95.3360475400006,29.7946694199988],[-95.33606585,29.7947460099966],[-95.33608591,29.7950246799966],[-95.33608869,29.7953658499965]]},"properties":{"AADT_CUR":252,"RTE_NM":"1126041","RTE_PRFX":"CS","RTE_NBR":"1126041","SYSTEM":"Off"}},{"type":"Feature","geometry":{"type":"LineString","coordinates":[[-95.32508483,29.75515375],[-95.32472406,29.75505504],[-95.32404313,29.75484106],[-95.32370279,29.75473033]]},"properties":{"AADT_CUR":252,"RTE_NM":"1125048","RTE_PRFX":"CS","RTE_NBR":"1125048","SYSTEM":"Off"}},{"type":"Feature","geometry":{"type":"LineString","coordinates":[[-95.36658084,29.79729942],[-95.36659202,29.7982037],[-95.36659693,29.79890135],[-95.36661889,29.79989891],[-95.36662718,29.80075564],[-95.36663681,29.80161594],[-95.36666206,29.80326118],[-95.36668138,29.80416355]]},"properties":{"AADT_CUR":252,"RTE_NM":"1129931","RTE_PRFX":"CS","RTE_NBR":"1129931","SYSTEM":"Off"}},{"type":"Feature","geometry":{"type":"LineString","coordinates":[[-95.410618612851,29.7732679486626],[-95.41055847,29.7702959],[-95.41049117,29.76678659],[-95.4100946,29.76605149],[-95.40968063,29.76542333],[-95.40950162,29.76529851]]},"properties":{"AADT_CUR":16939,"RTE_NM":"256211","RTE_PRFX":"CS","RTE_NBR":"256211","SYSTEM":"Off"}},{"type":"Feature","geometry":{"type":"LineString","coordinates":[[-95.36483052,29.77387629],[-95.36421685,29.77407421],[-95.36415595,29.77410485]]},"properties":{"AADT_CUR":252,"RTE_NM":"1128129","RTE_PRFX":"CS","RTE_NBR":"1128129","SYSTEM":"Off"}},{"type":"Feature","geometry":{"type":"LineString","coordinates":[[-95.36915394,29.7684532],[-95.36854681,29.76843119],[-95.3684721,29.76842576],[-95.3676799,29.7683913]]},"properties":{"AADT_CUR":252,"RTE_NM":"1131749","RTE_PRFX":"CS","RTE_NBR":"1131749","SYSTEM":"Off"}},{"type":"Feature","geometry":{"type":"LineString","coordinates":[[-95.4183673388531,29.7125773809424],[-95.41486617,29.7125999899983],[-95.4126446369303,29.7126140264828],[-95.41182236,29.7126197299983],[-95.41111951,29.7126273599983],[-95.41006203,29.7126248299983],[-95.4098154,29.7126053499983],[-95.40950401,29.7125651699983],[-95.40918962,29.7125014599983],[-95.40896162,29.7124367099983],[-95.407183,29.7118581299983],[-95.40562391,29.7113453199983],[-95.40531796,29.7112330499983],[-95.40501404,29.7111087799983],[-95.40481774,29.7110298499983],[-95.40444389,29.7108168999983],[-95.40341279,29.7102074299983]]},"properties":{"AADT_CUR":252,"RTE_NM":"1130642","RTE_PRFX":"CS","RTE_NBR":"1130642","SYSTEM":"Off"}},{"type":"Feature","geometry":{"type":"LineString","coordinates":[[-95.3745876365616,29.7495762463842],[-95.37459906,29.7495620999985],[-95.3751847202836,29.7488262510718],[-95.37583467,29.7480096099985],[-95.3766771004196,29.7469467480064],[-95.3772310565923,29.7462478272224],[-95.3776774956273,29.745684550676],[-95.3781568874475,29.7450796883056],[-95.37872967,29.7443569799985],[-95.3791733228163,29.7437963893721],[-95.37963923,29.7432076699985],[-95.3796705942858,29.7431680166111],[-95.3802053056582,29.742491983055],[-95.3806554955129,29.7419228007434],[-95.38112534,29.7413287599985],[-95.3816178531725,29.7405866166602],[-95.3817335699473,29.7404771819578]]},"properties":{"AADT_CUR":16986,"RTE_NM":"256712","RTE_PRFX":"CS","RTE_NBR":"256712","SYSTEM":"Off"}},{"type":"Feature","geometry":{"type":"LineString","coordinates":[[-95.3519927860945,29.7352630498142],[-95.35175931,29.7358614699984],[-95.35173565,29.7359366599984],[-95.35158994,29.7363249099984],[-95.35150193,29.7365238499984],[-95.35132376,29.7369818099984],[-95.35123136,29.7372198499984],[-95.35122958,29.7372694799985],[-95.3512348316254,29.737317722949]]},"properties":{"AADT_CUR":69,"RTE_NM":"1128924","RTE_PRFX":"CS","RTE_NBR":"1128924","SYSTEM":"Off"}},{"type":"Feature","geometry":{"type":"LineString","coordinates":[[-95.3508108657291,29.7191086657132],[-95.350700724,29.7193846799983],[-95.350634299,29.7195011389983],[-95.35052266,29.7196444899983],[-95.35043659,29.7197405099983],[-95.35034309,29.7198341299983],[-95.35024521,29.7199101599983],[-95.35012193,29.7199964099983],[-95.34999911,29.7200695699983],[-95.34987911,29.7201340499983],[-95.34976474,29.7201812099983],[-95.34966819,29.7202201099983],[-95.3496156,29.7202427199983],[-95.34932189,29.7203322499983],[-95.3491101,29.7203802199983],[-95.34892415,29.7204127199983],[-95.34882036,29.7204268499983],[-95.34864567,29.7204271699983],[-95.34821846,29.7203986999983],[-95.34807805,29.7203742099983],[-95.3476851391143,29.7202808066854],[-95.34766656,29.7202763899983],[-95.347407054,29.7201831289983],[-95.347209911,29.7201097529983],[-95.347098599,29.7200468599983],[-95.346949736,29.7199408729983],[-95.34655411,29.7196753209983],[-95.346474984,29.7195961219983],[-95.346438775,29.7195285689983],[-95.346426705,29.7194598519983],[-95.346430728,29.7193992869983],[-95.34644548,29.7193282399983],[-95.346615801,29.7188938049983],[-95.346867929,29.7182939779983],[-95.346910844,29.7181693539983],[-95.346916209,29.7181192709983],[-95.346904139,29.7180831649983],[-95.346874634,29.7180435639983],[-95.346819649,29.7180074579983],[-95.346474985,29.7178374089983],[-95.346283206,29.7177570429983],[-95.34587041,29.7176163099983],[-95.344411021,29.7171909869983],[-95.342459711,29.7165958089983],[-95.341726125,29.7163745089983],[-95.341669799,29.7163710149983],[-95.341629566,29.7163780029983],[-95.341587991,29.7163896499983],[-95.34155044,29.7164129449983],[-95.341518254,29.7164781699983],[-95.341406942,29.7167798369983],[-95.34094301,29.7179451779983],[-95.34054235,29.7189519959983],[-95.34037789,29.7193872999983]]},"properties":{"AADT_CUR":252,"RTE_NM":"1122033","RTE_PRFX":"CS","RTE_NBR":"1122033","SYSTEM":"Off"}},{"type":"Feature","geometry":{"type":"LineString","coordinates":[[-95.35027778,29.6996171099982],[-95.34980095,29.7007978999982],[-95.3493338966231,29.7019816804373]]},"properties":{"AADT_CUR":252,"RTE_NM":"1122917","RTE_PRFX":"CS","RTE_NBR":"1122917","SYSTEM":"Off"}},{"type":"Feature","geometry":{"type":"LineString","coordinates":[[-95.38524469,29.81187094],[-95.38374521,29.81190459],[-95.3822214,29.81192425],[-95.38212619,29.81191396],[-95.38201199,29.81189004],[-95.38090921,29.8119078]]},"properties":{"AADT_CUR":252,"RTE_NM":"1122712","RTE_PRFX":"CS","RTE_NBR":"1122712","SYSTEM":"Off"}},{"type":"Feature","geometry":{"type":"LineString","coordinates":[[-95.378644784925,29.8083109728087],[-95.37864489,29.808321229999],[-95.3786441317657,29.8083254239382]]},"properties":{"AADT_CUR":896,"RTE_NM":"1127483","RTE_PRFX":"CS","RTE_NBR":"1127483","SYSTEM":"Off"}},{"type":"Feature","geometry":{"type":"LineString","coordinates":[[-95.4081791151485,29.8139440999649],[-95.40814274,29.814106959999],[-95.40811708,29.814158649999],[-95.40802993,29.814307269999],[-95.40789357,29.814449169999],[-95.40774351,29.814540839999],[-95.40750932,29.814651809999],[-95.40729325,29.814730929999],[-95.40701377,29.814811049999],[-95.40667573,29.814886889999],[-95.40634447,29.814945399999],[-95.40606974,29.814978459999],[-95.40573315,29.815009819999],[-95.40539155,29.815021089999],[-95.40501257,29.815030249999],[-95.40402067,29.815036709999],[-95.4019917,29.814990639999],[-95.40140137,29.814961599999],[-95.40063446,29.814924559999],[-95.40003519,29.814912979999],[-95.39951198,29.814913449999],[-95.39947397,29.814964749999],[-95.39944666,29.815028409999]]},"properties":{"AADT_CUR":252,"RTE_NM":"1131524","RTE_PRFX":"CS","RTE_NBR":"1131524","SYSTEM":"Off"}},{"type":"Feature","geometry":{"type":"LineString","coordinates":[[-95.42946676,29.7727821199987],[-95.42830574,29.7720679999987],[-95.42726376,29.7714426999987],[-95.42624346,29.7708304999987],[-95.42610336,29.7707452199987],[-95.4254699120637,29.7703648585904]]},"properties":{"AADT_CUR":252,"RTE_NM":"1128107","RTE_PRFX":"CS","RTE_NBR":"1128107","SYSTEM":"Off"}},{"type":"Feature","geometry":{"type":"LineString","coordinates":[[-95.39226648,29.7690019399974],[-95.39224646,29.7697994499974],[-95.39225558,29.7698726099974],[-95.3922585609529,29.7698784881436],[-95.39227978,29.7699203299974],[-95.3922746941396,29.7708005547085]]},"properties":{"AADT_CUR":252,"RTE_NM":"1122052","RTE_PRFX":"CS","RTE_NBR":"1122052","SYSTEM":"Off"}},{"type":"Feature","geometry":{"type":"LineString","coordinates":[[-95.3782419869988,29.7368399863925],[-95.3782352199976,29.736835529997],[-95.3774229979167,29.7363439125823],[-95.3765668344745,29.7358184368469],[-95.3757022140613,29.7353252801759],[-95.37567837,29.7353116799985],[-95.3746541958928,29.7347073989819],[-95.3739722378965,29.7343050227455],[-95.3731568520775,29.7338164073925]]},"properties":{"AADT_CUR":7577,"RTE_NM":"255779","RTE_PRFX":"CS","RTE_NBR":"255779","SYSTEM":"Off"}},{"type":"Feature","geometry":{"type":"LineString","coordinates":[[-95.36926833,29.73865638],[-95.368423866,29.738156925]]},"properties":{"AADT_CUR":953,"RTE_NM":"1119726","RTE_PRFX":"CS","RTE_NBR":"1119726","SYSTEM":"Off"}},{"type":"Feature","geometry":{"type":"LineString","coordinates":[[-95.4330323911058,29.7127259247189],[-95.43247145,29.7127318999949],[-95.43215444,29.7127338999949],[-95.43102667,29.7127370499949],[-95.42989368,29.7127615399949],[-95.42876339,29.7127724099949],[-95.42756835,29.7127795899949],[-95.42605217,29.7128046999949],[-95.42460689,29.7128256299949],[-95.42315054,29.7128384899948],[-95.4220340520125,29.7128556099995]]},"properties":{"AADT_CUR":252,"RTE_NM":"1252492","RTE_PRFX":"CS","RTE_NBR":"1252492","SYSTEM":"Off"}},{"type":"Feature","geometry":{"type":"LineString","coordinates":[[-95.3429976970386,29.7676583255305],[-95.34301561,29.76745152],[-95.34295922,29.764654],[-95.3429596870072,29.7645767896769]]},"properties":{"AADT_CUR":6972,"RTE_NM":"256561","RTE_PRFX":"CS","RTE_NBR":"256561","SYSTEM":"Off"}},{"type":"Feature","geometry":{"type":"LineString","coordinates":[[-95.4101400011474,29.803814365145],[-95.40713043,29.80384543],[-95.40471381,29.80388528],[-95.3992020006642,29.8039759087308]]},"properties":{"AADT_CUR":8220,"RTE_NM":"255713","RTE_PRFX":"CS","RTE_NBR":"255713","SYSTEM":"Off"}},{"type":"Feature","geometry":{"type":"LineString","coordinates":[[-95.41915419,29.79796863],[-95.41915543,29.7981563],[-95.41915582,29.79821352]]},"properties":{"AADT_CUR":252,"RTE_NM":"1122690","RTE_PRFX":"CS","RTE_NBR":"1122690","SYSTEM":"Off"}},{"type":"Feature","geometry":{"type":"LineString","coordinates":[[-95.4105759819643,29.7711612994442],[-95.4094445872674,29.7711869597431],[-95.408366329518,29.7712122781036],[-95.407259065178,29.7712382702205],[-95.40616257,29.7712639999987],[-95.4061450905144,29.771271411471],[-95.40609493,29.7712926799987],[-95.403999857474,29.7710957580399],[-95.40393839,29.7710899799987],[-95.4022205161639,29.7709113756023],[-95.39858242,29.7705330499987],[-95.39729043,29.7704065299987],[-95.3960226804803,29.7702702326121],[-95.3948908323516,29.7701485351292],[-95.39481936,29.7701408499987],[-95.3940061395991,29.770057538787],[-95.3931195845955,29.7699667086319],[-95.3922585609529,29.7698784881449],[-95.3914044473531,29.7697909697393],[-95.3875925541701,29.7694173127289],[-95.3862843928414,29.7692890544571],[-95.3855020177656,29.7692123401255],[-95.38532824,29.7691952999987],[-95.38499922,29.7691477399987],[-95.38479104,29.7691312699987],[-95.3838557018712,29.7691154756242],[-95.38274553,29.7690967199987],[-95.38240793,29.7690844899986],[-95.3816339538216,29.7690007433764],[-95.3805400404901,29.7688823702605],[-95.3794225629642,29.7687614372071],[-95.3783200689716,29.768642115723],[-95.3772270324985,29.7685238080638],[-95.37565391,29.7683535199987],[-95.372330208481,29.7679873100069]]},"properties":{"AADT_CUR":2259,"RTE_NM":"256062","RTE_PRFX":"CS","RTE_NBR":"256062","SYSTEM":"Off"}},{"type":"Feature","geometry":{"type":"LineString","coordinates":[[-95.36732938,29.773797159],[-95.367110038,29.773830274],[-95.366825129,29.773918426],[-95.366517658,29.774075005],[-95.3659511,29.774468936],[-95.365769553,29.774577168],[-95.36554509,29.7746705],[-95.36524433,29.77478086],[-95.3624107,29.77580876],[-95.3616342381736,29.7760818927859]]},"properties":{"AADT_CUR":5712,"RTE_NM":"256497","RTE_PRFX":"CS","RTE_NBR":"256497","SYSTEM":"Off"}},{"type":"Feature","geometry":{"type":"LineString","coordinates":[[-95.31751425,29.78906807],[-95.31649574,29.78907306]]},"properties":{"AADT_CUR":252,"RTE_NM":"1125941","RTE_PRFX":"CS","RTE_NBR":"1125941","SYSTEM":"Off"}},{"type":"Feature","geometry":{"type":"LineString","coordinates":[[-95.336148623325,29.8083191344356],[-95.33598431,29.80829661],[-95.335674,29.80826118],[-95.33517208,29.80820269],[-95.33483351,29.80818223],[-95.33462883,29.80816492],[-95.33423883,29.80814434],[-95.33378995,29.80812782],[-95.33316623,29.80812087],[-95.33233944,29.80813845],[-95.33161678,29.8081872],[-95.33090941,29.80825249],[-95.33020265,29.8083465],[-95.32913753,29.80849573],[-95.32756687,29.80871497],[-95.3252624,29.80904002],[-95.32374249,29.80923025],[-95.32301745,29.80929027],[-95.32221199,29.8093326],[-95.32153456,29.80934088],[-95.31712003,29.80939219],[-95.31673731,29.80939618],[-95.31552168,29.80940953],[-95.30755203,29.80950479],[-95.3071477,29.80949871],[-95.30674236,29.80947914],[-95.3063323,29.80943969],[-95.30588586,29.80935709],[-95.30551274,29.80926762],[-95.30513733,29.8091525],[-95.30476929,29.80902003],[-95.30440143,29.80885529],[-95.3041034810841,29.8087022452825]]},"properties":{"AADT_CUR":172604,"RTE_NM":"IH0610-KG","RTE_PRFX":"IH","RTE_NBR":"610","SYSTEM":"On"}},{"type":"Feature","geometry":{"type":"LineString","coordinates":[[-95.3593890260899,29.7023639047243],[-95.35841052,29.70242118],[-95.355725,29.70256993],[-95.35520653,29.70259291],[-95.35427802,29.70263404],[-95.35367116,29.70268762],[-95.35292599,29.70277858],[-95.3523562896446,29.7029065965744]]},"properties":{"AADT_CUR":13206,"RTE_NM":"UA0090-LG","RTE_PRFX":"UA","RTE_NBR":"90","SYSTEM":"On"}},{"type":"Feature","geometry":{"type":"LineString","coordinates":[[-95.3517485339309,29.8158026523539],[-95.35112676,29.815814679999],[-95.34991362,29.815835609999],[-95.34828839,29.815857839999],[-95.34619161,29.815875059999],[-95.34537511,29.815892079999],[-95.34289632,29.815904429999],[-95.3424453491924,29.8159080098906]]},"properties":{"AADT_CUR":586,"RTE_NM":"1121287","RTE_PRFX":"CS","RTE_NBR":"1121287","SYSTEM":"Off"}},{"type":"Feature","geometry":{"type":"LineString","coordinates":[[-95.414971397392,29.7190644031638],[-95.4149547281284,29.7190645632788]]},"properties":{"AADT_CUR":252,"RTE_NM":"1122670","RTE_PRFX":"CS","RTE_NBR":"1122670","SYSTEM":"Off"}},{"type":"Feature","geometry":{"type":"LineString","coordinates":[[-95.3520105261328,29.7284513172814],[-95.35184802,29.7289351299984],[-95.35172303,29.7292710599984],[-95.35146463,29.7298991899984],[-95.35121339,29.7305130099984],[-95.3509747,29.7311474799984],[-95.35072013,29.7317612099984],[-95.35049214,29.7323511999984],[-95.35045383,29.7324493699984],[-95.35042403,29.7325366399984],[-95.3501493667386,29.7332104552116],[-95.35014323,29.7332255099984],[-95.35011154,29.7332854299984],[-95.34996552,29.7336463299984],[-95.34986662,29.7339030099984],[-95.34958672,29.7345168899984],[-95.34945389,29.7348128799984],[-95.34931852,29.7351609799984],[-95.34926608,29.7352888799985],[-95.34909134,29.7357139299984]]},"properties":{"AADT_CUR":252,"RTE_NM":"1121253","RTE_PRFX":"CS","RTE_NBR":"1121253","SYSTEM":"Off"}},{"type":"Feature","geometry":{"type":"LineString","coordinates":[[-95.369646254,29.779401545],[-95.36951894,29.779659943],[-95.369202549,29.780280576],[-95.369046569,29.780609672],[-95.36898811,29.780782779],[-95.368949138,29.78095688],[-95.368926506,29.781084704]]},"properties":{"AADT_CUR":499,"RTE_NM":"IH0045-XG","RTE_PRFX":"IH","RTE_NBR":"45","SYSTEM":"On"}},{"type":"Feature","geometry":{"type":"LineString","coordinates":[[-95.361914194739,29.7766816193845],[-95.3618987949675,29.776687114502]]},"properties":{"AADT_CUR":252,"RTE_NM":"1123773","RTE_PRFX":"CS","RTE_NBR":"1123773","SYSTEM":"Off"}},{"type":"Feature","geometry":{"type":"LineString","coordinates":[[-95.3629201795412,29.7445882634652],[-95.36288986,29.74462847],[-95.36273801,29.74482013],[-95.36246581,29.74517053],[-95.361872111,29.745875573],[-95.36101372,29.74692216],[-95.36081493,29.74716813],[-95.36005654,29.74804286],[-95.358967871,29.749199924],[-95.358673398,29.749522227],[-95.358385631,29.749846858],[-95.358118027,29.750157319],[-95.357816895,29.750520174],[-95.35738227,29.75107123],[-95.35547867,29.75347473],[-95.35435281,29.75495533],[-95.352174346,29.757702287],[-95.351546138,29.758435064],[-95.351275234,29.75877386],[-95.351106255,29.75900438],[-95.350914476,29.759286126],[-95.3507978,29.759489868],[-95.350687829,29.759688952],[-95.350600658,29.759878722],[-95.350487917,29.760152225],[-95.350391346,29.760419144],[-95.350294774,29.760779199],[-95.3500895866441,29.7618155334579]]},"properties":{"AADT_CUR":173273,"RTE_NM":"IH0069-LG","RTE_PRFX":"IH","RTE_NBR":"69","SYSTEM":"On"}},{"type":"Feature","geometry":{"type":"LineString","coordinates":[[-95.39991101,29.76780512],[-95.39921531,29.76780341],[-95.39865277,29.76780163]]},"properties":{"AADT_CUR":252,"RTE_NM":"1120602","RTE_PRFX":"CS","RTE_NBR":"1120602","SYSTEM":"Off"}},{"type":"Feature","geometry":{"type":"LineString","coordinates":[[-95.38239088,29.7765884299987],[-95.3813389641002,29.7766013256554]]},"properties":{"AADT_CUR":252,"RTE_NM":"1119550","RTE_PRFX":"CS","RTE_NBR":"1119550","SYSTEM":"Off"}},{"type":"Feature","geometry":{"type":"LineString","coordinates":[[-95.4037418933159,29.7427557955229],[-95.4037501318184,29.743751272457],[-95.4037746159354,29.7447300523711],[-95.40381016,29.746568849997],[-95.40380894,29.7469760399985],[-95.4038207,29.7482061499985],[-95.40382822,29.749098769997],[-95.4038360754739,29.7491731907833],[-95.40385974,29.7507731899972],[-95.40387921,29.7523949899971]]},"properties":{"AADT_CUR":252,"RTE_NM":"1123069","RTE_PRFX":"CS","RTE_NBR":"1123069","SYSTEM":"Off"}},{"type":"Feature","geometry":{"type":"LineString","coordinates":[[-95.37852894,29.81052727],[-95.37777149,29.81053148],[-95.37701307,29.81054481]]},"properties":{"AADT_CUR":252,"RTE_NM":"1129453","RTE_PRFX":"CS","RTE_NBR":"1129453","SYSTEM":"Off"}},{"type":"Feature","geometry":{"type":"LineString","coordinates":[[-95.43316884,29.7159467799983],[-95.43235025,29.7159539199983],[-95.4321927,29.7159581499983],[-95.43107369,29.7159753099983],[-95.42994672,29.7159894399983],[-95.4288146,29.7160023499983],[-95.42766321,29.7160058299983],[-95.42762404,29.7158607799983],[-95.42465083,29.7159046399983],[-95.42238528,29.7159330099983],[-95.42161272,29.7159379899983],[-95.42081609,29.7159466199983],[-95.42003414,29.7159619199983],[-95.41924138,29.7159687299983],[-95.4184400626287,29.7159844851019]]},"properties":{"AADT_CUR":252,"RTE_NM":"1252471","RTE_PRFX":"CS","RTE_NBR":"1252471","SYSTEM":"Off"}},{"type":"Feature","geometry":{"type":"LineString","coordinates":[[-95.34400569,29.77573378],[-95.3440273,29.77658635],[-95.3440171,29.77676373],[-95.34401697,29.77698161],[-95.34399801,29.77708166],[-95.3439572,29.77721262],[-95.34393071,29.77730844],[-95.34391307,29.77741455],[-95.34390745,29.77757128],[-95.34391785,29.77856714],[-95.34392631,29.77955289],[-95.3439333,29.78044048],[-95.34394418,29.78055967],[-95.34393447,29.78154121],[-95.34394501,29.78253198],[-95.34396939,29.78351576]]},"properties":{"AADT_CUR":252,"RTE_NM":"1130377","RTE_PRFX":"CS","RTE_NBR":"1130377","SYSTEM":"Off"}},{"type":"Feature","geometry":{"type":"LineString","coordinates":[[-95.345049246,29.73449689],[-95.34481911,29.73504308],[-95.34456702,29.73570185],[-95.34417405,29.736727],[-95.34389181,29.73739105],[-95.34342797,29.73854545],[-95.34317524,29.73922398],[-95.34279276,29.74016824],[-95.34250612,29.7408983],[-95.34244918,29.74103314]]},"properties":{"AADT_CUR":252,"RTE_NM":"1126833","RTE_PRFX":"CS","RTE_NBR":"1126833","SYSTEM":"Off"}},{"type":"Feature","geometry":{"type":"LineString","coordinates":[[-95.3255071609774,29.7276123743778],[-95.32542655,29.7277065399984],[-95.32525448,29.7281442799984],[-95.3249763827633,29.7288396978021],[-95.32469722,29.7295411599984],[-95.32441429,29.7302413399984],[-95.32414133,29.7309234399984],[-95.32386383,29.7316084299984],[-95.3235971,29.7322990099984],[-95.32349028,29.7325572699984],[-95.3233154,29.7329721499984],[-95.32305936,29.7336524599984],[-95.32277783,29.7343275099984],[-95.3225198210461,29.7350016772651]]},"properties":{"AADT_CUR":252,"RTE_NM":"1124587","RTE_PRFX":"CS","RTE_NBR":"1124587","SYSTEM":"Off"}},{"type":"Feature","geometry":{"type":"LineString","coordinates":[[-95.3555844,29.7889044999988],[-95.35499427,29.7889055099988],[-95.35401393,29.7889266899988],[-95.35302623,29.7889392099988],[-95.3520795640418,29.7889574065882],[-95.3510853600056,29.7889752402048],[-95.3501178,29.7889951799988]]},"properties":{"AADT_CUR":252,"RTE_NM":"1127711","RTE_PRFX":"CS","RTE_NBR":"1127711","SYSTEM":"Off"}},{"type":"Feature","geometry":{"type":"LineString","coordinates":[[-95.3153862246297,29.7151376574999],[-95.31576817,29.71537912],[-95.31624207,29.71568761],[-95.31672318,29.71599517],[-95.31796031,29.71678497],[-95.3185868,29.71718602],[-95.31894054,29.71740317],[-95.31943805,29.71768991],[-95.32022048,29.71810535],[-95.32115732,29.71859122],[-95.32231383,29.71919532],[-95.32364608,29.71988341],[-95.32469405,29.72042419],[-95.32576701,29.72099898],[-95.32616397,29.72123261],[-95.32641042,29.72137899],[-95.32698642,29.72174784],[-95.32813588,29.72248237],[-95.33101183,29.72432386],[-95.33303887,29.72561473],[-95.33436223,29.72646519],[-95.33514231,29.72696722],[-95.33582535,29.72740398],[-95.33638516,29.72776578],[-95.3366562572884,29.7279382497913]]},"properties":{"AADT_CUR":217996,"RTE_NM":"IH0045-UG","RTE_PRFX":"IH","RTE_NBR":"45","SYSTEM":"On"}},{"type":"Feature","geometry":{"type":"LineString","coordinates":[[-95.3338293385789,29.7155431918647],[-95.33374174,29.71515992],[-95.33368241,29.71490038],[-95.33343331,29.71421506],[-95.33319473,29.71352363],[-95.33299815,29.7125139],[-95.33290551,29.71188979],[-95.33278617,29.71131193],[-95.3326265,29.71081027],[-95.33243767,29.71039627],[-95.33222768,29.71003853]]},"properties":{"AADT_CUR":14196,"RTE_NM":"SS0005-LG","RTE_PRFX":"SS","RTE_NBR":"5","SYSTEM":"On"}},{"type":"Feature","geometry":{"type":"LineString","coordinates":[[-95.3135416350659,29.7889076483014],[-95.31356808,29.7898125799988],[-95.31357512,29.7906252299988],[-95.31358424,29.7914398299988],[-95.31359234,29.7917767299988],[-95.3136068,29.7922060699988],[-95.31362209,29.7930372699988],[-95.31364869,29.7939742799989],[-95.31368329,29.7952994199989]]},"properties":{"AADT_CUR":252,"RTE_NM":"1129432","RTE_PRFX":"CS","RTE_NBR":"1129432","SYSTEM":"Off"}},{"type":"Feature","geometry":{"type":"LineString","coordinates":[[-95.31238259,29.81512299],[-95.3123818,29.81858375],[-95.31238574,29.82082823],[-95.31237187,29.82428862],[-95.31237629,29.82689902],[-95.31238042,29.82755708]]},"properties":{"AADT_CUR":198,"RTE_NM":"1129923","RTE_PRFX":"CS","RTE_NBR":"1129923","SYSTEM":"Off"}},{"type":"Feature","geometry":{"type":"LineString","coordinates":[[-95.3256973915974,29.8093921149061],[-95.32572637,29.809687949999],[-95.32572657,29.810279739999],[-95.32577031,29.813434239999],[-95.32580885,29.815437129999],[-95.32580984,29.815474409999],[-95.32584989,29.818484539999],[-95.3258527,29.818681639999]]},"properties":{"AADT_CUR":274,"RTE_NM":"1131799","RTE_PRFX":"CS","RTE_NBR":"1131799","SYSTEM":"Off"}},{"type":"Feature","geometry":{"type":"LineString","coordinates":[[-95.37119848,29.72984857],[-95.37218006,29.72860439],[-95.372668505672,29.7279693006779]]},"properties":{"AADT_CUR":12771,"RTE_NM":"SH0288-XG","RTE_PRFX":"SH","RTE_NBR":"288","SYSTEM":"On"}},{"type":"Feature","geometry":{"type":"LineString","coordinates":[[-95.38727014,29.75972733],[-95.38721095,29.75968899],[-95.38713666,29.7596663],[-95.38575811,29.75969181]]},"properties":{"AADT_CUR":252,"RTE_NM":"1131668","RTE_PRFX":"CS","RTE_NBR":"1131668","SYSTEM":"Off"}},{"type":"Feature","geometry":{"type":"LineString","coordinates":[[-95.38199456,29.7806403999988],[-95.38199274,29.7814735499988],[-95.38199896,29.7821992599988],[-95.38200354,29.7829160899988],[-95.38200176,29.7836214799988],[-95.38201691,29.7840969599988],[-95.38201483,29.7844116899988],[-95.38202658,29.7852668299988],[-95.38205051,29.7859770399988],[-95.38204666,29.7867007799988],[-95.38205986,29.7874059399988],[-95.38207159,29.7880753299988],[-95.38208669,29.7888805499988],[-95.38209914,29.7889540899989],[-95.38209055,29.7896949799988],[-95.3821106501229,29.790533874742]]},"properties":{"AADT_CUR":252,"RTE_NM":"1125235","RTE_PRFX":"CS","RTE_NBR":"1125235","SYSTEM":"Off"}},{"type":"Feature","geometry":{"type":"LineString","coordinates":[[-95.39462487,29.7261708699984],[-95.39459644,29.7262372499984],[-95.3946038,29.7269247199984],[-95.39460843,29.7277285399984],[-95.39461527,29.7283420399984],[-95.39462699,29.7285230699984],[-95.394656,29.7293142199984],[-95.39467743,29.7301159899984],[-95.39468119,29.7308605499984],[-95.39470594,29.7309220299984],[-95.3946946067702,29.7313827237658],[-95.3946899323544,29.7315727366745],[-95.394688776504,29.7316197213627],[-95.3946867,29.7317041299984],[-95.3946859137329,29.7317327269719],[-95.39467925,29.7319750899984],[-95.39466452,29.7326148599984],[-95.39465103,29.7326602099984],[-95.39465782,29.7335768099984],[-95.3946583,29.7341777599984],[-95.3946471542253,29.7344390864591],[-95.39464649,29.7344546599984],[-95.39467695,29.7344925299984],[-95.39469056,29.7352720299985],[-95.39469682,29.7361261799985],[-95.39471567,29.7369792799985],[-95.39472293,29.7378324099984],[-95.3947410475969,29.7387069275245],[-95.39474167,29.7387369699985],[-95.39474882,29.7395916399985],[-95.39476433,29.7404509599984],[-95.39477514,29.7412932999985],[-95.39478591,29.7423196699985],[-95.3947946300499,29.7433976069982],[-95.3948095979951,29.7439409038248]]},"properties":{"AADT_CUR":1520,"RTE_NM":"1124094","RTE_PRFX":"CS","RTE_NBR":"1124094","SYSTEM":"Off"}},{"type":"Feature","geometry":{"type":"LineString","coordinates":[[-95.3821920234166,29.738881777013],[-95.38219715,29.73886815],[-95.3823761,29.73848091],[-95.38254306,29.73818242],[-95.38272953,29.73791189],[-95.38294654,29.73763954],[-95.38342891,29.73704897],[-95.38374877,29.73665068],[-95.38411623,29.73619775],[-95.38472683,29.73538411],[-95.3854096,29.73453136],[-95.3861679,29.73358426],[-95.38626259,29.733466],[-95.38642557,29.73324477],[-95.38661072,29.73301774],[-95.38682938,29.73280786],[-95.38702412,29.73265541],[-95.3872497,29.73250826],[-95.38755811,29.73235141],[-95.38785242,29.73224478],[-95.3882661370644,29.7321555431049]]},"properties":{"AADT_CUR":61540,"RTE_NM":"SS0527-KG","RTE_PRFX":"SS","RTE_NBR":"527","SYSTEM":"On"}},{"type":"Feature","geometry":{"type":"LineString","coordinates":[[-95.3746134434525,29.7382847132095],[-95.3754594957146,29.7388000388009],[-95.37631944,29.7393146699985],[-95.377179659843,29.7398364909233],[-95.3780466188602,29.7403558004585],[-95.37806283,29.7403655099985],[-95.37893631,29.7408869299985],[-95.3797641547574,29.7413736372967],[-95.37981301,29.7414023599984],[-95.38065564,29.7419228899985],[-95.3814983541865,29.7424216011364]]},"properties":{"AADT_CUR":252,"RTE_NM":"1123618","RTE_PRFX":"CS","RTE_NBR":"1123618","SYSTEM":"Off"}},{"type":"Feature","geometry":{"type":"LineString","coordinates":[[-95.37390775,29.72959241],[-95.37345595,29.72933141]]},"properties":{"AADT_CUR":252,"RTE_NM":"1120113","RTE_PRFX":"CS","RTE_NBR":"1120113","SYSTEM":"Off"}},{"type":"Feature","geometry":{"type":"LineString","coordinates":[[-95.42376511,29.78321452],[-95.42375156,29.78322558],[-95.42373603,29.78323445],[-95.42371899,29.78324085],[-95.42370094,29.78324463],[-95.42368242,29.78324564],[-95.42309956,29.78322936],[-95.42299865,29.78324661],[-95.42210172,29.78324379]]},"properties":{"AADT_CUR":252,"RTE_NM":"1121845","RTE_PRFX":"CS","RTE_NBR":"1121845","SYSTEM":"Off"}},{"type":"Feature","geometry":{"type":"LineString","coordinates":[[-95.41746393,29.7327795299984],[-95.41749002,29.7334816799984],[-95.4174952743733,29.7341214169341]]},"properties":{"AADT_CUR":252,"RTE_NM":"1261182","RTE_PRFX":"CS","RTE_NBR":"1261182","SYSTEM":"Off"}},{"type":"Feature","geometry":{"type":"LineString","coordinates":[[-95.3555877,29.7729479699987],[-95.3556328,29.7729616999987],[-95.3556603,29.7729855999987],[-95.3556781,29.7730146399987],[-95.355863,29.7735326999987],[-95.3560253549845,29.773876763977],[-95.3564389,29.7747531399987],[-95.35649862,29.7748744999987],[-95.35688188,29.7756711499987],[-95.35731573,29.7765889099987],[-95.3577528935846,29.7775075097649]]},"properties":{"AADT_CUR":1017,"RTE_NM":"1123677","RTE_PRFX":"CS","RTE_NBR":"1123677","SYSTEM":"Off"}},{"type":"Feature","geometry":{"type":"LineString","coordinates":[[-95.34794368,29.7686284899986],[-95.3479570204478,29.7696029163642]]},"properties":{"AADT_CUR":252,"RTE_NM":"1129669","RTE_PRFX":"CS","RTE_NBR":"1129669","SYSTEM":"Off"}},{"type":"Feature","geometry":{"type":"LineString","coordinates":[[-95.3521129,29.77156349],[-95.35212918,29.77212393]]},"properties":{"AADT_CUR":252,"RTE_NM":"1126631","RTE_PRFX":"CS","RTE_NBR":"1126631","SYSTEM":"Off"}},{"type":"Feature","geometry":{"type":"LineString","coordinates":[[-95.35748075,29.813908159999],[-95.357051,29.813844539999],[-95.35661114,29.813825269999],[-95.35622689,29.813803189999],[-95.3557764,29.813754599999],[-95.3552994,29.813668479999],[-95.35451381,29.813518059999],[-95.35420407,29.813473839999],[-95.35397292,29.813468699999],[-95.3537083575873,29.8134899304517],[-95.3534997725458,29.8135290696226],[-95.35349604,29.813529769999],[-95.353345544299,29.8135858645172],[-95.35319416,29.813642289999],[-95.3531789012206,29.8136498794281],[-95.35294801,29.813764719999],[-95.3528961536629,29.8138052654265],[-95.35280442,29.813876989999],[-95.35264608,29.814013899999],[-95.35252042,29.814145639999],[-95.35244749,29.814242799999],[-95.35236646,29.814372459999],[-95.35228547,29.814539019999],[-95.35223689,29.814694879999],[-95.3522205991485,29.8147633248304],[-95.35219613,29.814866129999],[-95.35217025,29.8150875999989],[-95.35220188,29.815286779999],[-95.3522149193483,29.8153763550611],[-95.35221599,29.815383709999],[-95.35224531,29.815512419999],[-95.3524372003744,29.8158987321552]]},"properties":{"AADT_CUR":12892,"RTE_NM":"1629072046","RTE_PRFX":"IH","RTE_NBR":"610","SYSTEM":"On"}},{"type":"Feature","geometry":{"type":"LineString","coordinates":[[-95.41129075,29.814048199999],[-95.41140391,29.814141289999],[-95.41149982,29.814249969999],[-95.41160254,29.814391879999],[-95.41165038,29.814506229999],[-95.41168315,29.814612879999],[-95.41169477,29.815171909999],[-95.41170975,29.816221829999],[-95.41172189,29.816295189999],[-95.4117212267747,29.8174009946191]]},"properties":{"AADT_CUR":252,"RTE_NM":"1128545","RTE_PRFX":"CS","RTE_NBR":"1128545","SYSTEM":"Off"}},{"type":"Feature","geometry":{"type":"LineString","coordinates":[[-95.32856031,29.7838957999988],[-95.32779021,29.7839071199988],[-95.3271677131819,29.7839046920579]]},"properties":{"AADT_CUR":8201,"RTE_NM":"1128482","RTE_PRFX":"CS","RTE_NBR":"1128482","SYSTEM":"Off"}},{"type":"Feature","geometry":{"type":"LineString","coordinates":[[-95.32767642,29.78093482],[-95.32767616,29.7815571]]},"properties":{"AADT_CUR":252,"RTE_NM":"1125260","RTE_PRFX":"CS","RTE_NBR":"1125260","SYSTEM":"Off"}},{"type":"Feature","geometry":{"type":"LineString","coordinates":[[-95.33600465,29.74953388],[-95.33605891,29.74960401],[-95.3366221,29.7499385],[-95.33728085,29.75035806],[-95.33807686,29.7508684],[-95.33894816,29.75136677],[-95.33979426,29.75189784],[-95.34032361,29.75221929],[-95.34068746,29.75243328],[-95.34138154,29.75288857],[-95.34216221,29.75335458],[-95.34303551,29.75387024],[-95.34341455,29.75409876],[-95.34398887,29.75445414],[-95.34409659,29.75451871],[-95.34476916,29.75489976],[-95.34537852,29.75528542],[-95.34621398,29.75579008],[-95.34678092,29.7561245],[-95.34694118,29.75622087],[-95.34714857,29.75634236],[-95.34728467,29.75641637],[-95.34758918,29.75657944],[-95.34791192,29.75677253],[-95.34868506,29.75726163],[-95.34920164,29.75753599],[-95.349556,29.75776232],[-95.35011167,29.75806446],[-95.35094663,29.75854444],[-95.3509723522976,29.7585606172783]]},"properties":{"AADT_CUR":2870,"RTE_NM":"296168","RTE_PRFX":"CS","RTE_NBR":"296168","SYSTEM":"Off"}},{"type":"Feature","geometry":{"type":"LineString","coordinates":[[-95.331323431,29.743958574],[-95.33096414,29.74459324],[-95.33045952,29.74544516]]},"properties":{"AADT_CUR":252,"RTE_NM":"1130595","RTE_PRFX":"CS","RTE_NBR":"1130595","SYSTEM":"Off"}},{"type":"Feature","geometry":{"type":"LineString","coordinates":[[-95.32870441,29.79272748],[-95.32769311,29.79272475],[-95.32684038,29.79273466],[-95.32635829,29.79275241],[-95.32576982,29.79276251],[-95.32494061,29.79276711]]},"properties":{"AADT_CUR":252,"RTE_NM":"1123140","RTE_PRFX":"CS","RTE_NBR":"1123140","SYSTEM":"Off"}},{"type":"Feature","geometry":{"type":"LineString","coordinates":[[-95.38565537,29.70252688],[-95.38506701,29.70237848],[-95.3845369,29.70224672],[-95.38434257,29.70220847],[-95.3841193,29.70217137],[-95.38383,29.70211503],[-95.38354082,29.70204296],[-95.38322651,29.70195177],[-95.38292095,29.7018529],[-95.38204314,29.7015443],[-95.38177995,29.70146704],[-95.38158661,29.70141588],[-95.38150528,29.70141619],[-95.38144129,29.70144035]]},"properties":{"AADT_CUR":252,"RTE_NM":"1126095","RTE_PRFX":"CS","RTE_NBR":"1126095","SYSTEM":"Off"}},{"type":"Feature","geometry":{"type":"LineString","coordinates":[[-95.37099587,29.80634173],[-95.37101457,29.80757175],[-95.37102163,29.80850248],[-95.37104038,29.80934942]]},"properties":{"AADT_CUR":252,"RTE_NM":"1125274","RTE_PRFX":"CS","RTE_NBR":"1125274","SYSTEM":"Off"}},{"type":"Feature","geometry":{"type":"LineString","coordinates":[[-95.43299879,29.7983871099989],[-95.4300404055029,29.7984024710703],[-95.43002324,29.7984025599989],[-95.42946501,29.7984010299989],[-95.42745102,29.7984020099989],[-95.42722932,29.7984300599989],[-95.42699377,29.7985445699989],[-95.4268831229257,29.7986528595338]]},"properties":{"AADT_CUR":252,"RTE_NM":"1122620","RTE_PRFX":"CS","RTE_NBR":"1122620","SYSTEM":"Off"}},{"type":"Feature","geometry":{"type":"LineString","coordinates":[[-95.3241180866957,29.8002818970299],[-95.32204644,29.80029929],[-95.3188476,29.80033678],[-95.3169275365432,29.8003734187547]]},"properties":{"AADT_CUR":5945,"RTE_NM":"256054","RTE_PRFX":"CS","RTE_NBR":"256054","SYSTEM":"Off"}},{"type":"Feature","geometry":{"type":"LineString","coordinates":[[-95.38781976,29.7795268299987],[-95.38814234,29.7803619799987],[-95.3886082710158,29.7815967780347]]},"properties":{"AADT_CUR":252,"RTE_NM":"1130868","RTE_PRFX":"CS","RTE_NBR":"1130868","SYSTEM":"Off"}},{"type":"Feature","geometry":{"type":"LineString","coordinates":[[-95.42772811,29.72306128],[-95.42207264,29.72316626],[-95.41851992,29.72305549]]},"properties":{"AADT_CUR":1633,"RTE_NM":"257725","RTE_PRFX":"CS","RTE_NBR":"257725","SYSTEM":"Off"}},{"type":"Feature","geometry":{"type":"LineString","coordinates":[[-95.3747636136564,29.7264498871233],[-95.374152432,29.726083324],[-95.3724937330757,29.725077313788]]},"properties":{"AADT_CUR":4453,"RTE_NM":"255935","RTE_PRFX":"CS","RTE_NBR":"255935","SYSTEM":"Off"}},{"type":"Feature","geometry":{"type":"LineString","coordinates":[[-95.3827193908679,29.737127675421],[-95.38180749,29.7371278399969],[-95.3817736527478,29.7371204438776]]},"properties":{"AADT_CUR":252,"RTE_NM":"1261010","RTE_PRFX":"CS","RTE_NBR":"1261010","SYSTEM":"Off"}},{"type":"Feature","geometry":{"type":"LineString","coordinates":[[-95.380348594934,29.732532554036],[-95.38034074,29.7325278799984],[-95.3802946804468,29.7325007775997],[-95.3801263638127,29.7324017363229],[-95.3795249924284,29.7320478724705],[-95.3786978351515,29.7315611410032],[-95.37866546,29.7315420899984],[-95.3778372122141,29.7310503074548],[-95.3762586228038,29.7301129714551]]},"properties":{"AADT_CUR":5860,"RTE_NM":"257340","RTE_PRFX":"CS","RTE_NBR":"257340","SYSTEM":"Off"}},{"type":"Feature","geometry":{"type":"LineString","coordinates":[[-95.39097101,29.7977630999989],[-95.38971377,29.7977907099989],[-95.38816186,29.7978191699989],[-95.3879645423256,29.7978202073244]]},"properties":{"AADT_CUR":252,"RTE_NM":"1128518","RTE_PRFX":"CS","RTE_NBR":"1128518","SYSTEM":"Off"}},{"type":"Feature","geometry":{"type":"LineString","coordinates":[[-95.42079567,29.78505066],[-95.42076767,29.78552508],[-95.42077346,29.78568362]]},"properties":{"AADT_CUR":252,"RTE_NM":"1130318","RTE_PRFX":"CS","RTE_NBR":"1130318","SYSTEM":"Off"}},{"type":"Feature","geometry":{"type":"LineString","coordinates":[[-95.4073806345014,29.7778371301842],[-95.40740221,29.7785214099987]]},"properties":{"AADT_CUR":252,"RTE_NM":"1123592","RTE_PRFX":"CS","RTE_NBR":"1123592","SYSTEM":"Off"}},{"type":"Feature","geometry":{"type":"LineString","coordinates":[[-95.4141629791425,29.7649293804633],[-95.4140829192229,29.7648546408358]]},"properties":{"AADT_CUR":252,"RTE_NM":"1121180","RTE_PRFX":"CS","RTE_NBR":"1121180","SYSTEM":"Off"}},{"type":"Feature","geometry":{"type":"LineString","coordinates":[[-95.3599646949038,29.7948075429238],[-95.35996471,29.7948082099989],[-95.3599636929926,29.7948365541591]]},"properties":{"AADT_CUR":252,"RTE_NM":"1126991","RTE_PRFX":"CS","RTE_NBR":"1126991","SYSTEM":"Off"}},{"type":"Feature","geometry":{"type":"LineString","coordinates":[[-95.365979483471,29.7620341192637],[-95.36597829,29.7620333899986],[-95.3651303412448,29.7615190558794],[-95.3642608907465,29.7609916681009],[-95.3634522402415,29.7605011496831],[-95.3625579434587,29.7599586674514],[-95.3616770305922,29.7594242918816]]},"properties":{"AADT_CUR":6270,"RTE_NM":"257214","RTE_PRFX":"CS","RTE_NBR":"257214","SYSTEM":"Off"}},{"type":"Feature","geometry":{"type":"LineString","coordinates":[[-95.32881598,29.77268972],[-95.32885605,29.77438062]]},"properties":{"AADT_CUR":252,"RTE_NM":"1128359","RTE_PRFX":"CS","RTE_NBR":"1128359","SYSTEM":"Off"}},{"type":"Feature","geometry":{"type":"LineString","coordinates":[[-95.339491246,29.768451221],[-95.339496483,29.768814428],[-95.339502806,29.769285482],[-95.339585713,29.771967388],[-95.339589264,29.772384954],[-95.339536035,29.772539371],[-95.33953943,29.77267867],[-95.33956033,29.77348543],[-95.33958298,29.77435868],[-95.33959419,29.77479059],[-95.33959256,29.77629684],[-95.339571201,29.777780642],[-95.339492722,29.779662773],[-95.339463951,29.780327314],[-95.339368442,29.781459302],[-95.339329105,29.781951368],[-95.33931662,29.782497633],[-95.339323132,29.783607236],[-95.339323943915,29.7840148517544]]},"properties":{"AADT_CUR":5226,"RTE_NM":"IH0069-AG","RTE_PRFX":"IH","RTE_NBR":"69","SYSTEM":"On"}},{"type":"Feature","geometry":{"type":"LineString","coordinates":[[-95.32405355,29.76734476],[-95.32322414,29.76733708],[-95.32176811,29.76735442]]},"properties":{"AADT_CUR":252,"RTE_NM":"1122972","RTE_PRFX":"CS","RTE_NBR":"1122972","SYSTEM":"Off"}},{"type":"Feature","geometry":{"type":"LineString","coordinates":[[-95.33040298,29.77073085],[-95.33032591,29.77074212],[-95.32932266,29.77075476],[-95.32926139,29.77075308],[-95.32922521,29.77073604]]},"properties":{"AADT_CUR":252,"RTE_NM":"1128400","RTE_PRFX":"CS","RTE_NBR":"1128400","SYSTEM":"Off"}},{"type":"Feature","geometry":{"type":"LineString","coordinates":[[-95.3328372687072,29.726746214548],[-95.33435654,29.7272034099984],[-95.33442445,29.7272315799984],[-95.3344409,29.7272671799984],[-95.33444591,29.7273157099984],[-95.33443708,29.7273597599984],[-95.33421969,29.7278951999984]]},"properties":{"AADT_CUR":576,"RTE_NM":"1126131","RTE_PRFX":"CS","RTE_NBR":"1126131","SYSTEM":"Off"}},{"type":"Feature","geometry":{"type":"LineString","coordinates":[[-95.3409231806206,29.7306008998231],[-95.34086984,29.7304840599984],[-95.33979138,29.7296481699984],[-95.33964408,29.7295403199984],[-95.33949846,29.7294307399984],[-95.33935454,29.7293194699984],[-95.33921236,29.7292064999984],[-95.33908339,29.7291013299984],[-95.33898887,29.7290160199984],[-95.33884703,29.7288818699984],[-95.338726582026,29.7287612818448],[-95.33870958,29.7287442599984],[-95.33854579,29.7285694399984],[-95.33838911,29.7283897299984],[-95.3382361651155,29.7281606580587],[-95.33816974,29.7280611699984],[-95.33801454,29.7276047599984]]},"properties":{"AADT_CUR":8026,"RTE_NM":"1599254343","RTE_PRFX":"IH","RTE_NBR":"45","SYSTEM":"On"}},{"type":"Feature","geometry":{"type":"LineString","coordinates":[[-95.3169736382896,29.8021964305506],[-95.31298464,29.8022379499989]]},"properties":{"AADT_CUR":388,"RTE_NM":"1121090","RTE_PRFX":"CS","RTE_NBR":"1121090","SYSTEM":"Off"}},{"type":"Feature","geometry":{"type":"LineString","coordinates":[[-95.3073594125986,29.7808505843646],[-95.30630809,29.7808376999987],[-95.30612849,29.7808451099988],[-95.30527397,29.7808339099987],[-95.30321812,29.7808293199987],[-95.301179194738,29.7808305877545]]},"properties":{"AADT_CUR":252,"RTE_NM":"1125764","RTE_PRFX":"CS","RTE_NBR":"1125764","SYSTEM":"Off"}},{"type":"Feature","geometry":{"type":"LineString","coordinates":[[-95.3074077703945,29.7742525294662],[-95.30740781,29.7742444999987],[-95.3074062130067,29.7741740233177],[-95.3073994092835,29.7738737680433],[-95.3073783977269,29.7729464834534]]},"properties":{"AADT_CUR":6203,"RTE_NM":"256617","RTE_PRFX":"CS","RTE_NBR":"256617","SYSTEM":"Off"}},{"type":"Feature","geometry":{"type":"LineString","coordinates":[[-95.2885303038728,29.6972745434163],[-95.28874201,29.69745208],[-95.28894339,29.69762031],[-95.28998624,29.69848651],[-95.29039821,29.69879547],[-95.29294513,29.70053668],[-95.29343606,29.70084197],[-95.29638614,29.70268047],[-95.30084772,29.70554268],[-95.3052907115283,29.7085423244649]]},"properties":{"AADT_CUR":190361,"RTE_NM":"IH0045-RG","RTE_PRFX":"IH","RTE_NBR":"45","SYSTEM":"On"}},{"type":"Feature","geometry":{"type":"LineString","coordinates":[[-95.3761973764497,29.8283071576799],[-95.3762930533444,29.8271153150966],[-95.37629604,29.8270781099991],[-95.37640408,29.8256483699991],[-95.37646802,29.8247003999991],[-95.37647738,29.8244370999991],[-95.3764634,29.8241429199991],[-95.3761989335169,29.8235310117964],[-95.3760717706469,29.8232367863202],[-95.37570209,29.822381419999],[-95.37533641,29.821537149999],[-95.37530038,29.821001109999],[-95.37527301,29.820448039999],[-95.37526606,29.820289869999],[-95.37512185,29.819938709999],[-95.37495393,29.819660339999],[-95.37470888,29.819399649999],[-95.3743096,29.819160279999],[-95.37353729,29.818818309999],[-95.37232162,29.818287929999],[-95.37179051,29.817994829999],[-95.37150228,29.817721529999],[-95.3714049934063,29.8175888436019],[-95.37126937,29.817403869999],[-95.37105414,29.817086859999],[-95.3710124620754,29.8169872304141],[-95.3709402,29.816814489999],[-95.3707118899942,29.8162338189977],[-95.37057841,29.815894329999],[-95.370412274674,29.8154946721147],[-95.37033328,29.815304639999],[-95.36994261,29.814424439999],[-95.3698750198439,29.8141199445512],[-95.3698456289275,29.8139875370893],[-95.3698294440154,29.8139146231422],[-95.369804783697,29.8138035267962]]},"properties":{"AADT_CUR":7156,"RTE_NM":"256325","RTE_PRFX":"CS","RTE_NBR":"256325","SYSTEM":"Off"}},{"type":"Feature","geometry":{"type":"LineString","coordinates":[[-95.37457155,29.75278904],[-95.37466028,29.75294172],[-95.37473479,29.75311647],[-95.37477154,29.75326143],[-95.37477145,29.75336977],[-95.37467104,29.75380896],[-95.37457337,29.75414797],[-95.37448971,29.75452918],[-95.37446152,29.75479207],[-95.3744213,29.75585587],[-95.3744338,29.75724855],[-95.37441105,29.75752519],[-95.37436592,29.75780527],[-95.37424014,29.758226],[-95.37411938,29.75850435],[-95.37390115,29.75892631],[-95.37348643,29.75968438],[-95.3733737946662,29.7598902640665]]},"properties":{"AADT_CUR":27560,"RTE_NM":"IH0045-AG","RTE_PRFX":"IH","RTE_NBR":"45","SYSTEM":"On"}},{"type":"Feature","geometry":{"type":"LineString","coordinates":[[-95.4107873074842,29.7426845571499],[-95.410737527936,29.7426877502195]]},"properties":{"AADT_CUR":13878,"RTE_NM":"257311","RTE_PRFX":"CS","RTE_NBR":"257311","SYSTEM":"Off"}},{"type":"Feature","geometry":{"type":"LineString","coordinates":[[-95.36001218,29.72782312],[-95.35965728,29.7276267],[-95.35899894,29.72728653],[-95.35833664,29.72694337],[-95.35714808,29.72634787]]},"properties":{"AADT_CUR":252,"RTE_NM":"1120447","RTE_PRFX":"CS","RTE_NBR":"1120447","SYSTEM":"Off"}},{"type":"Feature","geometry":{"type":"LineString","coordinates":[[-95.3313072304485,29.7759882187309],[-95.33132433,29.7769763099987],[-95.33133473,29.7777163499987],[-95.33132671,29.7778763499987],[-95.33135134,29.7779482299987],[-95.33137336,29.7789483899987],[-95.33139639,29.7799407299987],[-95.33140407,29.7800980299987],[-95.33140866,29.7808480999988],[-95.33138707,29.7808853599988]]},"properties":{"AADT_CUR":252,"RTE_NM":"1132409","RTE_PRFX":"CS","RTE_NBR":"1132409","SYSTEM":"Off"}},{"type":"Feature","geometry":{"type":"LineString","coordinates":[[-95.42775061,29.77081919],[-95.42771216,29.77086967],[-95.42726376,29.7714427],[-95.42675441,29.77206846],[-95.42659765,29.77227817],[-95.4264523,29.77242721],[-95.4263087,29.77254828],[-95.4256772,29.77297441],[-95.42504353,29.77342733]]},"properties":{"AADT_CUR":252,"RTE_NM":"1121961","RTE_PRFX":"CS","RTE_NBR":"1121961","SYSTEM":"Off"}},{"type":"Feature","geometry":{"type":"LineString","coordinates":[[-95.3561354214633,29.7871666256912],[-95.35495388,29.7871904699988],[-95.35396976,29.7872081199988],[-95.35299714,29.7872329199988],[-95.3520289303032,29.787244170257],[-95.35104364,29.7872703999988],[-95.35012504,29.7873108199988]]},"properties":{"AADT_CUR":252,"RTE_NM":"1126649","RTE_PRFX":"CS","RTE_NBR":"1126649","SYSTEM":"Off"}},{"type":"Feature","geometry":{"type":"LineString","coordinates":[[-95.3575223441962,29.7502982492102],[-95.3575085779507,29.7502900731396]]},"properties":{"AADT_CUR":1076,"RTE_NM":"1122267","RTE_PRFX":"CS","RTE_NBR":"1122267","SYSTEM":"Off"}},{"type":"Feature","geometry":{"type":"LineString","coordinates":[[-95.371052397,29.754057434],[-95.366750368274,29.751445859234]]},"properties":{"AADT_CUR":440,"RTE_NM":"256657","RTE_PRFX":"CS","RTE_NBR":"256657","SYSTEM":"Off"}},{"type":"Feature","geometry":{"type":"LineString","coordinates":[[-95.3337856,29.72179338],[-95.333781,29.72173468],[-95.33374508,29.72170734],[-95.33368665,29.72167976],[-95.33275184,29.72138989]]},"properties":{"AADT_CUR":252,"RTE_NM":"1130347","RTE_PRFX":"CS","RTE_NBR":"1130347","SYSTEM":"Off"}},{"type":"Feature","geometry":{"type":"LineString","coordinates":[[-95.35691264,29.6937852099982],[-95.35643264,29.6949559399981],[-95.35597388,29.6961092399982],[-95.35550045,29.6972841699982],[-95.35523497,29.6979319399982],[-95.35503668,29.6984484499982],[-95.35455684,29.6996171699982],[-95.35408423,29.7007879299982],[-95.35362131,29.7019569799982],[-95.3533863453965,29.7025302486925]]},"properties":{"AADT_CUR":252,"RTE_NM":"1121926","RTE_PRFX":"CS","RTE_NBR":"1121926","SYSTEM":"Off"}},{"type":"Feature","geometry":{"type":"LineString","coordinates":[[-95.3357525063354,29.7721832301533],[-95.33575107,29.7721832499987],[-95.33374759,29.7722070399987]]},"properties":{"AADT_CUR":252,"RTE_NM":"1131361","RTE_PRFX":"CS","RTE_NBR":"1131361","SYSTEM":"Off"}},{"type":"Feature","geometry":{"type":"LineString","coordinates":[[-95.34398887,29.75445414],[-95.34391058,29.75447808],[-95.34382034,29.75453251],[-95.34375723,29.75458768],[-95.34367631,29.75468504],[-95.34288279,29.75568557],[-95.34206091,29.75672768],[-95.34191445,29.75689664]]},"properties":{"AADT_CUR":1080,"RTE_NM":"296169","RTE_PRFX":"CS","RTE_NBR":"296169","SYSTEM":"Off"}},{"type":"Feature","geometry":{"type":"LineString","coordinates":[[-95.32418909,29.7270944299984],[-95.3254032294265,29.7274383192009]]},"properties":{"AADT_CUR":252,"RTE_NM":"1126606","RTE_PRFX":"CS","RTE_NBR":"1126606","SYSTEM":"Off"}},{"type":"Feature","geometry":{"type":"LineString","coordinates":[[-95.38710224,29.79706906],[-95.38712676,29.79844702]]},"properties":{"AADT_CUR":252,"RTE_NM":"1127566","RTE_PRFX":"CS","RTE_NBR":"1127566","SYSTEM":"Off"}},{"type":"Feature","geometry":{"type":"LineString","coordinates":[[-95.36253886,29.76483511],[-95.36244797,29.76508303],[-95.36234184,29.76528533],[-95.36228988,29.76539036],[-95.36223977,29.76552486],[-95.36221323,29.76560519],[-95.3621867,29.76569842],[-95.36216975,29.76577065],[-95.36215501,29.76585245],[-95.36214948,29.76593463],[-95.36214101,29.76604628],[-95.36214211,29.76612883],[-95.36215096,29.76626812],[-95.36216938,29.76639193],[-95.36219923,29.76651133],[-95.36223424,29.76661635],[-95.36227735,29.76672432],[-95.36233815,29.76684298],[-95.36240043,29.76695905],[-95.36249182,29.76710719],[-95.36263074,29.76730618],[-95.36282305,29.76756049],[-95.36300788,29.76779714],[-95.36351802,29.7684563],[-95.36388328,29.76893041],[-95.36401372,29.76909635],[-95.36419576,29.76931708],[-95.36436674,29.76950722],[-95.36473634,29.76990962],[-95.36493976,29.77012778],[-95.36524598,29.77045795],[-95.36535821,29.77060233],[-95.36545609,29.77075607],[-95.36557067,29.77092765],[-95.36567086,29.77116084],[-95.36581711,29.77145046],[-95.36594147,29.77166465],[-95.36605605,29.77184717],[-95.36625297,29.77216615],[-95.3668932,29.77312186],[-95.36701853,29.77331227],[-95.36725249,29.7736518],[-95.3673241846133,29.7737496057192]]},"properties":{"AADT_CUR":232308,"RTE_NM":"IH0045-UG","RTE_PRFX":"IH","RTE_NBR":"45","SYSTEM":"On"}},{"type":"Feature","geometry":{"type":"LineString","coordinates":[[-95.37603437,29.7537254999986],[-95.37550013,29.7534045899986],[-95.3754308741829,29.7532934794971]]},"properties":{"AADT_CUR":252,"RTE_NM":"1130274","RTE_PRFX":"CS","RTE_NBR":"1130274","SYSTEM":"Off"}},{"type":"Feature","geometry":{"type":"LineString","coordinates":[[-95.3687885819167,29.7366420274655],[-95.3687827511729,29.7366385585269],[-95.3687747676581,29.7366339360657]]},"properties":{"AADT_CUR":7052,"RTE_NM":"256239","RTE_PRFX":"CS","RTE_NBR":"256239","SYSTEM":"Off"}},{"type":"Feature","geometry":{"type":"LineString","coordinates":[[-95.36524364,29.7067350899982],[-95.36514075,29.7067408399982],[-95.3632306772031,29.7061425922543]]},"properties":{"AADT_CUR":252,"RTE_NM":"1124217","RTE_PRFX":"CS","RTE_NBR":"1124217","SYSTEM":"Off"}},{"type":"Feature","geometry":{"type":"LineString","coordinates":[[-95.4143744773556,29.7704761527338],[-95.41437313,29.7705133499987],[-95.41435064,29.7711631399987],[-95.4143584,29.7718820499987],[-95.41435233,29.7725661799987],[-95.414334700924,29.7737501132316]]},"properties":{"AADT_CUR":252,"RTE_NM":"1127075","RTE_PRFX":"CS","RTE_NBR":"1127075","SYSTEM":"Off"}},{"type":"Feature","geometry":{"type":"LineString","coordinates":[[-95.42585809,29.78244791],[-95.4258423,29.78265078],[-95.42578212,29.7831112],[-95.42575605,29.78317736]]},"properties":{"AADT_CUR":252,"RTE_NM":"1119773","RTE_PRFX":"CS","RTE_NBR":"1119773","SYSTEM":"Off"}},{"type":"Feature","geometry":{"type":"LineString","coordinates":[[-95.41045688,29.76367338],[-95.41046477,29.76459921],[-95.41048901,29.7653256],[-95.4105042,29.76604893],[-95.41053038,29.76672313],[-95.4104788,29.76679356]]},"properties":{"AADT_CUR":252,"RTE_NM":"1120465","RTE_PRFX":"CS","RTE_NBR":"1120465","SYSTEM":"Off"}},{"type":"Feature","geometry":{"type":"LineString","coordinates":[[-95.35499503,29.785183],[-95.35464572,29.78517924],[-95.35436344,29.78518351],[-95.35389271,29.78518465],[-95.35307813,29.78518786]]},"properties":{"AADT_CUR":252,"RTE_NM":"1123813","RTE_PRFX":"CS","RTE_NBR":"1123813","SYSTEM":"Off"}},{"type":"Feature","geometry":{"type":"LineString","coordinates":[[-95.35896583,29.79147431],[-95.35898561,29.79268109],[-95.35900672,29.79316276],[-95.35902349,29.79397402],[-95.35903746,29.79473333]]},"properties":{"AADT_CUR":252,"RTE_NM":"1121475","RTE_PRFX":"CS","RTE_NBR":"1121475","SYSTEM":"Off"}},{"type":"Feature","geometry":{"type":"LineString","coordinates":[[-95.3369228645435,29.8085242967031],[-95.33657682,29.80846412],[-95.33597994,29.8083723],[-95.33563013,29.80833217],[-95.33437613,29.80823151],[-95.33389414,29.80820212],[-95.33323742,29.80819161],[-95.33261405,29.80820057],[-95.33215673,29.80821999],[-95.33163905,29.80825411],[-95.33116645,29.80829989],[-95.33042904,29.80839184],[-95.32444697,29.80924998],[-95.32350827,29.80935543],[-95.32271098,29.8094068],[-95.32188801,29.80943349],[-95.32039429,29.8094564],[-95.31976794,29.80945109],[-95.31320503,29.80953256],[-95.31082435,29.8095477],[-95.30804597,29.80958866],[-95.3071172,29.80959411],[-95.30648659,29.80955845],[-95.30595563,29.80947101],[-95.30543319,29.80934587],[-95.30502022,29.80921486],[-95.3045443951355,29.8090243649098]]},"properties":{"AADT_CUR":172604,"RTE_NM":"IH0610-LG","RTE_PRFX":"IH","RTE_NBR":"610","SYSTEM":"On"}},{"type":"Feature","geometry":{"type":"LineString","coordinates":[[-95.35427573,29.70271558],[-95.35354943,29.70280058],[-95.35292793,29.70289039],[-95.35253018866,29.7029737919216]]},"properties":{"AADT_CUR":3343,"RTE_NM":"UA0090-XG","RTE_PRFX":"UA","RTE_NBR":"90","SYSTEM":"On"}},{"type":"Feature","geometry":{"type":"LineString","coordinates":[[-95.3312092930544,29.735070987292],[-95.33103864,29.7353950599984],[-95.33100073,29.7354512299984],[-95.33095557,29.7354921999984],[-95.33089165,29.7355340299984],[-95.33080703,29.7355875399984],[-95.33077433,29.7356288599985],[-95.33074709,29.7356921199985],[-95.33064859,29.7359311399984],[-95.33036262,29.7365945199985],[-95.33009329,29.7372709999985],[-95.32974,29.7381162799984],[-95.32940194,29.7389459699985],[-95.3293509032735,29.7390884375609],[-95.32931778,29.7391808999985],[-95.32910491,29.7396585899985],[-95.32879736,29.7403941099985],[-95.32850136,29.7411170499985]]},"properties":{"AADT_CUR":252,"RTE_NM":"1122942","RTE_PRFX":"CS","RTE_NBR":"1122942","SYSTEM":"Off"}},{"type":"Feature","geometry":{"type":"LineString","coordinates":[[-95.41315362,29.7941418699988],[-95.41318778,29.7959795299989],[-95.41323062,29.7978385399989],[-95.4132630575427,29.7996928152555]]},"properties":{"AADT_CUR":252,"RTE_NM":"1128375","RTE_PRFX":"CS","RTE_NBR":"1128375","SYSTEM":"Off"}},{"type":"Feature","geometry":{"type":"LineString","coordinates":[[-95.4079329271189,29.799773224551],[-95.4079335963321,29.7998167848259]]},"properties":{"AADT_CUR":1855,"RTE_NM":"1125854","RTE_PRFX":"CS","RTE_NBR":"1125854","SYSTEM":"Off"}},{"type":"Feature","geometry":{"type":"LineString","coordinates":[[-95.3535209129735,29.7601334436125],[-95.35291702,29.7608833599986]]},"properties":{"AADT_CUR":4044,"RTE_NM":"1127197","RTE_PRFX":"CS","RTE_NBR":"1127197","SYSTEM":"Off"}},{"type":"Feature","geometry":{"type":"LineString","coordinates":[[-95.3880874113235,29.7772138721247],[-95.38807042,29.77721388]]},"properties":{"AADT_CUR":13217,"RTE_NM":"IH0010-XG","RTE_PRFX":"IH","RTE_NBR":"10","SYSTEM":"On"}},{"type":"Feature","geometry":{"type":"LineString","coordinates":[[-95.422900502968,29.7517076798375],[-95.4229007555491,29.7517221945924]]},"properties":{"AADT_CUR":252,"RTE_NM":"1120368","RTE_PRFX":"CS","RTE_NBR":"1120368","SYSTEM":"Off"}},{"type":"Feature","geometry":{"type":"LineString","coordinates":[[-95.3548884539325,29.740852406483],[-95.35417437,29.7417468499985],[-95.35364886,29.7424292099985],[-95.35358138,29.7425120399985],[-95.35352274,29.7425792799985],[-95.3530524954749,29.7431657929856],[-95.35246091,29.7439243099985],[-95.352397,29.7440025599985],[-95.3518801925266,29.7446635199479],[-95.35148151,29.7451536999985],[-95.35127733,29.7454103799985],[-95.35067421,29.7461565899985],[-95.35009566,29.7469088799985],[-95.34949916,29.7476509299985]]},"properties":{"AADT_CUR":290,"RTE_NM":"296167","RTE_PRFX":"CS","RTE_NBR":"296167","SYSTEM":"Off"}},{"type":"Feature","geometry":{"type":"LineString","coordinates":[[-95.4191992158919,29.7900714409513],[-95.4191999115112,29.7900859766629]]},"properties":{"AADT_CUR":252,"RTE_NM":"1121049","RTE_PRFX":"CS","RTE_NBR":"1121049","SYSTEM":"Off"}},{"type":"Feature","geometry":{"type":"LineString","coordinates":[[-95.4116606939434,29.7770140549347],[-95.41166096,29.7770265599987],[-95.4116611886559,29.7770430365477]]},"properties":{"AADT_CUR":697,"RTE_NM":"1129493","RTE_PRFX":"CS","RTE_NBR":"1129493","SYSTEM":"Off"}},{"type":"Feature","geometry":{"type":"LineString","coordinates":[[-95.4096996146152,29.7834686740636],[-95.4096159590233,29.7834702012924]]},"properties":{"AADT_CUR":252,"RTE_NM":"1131538","RTE_PRFX":"CS","RTE_NBR":"1131538","SYSTEM":"Off"}},{"type":"Feature","geometry":{"type":"LineString","coordinates":[[-95.37093097,29.7887261199988],[-95.370501229771,29.7889093157071]]},"properties":{"AADT_CUR":252,"RTE_NM":"1122827","RTE_PRFX":"CS","RTE_NBR":"1122827","SYSTEM":"Off"}},{"type":"Feature","geometry":{"type":"LineString","coordinates":[[-95.3520681831026,29.7674152939992],[-95.35206791,29.76737225],[-95.35200902,29.76456336],[-95.35199828,29.76384666],[-95.35196857,29.76371168],[-95.35191496,29.76358751]]},"properties":{"AADT_CUR":1772,"RTE_NM":"256776","RTE_PRFX":"CS","RTE_NBR":"256776","SYSTEM":"Off"}},{"type":"Feature","geometry":{"type":"LineString","coordinates":[[-95.37119848,29.7298485699984],[-95.37069796,29.7304837699984],[-95.370197,29.7310921199984],[-95.36986125,29.7315052299984],[-95.36969544,29.7317261599984],[-95.3692282,29.7323192899984],[-95.36877417,29.7328844599984],[-95.36829565,29.7334937899984],[-95.3682192486874,29.7335659218102],[-95.36805427,29.7337732099984],[-95.36772707,29.7341892599984],[-95.36731588,29.7347288799984],[-95.3667413659092,29.7354565643154],[-95.36575152,29.7367143599985],[-95.36527464,29.7373221899985],[-95.36478838,29.7379164899985],[-95.36449551,29.7382835299984],[-95.36436008,29.7384757799984],[-95.3637842114823,29.7391858295207],[-95.36304758,29.7401480099985],[-95.36230446,29.7410600599985],[-95.36171931,29.7417799299985],[-95.3611282648582,29.7425318356576],[-95.3605484754072,29.7433018125195],[-95.3604618989994,29.7434168139925],[-95.3603663566468,29.743543724758],[-95.3603377218249,29.7435817608707],[-95.3601976768169,29.743767784478],[-95.3601332869059,29.7438533141458],[-95.3600606794531,29.7439497590259],[-95.3599947594379,29.7440373206612],[-95.3593697869573,29.744774092479],[-95.3589014,29.7453555999985],[-95.3587952259176,29.7454984138004],[-95.35877949,29.7455195799985],[-95.3581769359074,29.7462505984783],[-95.35763173,29.7469144699985],[-95.35758384,29.7469992899985],[-95.35700025,29.7477662599985],[-95.35640071,29.7485071199985],[-95.35580151,29.7492472599985],[-95.35521265,29.7500087599985],[-95.35461784,29.7507424299985],[-95.35402578,29.7514951999985],[-95.3534380520241,29.7522234630131],[-95.35284965,29.7529767899985]]},"properties":{"AADT_CUR":1466,"RTE_NM":"1124951","RTE_PRFX":"CS","RTE_NBR":"1124951","SYSTEM":"Off"}},{"type":"Feature","geometry":{"type":"LineString","coordinates":[[-95.3202516,29.7127102599983],[-95.3191724555492,29.7154362859809]]},"properties":{"AADT_CUR":252,"RTE_NM":"1132148","RTE_PRFX":"CS","RTE_NBR":"1132148","SYSTEM":"Off"}},{"type":"Feature","geometry":{"type":"LineString","coordinates":[[-95.34862577,29.81095085],[-95.34696314,29.81097366],[-95.34666387,29.81097541],[-95.34658442,29.81097324],[-95.34649378,29.81095147],[-95.34636847,29.81091583],[-95.34544068,29.81062905]]},"properties":{"AADT_CUR":252,"RTE_NM":"1132279","RTE_PRFX":"CS","RTE_NBR":"1132279","SYSTEM":"Off"}},{"type":"Feature","geometry":{"type":"LineString","coordinates":[[-95.3517275298483,29.8129600011177],[-95.3517244095467,29.8128662768616],[-95.3517218261001,29.8127886779412],[-95.3517165714296,29.8126308431558],[-95.3516959825295,29.8120124084743],[-95.3516674367013,29.8111549563131],[-95.35165131,29.810670539999],[-95.3516400525073,29.8102735631334],[-95.3516160589822,29.8094274603762],[-95.35160162,29.808918279999],[-95.3515926918938,29.8085774467302],[-95.3515696048714,29.8076960813449],[-95.3515480628718,29.806873684091],[-95.35152562,29.8060168799989],[-95.3515031969385,29.8051595375057],[-95.3514807108383,29.8042997696283],[-95.3514570280858,29.8033942307558]]},"properties":{"AADT_CUR":3365,"RTE_NM":"256249","RTE_PRFX":"CS","RTE_NBR":"256249","SYSTEM":"Off"}},{"type":"Feature","geometry":{"type":"LineString","coordinates":[[-95.4104067311626,29.812759344911],[-95.4103234965165,29.8127602598938]]},"properties":{"AADT_CUR":167718,"RTE_NM":"IH0610-RG","RTE_PRFX":"IH","RTE_NBR":"610","SYSTEM":"On"}},{"type":"Feature","geometry":{"type":"LineString","coordinates":[[-95.33242798,29.7541213],[-95.33177616,29.75494659],[-95.33172314,29.75501758],[-95.33166768,29.75509806],[-95.33139703,29.7554249],[-95.33112097,29.75577631],[-95.33104585,29.75587914],[-95.3309964,29.75594619],[-95.33063638,29.75641523],[-95.33058855,29.75648596],[-95.33034916,29.75680462],[-95.33013506,29.75709121]]},"properties":{"AADT_CUR":275,"RTE_NM":"1127220","RTE_PRFX":"CS","RTE_NBR":"1127220","SYSTEM":"Off"}},{"type":"Feature","geometry":{"type":"LineString","coordinates":[[-95.39030333,29.8068158299989],[-95.3894985,29.8068699599989],[-95.3890751297118,29.8069013033574]]},"properties":{"AADT_CUR":252,"RTE_NM":"1122706","RTE_PRFX":"CS","RTE_NBR":"1122706","SYSTEM":"Off"}},{"type":"Feature","geometry":{"type":"LineString","coordinates":[[-95.4128120386794,29.7316821306709],[-95.4128414,29.7316783299952],[-95.4128508027592,29.7312044539863],[-95.4128528010953,29.7311037421554],[-95.412856079822,29.7309385009478],[-95.4128575923845,29.7308622706647]]},"properties":{"AADT_CUR":21032,"RTE_NM":"256384","RTE_PRFX":"CS","RTE_NBR":"256384","SYSTEM":"Off"}},{"type":"Feature","geometry":{"type":"LineString","coordinates":[[-95.383084159405,29.7100880378244],[-95.38228,29.7098409699983]]},"properties":{"AADT_CUR":252,"RTE_NM":"1124614","RTE_PRFX":"CS","RTE_NBR":"1124614","SYSTEM":"Off"}},{"type":"Feature","geometry":{"type":"LineString","coordinates":[[-95.3762850082818,29.7253291265488],[-95.37755826,29.7260885199984],[-95.37758801,29.7261286899984],[-95.3775920466534,29.7261740398376],[-95.37760757,29.7262314599984],[-95.37764491,29.7262834499983],[-95.37865527,29.7268875399984]]},"properties":{"AADT_CUR":252,"RTE_NM":"1119785","RTE_PRFX":"CS","RTE_NBR":"1119785","SYSTEM":"Off"}},{"type":"Feature","geometry":{"type":"LineString","coordinates":[[-95.3910464874218,29.727591655],[-95.3910299030612,29.7275920094403]]},"properties":{"AADT_CUR":252,"RTE_NM":"1120160","RTE_PRFX":"CS","RTE_NBR":"1120160","SYSTEM":"Off"}},{"type":"Feature","geometry":{"type":"LineString","coordinates":[[-95.35049379,29.7247752429983],[-95.348943602,29.7243004539984],[-95.34849685,29.7241757499984],[-95.34806901,29.7240446099984],[-95.34750051,29.7238666199984],[-95.34732172,29.7238139599984],[-95.34678039,29.7236414899983],[-95.3463879924272,29.7235169034269]]},"properties":{"AADT_CUR":252,"RTE_NM":"1124831","RTE_PRFX":"CS","RTE_NBR":"1124831","SYSTEM":"Off"}},{"type":"Feature","geometry":{"type":"LineString","coordinates":[[-95.4344932448418,29.8282432707282],[-95.43449296,29.8282376799991],[-95.43450832,29.8280224199991],[-95.4345279,29.8277538699991],[-95.43457488,29.8274863099991],[-95.43462243,29.8272068099991],[-95.4346584116254,29.8270751683421],[-95.43468883,29.8269638799991],[-95.4348889547466,29.8262708457897],[-95.43489403,29.8262532699991],[-95.4351324175695,29.8254730971944],[-95.43532442,29.8248447199991],[-95.4353729165661,29.8246818920795],[-95.4356096801581,29.8238869468476],[-95.43574052,29.823447639999],[-95.4358480736572,29.8230872322105],[-95.4360877462633,29.8222840894792],[-95.43622986,29.8218078599991],[-95.43629794,29.821529099999],[-95.4363074684927,29.8214770820802],[-95.43635347,29.821225949999],[-95.43637417,29.820933509999],[-95.43638226,29.820626229999],[-95.43636509,29.818515919999],[-95.4363632634435,29.8183544748372],[-95.436350573681,29.817232840962]]},"properties":{"AADT_CUR":3783,"RTE_NM":"256876","RTE_PRFX":"CS","RTE_NBR":"256876","SYSTEM":"Off"}},{"type":"Feature","geometry":{"type":"LineString","coordinates":[[-95.42285482,29.7825653799988],[-95.4228313034902,29.783246084333]]},"properties":{"AADT_CUR":252,"RTE_NM":"1121841","RTE_PRFX":"CS","RTE_NBR":"1121841","SYSTEM":"Off"}},{"type":"Feature","geometry":{"type":"LineString","coordinates":[[-95.36572739,29.78751734],[-95.36634534,29.78797981],[-95.36695963,29.7884501],[-95.36750161,29.7888723],[-95.36754353,29.78892046],[-95.36756197,29.78897917],[-95.36757118,29.78936901]]},"properties":{"AADT_CUR":252,"RTE_NM":"1126465","RTE_PRFX":"CS","RTE_NBR":"1126465","SYSTEM":"Off"}},{"type":"Feature","geometry":{"type":"LineString","coordinates":[[-95.3600133313505,29.7821919503933],[-95.35999368,29.7821992399976],[-95.3592393187607,29.7824701175956],[-95.35771493,29.7830174799976],[-95.35689499,29.7833091499976],[-95.35610683,29.7833355099976],[-95.3546922307399,29.7833469448394],[-95.3538769219065,29.7833535281784],[-95.3530482543085,29.783360214013],[-95.3522315524637,29.783366798007],[-95.3514169284024,29.7833733600292],[-95.3506282671373,29.7833889479168]]},"properties":{"AADT_CUR":5031,"RTE_NM":"256977","RTE_PRFX":"CS","RTE_NBR":"256977","SYSTEM":"Off"}},{"type":"Feature","geometry":{"type":"LineString","coordinates":[[-95.3653638983616,29.7839510077989],[-95.36442021,29.7843087099988]]},"properties":{"AADT_CUR":252,"RTE_NM":"1123096","RTE_PRFX":"CS","RTE_NBR":"1123096","SYSTEM":"Off"}},{"type":"Feature","geometry":{"type":"LineString","coordinates":[[-95.38338489,29.77436092],[-95.38261214,29.77438275],[-95.38193146,29.77438986],[-95.38145561,29.774394],[-95.38033964,29.7743882],[-95.37926436,29.77441514],[-95.37814786,29.77442391],[-95.37702544,29.77444225],[-95.37589797,29.77444584],[-95.37475816,29.77445568],[-95.37362021,29.77446698],[-95.3723922,29.77447269],[-95.37121334,29.77449802],[-95.37010816,29.77451307],[-95.36900857,29.77451736],[-95.36889416,29.77451087],[-95.36877137,29.77451881]]},"properties":{"AADT_CUR":252,"RTE_NM":"1129841","RTE_PRFX":"CS","RTE_NBR":"1129841","SYSTEM":"Off"}},{"type":"Feature","geometry":{"type":"LineString","coordinates":[[-95.33015481,29.7818278299988],[-95.33017704,29.7828937499988],[-95.33019112,29.7838772699988],[-95.3302130048427,29.7850739312082]]},"properties":{"AADT_CUR":252,"RTE_NM":"1126239","RTE_PRFX":"CS","RTE_NBR":"1126239","SYSTEM":"Off"}},{"type":"Feature","geometry":{"type":"LineString","coordinates":[[-95.30680012,29.74787336],[-95.30429984,29.74709115],[-95.30034614,29.74583498],[-95.2983618,29.74520784],[-95.29832378,29.74516456],[-95.29826874,29.74510546],[-95.2961483,29.74445248],[-95.29423979,29.74387236]]},"properties":{"AADT_CUR":252,"RTE_NM":"1119997","RTE_PRFX":"CS","RTE_NBR":"1119997","SYSTEM":"Off"}},{"type":"Feature","geometry":{"type":"LineString","coordinates":[[-95.3370529,29.815253249999],[-95.33685743,29.815186449999],[-95.33671358,29.815151659999],[-95.33656939,29.815126119999],[-95.33638245,29.815108659999],[-95.33610667,29.815101119999],[-95.3358621233639,29.8151088761245],[-95.3357198606928,29.815113387959]]},"properties":{"AADT_CUR":252,"RTE_NM":"1128685","RTE_PRFX":"CS","RTE_NBR":"1128685","SYSTEM":"Off"}},{"type":"Feature","geometry":{"type":"LineString","coordinates":[[-95.31540387,29.7277666799984],[-95.31453828,29.7274036399984],[-95.3139417,29.7271954899984],[-95.31329248,29.7270411899984],[-95.31277103,29.7269752099984],[-95.31253496,29.7269613399984],[-95.31188624,29.7269102899984],[-95.31142809,29.7268460499984],[-95.31106868,29.7267710299984],[-95.3104523961594,29.7265960747901],[-95.3104152704128,29.7265855351434]]},"properties":{"AADT_CUR":252,"RTE_NM":"1122041","RTE_PRFX":"CS","RTE_NBR":"1122041","SYSTEM":"Off"}},{"type":"Feature","geometry":{"type":"LineString","coordinates":[[-95.37858558,29.816652979999],[-95.37863255,29.816874679999],[-95.37874546,29.817326619999],[-95.37890781,29.817987699999],[-95.37906922,29.818637039999],[-95.3791733135599,29.8190558792366]]},"properties":{"AADT_CUR":252,"RTE_NM":"1120234","RTE_PRFX":"CS","RTE_NBR":"1120234","SYSTEM":"Off"}},{"type":"Feature","geometry":{"type":"LineString","coordinates":[[-95.42885922,29.77950729],[-95.42885971,29.77972506],[-95.42886827,29.78044297],[-95.42888126,29.78117987],[-95.42889338,29.78190431],[-95.42890764,29.78253067]]},"properties":{"AADT_CUR":252,"RTE_NM":"1125745","RTE_PRFX":"CS","RTE_NBR":"1125745","SYSTEM":"Off"}},{"type":"Feature","geometry":{"type":"LineString","coordinates":[[-95.350093525114,29.7258463563334],[-95.3500982098086,29.7258338112524],[-95.35049025,29.7247839599984],[-95.3509240729926,29.7237157678338],[-95.35192968,29.7212395899983],[-95.3522445256015,29.7204484487077],[-95.3525628960724,29.7196484363614]]},"properties":{"AADT_CUR":10790,"RTE_NM":"257106","RTE_PRFX":"CS","RTE_NBR":"257106","SYSTEM":"Off"}},{"type":"Feature","geometry":{"type":"LineString","coordinates":[[-95.35913542,29.78413418],[-95.35936312,29.78459519],[-95.3593843,29.78468027],[-95.35937712,29.7847681],[-95.35933063,29.78492305]]},"properties":{"AADT_CUR":252,"RTE_NM":"1121905","RTE_PRFX":"CS","RTE_NBR":"1121905","SYSTEM":"Off"}},{"type":"Feature","geometry":{"type":"LineString","coordinates":[[-95.3981472729779,29.765752659772],[-95.3981347823251,29.7657622388934]]},"properties":{"AADT_CUR":252,"RTE_NM":"1129349","RTE_PRFX":"CS","RTE_NBR":"1129349","SYSTEM":"Off"}},{"type":"Feature","geometry":{"type":"LineString","coordinates":[[-95.3906514596013,29.7727597942124],[-95.39063871,29.7727604399987],[-95.3899768,29.7727567299987],[-95.38957364,29.7727660599987],[-95.38918166,29.7728438399987],[-95.3888628565831,29.7728723600145]]},"properties":{"AADT_CUR":2713,"RTE_NM":"1130514","RTE_PRFX":"CS","RTE_NBR":"1130514","SYSTEM":"Off"}},{"type":"Feature","geometry":{"type":"LineString","coordinates":[[-95.39115431,29.79539325],[-95.39002925,29.7954126],[-95.38824601,29.79544377],[-95.38796774,29.79544795],[-95.38791613,29.79556486]]},"properties":{"AADT_CUR":252,"RTE_NM":"1122698","RTE_PRFX":"CS","RTE_NBR":"1122698","SYSTEM":"Off"}},{"type":"Feature","geometry":{"type":"LineString","coordinates":[[-95.4118203678032,29.7490332011226],[-95.41182056,29.7490419599985],[-95.41182606,29.7498964099985],[-95.41182407,29.7500759999985],[-95.41185287,29.7506704099985],[-95.41184824,29.7509429999985]]},"properties":{"AADT_CUR":252,"RTE_NM":"1129828","RTE_PRFX":"CS","RTE_NBR":"1129828","SYSTEM":"Off"}},{"type":"Feature","geometry":{"type":"LineString","coordinates":[[-95.3612213635181,29.7266116470298],[-95.36121939,29.7266141299984],[-95.36089243,29.7274362299984],[-95.36064689,29.7280478999984],[-95.3603249770481,29.7288343565317]]},"properties":{"AADT_CUR":252,"RTE_NM":"1129559","RTE_PRFX":"CS","RTE_NBR":"1129559","SYSTEM":"Off"}},{"type":"Feature","geometry":{"type":"LineString","coordinates":[[-95.42885971,29.7797250599987],[-95.42657427,29.7797563299988],[-95.42589458,29.7797523399988],[-95.42429597,29.7797713399987],[-95.4220203,29.7797916499988],[-95.42008874,29.7798129399988],[-95.41811461,29.7798381499988],[-95.41591705,29.7798617199988],[-95.41362278,29.7798973599988],[-95.41267249,29.7799092299987],[-95.4117106,29.7799178199988],[-95.4107886868452,29.7799237295544]]},"properties":{"AADT_CUR":252,"RTE_NM":"1122306","RTE_PRFX":"CS","RTE_NBR":"1122306","SYSTEM":"Off"}},{"type":"Feature","geometry":{"type":"LineString","coordinates":[[-95.31970213,29.74580152],[-95.31968995,29.7458851],[-95.31929605,29.7467929],[-95.31925149,29.74686489]]},"properties":{"AADT_CUR":252,"RTE_NM":"1127155","RTE_PRFX":"CS","RTE_NBR":"1127155","SYSTEM":"Off"}},{"type":"Feature","geometry":{"type":"LineString","coordinates":[[-95.3325971896391,29.7099565264949],[-95.33258104,29.70996011],[-95.33222767,29.71003853],[-95.33199141,29.71009185],[-95.33177972,29.71010012]]},"properties":{"AADT_CUR":13653,"RTE_NM":"UA0090-LG","RTE_PRFX":"UA","RTE_NBR":"90","SYSTEM":"On"}},{"type":"Feature","geometry":{"type":"LineString","coordinates":[[-95.40885651,29.7878481],[-95.40886214,29.78799499],[-95.40886441,29.78824506],[-95.40887304,29.788677],[-95.40891733,29.79052196],[-95.40894809,29.79236064]]},"properties":{"AADT_CUR":252,"RTE_NM":"1122569","RTE_PRFX":"CS","RTE_NBR":"1122569","SYSTEM":"Off"}},{"type":"Feature","geometry":{"type":"LineString","coordinates":[[-95.422162354913,29.7340207346974],[-95.42216247,29.7340272699984],[-95.4221620132564,29.7340498117646]]},"properties":{"AADT_CUR":2090,"RTE_NM":"1131691","RTE_PRFX":"CS","RTE_NBR":"1131691","SYSTEM":"Off"}},{"type":"Feature","geometry":{"type":"LineString","coordinates":[[-95.3685358021852,29.7819037466143],[-95.36856932,29.7826826],[-95.36863571,29.78319426],[-95.36872332,29.78359023],[-95.36880654,29.78384662],[-95.36894577,29.78419753],[-95.36909989,29.78450665],[-95.36958105,29.78529299],[-95.37024603,29.78626553],[-95.37128958,29.78780587],[-95.3715474,29.78826628],[-95.37164823,29.78851411],[-95.37174615,29.78882286],[-95.37180932,29.78912696],[-95.37186079,29.78951202],[-95.3718713990352,29.7899596030547]]},"properties":{"AADT_CUR":145775,"RTE_NM":"IH0045-LG","RTE_PRFX":"IH","RTE_NBR":"45","SYSTEM":"On"}},{"type":"Feature","geometry":{"type":"LineString","coordinates":[[-95.3191289137076,29.7233849611791],[-95.31666648,29.7226319899984]]},"properties":{"AADT_CUR":252,"RTE_NM":"1120687","RTE_PRFX":"CS","RTE_NBR":"1120687","SYSTEM":"Off"}},{"type":"Feature","geometry":{"type":"LineString","coordinates":[[-95.3706048663187,29.7343039091807],[-95.37064075,29.73425577],[-95.37077522,29.7340672],[-95.37090135,29.73386398],[-95.37098849,29.73370885],[-95.3711276,29.73344182],[-95.37124673,29.7331679],[-95.37166557,29.73209693],[-95.37196948,29.73125611],[-95.37224315,29.73040605],[-95.37237555,29.72989335],[-95.3725201,29.72954871],[-95.37270755,29.7291527],[-95.37308057,29.72853999],[-95.37348482,29.72804899],[-95.37498685,29.72616309],[-95.37554673,29.72538536],[-95.3758026,29.72496114],[-95.37606213,29.72449448],[-95.37631949,29.72400329],[-95.37652344,29.72355153],[-95.37673311,29.72304542],[-95.37707856,29.72200038],[-95.37776193,29.71964164],[-95.37790087,29.71915296],[-95.37841301,29.71738814],[-95.37856862,29.71682976],[-95.37866465,29.71643891],[-95.37874508,29.71600293],[-95.37878771,29.71567509],[-95.37882215,29.71530177],[-95.37883161,29.71493115],[-95.37882783,29.7145203],[-95.37878007,29.7139065],[-95.37871343,29.71348031],[-95.37853947,29.71270015],[-95.378439,29.71229597],[-95.37823738,29.71163702],[-95.37806092,29.7111729],[-95.37767106,29.71023848],[-95.37739689,29.70968287],[-95.37695967,29.70887319],[-95.3762262,29.707595],[-95.37586093,29.70695416],[-95.37569302,29.70662885],[-95.37557118,29.7063787],[-95.37541315,29.70599113],[-95.3752669,29.70558832],[-95.37517341,29.70532234],[-95.37509347,29.70503277],[-95.37499633,29.70461249],[-95.37492389,29.7042034],[-95.3748865,29.70395746],[-95.37485215,29.70359068],[-95.37483028,29.70298164],[-95.37484054,29.70247977],[-95.37488571,29.70202833],[-95.37496053,29.70151986],[-95.375107222443,29.700941581319]]},"properties":{"AADT_CUR":182659,"RTE_NM":"SH0288-KG","RTE_PRFX":"SH","RTE_NBR":"288","SYSTEM":"On"}},{"type":"Feature","geometry":{"type":"LineString","coordinates":[[-95.3154007695408,29.7743863388619],[-95.31530069,29.77438601],[-95.31410598,29.77438344],[-95.31295497,29.77438601],[-95.31172684,29.77438151],[-95.31038432,29.77437316],[-95.30929629,29.77436287],[-95.30833036,29.77435966],[-95.3071755,29.7743558],[-95.30592809,29.77435452],[-95.30467297,29.77435388],[-95.30325204,29.77435002],[-95.3026338,29.77435259],[-95.30220386,29.77436673],[-95.30185618,29.77438601],[-95.3015824,29.7744085],[-95.30116917,29.77445735],[-95.30080542,29.77451711],[-95.30045196,29.77458781],[-95.30005286,29.77468292],[-95.29968719,29.77478575],[-95.29925596,29.77492906],[-95.29893181,29.7750449],[-95.29870368,29.77513276],[-95.29819161,29.77534088],[-95.2973826,29.77567262],[-95.29704199,29.77581722],[-95.2964623,29.77605693],[-95.2959501,29.77626773],[-95.29541027,29.77649266],[-95.29493855,29.77668739],[-95.29454717,29.77684677],[-95.29408959,29.77703635],[-95.29356775,29.77725164],[-95.29314938,29.77741488],[-95.29281905,29.77752863],[-95.29244052,29.77763917],[-95.29221302,29.77770279],[-95.29196816,29.7777632],[-95.29168475,29.77782297],[-95.29133642,29.77788467],[-95.29098039,29.77793608],[-95.29059093,29.77797978],[-95.29021176,29.77800999],[-95.28985123,29.77802477],[-95.28933196,29.77803184],[-95.28884675,29.77804212],[-95.28804085,29.77805562],[-95.28718289,29.77806847],[-95.28659164,29.77807811],[-95.28565657,29.77809353],[-95.28422921,29.77811924],[-95.2840919212264,29.7781213146058]]},"properties":{"AADT_CUR":150753,"RTE_NM":"IH0010-LG","RTE_PRFX":"IH","RTE_NBR":"10","SYSTEM":"On"}},{"type":"Feature","geometry":{"type":"LineString","coordinates":[[-95.31095025,29.7710064],[-95.31049762,29.77100094],[-95.30947313,29.77101333],[-95.30844701,29.77101766],[-95.30738863,29.77101117],[-95.30648478,29.77101],[-95.30633137,29.77101203]]},"properties":{"AADT_CUR":252,"RTE_NM":"1119777","RTE_PRFX":"CS","RTE_NBR":"1119777","SYSTEM":"Off"}},{"type":"Feature","geometry":{"type":"LineString","coordinates":[[-95.36542943,29.71622872],[-95.36288604,29.71546122],[-95.36279782,29.71544633],[-95.36101304,29.71491297],[-95.36093974,29.71488099],[-95.36089003,29.71482965],[-95.36073665,29.7146347]]},"properties":{"AADT_CUR":252,"RTE_NM":"1127772","RTE_PRFX":"CS","RTE_NBR":"1127772","SYSTEM":"Off"}},{"type":"Feature","geometry":{"type":"LineString","coordinates":[[-95.3616770305922,29.7594242918816],[-95.3616735439858,29.7594221768285],[-95.3607968894662,29.7588903725219],[-95.3599616904064,29.7583837052961],[-95.3590411579039,29.7578252587548],[-95.3582562918459,29.7573595077182],[-95.3573737864596,29.7568358049731],[-95.3565197324553,29.7563289748673],[-95.3560335507583,29.7560404501169],[-95.354798284728,29.7553073648873],[-95.3543055427779,29.7550149341315],[-95.35419977,29.7549521599986],[-95.354199417556,29.7549519543084]]},"properties":{"AADT_CUR":4881,"RTE_NM":"257214","RTE_PRFX":"CS","RTE_NBR":"257214","SYSTEM":"Off"}},{"type":"Feature","geometry":{"type":"LineString","coordinates":[[-95.37810232,29.76999894],[-95.37811464,29.77071016]]},"properties":{"AADT_CUR":658,"RTE_NM":"1132004","RTE_PRFX":"CS","RTE_NBR":"1132004","SYSTEM":"Off"}},{"type":"Feature","geometry":{"type":"LineString","coordinates":[[-95.39551804,29.7553851799986],[-95.3955882796509,29.7573954600071]]},"properties":{"AADT_CUR":252,"RTE_NM":"1125591","RTE_PRFX":"CS","RTE_NBR":"1125591","SYSTEM":"Off"}},{"type":"Feature","geometry":{"type":"LineString","coordinates":[[-95.396225485,29.749668405],[-95.39372222,29.74972219],[-95.39363346,29.7497285],[-95.39206639,29.74975873],[-95.39128339,29.74977433]]},"properties":{"AADT_CUR":252,"RTE_NM":"1131573","RTE_PRFX":"CS","RTE_NBR":"1131573","SYSTEM":"Off"}},{"type":"Feature","geometry":{"type":"LineString","coordinates":[[-95.3914577338116,29.7454516012749],[-95.3913337,29.74512882],[-95.39126892,29.74487756],[-95.3912473,29.74466227],[-95.3912472944623,29.7446618499948]]},"properties":{"AADT_CUR":24803,"RTE_NM":"256824","RTE_PRFX":"CS","RTE_NBR":"256824","SYSTEM":"Off"}},{"type":"Feature","geometry":{"type":"LineString","coordinates":[[-95.37250886,29.7361603599985],[-95.37205475,29.7367254999984],[-95.3720523730186,29.7367300178033]]},"properties":{"AADT_CUR":252,"RTE_NM":"1125112","RTE_PRFX":"CS","RTE_NBR":"1125112","SYSTEM":"Off"}},{"type":"Feature","geometry":{"type":"LineString","coordinates":[[-95.3325890192974,29.7098746829461],[-95.33255728,29.70988149],[-95.33177972,29.71010012],[-95.33125207,29.71021635],[-95.3259114,29.71140493],[-95.32549843,29.71146642],[-95.32506615,29.71147931],[-95.32440872,29.71141206],[-95.32274986,29.71095365],[-95.32175711,29.71066259],[-95.32100727,29.71048015],[-95.32016977,29.71047806],[-95.31938604,29.71061502],[-95.31851843,29.71079069],[-95.31767575,29.71111868],[-95.31724915,29.71130854],[-95.31699161,29.71148024],[-95.3166868299471,29.7119251471696]]},"properties":{"AADT_CUR":13653,"RTE_NM":"UA0090-KG","RTE_PRFX":"UA","RTE_NBR":"90","SYSTEM":"On"}},{"type":"Feature","geometry":{"type":"LineString","coordinates":[[-95.397894122059,29.8009200803839],[-95.3978774751182,29.80092031021]]},"properties":{"AADT_CUR":364,"RTE_NM":"1131513","RTE_PRFX":"CS","RTE_NBR":"1131513","SYSTEM":"Off"}},{"type":"Feature","geometry":{"type":"LineString","coordinates":[[-95.4045617451125,29.7961193186677],[-95.39904276,29.79618432]]},"properties":{"AADT_CUR":2479,"RTE_NM":"255704","RTE_PRFX":"CS","RTE_NBR":"255704","SYSTEM":"Off"}},{"type":"Feature","geometry":{"type":"LineString","coordinates":[[-95.41219949,29.78481665],[-95.41231182,29.78594374],[-95.41234248,29.78634976],[-95.41238271,29.78654503],[-95.41250754,29.78676692],[-95.41262532,29.7868895],[-95.41255901,29.78707071],[-95.41245584,29.78732563],[-95.41238796,29.78755162],[-95.41236713,29.78790024],[-95.41245508,29.79033649],[-95.41251168,29.79233199],[-95.41253644,29.79321435]]},"properties":{"AADT_CUR":252,"RTE_NM":"1127301","RTE_PRFX":"CS","RTE_NBR":"1127301","SYSTEM":"Off"}},{"type":"Feature","geometry":{"type":"LineString","coordinates":[[-95.4094985978347,29.7653026794931],[-95.40950162,29.76529851],[-95.40932076,29.76372485],[-95.40923571,29.76274529],[-95.40896855,29.76167298]]},"properties":{"AADT_CUR":20877,"RTE_NM":"257130","RTE_PRFX":"CS","RTE_NBR":"257130","SYSTEM":"Off"}},{"type":"Feature","geometry":{"type":"LineString","coordinates":[[-95.3724450685555,29.7778077852944],[-95.37202557,29.77762069],[-95.37134453,29.77731351],[-95.37089019,29.77710245],[-95.37066302,29.77698359],[-95.37053113,29.77691127],[-95.37041152,29.77683902],[-95.37030196,29.77677296],[-95.37016672,29.77668078],[-95.37002964,29.77657854],[-95.36994955,29.77651696],[-95.36987119,29.77645023],[-95.36974294,29.77633517],[-95.36962288,29.77621884],[-95.36950838,29.77610296],[-95.36942322,29.77600471],[-95.36933543,29.77590054],[-95.36923632,29.77577541],[-95.36915414,29.77566529],[-95.3690613,29.77553456],[-95.36878196,29.77511012],[-95.36809982,29.77399066],[-95.36791586,29.77367266],[-95.36765619,29.77321759],[-95.367507,29.77295942],[-95.3673207,29.77263609],[-95.36626348,29.77080118],[-95.36617061,29.77063783],[-95.36604747,29.77043558],[-95.3659397971955,29.7702646310878]]},"properties":{"AADT_CUR":205252,"RTE_NM":"IH0010-RG","RTE_PRFX":"IH","RTE_NBR":"10","SYSTEM":"On"}},{"type":"Feature","geometry":{"type":"LineString","coordinates":[[-95.33619372,29.80583435],[-95.33608933,29.80585731],[-95.33478645,29.80588297],[-95.33242839,29.80593782]]},"properties":{"AADT_CUR":252,"RTE_NM":"1123820","RTE_PRFX":"CS","RTE_NBR":"1123820","SYSTEM":"Off"}},{"type":"Feature","geometry":{"type":"LineString","coordinates":[[-95.32027048,29.77803729],[-95.31861257,29.77804368],[-95.31749033,29.77805279],[-95.31741169,29.77807459]]},"properties":{"AADT_CUR":252,"RTE_NM":"1124626","RTE_PRFX":"CS","RTE_NBR":"1124626","SYSTEM":"Off"}},{"type":"Feature","geometry":{"type":"LineString","coordinates":[[-95.32410296,29.7625706399987],[-95.32415216,29.7626504899987],[-95.32415659,29.7627705299986],[-95.32416152,29.7632063599986],[-95.32415996,29.7632495199986],[-95.32416533,29.7634441099986],[-95.32417204,29.7639447999986],[-95.32416997,29.7640023499987],[-95.32417905,29.7646631699986],[-95.32418814,29.7651010699987],[-95.324179077467,29.76546187156]]},"properties":{"AADT_CUR":68,"RTE_NM":"1123107","RTE_PRFX":"CS","RTE_NBR":"1123107","SYSTEM":"Off"}},{"type":"Feature","geometry":{"type":"LineString","coordinates":[[-95.3265397642699,29.768612928268],[-95.32476691,29.7686481799987]]},"properties":{"AADT_CUR":252,"RTE_NM":"1124290","RTE_PRFX":"CS","RTE_NBR":"1124290","SYSTEM":"Off"}},{"type":"Feature","geometry":{"type":"LineString","coordinates":[[-95.32777918,29.7320014499984],[-95.32768457,29.7320945399984],[-95.32571996,29.7321774599984],[-95.32559685,29.7321615699984],[-95.3254722499997,29.7321121599983],[-95.3238638299995,29.7316084299982],[-95.3220483999994,29.7310649899982],[-95.32054795,29.7306075099984],[-95.32022648,29.7305097899984],[-95.3192860583572,29.7302295424889]]},"properties":{"AADT_CUR":648,"RTE_NM":"1125159","RTE_PRFX":"CS","RTE_NBR":"1125159","SYSTEM":"Off"}},{"type":"Feature","geometry":{"type":"LineString","coordinates":[[-95.4372693996345,29.7111412438483],[-95.43612887,29.7111441499983],[-95.43492507,29.7111757099983],[-95.43375085,29.7111822299983]]},"properties":{"AADT_CUR":252,"RTE_NM":"1233724","RTE_PRFX":"CS","RTE_NBR":"1233724","SYSTEM":"Off"}},{"type":"Feature","geometry":{"type":"LineString","coordinates":[[-95.33695152,29.81330928],[-95.3368729,29.81362154],[-95.33680958,29.81377635],[-95.336756798,29.8138574],[-95.336698045,29.813927954],[-95.336565796,29.814047441],[-95.33638929,29.814208818],[-95.336279341,29.814322396],[-95.33617878,29.81443481],[-95.336017502,29.814634259],[-95.33591004,29.814785031],[-95.335769362,29.815011794],[-95.335623788,29.815310562],[-95.335547649,29.815494854],[-95.335492296,29.81563202],[-95.335410182,29.815882212]]},"properties":{"AADT_CUR":9600,"RTE_NM":"1637107237","RTE_PRFX":"IH","RTE_NBR":"69","SYSTEM":"On"}},{"type":"Feature","geometry":{"type":"LineString","coordinates":[[-95.3058693614485,29.7353924911173],[-95.30576343,29.73554552],[-95.30336283,29.74116806],[-95.300755,29.74744911],[-95.29912093,29.75131773],[-95.29895296,29.7516274],[-95.29876693,29.7519107],[-95.29827799,29.75240947],[-95.29601183,29.75449481],[-95.2956176,29.75493565],[-95.2953072,29.75530668],[-95.29511329,29.75575168],[-95.29503461,29.7560038],[-95.29498653,29.75627703],[-95.29475818,29.75820865],[-95.29459545,29.75956498],[-95.29451545,29.76078597],[-95.29451048,29.76208748],[-95.29457279,29.76620751],[-95.29457382,29.76664751],[-95.29451607,29.76705167],[-95.29440839,29.76744716],[-95.29417843,29.7679501],[-95.29347246,29.76899031],[-95.2918932,29.77127068],[-95.29157602,29.77195786],[-95.29144706,29.7726276],[-95.2914503230969,29.772822952331]]},"properties":{"AADT_CUR":30543,"RTE_NM":"UA0090-KG","RTE_PRFX":"UA","RTE_NBR":"90","SYSTEM":"On"}},{"type":"Feature","geometry":{"type":"LineString","coordinates":[[-95.42980085,29.77806748],[-95.42969286,29.77790441],[-95.42929496,29.77750615],[-95.42915244,29.77736142],[-95.42888952,29.77705776],[-95.42870997,29.77681288],[-95.4285291,29.77662095],[-95.42715882,29.77510343],[-95.42628621,29.77412029],[-95.42547413,29.77311706],[-95.42469665,29.77208015],[-95.42419813,29.7715468],[-95.42399327,29.7714178],[-95.42386872,29.77131263],[-95.42382147,29.77125129],[-95.42379447,29.77118496],[-95.42377966,29.77116209],[-95.4237632299439,29.7711254896646]]},"properties":{"AADT_CUR":15308,"RTE_NM":"257310","RTE_PRFX":"CS","RTE_NBR":"257310","SYSTEM":"Off"}},{"type":"Feature","geometry":{"type":"LineString","coordinates":[[-95.338599,29.77161087],[-95.33859892,29.77249221],[-95.33862201,29.77334389],[-95.33864362,29.77420398],[-95.33866355,29.7750003]]},"properties":{"AADT_CUR":252,"RTE_NM":"1130664","RTE_PRFX":"CS","RTE_NBR":"1130664","SYSTEM":"Off"}},{"type":"Feature","geometry":{"type":"LineString","coordinates":[[-95.3275015493186,29.7654281610925],[-95.32748212,29.7654282799987],[-95.3258277144559,29.7654451158702],[-95.324179077467,29.76546187156],[-95.32366716,29.7654670699986],[-95.32362175,29.7654701799986],[-95.32347379,29.7654755999986],[-95.32332571,29.7654737599987],[-95.3232088968265,29.7654665802682]]},"properties":{"AADT_CUR":1815,"RTE_NM":"256102","RTE_PRFX":"CS","RTE_NBR":"256102","SYSTEM":"Off"}},{"type":"Feature","geometry":{"type":"LineString","coordinates":[[-95.37866643,29.70959398],[-95.38023832,29.71007388],[-95.38072142,29.71020733]]},"properties":{"AADT_CUR":252,"RTE_NM":"1121525","RTE_PRFX":"CS","RTE_NBR":"1121525","SYSTEM":"Off"}},{"type":"Feature","geometry":{"type":"LineString","coordinates":[[-95.3822715730456,29.738889782602],[-95.38243478,29.73853659],[-95.38260175,29.7382381],[-95.38278917,29.73799712],[-95.38302973,29.73769047],[-95.38413714,29.73624958],[-95.38476654,29.73542055],[-95.38545033,29.73455788],[-95.38619316,29.73363793],[-95.3863271,29.73346522],[-95.38650775,29.7332317],[-95.38666988,29.7330493],[-95.38690428,29.73284046],[-95.3870858,29.73270211],[-95.38737482,29.73255055],[-95.38764268,29.73243335],[-95.38777299,29.73239801],[-95.38791604,29.732355683],[-95.388133074,29.732310623],[-95.3882986027868,29.7322898303919]]},"properties":{"AADT_CUR":61540,"RTE_NM":"SS0527-RG","RTE_PRFX":"SS","RTE_NBR":"527","SYSTEM":"On"}},{"type":"Feature","geometry":{"type":"LineString","coordinates":[[-95.372590276,29.728758665],[-95.37236749,29.72896107],[-95.3722113,29.72913934],[-95.37204181,29.72942546],[-95.37193805,29.72962488],[-95.37183368,29.72983536],[-95.37171106,29.73010645],[-95.37159045,29.7304136],[-95.37147448,29.7307442],[-95.37135549,29.73111236],[-95.37127908,29.73137009],[-95.37124824,29.73149278],[-95.37122256,29.7316374],[-95.37121556,29.73176389],[-95.37121904,29.73188668],[-95.37123853,29.7320076],[-95.37126708,29.73211577],[-95.37131557,29.73223775],[-95.3713791,29.73235864],[-95.37143914,29.73244586],[-95.37151546,29.73254197],[-95.37160026,29.73262677],[-95.37170064,29.73271446],[-95.37180801,29.73279299],[-95.37194696,29.73288475],[-95.3725919,29.73326893],[-95.37274478,29.73334402],[-95.37286792,29.73339431],[-95.37300723,29.73343947],[-95.37312785,29.73346432],[-95.37328895,29.73348492],[-95.37343962,29.73348879],[-95.37360514,29.73347603],[-95.37374599,29.7334501],[-95.37386634,29.73342178],[-95.37402742,29.7333647],[-95.37438167,29.73322319],[-95.37455269,29.73315393],[-95.3747138,29.73310871],[-95.37486503,29.73307228],[-95.37501648,29.73304019],[-95.37521115,29.73300559],[-95.375629123,29.73292585]]},"properties":{"AADT_CUR":16380,"RTE_NM":"1638403212","RTE_PRFX":"IH","RTE_NBR":"69","SYSTEM":"On"}},{"type":"Feature","geometry":{"type":"LineString","coordinates":[[-95.3484022851488,29.7184748774721],[-95.3484366023099,29.7183877865197],[-95.3484401549444,29.7183787705403]]},"properties":{"AADT_CUR":3225,"RTE_NM":"256163","RTE_PRFX":"CS","RTE_NBR":"256163","SYSTEM":"Off"}},{"type":"Feature","geometry":{"type":"LineString","coordinates":[[-95.3514971740193,29.7631909643396],[-95.35148496,29.76318091],[-95.3509758,29.76271825],[-95.35060457,29.76233907],[-95.35043606,29.76216416],[-95.35021966,29.76195876],[-95.34995832,29.76177743],[-95.34931805,29.7613716],[-95.34896354,29.76115756],[-95.34835592,29.76081693],[-95.34577849,29.7592634]]},"properties":{"AADT_CUR":4328,"RTE_NM":"257062","RTE_PRFX":"CS","RTE_NBR":"257062","SYSTEM":"Off"}}]}